product_id,column,before,after
sp_002_00006_001,source_file_version,MI팀_시장분석 AI_시장 분석 Master Version (260422).xlsx,MI팀_시장분석 AI_시장 분석 Master Version (원본파일 점검용 재공유 2026.05.18).xlsx
sp_002_00006_001,ingested_at,2026-05-17T07:09:02.212513,2026-05-18T16:23:58
sp_002_00007_001,source_file_version,MI팀_시장분석 AI_시장 분석 Master Version (260422).xlsx,MI팀_시장분석 AI_시장 분석 Master Version (원본파일 점검용 재공유 2026.05.18).xlsx
sp_002_00007_001,ingested_at,2026-05-17T07:09:02.212513,2026-05-18T16:23:58
sp_002_00007_002,source_file_version,MI팀_시장분석 AI_시장 분석 Master Version (260422).xlsx,MI팀_시장분석 AI_시장 분석 Master Version (원본파일 점검용 재공유 2026.05.18).xlsx
sp_002_00007_002,ingested_at,2026-05-17T07:09:02.212513,2026-05-18T16:23:58
sp_002_00007_003,source_file_version,MI팀_시장분석 AI_시장 분석 Master Version (260422).xlsx,MI팀_시장분석 AI_시장 분석 Master Version (원본파일 점검용 재공유 2026.05.18).xlsx
sp_002_00007_003,ingested_at,2026-05-17T07:09:02.212513,2026-05-18T16:23:58
sp_002_00008_001,source_file_version,MI팀_시장분석 AI_시장 분석 Master Version (260422).xlsx,MI팀_시장분석 AI_시장 분석 Master Version (원본파일 점검용 재공유 2026.05.18).xlsx
sp_002_00008_001,ingested_at,2026-05-17T07:09:02.212513,2026-05-18T16:23:58
sp_002_00008_002,source_file_version,MI팀_시장분석 AI_시장 분석 Master Version (260422).xlsx,MI팀_시장분석 AI_시장 분석 Master Version (원본파일 점검용 재공유 2026.05.18).xlsx
sp_002_00008_002,ingested_at,2026-05-17T07:09:02.212513,2026-05-18T16:23:58
sp_002_00008_003,source_file_version,MI팀_시장분석 AI_시장 분석 Master Version (260422).xlsx,MI팀_시장분석 AI_시장 분석 Master Version (원본파일 점검용 재공유 2026.05.18).xlsx
sp_002_00008_003,ingested_at,2026-05-17T07:09:02.212513,2026-05-18T16:23:58
sp_002_00009_001,source_file_version,MI팀_시장분석 AI_시장 분석 Master Version (260422).xlsx,MI팀_시장분석 AI_시장 분석 Master Version (원본파일 점검용 재공유 2026.05.18).xlsx
sp_002_00009_001,ingested_at,2026-05-17T07:09:02.212513,2026-05-18T16:23:58
sp_002_00009_002,source_file_version,MI팀_시장분석 AI_시장 분석 Master Version (260422).xlsx,MI팀_시장분석 AI_시장 분석 Master Version (원본파일 점검용 재공유 2026.05.18).xlsx
sp_002_00009_002,ingested_at,2026-05-17T07:09:02.212513,2026-05-18T16:23:58
sp_002_00009_003,source_file_version,MI팀_시장분석 AI_시장 분석 Master Version (260422).xlsx,MI팀_시장분석 AI_시장 분석 Master Version (원본파일 점검용 재공유 2026.05.18).xlsx
sp_002_00009_003,ingested_at,2026-05-17T07:09:02.212513,2026-05-18T16:23:58
sp_002_00010_001,source_file_version,MI팀_시장분석 AI_시장 분석 Master Version (260422).xlsx,MI팀_시장분석 AI_시장 분석 Master Version (원본파일 점검용 재공유 2026.05.18).xlsx
sp_002_00010_001,ingested_at,2026-05-17T07:09:02.212513,2026-05-18T16:23:58
sp_002_00010_002,source_file_version,MI팀_시장분석 AI_시장 분석 Master Version (260422).xlsx,MI팀_시장분석 AI_시장 분석 Master Version (원본파일 점검용 재공유 2026.05.18).xlsx
sp_002_00010_002,ingested_at,2026-05-17T07:09:02.212513,2026-05-18T16:23:58
sp_002_00010_003,source_file_version,MI팀_시장분석 AI_시장 분석 Master Version (260422).xlsx,MI팀_시장분석 AI_시장 분석 Master Version (원본파일 점검용 재공유 2026.05.18).xlsx
sp_002_00010_003,ingested_at,2026-05-17T07:09:02.212513,2026-05-18T16:23:58
sp_002_00011_001,source_file_version,MI팀_시장분석 AI_시장 분석 Master Version (260422).xlsx,MI팀_시장분석 AI_시장 분석 Master Version (원본파일 점검용 재공유 2026.05.18).xlsx
sp_002_00011_001,ingested_at,2026-05-17T07:09:02.212513,2026-05-18T16:23:58
sp_002_00011_002,source_file_version,MI팀_시장분석 AI_시장 분석 Master Version (260422).xlsx,MI팀_시장분석 AI_시장 분석 Master Version (원본파일 점검용 재공유 2026.05.18).xlsx
sp_002_00011_002,ingested_at,2026-05-17T07:09:02.212513,2026-05-18T16:23:58
sp_002_00011_003,source_file_version,MI팀_시장분석 AI_시장 분석 Master Version (260422).xlsx,MI팀_시장분석 AI_시장 분석 Master Version (원본파일 점검용 재공유 2026.05.18).xlsx
sp_002_00011_003,ingested_at,2026-05-17T07:09:02.212513,2026-05-18T16:23:58
sp_002_00012_001,source_file_version,MI팀_시장분석 AI_시장 분석 Master Version (260422).xlsx,MI팀_시장분석 AI_시장 분석 Master Version (원본파일 점검용 재공유 2026.05.18).xlsx
sp_002_00012_001,ingested_at,2026-05-17T07:09:02.212513,2026-05-18T16:23:58
sp_002_00012_002,source_file_version,MI팀_시장분석 AI_시장 분석 Master Version (260422).xlsx,MI팀_시장분석 AI_시장 분석 Master Version (원본파일 점검용 재공유 2026.05.18).xlsx
sp_002_00012_002,ingested_at,2026-05-17T07:09:02.212513,2026-05-18T16:23:58
sp_002_00012_003,source_file_version,MI팀_시장분석 AI_시장 분석 Master Version (260422).xlsx,MI팀_시장분석 AI_시장 분석 Master Version (원본파일 점검용 재공유 2026.05.18).xlsx
sp_002_00012_003,ingested_at,2026-05-17T07:09:02.212513,2026-05-18T16:23:58
sp_002_00013_001,source_file_version,MI팀_시장분석 AI_시장 분석 Master Version (260422).xlsx,MI팀_시장분석 AI_시장 분석 Master Version (원본파일 점검용 재공유 2026.05.18).xlsx
sp_002_00013_001,ingested_at,2026-05-17T07:09:02.212513,2026-05-18T16:23:58
sp_002_00013_002,source_file_version,MI팀_시장분석 AI_시장 분석 Master Version (260422).xlsx,MI팀_시장분석 AI_시장 분석 Master Version (원본파일 점검용 재공유 2026.05.18).xlsx
sp_002_00013_002,ingested_at,2026-05-17T07:09:02.212513,2026-05-18T16:23:58
sp_002_00013_003,source_file_version,MI팀_시장분석 AI_시장 분석 Master Version (260422).xlsx,MI팀_시장분석 AI_시장 분석 Master Version (원본파일 점검용 재공유 2026.05.18).xlsx
sp_002_00013_003,ingested_at,2026-05-17T07:09:02.212513,2026-05-18T16:23:58
sp_002_00014_001,source_file_version,MI팀_시장분석 AI_시장 분석 Master Version (260422).xlsx,MI팀_시장분석 AI_시장 분석 Master Version (원본파일 점검용 재공유 2026.05.18).xlsx
sp_002_00014_001,ingested_at,2026-05-17T07:09:02.212513,2026-05-18T16:23:58
sp_002_00014_002,source_file_version,MI팀_시장분석 AI_시장 분석 Master Version (260422).xlsx,MI팀_시장분석 AI_시장 분석 Master Version (원본파일 점검용 재공유 2026.05.18).xlsx
sp_002_00014_002,ingested_at,2026-05-17T07:09:02.212513,2026-05-18T16:23:58
sp_002_00014_003,source_file_version,MI팀_시장분석 AI_시장 분석 Master Version (260422).xlsx,MI팀_시장분석 AI_시장 분석 Master Version (원본파일 점검용 재공유 2026.05.18).xlsx
sp_002_00014_003,ingested_at,2026-05-17T07:09:02.212513,2026-05-18T16:23:58
sp_002_00015_001,source_file_version,MI팀_시장분석 AI_시장 분석 Master Version (260422).xlsx,MI팀_시장분석 AI_시장 분석 Master Version (원본파일 점검용 재공유 2026.05.18).xlsx
sp_002_00015_001,ingested_at,2026-05-17T07:09:02.212513,2026-05-18T16:23:58
sp_002_00016_001,source_file_version,MI팀_시장분석 AI_시장 분석 Master Version (260422).xlsx,MI팀_시장분석 AI_시장 분석 Master Version (원본파일 점검용 재공유 2026.05.18).xlsx
sp_002_00016_001,ingested_at,2026-05-17T07:09:02.212513,2026-05-18T16:23:58
sp_002_00017_001,source_file_version,MI팀_시장분석 AI_시장 분석 Master Version (260422).xlsx,MI팀_시장분석 AI_시장 분석 Master Version (원본파일 점검용 재공유 2026.05.18).xlsx
sp_002_00017_001,ingested_at,2026-05-17T07:09:02.212513,2026-05-18T16:23:58
sp_002_00018_001,source_file_version,MI팀_시장분석 AI_시장 분석 Master Version (260422).xlsx,MI팀_시장분석 AI_시장 분석 Master Version (원본파일 점검용 재공유 2026.05.18).xlsx
sp_002_00018_001,ingested_at,2026-05-17T07:09:02.212513,2026-05-18T16:23:58
sp_002_00018_002,source_file_version,MI팀_시장분석 AI_시장 분석 Master Version (260422).xlsx,MI팀_시장분석 AI_시장 분석 Master Version (원본파일 점검용 재공유 2026.05.18).xlsx
sp_002_00018_002,ingested_at,2026-05-17T07:09:02.212513,2026-05-18T16:23:58
sp_002_00018_003,source_file_version,MI팀_시장분석 AI_시장 분석 Master Version (260422).xlsx,MI팀_시장분석 AI_시장 분석 Master Version (원본파일 점검용 재공유 2026.05.18).xlsx
sp_002_00018_003,ingested_at,2026-05-17T07:09:02.212513,2026-05-18T16:23:58
sp_002_00018_004,source_file_version,MI팀_시장분석 AI_시장 분석 Master Version (260422).xlsx,MI팀_시장분석 AI_시장 분석 Master Version (원본파일 점검용 재공유 2026.05.18).xlsx
sp_002_00018_004,ingested_at,2026-05-17T07:09:02.212513,2026-05-18T16:23:58
sp_002_00018_005,source_file_version,MI팀_시장분석 AI_시장 분석 Master Version (260422).xlsx,MI팀_시장분석 AI_시장 분석 Master Version (원본파일 점검용 재공유 2026.05.18).xlsx
sp_002_00018_005,ingested_at,2026-05-17T07:09:02.212513,2026-05-18T16:23:58
sp_002_00018_006,source_file_version,MI팀_시장분석 AI_시장 분석 Master Version (260422).xlsx,MI팀_시장분석 AI_시장 분석 Master Version (원본파일 점검용 재공유 2026.05.18).xlsx
sp_002_00018_006,ingested_at,2026-05-17T07:09:02.212513,2026-05-18T16:23:58
sp_002_00019_001,source_file_version,MI팀_시장분석 AI_시장 분석 Master Version (260422).xlsx,MI팀_시장분석 AI_시장 분석 Master Version (원본파일 점검용 재공유 2026.05.18).xlsx
sp_002_00019_001,ingested_at,2026-05-17T07:09:02.212513,2026-05-18T16:23:58
sp_002_00019_002,source_file_version,MI팀_시장분석 AI_시장 분석 Master Version (260422).xlsx,MI팀_시장분석 AI_시장 분석 Master Version (원본파일 점검용 재공유 2026.05.18).xlsx
sp_002_00019_002,ingested_at,2026-05-17T07:09:02.212513,2026-05-18T16:23:58
sp_002_00019_003,source_file_version,MI팀_시장분석 AI_시장 분석 Master Version (260422).xlsx,MI팀_시장분석 AI_시장 분석 Master Version (원본파일 점검용 재공유 2026.05.18).xlsx
sp_002_00019_003,ingested_at,2026-05-17T07:09:02.212513,2026-05-18T16:23:58
sp_002_00019_004,source_file_version,MI팀_시장분석 AI_시장 분석 Master Version (260422).xlsx,MI팀_시장분석 AI_시장 분석 Master Version (원본파일 점검용 재공유 2026.05.18).xlsx
sp_002_00019_004,ingested_at,2026-05-17T07:09:02.212513,2026-05-18T16:23:58
sp_002_00019_005,source_file_version,MI팀_시장분석 AI_시장 분석 Master Version (260422).xlsx,MI팀_시장분석 AI_시장 분석 Master Version (원본파일 점검용 재공유 2026.05.18).xlsx
sp_002_00019_005,ingested_at,2026-05-17T07:09:02.212513,2026-05-18T16:23:58
sp_002_00019_006,source_file_version,MI팀_시장분석 AI_시장 분석 Master Version (260422).xlsx,MI팀_시장분석 AI_시장 분석 Master Version (원본파일 점검용 재공유 2026.05.18).xlsx
sp_002_00019_006,ingested_at,2026-05-17T07:09:02.212513,2026-05-18T16:23:58
sp_002_00020_001,source_file_version,MI팀_시장분석 AI_시장 분석 Master Version (260422).xlsx,MI팀_시장분석 AI_시장 분석 Master Version (원본파일 점검용 재공유 2026.05.18).xlsx
sp_002_00020_001,ingested_at,2026-05-17T07:09:02.212513,2026-05-18T16:23:58
sp_002_00020_002,source_file_version,MI팀_시장분석 AI_시장 분석 Master Version (260422).xlsx,MI팀_시장분석 AI_시장 분석 Master Version (원본파일 점검용 재공유 2026.05.18).xlsx
sp_002_00020_002,ingested_at,2026-05-17T07:09:02.212513,2026-05-18T16:23:58
sp_002_00020_003,source_file_version,MI팀_시장분석 AI_시장 분석 Master Version (260422).xlsx,MI팀_시장분석 AI_시장 분석 Master Version (원본파일 점검용 재공유 2026.05.18).xlsx
sp_002_00020_003,ingested_at,2026-05-17T07:09:02.212513,2026-05-18T16:23:58
sp_002_00020_004,source_file_version,MI팀_시장분석 AI_시장 분석 Master Version (260422).xlsx,MI팀_시장분석 AI_시장 분석 Master Version (원본파일 점검용 재공유 2026.05.18).xlsx
sp_002_00020_004,ingested_at,2026-05-17T07:09:02.212513,2026-05-18T16:23:58
sp_002_00020_005,source_file_version,MI팀_시장분석 AI_시장 분석 Master Version (260422).xlsx,MI팀_시장분석 AI_시장 분석 Master Version (원본파일 점검용 재공유 2026.05.18).xlsx
sp_002_00020_005,ingested_at,2026-05-17T07:09:02.212513,2026-05-18T16:23:58
sp_002_00020_006,source_file_version,MI팀_시장분석 AI_시장 분석 Master Version (260422).xlsx,MI팀_시장분석 AI_시장 분석 Master Version (원본파일 점검용 재공유 2026.05.18).xlsx
sp_002_00020_006,ingested_at,2026-05-17T07:09:02.212513,2026-05-18T16:23:58
sp_002_00021_001,source_file_version,MI팀_시장분석 AI_시장 분석 Master Version (260422).xlsx,MI팀_시장분석 AI_시장 분석 Master Version (원본파일 점검용 재공유 2026.05.18).xlsx
sp_002_00021_001,ingested_at,2026-05-17T07:09:02.212513,2026-05-18T16:23:58
sp_002_00021_002,source_file_version,MI팀_시장분석 AI_시장 분석 Master Version (260422).xlsx,MI팀_시장분석 AI_시장 분석 Master Version (원본파일 점검용 재공유 2026.05.18).xlsx
sp_002_00021_002,ingested_at,2026-05-17T07:09:02.212513,2026-05-18T16:23:58
sp_002_00021_003,source_file_version,MI팀_시장분석 AI_시장 분석 Master Version (260422).xlsx,MI팀_시장분석 AI_시장 분석 Master Version (원본파일 점검용 재공유 2026.05.18).xlsx
sp_002_00021_003,ingested_at,2026-05-17T07:09:02.212513,2026-05-18T16:23:58
sp_002_00021_004,source_file_version,MI팀_시장분석 AI_시장 분석 Master Version (260422).xlsx,MI팀_시장분석 AI_시장 분석 Master Version (원본파일 점검용 재공유 2026.05.18).xlsx
sp_002_00021_004,ingested_at,2026-05-17T07:09:02.212513,2026-05-18T16:23:58
sp_002_00021_005,source_file_version,MI팀_시장분석 AI_시장 분석 Master Version (260422).xlsx,MI팀_시장분석 AI_시장 분석 Master Version (원본파일 점검용 재공유 2026.05.18).xlsx
sp_002_00021_005,ingested_at,2026-05-17T07:09:02.212513,2026-05-18T16:23:58
sp_002_00021_006,source_file_version,MI팀_시장분석 AI_시장 분석 Master Version (260422).xlsx,MI팀_시장분석 AI_시장 분석 Master Version (원본파일 점검용 재공유 2026.05.18).xlsx
sp_002_00021_006,ingested_at,2026-05-17T07:09:02.212513,2026-05-18T16:23:58
sp_002_00022_001,source_file_version,MI팀_시장분석 AI_시장 분석 Master Version (260422).xlsx,MI팀_시장분석 AI_시장 분석 Master Version (원본파일 점검용 재공유 2026.05.18).xlsx
sp_002_00022_001,ingested_at,2026-05-17T07:09:02.212513,2026-05-18T16:23:58
sp_002_00022_002,source_file_version,MI팀_시장분석 AI_시장 분석 Master Version (260422).xlsx,MI팀_시장분석 AI_시장 분석 Master Version (원본파일 점검용 재공유 2026.05.18).xlsx
sp_002_00022_002,ingested_at,2026-05-17T07:09:02.212513,2026-05-18T16:23:58
sp_002_00022_003,source_file_version,MI팀_시장분석 AI_시장 분석 Master Version (260422).xlsx,MI팀_시장분석 AI_시장 분석 Master Version (원본파일 점검용 재공유 2026.05.18).xlsx
sp_002_00022_003,ingested_at,2026-05-17T07:09:02.212513,2026-05-18T16:23:58
sp_002_00022_004,source_file_version,MI팀_시장분석 AI_시장 분석 Master Version (260422).xlsx,MI팀_시장분석 AI_시장 분석 Master Version (원본파일 점검용 재공유 2026.05.18).xlsx
sp_002_00022_004,ingested_at,2026-05-17T07:09:02.212513,2026-05-18T16:23:58
sp_002_00022_005,source_file_version,MI팀_시장분석 AI_시장 분석 Master Version (260422).xlsx,MI팀_시장분석 AI_시장 분석 Master Version (원본파일 점검용 재공유 2026.05.18).xlsx
sp_002_00022_005,ingested_at,2026-05-17T07:09:02.212513,2026-05-18T16:23:58
sp_002_00022_006,source_file_version,MI팀_시장분석 AI_시장 분석 Master Version (260422).xlsx,MI팀_시장분석 AI_시장 분석 Master Version (원본파일 점검용 재공유 2026.05.18).xlsx
sp_002_00022_006,ingested_at,2026-05-17T07:09:02.212513,2026-05-18T16:23:58
sp_002_00023_001,source_file_version,MI팀_시장분석 AI_시장 분석 Master Version (260422).xlsx,MI팀_시장분석 AI_시장 분석 Master Version (원본파일 점검용 재공유 2026.05.18).xlsx
sp_002_00023_001,ingested_at,2026-05-17T07:09:02.212513,2026-05-18T16:23:58
sp_002_00024_001,source_file_version,MI팀_시장분석 AI_시장 분석 Master Version (260422).xlsx,MI팀_시장분석 AI_시장 분석 Master Version (원본파일 점검용 재공유 2026.05.18).xlsx
sp_002_00024_001,ingested_at,2026-05-17T07:09:02.212513,2026-05-18T16:23:58
sp_002_00025_001,source_file_version,MI팀_시장분석 AI_시장 분석 Master Version (260422).xlsx,MI팀_시장분석 AI_시장 분석 Master Version (원본파일 점검용 재공유 2026.05.18).xlsx
sp_002_00025_001,ingested_at,2026-05-17T07:09:02.212513,2026-05-18T16:23:58
sp_002_00026_001,source_file_version,MI팀_시장분석 AI_시장 분석 Master Version (260422).xlsx,MI팀_시장분석 AI_시장 분석 Master Version (원본파일 점검용 재공유 2026.05.18).xlsx
sp_002_00026_001,ingested_at,2026-05-17T07:09:02.212513,2026-05-18T16:23:58
sp_002_00027_001,source_file_version,MI팀_시장분석 AI_시장 분석 Master Version (260422).xlsx,MI팀_시장분석 AI_시장 분석 Master Version (원본파일 점검용 재공유 2026.05.18).xlsx
sp_002_00027_001,ingested_at,2026-05-17T07:09:02.212513,2026-05-18T16:23:58
sp_002_00028_001,source_file_version,MI팀_시장분석 AI_시장 분석 Master Version (260422).xlsx,MI팀_시장분석 AI_시장 분석 Master Version (원본파일 점검용 재공유 2026.05.18).xlsx
sp_002_00028_001,ingested_at,2026-05-17T07:09:02.212513,2026-05-18T16:23:58
sp_002_00029_001,source_file_version,MI팀_시장분석 AI_시장 분석 Master Version (260422).xlsx,MI팀_시장분석 AI_시장 분석 Master Version (원본파일 점검용 재공유 2026.05.18).xlsx
sp_002_00029_001,ingested_at,2026-05-17T07:09:02.212513,2026-05-18T16:23:58
sp_002_00030_001,source_file_version,MI팀_시장분석 AI_시장 분석 Master Version (260422).xlsx,MI팀_시장분석 AI_시장 분석 Master Version (원본파일 점검용 재공유 2026.05.18).xlsx
sp_002_00030_001,ingested_at,2026-05-17T07:09:02.212513,2026-05-18T16:23:58
sp_002_00030_002,source_file_version,MI팀_시장분석 AI_시장 분석 Master Version (260422).xlsx,MI팀_시장분석 AI_시장 분석 Master Version (원본파일 점검용 재공유 2026.05.18).xlsx
sp_002_00030_002,ingested_at,2026-05-17T07:09:02.212513,2026-05-18T16:23:58
sp_002_00030_003,source_file_version,MI팀_시장분석 AI_시장 분석 Master Version (260422).xlsx,MI팀_시장분석 AI_시장 분석 Master Version (원본파일 점검용 재공유 2026.05.18).xlsx
sp_002_00030_003,ingested_at,2026-05-17T07:09:02.212513,2026-05-18T16:23:58
sp_002_00030_004,source_file_version,MI팀_시장분석 AI_시장 분석 Master Version (260422).xlsx,MI팀_시장분석 AI_시장 분석 Master Version (원본파일 점검용 재공유 2026.05.18).xlsx
sp_002_00030_004,ingested_at,2026-05-17T07:09:02.212513,2026-05-18T16:23:58
sp_002_00030_005,source_file_version,MI팀_시장분석 AI_시장 분석 Master Version (260422).xlsx,MI팀_시장분석 AI_시장 분석 Master Version (원본파일 점검용 재공유 2026.05.18).xlsx
sp_002_00030_005,ingested_at,2026-05-17T07:09:02.212513,2026-05-18T16:23:58
sp_002_00030_006,source_file_version,MI팀_시장분석 AI_시장 분석 Master Version (260422).xlsx,MI팀_시장분석 AI_시장 분석 Master Version (원본파일 점검용 재공유 2026.05.18).xlsx
sp_002_00030_006,ingested_at,2026-05-17T07:09:02.212513,2026-05-18T16:23:58
sp_002_00030_007,source_file_version,MI팀_시장분석 AI_시장 분석 Master Version (260422).xlsx,MI팀_시장분석 AI_시장 분석 Master Version (원본파일 점검용 재공유 2026.05.18).xlsx
sp_002_00030_007,ingested_at,2026-05-17T07:09:02.212513,2026-05-18T16:23:58
sp_002_00030_008,source_file_version,MI팀_시장분석 AI_시장 분석 Master Version (260422).xlsx,MI팀_시장분석 AI_시장 분석 Master Version (원본파일 점검용 재공유 2026.05.18).xlsx
sp_002_00030_008,ingested_at,2026-05-17T07:09:02.212513,2026-05-18T16:23:58
sp_002_00030_009,source_file_version,MI팀_시장분석 AI_시장 분석 Master Version (260422).xlsx,MI팀_시장분석 AI_시장 분석 Master Version (원본파일 점검용 재공유 2026.05.18).xlsx
sp_002_00030_009,ingested_at,2026-05-17T07:09:02.212513,2026-05-18T16:23:58
sp_002_00031_001,source_file_version,MI팀_시장분석 AI_시장 분석 Master Version (260422).xlsx,MI팀_시장분석 AI_시장 분석 Master Version (원본파일 점검용 재공유 2026.05.18).xlsx
sp_002_00031_001,ingested_at,2026-05-17T07:09:02.212513,2026-05-18T16:23:58
sp_002_00031_002,source_file_version,MI팀_시장분석 AI_시장 분석 Master Version (260422).xlsx,MI팀_시장분석 AI_시장 분석 Master Version (원본파일 점검용 재공유 2026.05.18).xlsx
sp_002_00031_002,ingested_at,2026-05-17T07:09:02.212513,2026-05-18T16:23:58
sp_002_00031_003,source_file_version,MI팀_시장분석 AI_시장 분석 Master Version (260422).xlsx,MI팀_시장분석 AI_시장 분석 Master Version (원본파일 점검용 재공유 2026.05.18).xlsx
sp_002_00031_003,ingested_at,2026-05-17T07:09:02.212513,2026-05-18T16:23:58
sp_002_00031_004,source_file_version,MI팀_시장분석 AI_시장 분석 Master Version (260422).xlsx,MI팀_시장분석 AI_시장 분석 Master Version (원본파일 점검용 재공유 2026.05.18).xlsx
sp_002_00031_004,ingested_at,2026-05-17T07:09:02.212513,2026-05-18T16:23:58
sp_002_00031_005,source_file_version,MI팀_시장분석 AI_시장 분석 Master Version (260422).xlsx,MI팀_시장분석 AI_시장 분석 Master Version (원본파일 점검용 재공유 2026.05.18).xlsx
sp_002_00031_005,ingested_at,2026-05-17T07:09:02.212513,2026-05-18T16:23:58
sp_002_00031_006,source_file_version,MI팀_시장분석 AI_시장 분석 Master Version (260422).xlsx,MI팀_시장분석 AI_시장 분석 Master Version (원본파일 점검용 재공유 2026.05.18).xlsx
sp_002_00031_006,ingested_at,2026-05-17T07:09:02.212513,2026-05-18T16:23:58
sp_002_00031_007,source_file_version,MI팀_시장분석 AI_시장 분석 Master Version (260422).xlsx,MI팀_시장분석 AI_시장 분석 Master Version (원본파일 점검용 재공유 2026.05.18).xlsx
sp_002_00031_007,ingested_at,2026-05-17T07:09:02.212513,2026-05-18T16:23:58
sp_002_00031_008,source_file_version,MI팀_시장분석 AI_시장 분석 Master Version (260422).xlsx,MI팀_시장분석 AI_시장 분석 Master Version (원본파일 점검용 재공유 2026.05.18).xlsx
sp_002_00031_008,ingested_at,2026-05-17T07:09:02.212513,2026-05-18T16:23:58
sp_002_00031_009,source_file_version,MI팀_시장분석 AI_시장 분석 Master Version (260422).xlsx,MI팀_시장분석 AI_시장 분석 Master Version (원본파일 점검용 재공유 2026.05.18).xlsx
sp_002_00031_009,ingested_at,2026-05-17T07:09:02.212513,2026-05-18T16:23:58
sp_002_00032_001,source_file_version,MI팀_시장분석 AI_시장 분석 Master Version (260422).xlsx,MI팀_시장분석 AI_시장 분석 Master Version (원본파일 점검용 재공유 2026.05.18).xlsx
sp_002_00032_001,ingested_at,2026-05-17T07:09:02.212513,2026-05-18T16:23:58
sp_002_00032_002,source_file_version,MI팀_시장분석 AI_시장 분석 Master Version (260422).xlsx,MI팀_시장분석 AI_시장 분석 Master Version (원본파일 점검용 재공유 2026.05.18).xlsx
sp_002_00032_002,ingested_at,2026-05-17T07:09:02.212513,2026-05-18T16:23:58
sp_002_00032_003,source_file_version,MI팀_시장분석 AI_시장 분석 Master Version (260422).xlsx,MI팀_시장분석 AI_시장 분석 Master Version (원본파일 점검용 재공유 2026.05.18).xlsx
sp_002_00032_003,ingested_at,2026-05-17T07:09:02.212513,2026-05-18T16:23:58
sp_002_00032_004,source_file_version,MI팀_시장분석 AI_시장 분석 Master Version (260422).xlsx,MI팀_시장분석 AI_시장 분석 Master Version (원본파일 점검용 재공유 2026.05.18).xlsx
sp_002_00032_004,ingested_at,2026-05-17T07:09:02.212513,2026-05-18T16:23:58
sp_002_00032_005,source_file_version,MI팀_시장분석 AI_시장 분석 Master Version (260422).xlsx,MI팀_시장분석 AI_시장 분석 Master Version (원본파일 점검용 재공유 2026.05.18).xlsx
sp_002_00032_005,ingested_at,2026-05-17T07:09:02.212513,2026-05-18T16:23:58
sp_002_00032_006,source_file_version,MI팀_시장분석 AI_시장 분석 Master Version (260422).xlsx,MI팀_시장분석 AI_시장 분석 Master Version (원본파일 점검용 재공유 2026.05.18).xlsx
sp_002_00032_006,ingested_at,2026-05-17T07:09:02.212513,2026-05-18T16:23:58
sp_002_00032_007,source_file_version,MI팀_시장분석 AI_시장 분석 Master Version (260422).xlsx,MI팀_시장분석 AI_시장 분석 Master Version (원본파일 점검용 재공유 2026.05.18).xlsx
sp_002_00032_007,ingested_at,2026-05-17T07:09:02.212513,2026-05-18T16:23:58
sp_002_00032_008,source_file_version,MI팀_시장분석 AI_시장 분석 Master Version (260422).xlsx,MI팀_시장분석 AI_시장 분석 Master Version (원본파일 점검용 재공유 2026.05.18).xlsx
sp_002_00032_008,ingested_at,2026-05-17T07:09:02.212513,2026-05-18T16:23:58
sp_002_00032_009,source_file_version,MI팀_시장분석 AI_시장 분석 Master Version (260422).xlsx,MI팀_시장분석 AI_시장 분석 Master Version (원본파일 점검용 재공유 2026.05.18).xlsx
sp_002_00032_009,ingested_at,2026-05-17T07:09:02.212513,2026-05-18T16:23:58
sp_002_00033_001,source_file_version,MI팀_시장분석 AI_시장 분석 Master Version (260422).xlsx,MI팀_시장분석 AI_시장 분석 Master Version (원본파일 점검용 재공유 2026.05.18).xlsx
sp_002_00033_001,ingested_at,2026-05-17T07:09:02.212513,2026-05-18T16:23:58
sp_002_00033_002,source_file_version,MI팀_시장분석 AI_시장 분석 Master Version (260422).xlsx,MI팀_시장분석 AI_시장 분석 Master Version (원본파일 점검용 재공유 2026.05.18).xlsx
sp_002_00033_002,ingested_at,2026-05-17T07:09:02.212513,2026-05-18T16:23:58
sp_002_00033_003,source_file_version,MI팀_시장분석 AI_시장 분석 Master Version (260422).xlsx,MI팀_시장분석 AI_시장 분석 Master Version (원본파일 점검용 재공유 2026.05.18).xlsx
sp_002_00033_003,ingested_at,2026-05-17T07:09:02.212513,2026-05-18T16:23:58
sp_002_00033_004,source_file_version,MI팀_시장분석 AI_시장 분석 Master Version (260422).xlsx,MI팀_시장분석 AI_시장 분석 Master Version (원본파일 점검용 재공유 2026.05.18).xlsx
sp_002_00033_004,ingested_at,2026-05-17T07:09:02.212513,2026-05-18T16:23:58
sp_002_00033_005,source_file_version,MI팀_시장분석 AI_시장 분석 Master Version (260422).xlsx,MI팀_시장분석 AI_시장 분석 Master Version (원본파일 점검용 재공유 2026.05.18).xlsx
sp_002_00033_005,ingested_at,2026-05-17T07:09:02.212513,2026-05-18T16:23:58
sp_002_00033_006,source_file_version,MI팀_시장분석 AI_시장 분석 Master Version (260422).xlsx,MI팀_시장분석 AI_시장 분석 Master Version (원본파일 점검용 재공유 2026.05.18).xlsx
sp_002_00033_006,ingested_at,2026-05-17T07:09:02.212513,2026-05-18T16:23:58
sp_002_00033_007,source_file_version,MI팀_시장분석 AI_시장 분석 Master Version (260422).xlsx,MI팀_시장분석 AI_시장 분석 Master Version (원본파일 점검용 재공유 2026.05.18).xlsx
sp_002_00033_007,ingested_at,2026-05-17T07:09:02.212513,2026-05-18T16:23:58
sp_002_00033_008,source_file_version,MI팀_시장분석 AI_시장 분석 Master Version (260422).xlsx,MI팀_시장분석 AI_시장 분석 Master Version (원본파일 점검용 재공유 2026.05.18).xlsx
sp_002_00033_008,ingested_at,2026-05-17T07:09:02.212513,2026-05-18T16:23:58
sp_002_00033_009,source_file_version,MI팀_시장분석 AI_시장 분석 Master Version (260422).xlsx,MI팀_시장분석 AI_시장 분석 Master Version (원본파일 점검용 재공유 2026.05.18).xlsx
sp_002_00033_009,ingested_at,2026-05-17T07:09:02.212513,2026-05-18T16:23:58
sp_002_00034_001,source_file_version,MI팀_시장분석 AI_시장 분석 Master Version (260422).xlsx,MI팀_시장분석 AI_시장 분석 Master Version (원본파일 점검용 재공유 2026.05.18).xlsx
sp_002_00034_001,ingested_at,2026-05-17T07:09:02.212513,2026-05-18T16:23:58
sp_002_00034_002,source_file_version,MI팀_시장분석 AI_시장 분석 Master Version (260422).xlsx,MI팀_시장분석 AI_시장 분석 Master Version (원본파일 점검용 재공유 2026.05.18).xlsx
sp_002_00034_002,ingested_at,2026-05-17T07:09:02.212513,2026-05-18T16:23:58
sp_002_00034_003,source_file_version,MI팀_시장분석 AI_시장 분석 Master Version (260422).xlsx,MI팀_시장분석 AI_시장 분석 Master Version (원본파일 점검용 재공유 2026.05.18).xlsx
sp_002_00034_003,ingested_at,2026-05-17T07:09:02.212513,2026-05-18T16:23:58
sp_002_00034_004,source_file_version,MI팀_시장분석 AI_시장 분석 Master Version (260422).xlsx,MI팀_시장분석 AI_시장 분석 Master Version (원본파일 점검용 재공유 2026.05.18).xlsx
sp_002_00034_004,ingested_at,2026-05-17T07:09:02.212513,2026-05-18T16:23:58
sp_002_00034_005,source_file_version,MI팀_시장분석 AI_시장 분석 Master Version (260422).xlsx,MI팀_시장분석 AI_시장 분석 Master Version (원본파일 점검용 재공유 2026.05.18).xlsx
sp_002_00034_005,ingested_at,2026-05-17T07:09:02.212513,2026-05-18T16:23:58
sp_002_00034_006,source_file_version,MI팀_시장분석 AI_시장 분석 Master Version (260422).xlsx,MI팀_시장분석 AI_시장 분석 Master Version (원본파일 점검용 재공유 2026.05.18).xlsx
sp_002_00034_006,ingested_at,2026-05-17T07:09:02.212513,2026-05-18T16:23:58
sp_002_00034_007,source_file_version,MI팀_시장분석 AI_시장 분석 Master Version (260422).xlsx,MI팀_시장분석 AI_시장 분석 Master Version (원본파일 점검용 재공유 2026.05.18).xlsx
sp_002_00034_007,ingested_at,2026-05-17T07:09:02.212513,2026-05-18T16:23:58
sp_002_00034_008,source_file_version,MI팀_시장분석 AI_시장 분석 Master Version (260422).xlsx,MI팀_시장분석 AI_시장 분석 Master Version (원본파일 점검용 재공유 2026.05.18).xlsx
sp_002_00034_008,ingested_at,2026-05-17T07:09:02.212513,2026-05-18T16:23:58
sp_002_00034_009,source_file_version,MI팀_시장분석 AI_시장 분석 Master Version (260422).xlsx,MI팀_시장분석 AI_시장 분석 Master Version (원본파일 점검용 재공유 2026.05.18).xlsx
sp_002_00034_009,ingested_at,2026-05-17T07:09:02.212513,2026-05-18T16:23:58
sp_002_00035_001,source_file_version,MI팀_시장분석 AI_시장 분석 Master Version (260422).xlsx,MI팀_시장분석 AI_시장 분석 Master Version (원본파일 점검용 재공유 2026.05.18).xlsx
sp_002_00035_001,ingested_at,2026-05-17T07:09:02.212513,2026-05-18T16:23:58
sp_002_00035_002,source_file_version,MI팀_시장분석 AI_시장 분석 Master Version (260422).xlsx,MI팀_시장분석 AI_시장 분석 Master Version (원본파일 점검용 재공유 2026.05.18).xlsx
sp_002_00035_002,ingested_at,2026-05-17T07:09:02.212513,2026-05-18T16:23:58
sp_002_00035_003,source_file_version,MI팀_시장분석 AI_시장 분석 Master Version (260422).xlsx,MI팀_시장분석 AI_시장 분석 Master Version (원본파일 점검용 재공유 2026.05.18).xlsx
sp_002_00035_003,ingested_at,2026-05-17T07:09:02.212513,2026-05-18T16:23:58
sp_002_00035_004,source_file_version,MI팀_시장분석 AI_시장 분석 Master Version (260422).xlsx,MI팀_시장분석 AI_시장 분석 Master Version (원본파일 점검용 재공유 2026.05.18).xlsx
sp_002_00035_004,ingested_at,2026-05-17T07:09:02.212513,2026-05-18T16:23:58
sp_002_00035_005,source_file_version,MI팀_시장분석 AI_시장 분석 Master Version (260422).xlsx,MI팀_시장분석 AI_시장 분석 Master Version (원본파일 점검용 재공유 2026.05.18).xlsx
sp_002_00035_005,ingested_at,2026-05-17T07:09:02.212513,2026-05-18T16:23:58
sp_002_00035_006,source_file_version,MI팀_시장분석 AI_시장 분석 Master Version (260422).xlsx,MI팀_시장분석 AI_시장 분석 Master Version (원본파일 점검용 재공유 2026.05.18).xlsx
sp_002_00035_006,ingested_at,2026-05-17T07:09:02.212513,2026-05-18T16:23:58
sp_002_00035_007,source_file_version,MI팀_시장분석 AI_시장 분석 Master Version (260422).xlsx,MI팀_시장분석 AI_시장 분석 Master Version (원본파일 점검용 재공유 2026.05.18).xlsx
sp_002_00035_007,ingested_at,2026-05-17T07:09:02.212513,2026-05-18T16:23:58
sp_002_00035_008,source_file_version,MI팀_시장분석 AI_시장 분석 Master Version (260422).xlsx,MI팀_시장분석 AI_시장 분석 Master Version (원본파일 점검용 재공유 2026.05.18).xlsx
sp_002_00035_008,ingested_at,2026-05-17T07:09:02.212513,2026-05-18T16:23:58
sp_002_00035_009,source_file_version,MI팀_시장분석 AI_시장 분석 Master Version (260422).xlsx,MI팀_시장분석 AI_시장 분석 Master Version (원본파일 점검용 재공유 2026.05.18).xlsx
sp_002_00035_009,ingested_at,2026-05-17T07:09:02.212513,2026-05-18T16:23:58
sp_002_00036_001,source_file_version,MI팀_시장분석 AI_시장 분석 Master Version (260422).xlsx,MI팀_시장분석 AI_시장 분석 Master Version (원본파일 점검용 재공유 2026.05.18).xlsx
sp_002_00036_001,ingested_at,2026-05-17T07:09:02.212513,2026-05-18T16:23:58
sp_002_00036_002,source_file_version,MI팀_시장분석 AI_시장 분석 Master Version (260422).xlsx,MI팀_시장분석 AI_시장 분석 Master Version (원본파일 점검용 재공유 2026.05.18).xlsx
sp_002_00036_002,ingested_at,2026-05-17T07:09:02.212513,2026-05-18T16:23:58
sp_002_00036_003,source_file_version,MI팀_시장분석 AI_시장 분석 Master Version (260422).xlsx,MI팀_시장분석 AI_시장 분석 Master Version (원본파일 점검용 재공유 2026.05.18).xlsx
sp_002_00036_003,ingested_at,2026-05-17T07:09:02.212513,2026-05-18T16:23:58
sp_002_00036_004,source_file_version,MI팀_시장분석 AI_시장 분석 Master Version (260422).xlsx,MI팀_시장분석 AI_시장 분석 Master Version (원본파일 점검용 재공유 2026.05.18).xlsx
sp_002_00036_004,ingested_at,2026-05-17T07:09:02.212513,2026-05-18T16:23:58
sp_002_00036_005,source_file_version,MI팀_시장분석 AI_시장 분석 Master Version (260422).xlsx,MI팀_시장분석 AI_시장 분석 Master Version (원본파일 점검용 재공유 2026.05.18).xlsx
sp_002_00036_005,ingested_at,2026-05-17T07:09:02.212513,2026-05-18T16:23:58
sp_002_00036_006,source_file_version,MI팀_시장분석 AI_시장 분석 Master Version (260422).xlsx,MI팀_시장분석 AI_시장 분석 Master Version (원본파일 점검용 재공유 2026.05.18).xlsx
sp_002_00036_006,ingested_at,2026-05-17T07:09:02.212513,2026-05-18T16:23:58
sp_002_00036_007,source_file_version,MI팀_시장분석 AI_시장 분석 Master Version (260422).xlsx,MI팀_시장분석 AI_시장 분석 Master Version (원본파일 점검용 재공유 2026.05.18).xlsx
sp_002_00036_007,ingested_at,2026-05-17T07:09:02.212513,2026-05-18T16:23:58
sp_002_00036_008,source_file_version,MI팀_시장분석 AI_시장 분석 Master Version (260422).xlsx,MI팀_시장분석 AI_시장 분석 Master Version (원본파일 점검용 재공유 2026.05.18).xlsx
sp_002_00036_008,ingested_at,2026-05-17T07:09:02.212513,2026-05-18T16:23:58
sp_002_00036_009,source_file_version,MI팀_시장분석 AI_시장 분석 Master Version (260422).xlsx,MI팀_시장분석 AI_시장 분석 Master Version (원본파일 점검용 재공유 2026.05.18).xlsx
sp_002_00036_009,ingested_at,2026-05-17T07:09:02.212513,2026-05-18T16:23:58
sp_002_00037_001,source_file_version,MI팀_시장분석 AI_시장 분석 Master Version (260422).xlsx,MI팀_시장분석 AI_시장 분석 Master Version (원본파일 점검용 재공유 2026.05.18).xlsx
sp_002_00037_001,ingested_at,2026-05-17T07:09:02.212513,2026-05-18T16:23:58
sp_002_00037_002,source_file_version,MI팀_시장분석 AI_시장 분석 Master Version (260422).xlsx,MI팀_시장분석 AI_시장 분석 Master Version (원본파일 점검용 재공유 2026.05.18).xlsx
sp_002_00037_002,ingested_at,2026-05-17T07:09:02.212513,2026-05-18T16:23:58
sp_002_00037_003,source_file_version,MI팀_시장분석 AI_시장 분석 Master Version (260422).xlsx,MI팀_시장분석 AI_시장 분석 Master Version (원본파일 점검용 재공유 2026.05.18).xlsx
sp_002_00037_003,ingested_at,2026-05-17T07:09:02.212513,2026-05-18T16:23:58
sp_002_00037_004,source_file_version,MI팀_시장분석 AI_시장 분석 Master Version (260422).xlsx,MI팀_시장분석 AI_시장 분석 Master Version (원본파일 점검용 재공유 2026.05.18).xlsx
sp_002_00037_004,ingested_at,2026-05-17T07:09:02.212513,2026-05-18T16:23:58
sp_002_00037_005,source_file_version,MI팀_시장분석 AI_시장 분석 Master Version (260422).xlsx,MI팀_시장분석 AI_시장 분석 Master Version (원본파일 점검용 재공유 2026.05.18).xlsx
sp_002_00037_005,ingested_at,2026-05-17T07:09:02.212513,2026-05-18T16:23:58
sp_002_00037_006,source_file_version,MI팀_시장분석 AI_시장 분석 Master Version (260422).xlsx,MI팀_시장분석 AI_시장 분석 Master Version (원본파일 점검용 재공유 2026.05.18).xlsx
sp_002_00037_006,ingested_at,2026-05-17T07:09:02.212513,2026-05-18T16:23:58
sp_002_00037_007,source_file_version,MI팀_시장분석 AI_시장 분석 Master Version (260422).xlsx,MI팀_시장분석 AI_시장 분석 Master Version (원본파일 점검용 재공유 2026.05.18).xlsx
sp_002_00037_007,ingested_at,2026-05-17T07:09:02.212513,2026-05-18T16:23:58
sp_002_00037_008,source_file_version,MI팀_시장분석 AI_시장 분석 Master Version (260422).xlsx,MI팀_시장분석 AI_시장 분석 Master Version (원본파일 점검용 재공유 2026.05.18).xlsx
sp_002_00037_008,ingested_at,2026-05-17T07:09:02.212513,2026-05-18T16:23:58
sp_002_00037_009,source_file_version,MI팀_시장분석 AI_시장 분석 Master Version (260422).xlsx,MI팀_시장분석 AI_시장 분석 Master Version (원본파일 점검용 재공유 2026.05.18).xlsx
sp_002_00037_009,ingested_at,2026-05-17T07:09:02.212513,2026-05-18T16:23:58
sp_002_00038_001,source_file_version,MI팀_시장분석 AI_시장 분석 Master Version (260422).xlsx,MI팀_시장분석 AI_시장 분석 Master Version (원본파일 점검용 재공유 2026.05.18).xlsx
sp_002_00038_001,ingested_at,2026-05-17T07:09:02.212513,2026-05-18T16:23:58
sp_002_00038_002,source_file_version,MI팀_시장분석 AI_시장 분석 Master Version (260422).xlsx,MI팀_시장분석 AI_시장 분석 Master Version (원본파일 점검용 재공유 2026.05.18).xlsx
sp_002_00038_002,ingested_at,2026-05-17T07:09:02.212513,2026-05-18T16:23:58
sp_002_00038_003,source_file_version,MI팀_시장분석 AI_시장 분석 Master Version (260422).xlsx,MI팀_시장분석 AI_시장 분석 Master Version (원본파일 점검용 재공유 2026.05.18).xlsx
sp_002_00038_003,ingested_at,2026-05-17T07:09:02.212513,2026-05-18T16:23:58
sp_002_00038_004,source_file_version,MI팀_시장분석 AI_시장 분석 Master Version (260422).xlsx,MI팀_시장분석 AI_시장 분석 Master Version (원본파일 점검용 재공유 2026.05.18).xlsx
sp_002_00038_004,ingested_at,2026-05-17T07:09:02.212513,2026-05-18T16:23:58
sp_002_00038_005,source_file_version,MI팀_시장분석 AI_시장 분석 Master Version (260422).xlsx,MI팀_시장분석 AI_시장 분석 Master Version (원본파일 점검용 재공유 2026.05.18).xlsx
sp_002_00038_005,ingested_at,2026-05-17T07:09:02.212513,2026-05-18T16:23:58
sp_002_00038_006,source_file_version,MI팀_시장분석 AI_시장 분석 Master Version (260422).xlsx,MI팀_시장분석 AI_시장 분석 Master Version (원본파일 점검용 재공유 2026.05.18).xlsx
sp_002_00038_006,ingested_at,2026-05-17T07:09:02.212513,2026-05-18T16:23:58
sp_002_00038_007,source_file_version,MI팀_시장분석 AI_시장 분석 Master Version (260422).xlsx,MI팀_시장분석 AI_시장 분석 Master Version (원본파일 점검용 재공유 2026.05.18).xlsx
sp_002_00038_007,ingested_at,2026-05-17T07:09:02.212513,2026-05-18T16:23:58
sp_002_00038_008,source_file_version,MI팀_시장분석 AI_시장 분석 Master Version (260422).xlsx,MI팀_시장분석 AI_시장 분석 Master Version (원본파일 점검용 재공유 2026.05.18).xlsx
sp_002_00038_008,ingested_at,2026-05-17T07:09:02.212513,2026-05-18T16:23:58
sp_002_00038_009,source_file_version,MI팀_시장분석 AI_시장 분석 Master Version (260422).xlsx,MI팀_시장분석 AI_시장 분석 Master Version (원본파일 점검용 재공유 2026.05.18).xlsx
sp_002_00038_009,ingested_at,2026-05-17T07:09:02.212513,2026-05-18T16:23:58
sp_002_00039_001,source_file_version,MI팀_시장분석 AI_시장 분석 Master Version (260422).xlsx,MI팀_시장분석 AI_시장 분석 Master Version (원본파일 점검용 재공유 2026.05.18).xlsx
sp_002_00039_001,ingested_at,2026-05-17T07:09:02.212513,2026-05-18T16:23:58
sp_002_00039_002,source_file_version,MI팀_시장분석 AI_시장 분석 Master Version (260422).xlsx,MI팀_시장분석 AI_시장 분석 Master Version (원본파일 점검용 재공유 2026.05.18).xlsx
sp_002_00039_002,ingested_at,2026-05-17T07:09:02.212513,2026-05-18T16:23:58
sp_002_00039_003,source_file_version,MI팀_시장분석 AI_시장 분석 Master Version (260422).xlsx,MI팀_시장분석 AI_시장 분석 Master Version (원본파일 점검용 재공유 2026.05.18).xlsx
sp_002_00039_003,ingested_at,2026-05-17T07:09:02.212513,2026-05-18T16:23:58
sp_002_00039_004,source_file_version,MI팀_시장분석 AI_시장 분석 Master Version (260422).xlsx,MI팀_시장분석 AI_시장 분석 Master Version (원본파일 점검용 재공유 2026.05.18).xlsx
sp_002_00039_004,ingested_at,2026-05-17T07:09:02.212513,2026-05-18T16:23:58
sp_002_00039_005,source_file_version,MI팀_시장분석 AI_시장 분석 Master Version (260422).xlsx,MI팀_시장분석 AI_시장 분석 Master Version (원본파일 점검용 재공유 2026.05.18).xlsx
sp_002_00039_005,ingested_at,2026-05-17T07:09:02.212513,2026-05-18T16:23:58
sp_002_00039_006,source_file_version,MI팀_시장분석 AI_시장 분석 Master Version (260422).xlsx,MI팀_시장분석 AI_시장 분석 Master Version (원본파일 점검용 재공유 2026.05.18).xlsx
sp_002_00039_006,ingested_at,2026-05-17T07:09:02.212513,2026-05-18T16:23:58
sp_002_00039_007,source_file_version,MI팀_시장분석 AI_시장 분석 Master Version (260422).xlsx,MI팀_시장분석 AI_시장 분석 Master Version (원본파일 점검용 재공유 2026.05.18).xlsx
sp_002_00039_007,ingested_at,2026-05-17T07:09:02.212513,2026-05-18T16:23:58
sp_002_00039_008,source_file_version,MI팀_시장분석 AI_시장 분석 Master Version (260422).xlsx,MI팀_시장분석 AI_시장 분석 Master Version (원본파일 점검용 재공유 2026.05.18).xlsx
sp_002_00039_008,ingested_at,2026-05-17T07:09:02.212513,2026-05-18T16:23:58
sp_002_00039_009,source_file_version,MI팀_시장분석 AI_시장 분석 Master Version (260422).xlsx,MI팀_시장분석 AI_시장 분석 Master Version (원본파일 점검용 재공유 2026.05.18).xlsx
sp_002_00039_009,ingested_at,2026-05-17T07:09:02.212513,2026-05-18T16:23:58
sp_002_00040_001,source_file_version,MI팀_시장분석 AI_시장 분석 Master Version (260422).xlsx,MI팀_시장분석 AI_시장 분석 Master Version (원본파일 점검용 재공유 2026.05.18).xlsx
sp_002_00040_001,ingested_at,2026-05-17T07:09:02.212513,2026-05-18T16:23:58
sp_002_00040_002,source_file_version,MI팀_시장분석 AI_시장 분석 Master Version (260422).xlsx,MI팀_시장분석 AI_시장 분석 Master Version (원본파일 점검용 재공유 2026.05.18).xlsx
sp_002_00040_002,ingested_at,2026-05-17T07:09:02.212513,2026-05-18T16:23:58
sp_002_00040_003,source_file_version,MI팀_시장분석 AI_시장 분석 Master Version (260422).xlsx,MI팀_시장분석 AI_시장 분석 Master Version (원본파일 점검용 재공유 2026.05.18).xlsx
sp_002_00040_003,ingested_at,2026-05-17T07:09:02.212513,2026-05-18T16:23:58
sp_002_00040_004,source_file_version,MI팀_시장분석 AI_시장 분석 Master Version (260422).xlsx,MI팀_시장분석 AI_시장 분석 Master Version (원본파일 점검용 재공유 2026.05.18).xlsx
sp_002_00040_004,ingested_at,2026-05-17T07:09:02.212513,2026-05-18T16:23:58
sp_002_00040_005,source_file_version,MI팀_시장분석 AI_시장 분석 Master Version (260422).xlsx,MI팀_시장분석 AI_시장 분석 Master Version (원본파일 점검용 재공유 2026.05.18).xlsx
sp_002_00040_005,ingested_at,2026-05-17T07:09:02.212513,2026-05-18T16:23:58
sp_002_00040_006,source_file_version,MI팀_시장분석 AI_시장 분석 Master Version (260422).xlsx,MI팀_시장분석 AI_시장 분석 Master Version (원본파일 점검용 재공유 2026.05.18).xlsx
sp_002_00040_006,ingested_at,2026-05-17T07:09:02.212513,2026-05-18T16:23:58
sp_002_00040_007,source_file_version,MI팀_시장분석 AI_시장 분석 Master Version (260422).xlsx,MI팀_시장분석 AI_시장 분석 Master Version (원본파일 점검용 재공유 2026.05.18).xlsx
sp_002_00040_007,ingested_at,2026-05-17T07:09:02.212513,2026-05-18T16:23:58
sp_002_00040_008,source_file_version,MI팀_시장분석 AI_시장 분석 Master Version (260422).xlsx,MI팀_시장분석 AI_시장 분석 Master Version (원본파일 점검용 재공유 2026.05.18).xlsx
sp_002_00040_008,ingested_at,2026-05-17T07:09:02.212513,2026-05-18T16:23:58
sp_002_00040_009,source_file_version,MI팀_시장분석 AI_시장 분석 Master Version (260422).xlsx,MI팀_시장분석 AI_시장 분석 Master Version (원본파일 점검용 재공유 2026.05.18).xlsx
sp_002_00040_009,ingested_at,2026-05-17T07:09:02.212513,2026-05-18T16:23:58
sp_002_00041_001,source_file_version,MI팀_시장분석 AI_시장 분석 Master Version (260422).xlsx,MI팀_시장분석 AI_시장 분석 Master Version (원본파일 점검용 재공유 2026.05.18).xlsx
sp_002_00041_001,ingested_at,2026-05-17T07:09:02.212513,2026-05-18T16:23:58
sp_002_00041_002,source_file_version,MI팀_시장분석 AI_시장 분석 Master Version (260422).xlsx,MI팀_시장분석 AI_시장 분석 Master Version (원본파일 점검용 재공유 2026.05.18).xlsx
sp_002_00041_002,ingested_at,2026-05-17T07:09:02.212513,2026-05-18T16:23:58
sp_002_00041_003,source_file_version,MI팀_시장분석 AI_시장 분석 Master Version (260422).xlsx,MI팀_시장분석 AI_시장 분석 Master Version (원본파일 점검용 재공유 2026.05.18).xlsx
sp_002_00041_003,ingested_at,2026-05-17T07:09:02.212513,2026-05-18T16:23:58
sp_002_00041_004,source_file_version,MI팀_시장분석 AI_시장 분석 Master Version (260422).xlsx,MI팀_시장분석 AI_시장 분석 Master Version (원본파일 점검용 재공유 2026.05.18).xlsx
sp_002_00041_004,ingested_at,2026-05-17T07:09:02.212513,2026-05-18T16:23:58
sp_002_00041_005,source_file_version,MI팀_시장분석 AI_시장 분석 Master Version (260422).xlsx,MI팀_시장분석 AI_시장 분석 Master Version (원본파일 점검용 재공유 2026.05.18).xlsx
sp_002_00041_005,ingested_at,2026-05-17T07:09:02.212513,2026-05-18T16:23:58
sp_002_00041_006,source_file_version,MI팀_시장분석 AI_시장 분석 Master Version (260422).xlsx,MI팀_시장분석 AI_시장 분석 Master Version (원본파일 점검용 재공유 2026.05.18).xlsx
sp_002_00041_006,ingested_at,2026-05-17T07:09:02.212513,2026-05-18T16:23:58
sp_002_00041_007,source_file_version,MI팀_시장분석 AI_시장 분석 Master Version (260422).xlsx,MI팀_시장분석 AI_시장 분석 Master Version (원본파일 점검용 재공유 2026.05.18).xlsx
sp_002_00041_007,ingested_at,2026-05-17T07:09:02.212513,2026-05-18T16:23:58
sp_002_00041_008,source_file_version,MI팀_시장분석 AI_시장 분석 Master Version (260422).xlsx,MI팀_시장분석 AI_시장 분석 Master Version (원본파일 점검용 재공유 2026.05.18).xlsx
sp_002_00041_008,ingested_at,2026-05-17T07:09:02.212513,2026-05-18T16:23:58
sp_002_00041_009,source_file_version,MI팀_시장분석 AI_시장 분석 Master Version (260422).xlsx,MI팀_시장분석 AI_시장 분석 Master Version (원본파일 점검용 재공유 2026.05.18).xlsx
sp_002_00041_009,ingested_at,2026-05-17T07:09:02.212513,2026-05-18T16:23:58
sp_002_00042_001,source_file_version,MI팀_시장분석 AI_시장 분석 Master Version (260422).xlsx,MI팀_시장분석 AI_시장 분석 Master Version (원본파일 점검용 재공유 2026.05.18).xlsx
sp_002_00042_001,ingested_at,2026-05-17T07:09:02.212513,2026-05-18T16:23:58
sp_002_00042_002,source_file_version,MI팀_시장분석 AI_시장 분석 Master Version (260422).xlsx,MI팀_시장분석 AI_시장 분석 Master Version (원본파일 점검용 재공유 2026.05.18).xlsx
sp_002_00042_002,ingested_at,2026-05-17T07:09:02.212513,2026-05-18T16:23:58
sp_002_00043_001,source_file_version,MI팀_시장분석 AI_시장 분석 Master Version (260422).xlsx,MI팀_시장분석 AI_시장 분석 Master Version (원본파일 점검용 재공유 2026.05.18).xlsx
sp_002_00043_001,ingested_at,2026-05-17T07:09:02.212513,2026-05-18T16:23:58
sp_002_00043_002,source_file_version,MI팀_시장분석 AI_시장 분석 Master Version (260422).xlsx,MI팀_시장분석 AI_시장 분석 Master Version (원본파일 점검용 재공유 2026.05.18).xlsx
sp_002_00043_002,ingested_at,2026-05-17T07:09:02.212513,2026-05-18T16:23:58
sp_002_00044_001,source_file_version,MI팀_시장분석 AI_시장 분석 Master Version (260422).xlsx,MI팀_시장분석 AI_시장 분석 Master Version (원본파일 점검용 재공유 2026.05.18).xlsx
sp_002_00044_001,ingested_at,2026-05-17T07:09:02.212513,2026-05-18T16:23:58
sp_002_00045_001,source_file_version,MI팀_시장분석 AI_시장 분석 Master Version (260422).xlsx,MI팀_시장분석 AI_시장 분석 Master Version (원본파일 점검용 재공유 2026.05.18).xlsx
sp_002_00045_001,ingested_at,2026-05-17T07:09:02.212513,2026-05-18T16:23:58
sp_002_00046_001,source_file_version,MI팀_시장분석 AI_시장 분석 Master Version (260422).xlsx,MI팀_시장분석 AI_시장 분석 Master Version (원본파일 점검용 재공유 2026.05.18).xlsx
sp_002_00046_001,ingested_at,2026-05-17T07:09:02.212513,2026-05-18T16:23:58
sp_002_00046_002,source_file_version,MI팀_시장분석 AI_시장 분석 Master Version (260422).xlsx,MI팀_시장분석 AI_시장 분석 Master Version (원본파일 점검용 재공유 2026.05.18).xlsx
sp_002_00046_002,ingested_at,2026-05-17T07:09:02.212513,2026-05-18T16:23:58
sp_002_00047_001,source_file_version,MI팀_시장분석 AI_시장 분석 Master Version (260422).xlsx,MI팀_시장분석 AI_시장 분석 Master Version (원본파일 점검용 재공유 2026.05.18).xlsx
sp_002_00047_001,ingested_at,2026-05-17T07:09:02.212513,2026-05-18T16:23:58
sp_002_00047_002,source_file_version,MI팀_시장분석 AI_시장 분석 Master Version (260422).xlsx,MI팀_시장분석 AI_시장 분석 Master Version (원본파일 점검용 재공유 2026.05.18).xlsx
sp_002_00047_002,ingested_at,2026-05-17T07:09:02.212513,2026-05-18T16:23:58
sp_002_00048_001,source_file_version,MI팀_시장분석 AI_시장 분석 Master Version (260422).xlsx,MI팀_시장분석 AI_시장 분석 Master Version (원본파일 점검용 재공유 2026.05.18).xlsx
sp_002_00048_001,ingested_at,2026-05-17T07:09:02.212513,2026-05-18T16:23:58
sp_002_00049_001,source_file_version,MI팀_시장분석 AI_시장 분석 Master Version (260422).xlsx,MI팀_시장분석 AI_시장 분석 Master Version (원본파일 점검용 재공유 2026.05.18).xlsx
sp_002_00049_001,ingested_at,2026-05-17T07:09:02.212513,2026-05-18T16:23:58
sp_002_00050_001,source_file_version,MI팀_시장분석 AI_시장 분석 Master Version (260422).xlsx,MI팀_시장분석 AI_시장 분석 Master Version (원본파일 점검용 재공유 2026.05.18).xlsx
sp_002_00050_001,ingested_at,2026-05-17T07:09:02.212513,2026-05-18T16:23:58
sp_006_00005_001,source_file_version,MI팀_시장분석 AI_시장 분석 Master Version (260422).xlsx,MI팀_시장분석 AI_시장 분석 Master Version (원본파일 점검용 재공유 2026.05.18).xlsx
sp_006_00005_001,ingested_at,2026-05-17T07:09:02.212513,2026-05-18T16:23:58
sp_006_00005_002,source_file_version,MI팀_시장분석 AI_시장 분석 Master Version (260422).xlsx,MI팀_시장분석 AI_시장 분석 Master Version (원본파일 점검용 재공유 2026.05.18).xlsx
sp_006_00005_002,ingested_at,2026-05-17T07:09:02.212513,2026-05-18T16:23:58
sp_006_00005_003,source_file_version,MI팀_시장분석 AI_시장 분석 Master Version (260422).xlsx,MI팀_시장분석 AI_시장 분석 Master Version (원본파일 점검용 재공유 2026.05.18).xlsx
sp_006_00005_003,ingested_at,2026-05-17T07:09:02.212513,2026-05-18T16:23:58
sp_006_00006_001,source_file_version,MI팀_시장분석 AI_시장 분석 Master Version (260422).xlsx,MI팀_시장분석 AI_시장 분석 Master Version (원본파일 점검용 재공유 2026.05.18).xlsx
sp_006_00006_001,ingested_at,2026-05-17T07:09:02.212513,2026-05-18T16:23:58
sp_006_00007_001,source_file_version,MI팀_시장분석 AI_시장 분석 Master Version (260422).xlsx,MI팀_시장분석 AI_시장 분석 Master Version (원본파일 점검용 재공유 2026.05.18).xlsx
sp_006_00007_001,ingested_at,2026-05-17T07:09:02.212513,2026-05-18T16:23:58
sp_006_00008_001,source_file_version,MI팀_시장분석 AI_시장 분석 Master Version (260422).xlsx,MI팀_시장분석 AI_시장 분석 Master Version (원본파일 점검용 재공유 2026.05.18).xlsx
sp_006_00008_001,ingested_at,2026-05-17T07:09:02.212513,2026-05-18T16:23:58
sp_006_00009_001,source_file_version,MI팀_시장분석 AI_시장 분석 Master Version (260422).xlsx,MI팀_시장분석 AI_시장 분석 Master Version (원본파일 점검용 재공유 2026.05.18).xlsx
sp_006_00009_001,ingested_at,2026-05-17T07:09:02.212513,2026-05-18T16:23:58
sp_006_00010_001,source_file_version,MI팀_시장분석 AI_시장 분석 Master Version (260422).xlsx,MI팀_시장분석 AI_시장 분석 Master Version (원본파일 점검용 재공유 2026.05.18).xlsx
sp_006_00010_001,ingested_at,2026-05-17T07:09:02.212513,2026-05-18T16:23:58
sp_006_00011_001,source_file_version,MI팀_시장분석 AI_시장 분석 Master Version (260422).xlsx,MI팀_시장분석 AI_시장 분석 Master Version (원본파일 점검용 재공유 2026.05.18).xlsx
sp_006_00011_001,ingested_at,2026-05-17T07:09:02.212513,2026-05-18T16:23:58
sp_006_00012_001,source_file_version,MI팀_시장분석 AI_시장 분석 Master Version (260422).xlsx,MI팀_시장분석 AI_시장 분석 Master Version (원본파일 점검용 재공유 2026.05.18).xlsx
sp_006_00012_001,ingested_at,2026-05-17T07:09:02.212513,2026-05-18T16:23:58
sp_006_00013_001,source_file_version,MI팀_시장분석 AI_시장 분석 Master Version (260422).xlsx,MI팀_시장분석 AI_시장 분석 Master Version (원본파일 점검용 재공유 2026.05.18).xlsx
sp_006_00013_001,ingested_at,2026-05-17T07:09:02.212513,2026-05-18T16:23:58
sp_006_00014_001,source_file_version,MI팀_시장분석 AI_시장 분석 Master Version (260422).xlsx,MI팀_시장분석 AI_시장 분석 Master Version (원본파일 점검용 재공유 2026.05.18).xlsx
sp_006_00014_001,ingested_at,2026-05-17T07:09:02.212513,2026-05-18T16:23:58
sp_006_00015_001,source_file_version,MI팀_시장분석 AI_시장 분석 Master Version (260422).xlsx,MI팀_시장분석 AI_시장 분석 Master Version (원본파일 점검용 재공유 2026.05.18).xlsx
sp_006_00015_001,ingested_at,2026-05-17T07:09:02.212513,2026-05-18T16:23:58
sp_006_00016_001,source_file_version,MI팀_시장분석 AI_시장 분석 Master Version (260422).xlsx,MI팀_시장분석 AI_시장 분석 Master Version (원본파일 점검용 재공유 2026.05.18).xlsx
sp_006_00016_001,ingested_at,2026-05-17T07:09:02.212513,2026-05-18T16:23:58
sp_006_00017_001,source_file_version,MI팀_시장분석 AI_시장 분석 Master Version (260422).xlsx,MI팀_시장분석 AI_시장 분석 Master Version (원본파일 점검용 재공유 2026.05.18).xlsx
sp_006_00017_001,ingested_at,2026-05-17T07:09:02.212513,2026-05-18T16:23:58
sp_006_00018_001,source_file_version,MI팀_시장분석 AI_시장 분석 Master Version (260422).xlsx,MI팀_시장분석 AI_시장 분석 Master Version (원본파일 점검용 재공유 2026.05.18).xlsx
sp_006_00018_001,ingested_at,2026-05-17T07:09:02.212513,2026-05-18T16:23:58
sp_006_00019_001,source_file_version,MI팀_시장분석 AI_시장 분석 Master Version (260422).xlsx,MI팀_시장분석 AI_시장 분석 Master Version (원본파일 점검용 재공유 2026.05.18).xlsx
sp_006_00019_001,ingested_at,2026-05-17T07:09:02.212513,2026-05-18T16:23:58
sp_006_00020_001,source_file_version,MI팀_시장분석 AI_시장 분석 Master Version (260422).xlsx,MI팀_시장분석 AI_시장 분석 Master Version (원본파일 점검용 재공유 2026.05.18).xlsx
sp_006_00020_001,ingested_at,2026-05-17T07:09:02.212513,2026-05-18T16:23:58
sp_006_00021_001,source_file_version,MI팀_시장분석 AI_시장 분석 Master Version (260422).xlsx,MI팀_시장분석 AI_시장 분석 Master Version (원본파일 점검용 재공유 2026.05.18).xlsx
sp_006_00021_001,ingested_at,2026-05-17T07:09:02.212513,2026-05-18T16:23:58
sp_006_00022_001,source_file_version,MI팀_시장분석 AI_시장 분석 Master Version (260422).xlsx,MI팀_시장분석 AI_시장 분석 Master Version (원본파일 점검용 재공유 2026.05.18).xlsx
sp_006_00022_001,ingested_at,2026-05-17T07:09:02.212513,2026-05-18T16:23:58
sp_006_00023_001,source_file_version,MI팀_시장분석 AI_시장 분석 Master Version (260422).xlsx,MI팀_시장분석 AI_시장 분석 Master Version (원본파일 점검용 재공유 2026.05.18).xlsx
sp_006_00023_001,ingested_at,2026-05-17T07:09:02.212513,2026-05-18T16:23:58
sp_006_00024_001,source_file_version,MI팀_시장분석 AI_시장 분석 Master Version (260422).xlsx,MI팀_시장분석 AI_시장 분석 Master Version (원본파일 점검용 재공유 2026.05.18).xlsx
sp_006_00024_001,ingested_at,2026-05-17T07:09:02.212513,2026-05-18T16:23:58
sp_006_00025_001,source_file_version,MI팀_시장분석 AI_시장 분석 Master Version (260422).xlsx,MI팀_시장분석 AI_시장 분석 Master Version (원본파일 점검용 재공유 2026.05.18).xlsx
sp_006_00025_001,ingested_at,2026-05-17T07:09:02.212513,2026-05-18T16:23:58
sp_006_00026_001,source_file_version,MI팀_시장분석 AI_시장 분석 Master Version (260422).xlsx,MI팀_시장분석 AI_시장 분석 Master Version (원본파일 점검용 재공유 2026.05.18).xlsx
sp_006_00026_001,ingested_at,2026-05-17T07:09:02.212513,2026-05-18T16:23:58
sp_006_00027_001,source_file_version,MI팀_시장분석 AI_시장 분석 Master Version (260422).xlsx,MI팀_시장분석 AI_시장 분석 Master Version (원본파일 점검용 재공유 2026.05.18).xlsx
sp_006_00027_001,ingested_at,2026-05-17T07:09:02.212513,2026-05-18T16:23:58
sp_006_00028_001,source_file_version,MI팀_시장분석 AI_시장 분석 Master Version (260422).xlsx,MI팀_시장분석 AI_시장 분석 Master Version (원본파일 점검용 재공유 2026.05.18).xlsx
sp_006_00028_001,ingested_at,2026-05-17T07:09:02.212513,2026-05-18T16:23:58
sp_006_00029_001,source_file_version,MI팀_시장분석 AI_시장 분석 Master Version (260422).xlsx,MI팀_시장분석 AI_시장 분석 Master Version (원본파일 점검용 재공유 2026.05.18).xlsx
sp_006_00029_001,ingested_at,2026-05-17T07:09:02.212513,2026-05-18T16:23:58
sp_006_00030_001,source_file_version,MI팀_시장분석 AI_시장 분석 Master Version (260422).xlsx,MI팀_시장분석 AI_시장 분석 Master Version (원본파일 점검용 재공유 2026.05.18).xlsx
sp_006_00030_001,ingested_at,2026-05-17T07:09:02.212513,2026-05-18T16:23:58
sp_006_00031_001,source_file_version,MI팀_시장분석 AI_시장 분석 Master Version (260422).xlsx,MI팀_시장분석 AI_시장 분석 Master Version (원본파일 점검용 재공유 2026.05.18).xlsx
sp_006_00031_001,ingested_at,2026-05-17T07:09:02.212513,2026-05-18T16:23:58
sp_006_00032_001,source_file_version,MI팀_시장분석 AI_시장 분석 Master Version (260422).xlsx,MI팀_시장분석 AI_시장 분석 Master Version (원본파일 점검용 재공유 2026.05.18).xlsx
sp_006_00032_001,ingested_at,2026-05-17T07:09:02.212513,2026-05-18T16:23:58
sp_006_00033_001,source_file_version,MI팀_시장분석 AI_시장 분석 Master Version (260422).xlsx,MI팀_시장분석 AI_시장 분석 Master Version (원본파일 점검용 재공유 2026.05.18).xlsx
sp_006_00033_001,ingested_at,2026-05-17T07:09:02.212513,2026-05-18T16:23:58
sp_006_00034_001,source_file_version,MI팀_시장분석 AI_시장 분석 Master Version (260422).xlsx,MI팀_시장분석 AI_시장 분석 Master Version (원본파일 점검용 재공유 2026.05.18).xlsx
sp_006_00034_001,ingested_at,2026-05-17T07:09:02.212513,2026-05-18T16:23:58
sp_006_00035_001,source_file_version,MI팀_시장분석 AI_시장 분석 Master Version (260422).xlsx,MI팀_시장분석 AI_시장 분석 Master Version (원본파일 점검용 재공유 2026.05.18).xlsx
sp_006_00035_001,ingested_at,2026-05-17T07:09:02.212513,2026-05-18T16:23:58
sp_006_00036_001,source_file_version,MI팀_시장분석 AI_시장 분석 Master Version (260422).xlsx,MI팀_시장분석 AI_시장 분석 Master Version (원본파일 점검용 재공유 2026.05.18).xlsx
sp_006_00036_001,ingested_at,2026-05-17T07:09:02.212513,2026-05-18T16:23:58
sp_006_00037_001,source_file_version,MI팀_시장분석 AI_시장 분석 Master Version (260422).xlsx,MI팀_시장분석 AI_시장 분석 Master Version (원본파일 점검용 재공유 2026.05.18).xlsx
sp_006_00037_001,ingested_at,2026-05-17T07:09:02.212513,2026-05-18T16:23:58
sp_006_00038_001,source_file_version,MI팀_시장분석 AI_시장 분석 Master Version (260422).xlsx,MI팀_시장분석 AI_시장 분석 Master Version (원본파일 점검용 재공유 2026.05.18).xlsx
sp_006_00038_001,ingested_at,2026-05-17T07:09:02.212513,2026-05-18T16:23:58
sp_006_00039_001,source_file_version,MI팀_시장분석 AI_시장 분석 Master Version (260422).xlsx,MI팀_시장분석 AI_시장 분석 Master Version (원본파일 점검용 재공유 2026.05.18).xlsx
sp_006_00039_001,ingested_at,2026-05-17T07:09:02.212513,2026-05-18T16:23:58
sp_006_00040_001,source_file_version,MI팀_시장분석 AI_시장 분석 Master Version (260422).xlsx,MI팀_시장분석 AI_시장 분석 Master Version (원본파일 점검용 재공유 2026.05.18).xlsx
sp_006_00040_001,ingested_at,2026-05-17T07:09:02.212513,2026-05-18T16:23:58
sp_006_00041_001,source_file_version,MI팀_시장분석 AI_시장 분석 Master Version (260422).xlsx,MI팀_시장분석 AI_시장 분석 Master Version (원본파일 점검용 재공유 2026.05.18).xlsx
sp_006_00041_001,ingested_at,2026-05-17T07:09:02.212513,2026-05-18T16:23:58
sp_006_00042_001,source_file_version,MI팀_시장분석 AI_시장 분석 Master Version (260422).xlsx,MI팀_시장분석 AI_시장 분석 Master Version (원본파일 점검용 재공유 2026.05.18).xlsx
sp_006_00042_001,ingested_at,2026-05-17T07:09:02.212513,2026-05-18T16:23:58
sp_006_00043_001,source_file_version,MI팀_시장분석 AI_시장 분석 Master Version (260422).xlsx,MI팀_시장분석 AI_시장 분석 Master Version (원본파일 점검용 재공유 2026.05.18).xlsx
sp_006_00043_001,ingested_at,2026-05-17T07:09:02.212513,2026-05-18T16:23:58
sp_006_00044_001,source_file_version,MI팀_시장분석 AI_시장 분석 Master Version (260422).xlsx,MI팀_시장분석 AI_시장 분석 Master Version (원본파일 점검용 재공유 2026.05.18).xlsx
sp_006_00044_001,ingested_at,2026-05-17T07:09:02.212513,2026-05-18T16:23:58
sp_006_00045_001,source_file_version,MI팀_시장분석 AI_시장 분석 Master Version (260422).xlsx,MI팀_시장분석 AI_시장 분석 Master Version (원본파일 점검용 재공유 2026.05.18).xlsx
sp_006_00045_001,ingested_at,2026-05-17T07:09:02.212513,2026-05-18T16:23:58
sp_006_00046_001,source_file_version,MI팀_시장분석 AI_시장 분석 Master Version (260422).xlsx,MI팀_시장분석 AI_시장 분석 Master Version (원본파일 점검용 재공유 2026.05.18).xlsx
sp_006_00046_001,ingested_at,2026-05-17T07:09:02.212513,2026-05-18T16:23:58
sp_006_00047_001,source_file_version,MI팀_시장분석 AI_시장 분석 Master Version (260422).xlsx,MI팀_시장분석 AI_시장 분석 Master Version (원본파일 점검용 재공유 2026.05.18).xlsx
sp_006_00047_001,ingested_at,2026-05-17T07:09:02.212513,2026-05-18T16:23:58
sp_006_00048_001,source_file_version,MI팀_시장분석 AI_시장 분석 Master Version (260422).xlsx,MI팀_시장분석 AI_시장 분석 Master Version (원본파일 점검용 재공유 2026.05.18).xlsx
sp_006_00048_001,ingested_at,2026-05-17T07:09:02.212513,2026-05-18T16:23:58
sp_006_00049_001,source_file_version,MI팀_시장분석 AI_시장 분석 Master Version (260422).xlsx,MI팀_시장분석 AI_시장 분석 Master Version (원본파일 점검용 재공유 2026.05.18).xlsx
sp_006_00049_001,ingested_at,2026-05-17T07:09:02.212513,2026-05-18T16:23:58
sp_006_00050_001,source_file_version,MI팀_시장분석 AI_시장 분석 Master Version (260422).xlsx,MI팀_시장분석 AI_시장 분석 Master Version (원본파일 점검용 재공유 2026.05.18).xlsx
sp_006_00050_001,ingested_at,2026-05-17T07:09:02.212513,2026-05-18T16:23:58
sp_006_00051_001,source_file_version,MI팀_시장분석 AI_시장 분석 Master Version (260422).xlsx,MI팀_시장분석 AI_시장 분석 Master Version (원본파일 점검용 재공유 2026.05.18).xlsx
sp_006_00051_001,ingested_at,2026-05-17T07:09:02.212513,2026-05-18T16:23:58
sp_006_00052_001,source_file_version,MI팀_시장분석 AI_시장 분석 Master Version (260422).xlsx,MI팀_시장분석 AI_시장 분석 Master Version (원본파일 점검용 재공유 2026.05.18).xlsx
sp_006_00052_001,ingested_at,2026-05-17T07:09:02.212513,2026-05-18T16:23:58
sp_006_00053_001,source_file_version,MI팀_시장분석 AI_시장 분석 Master Version (260422).xlsx,MI팀_시장분석 AI_시장 분석 Master Version (원본파일 점검용 재공유 2026.05.18).xlsx
sp_006_00053_001,ingested_at,2026-05-17T07:09:02.212513,2026-05-18T16:23:58
sp_006_00054_001,source_file_version,MI팀_시장분석 AI_시장 분석 Master Version (260422).xlsx,MI팀_시장분석 AI_시장 분석 Master Version (원본파일 점검용 재공유 2026.05.18).xlsx
sp_006_00054_001,ingested_at,2026-05-17T07:09:02.212513,2026-05-18T16:23:58
sp_006_00055_001,source_file_version,MI팀_시장분석 AI_시장 분석 Master Version (260422).xlsx,MI팀_시장분석 AI_시장 분석 Master Version (원본파일 점검용 재공유 2026.05.18).xlsx
sp_006_00055_001,ingested_at,2026-05-17T07:09:02.212513,2026-05-18T16:23:58
sp_006_00056_001,source_file_version,MI팀_시장분석 AI_시장 분석 Master Version (260422).xlsx,MI팀_시장분석 AI_시장 분석 Master Version (원본파일 점검용 재공유 2026.05.18).xlsx
sp_006_00056_001,ingested_at,2026-05-17T07:09:02.212513,2026-05-18T16:23:58
sp_006_00057_001,source_file_version,MI팀_시장분석 AI_시장 분석 Master Version (260422).xlsx,MI팀_시장분석 AI_시장 분석 Master Version (원본파일 점검용 재공유 2026.05.18).xlsx
sp_006_00057_001,ingested_at,2026-05-17T07:09:02.212513,2026-05-18T16:23:58
sp_006_00058_001,source_file_version,MI팀_시장분석 AI_시장 분석 Master Version (260422).xlsx,MI팀_시장분석 AI_시장 분석 Master Version (원본파일 점검용 재공유 2026.05.18).xlsx
sp_006_00058_001,ingested_at,2026-05-17T07:09:02.212513,2026-05-18T16:23:58
sp_006_00059_001,source_file_version,MI팀_시장분석 AI_시장 분석 Master Version (260422).xlsx,MI팀_시장분석 AI_시장 분석 Master Version (원본파일 점검용 재공유 2026.05.18).xlsx
sp_006_00059_001,ingested_at,2026-05-17T07:09:02.212513,2026-05-18T16:23:58
sp_006_00060_001,source_file_version,MI팀_시장분석 AI_시장 분석 Master Version (260422).xlsx,MI팀_시장분석 AI_시장 분석 Master Version (원본파일 점검용 재공유 2026.05.18).xlsx
sp_006_00060_001,ingested_at,2026-05-17T07:09:02.212513,2026-05-18T16:23:58
sp_006_00061_001,source_file_version,MI팀_시장분석 AI_시장 분석 Master Version (260422).xlsx,MI팀_시장분석 AI_시장 분석 Master Version (원본파일 점검용 재공유 2026.05.18).xlsx
sp_006_00061_001,ingested_at,2026-05-17T07:09:02.212513,2026-05-18T16:23:58
sp_006_00062_001,source_file_version,MI팀_시장분석 AI_시장 분석 Master Version (260422).xlsx,MI팀_시장분석 AI_시장 분석 Master Version (원본파일 점검용 재공유 2026.05.18).xlsx
sp_006_00062_001,ingested_at,2026-05-17T07:09:02.212513,2026-05-18T16:23:58
sp_006_00063_001,source_file_version,MI팀_시장분석 AI_시장 분석 Master Version (260422).xlsx,MI팀_시장분석 AI_시장 분석 Master Version (원본파일 점검용 재공유 2026.05.18).xlsx
sp_006_00063_001,ingested_at,2026-05-17T07:09:02.212513,2026-05-18T16:23:58
sp_006_00064_001,source_file_version,MI팀_시장분석 AI_시장 분석 Master Version (260422).xlsx,MI팀_시장분석 AI_시장 분석 Master Version (원본파일 점검용 재공유 2026.05.18).xlsx
sp_006_00064_001,ingested_at,2026-05-17T07:09:02.212513,2026-05-18T16:23:58
sp_006_00065_001,source_file_version,MI팀_시장분석 AI_시장 분석 Master Version (260422).xlsx,MI팀_시장분석 AI_시장 분석 Master Version (원본파일 점검용 재공유 2026.05.18).xlsx
sp_006_00065_001,ingested_at,2026-05-17T07:09:02.212513,2026-05-18T16:23:58
sp_006_00066_001,source_file_version,MI팀_시장분석 AI_시장 분석 Master Version (260422).xlsx,MI팀_시장분석 AI_시장 분석 Master Version (원본파일 점검용 재공유 2026.05.18).xlsx
sp_006_00066_001,ingested_at,2026-05-17T07:09:02.212513,2026-05-18T16:23:58
sp_006_00067_001,source_file_version,MI팀_시장분석 AI_시장 분석 Master Version (260422).xlsx,MI팀_시장분석 AI_시장 분석 Master Version (원본파일 점검용 재공유 2026.05.18).xlsx
sp_006_00067_001,ingested_at,2026-05-17T07:09:02.212513,2026-05-18T16:23:58
sp_006_00068_001,source_file_version,MI팀_시장분석 AI_시장 분석 Master Version (260422).xlsx,MI팀_시장분석 AI_시장 분석 Master Version (원본파일 점검용 재공유 2026.05.18).xlsx
sp_006_00068_001,ingested_at,2026-05-17T07:09:02.212513,2026-05-18T16:23:58
sp_006_00069_001,source_file_version,MI팀_시장분석 AI_시장 분석 Master Version (260422).xlsx,MI팀_시장분석 AI_시장 분석 Master Version (원본파일 점검용 재공유 2026.05.18).xlsx
sp_006_00069_001,ingested_at,2026-05-17T07:09:02.212513,2026-05-18T16:23:58
sp_006_00070_001,source_file_version,MI팀_시장분석 AI_시장 분석 Master Version (260422).xlsx,MI팀_시장분석 AI_시장 분석 Master Version (원본파일 점검용 재공유 2026.05.18).xlsx
sp_006_00070_001,ingested_at,2026-05-17T07:09:02.212513,2026-05-18T16:23:58
sp_006_00071_001,source_file_version,MI팀_시장분석 AI_시장 분석 Master Version (260422).xlsx,MI팀_시장분석 AI_시장 분석 Master Version (원본파일 점검용 재공유 2026.05.18).xlsx
sp_006_00071_001,ingested_at,2026-05-17T07:09:02.212513,2026-05-18T16:23:58
sp_006_00072_001,source_file_version,MI팀_시장분석 AI_시장 분석 Master Version (260422).xlsx,MI팀_시장분석 AI_시장 분석 Master Version (원본파일 점검용 재공유 2026.05.18).xlsx
sp_006_00072_001,ingested_at,2026-05-17T07:09:02.212513,2026-05-18T16:23:58
sp_006_00073_001,source_file_version,MI팀_시장분석 AI_시장 분석 Master Version (260422).xlsx,MI팀_시장분석 AI_시장 분석 Master Version (원본파일 점검용 재공유 2026.05.18).xlsx
sp_006_00073_001,ingested_at,2026-05-17T07:09:02.212513,2026-05-18T16:23:58
sp_006_00074_001,source_file_version,MI팀_시장분석 AI_시장 분석 Master Version (260422).xlsx,MI팀_시장분석 AI_시장 분석 Master Version (원본파일 점검용 재공유 2026.05.18).xlsx
sp_006_00074_001,ingested_at,2026-05-17T07:09:02.212513,2026-05-18T16:23:58
sp_006_00075_001,source_file_version,MI팀_시장분석 AI_시장 분석 Master Version (260422).xlsx,MI팀_시장분석 AI_시장 분석 Master Version (원본파일 점검용 재공유 2026.05.18).xlsx
sp_006_00075_001,ingested_at,2026-05-17T07:09:02.212513,2026-05-18T16:23:58
sp_006_00076_001,source_file_version,MI팀_시장분석 AI_시장 분석 Master Version (260422).xlsx,MI팀_시장분석 AI_시장 분석 Master Version (원본파일 점검용 재공유 2026.05.18).xlsx
sp_006_00076_001,ingested_at,2026-05-17T07:09:02.212513,2026-05-18T16:23:58
sp_006_00077_001,source_file_version,MI팀_시장분석 AI_시장 분석 Master Version (260422).xlsx,MI팀_시장분석 AI_시장 분석 Master Version (원본파일 점검용 재공유 2026.05.18).xlsx
sp_006_00077_001,ingested_at,2026-05-17T07:09:02.212513,2026-05-18T16:23:58
sp_006_00078_001,source_file_version,MI팀_시장분석 AI_시장 분석 Master Version (260422).xlsx,MI팀_시장분석 AI_시장 분석 Master Version (원본파일 점검용 재공유 2026.05.18).xlsx
sp_006_00078_001,ingested_at,2026-05-17T07:09:02.212513,2026-05-18T16:23:58
sp_006_00079_001,source_file_version,MI팀_시장분석 AI_시장 분석 Master Version (260422).xlsx,MI팀_시장분석 AI_시장 분석 Master Version (원본파일 점검용 재공유 2026.05.18).xlsx
sp_006_00079_001,ingested_at,2026-05-17T07:09:02.212513,2026-05-18T16:23:58
sp_006_00080_001,source_file_version,MI팀_시장분석 AI_시장 분석 Master Version (260422).xlsx,MI팀_시장분석 AI_시장 분석 Master Version (원본파일 점검용 재공유 2026.05.18).xlsx
sp_006_00080_001,ingested_at,2026-05-17T07:09:02.212513,2026-05-18T16:23:58
sp_006_00081_001,source_file_version,MI팀_시장분석 AI_시장 분석 Master Version (260422).xlsx,MI팀_시장분석 AI_시장 분석 Master Version (원본파일 점검용 재공유 2026.05.18).xlsx
sp_006_00081_001,ingested_at,2026-05-17T07:09:02.212513,2026-05-18T16:23:58
sp_006_00082_001,source_file_version,MI팀_시장분석 AI_시장 분석 Master Version (260422).xlsx,MI팀_시장분석 AI_시장 분석 Master Version (원본파일 점검용 재공유 2026.05.18).xlsx
sp_006_00082_001,ingested_at,2026-05-17T07:09:02.212513,2026-05-18T16:23:58
sp_006_00083_001,source_file_version,MI팀_시장분석 AI_시장 분석 Master Version (260422).xlsx,MI팀_시장분석 AI_시장 분석 Master Version (원본파일 점검용 재공유 2026.05.18).xlsx
sp_006_00083_001,ingested_at,2026-05-17T07:09:02.212513,2026-05-18T16:23:58
sp_006_00084_001,source_file_version,MI팀_시장분석 AI_시장 분석 Master Version (260422).xlsx,MI팀_시장분석 AI_시장 분석 Master Version (원본파일 점검용 재공유 2026.05.18).xlsx
sp_006_00084_001,ingested_at,2026-05-17T07:09:02.212513,2026-05-18T16:23:58
sp_006_00085_001,source_file_version,MI팀_시장분석 AI_시장 분석 Master Version (260422).xlsx,MI팀_시장분석 AI_시장 분석 Master Version (원본파일 점검용 재공유 2026.05.18).xlsx
sp_006_00085_001,ingested_at,2026-05-17T07:09:02.212513,2026-05-18T16:23:58
sp_006_00086_001,source_file_version,MI팀_시장분석 AI_시장 분석 Master Version (260422).xlsx,MI팀_시장분석 AI_시장 분석 Master Version (원본파일 점검용 재공유 2026.05.18).xlsx
sp_006_00086_001,ingested_at,2026-05-17T07:09:02.212513,2026-05-18T16:23:58
sp_006_00087_001,source_file_version,MI팀_시장분석 AI_시장 분석 Master Version (260422).xlsx,MI팀_시장분석 AI_시장 분석 Master Version (원본파일 점검용 재공유 2026.05.18).xlsx
sp_006_00087_001,ingested_at,2026-05-17T07:09:02.212513,2026-05-18T16:23:58
sp_006_00088_001,source_file_version,MI팀_시장분석 AI_시장 분석 Master Version (260422).xlsx,MI팀_시장분석 AI_시장 분석 Master Version (원본파일 점검용 재공유 2026.05.18).xlsx
sp_006_00088_001,ingested_at,2026-05-17T07:09:02.212513,2026-05-18T16:23:58
sp_006_00089_001,source_file_version,MI팀_시장분석 AI_시장 분석 Master Version (260422).xlsx,MI팀_시장분석 AI_시장 분석 Master Version (원본파일 점검용 재공유 2026.05.18).xlsx
sp_006_00089_001,ingested_at,2026-05-17T07:09:02.212513,2026-05-18T16:23:58
sp_006_00090_001,source_file_version,MI팀_시장분석 AI_시장 분석 Master Version (260422).xlsx,MI팀_시장분석 AI_시장 분석 Master Version (원본파일 점검용 재공유 2026.05.18).xlsx
sp_006_00090_001,ingested_at,2026-05-17T07:09:02.212513,2026-05-18T16:23:58
sp_006_00091_001,source_file_version,MI팀_시장분석 AI_시장 분석 Master Version (260422).xlsx,MI팀_시장분석 AI_시장 분석 Master Version (원본파일 점검용 재공유 2026.05.18).xlsx
sp_006_00091_001,ingested_at,2026-05-17T07:09:02.212513,2026-05-18T16:23:58
sp_006_00092_001,source_file_version,MI팀_시장분석 AI_시장 분석 Master Version (260422).xlsx,MI팀_시장분석 AI_시장 분석 Master Version (원본파일 점검용 재공유 2026.05.18).xlsx
sp_006_00092_001,ingested_at,2026-05-17T07:09:02.212513,2026-05-18T16:23:58
sp_006_00093_001,source_file_version,MI팀_시장분석 AI_시장 분석 Master Version (260422).xlsx,MI팀_시장분석 AI_시장 분석 Master Version (원본파일 점검용 재공유 2026.05.18).xlsx
sp_006_00093_001,ingested_at,2026-05-17T07:09:02.212513,2026-05-18T16:23:58
sp_006_00094_001,source_file_version,MI팀_시장분석 AI_시장 분석 Master Version (260422).xlsx,MI팀_시장분석 AI_시장 분석 Master Version (원본파일 점검용 재공유 2026.05.18).xlsx
sp_006_00094_001,ingested_at,2026-05-17T07:09:02.212513,2026-05-18T16:23:58
sp_006_00095_001,source_file_version,MI팀_시장분석 AI_시장 분석 Master Version (260422).xlsx,MI팀_시장분석 AI_시장 분석 Master Version (원본파일 점검용 재공유 2026.05.18).xlsx
sp_006_00095_001,ingested_at,2026-05-17T07:09:02.212513,2026-05-18T16:23:58
sp_006_00096_001,source_file_version,MI팀_시장분석 AI_시장 분석 Master Version (260422).xlsx,MI팀_시장분석 AI_시장 분석 Master Version (원본파일 점검용 재공유 2026.05.18).xlsx
sp_006_00096_001,ingested_at,2026-05-17T07:09:02.212513,2026-05-18T16:23:58
sp_006_00097_001,source_file_version,MI팀_시장분석 AI_시장 분석 Master Version (260422).xlsx,MI팀_시장분석 AI_시장 분석 Master Version (원본파일 점검용 재공유 2026.05.18).xlsx
sp_006_00097_001,ingested_at,2026-05-17T07:09:02.212513,2026-05-18T16:23:58
sp_006_00098_001,source_file_version,MI팀_시장분석 AI_시장 분석 Master Version (260422).xlsx,MI팀_시장분석 AI_시장 분석 Master Version (원본파일 점검용 재공유 2026.05.18).xlsx
sp_006_00098_001,ingested_at,2026-05-17T07:09:02.212513,2026-05-18T16:23:58
sp_006_00099_001,source_file_version,MI팀_시장분석 AI_시장 분석 Master Version (260422).xlsx,MI팀_시장분석 AI_시장 분석 Master Version (원본파일 점검용 재공유 2026.05.18).xlsx
sp_006_00099_001,ingested_at,2026-05-17T07:09:02.212513,2026-05-18T16:23:58
sp_006_00100_001,source_file_version,MI팀_시장분석 AI_시장 분석 Master Version (260422).xlsx,MI팀_시장분석 AI_시장 분석 Master Version (원본파일 점검용 재공유 2026.05.18).xlsx
sp_006_00100_001,ingested_at,2026-05-17T07:09:02.212513,2026-05-18T16:23:58
sp_006_00101_001,source_file_version,MI팀_시장분석 AI_시장 분석 Master Version (260422).xlsx,MI팀_시장분석 AI_시장 분석 Master Version (원본파일 점검용 재공유 2026.05.18).xlsx
sp_006_00101_001,ingested_at,2026-05-17T07:09:02.212513,2026-05-18T16:23:58
sp_006_00102_001,source_file_version,MI팀_시장분석 AI_시장 분석 Master Version (260422).xlsx,MI팀_시장분석 AI_시장 분석 Master Version (원본파일 점검용 재공유 2026.05.18).xlsx
sp_006_00102_001,ingested_at,2026-05-17T07:09:02.212513,2026-05-18T16:23:58
sp_006_00103_001,source_file_version,MI팀_시장분석 AI_시장 분석 Master Version (260422).xlsx,MI팀_시장분석 AI_시장 분석 Master Version (원본파일 점검용 재공유 2026.05.18).xlsx
sp_006_00103_001,ingested_at,2026-05-17T07:09:02.212513,2026-05-18T16:23:58
sp_006_00104_001,source_file_version,MI팀_시장분석 AI_시장 분석 Master Version (260422).xlsx,MI팀_시장분석 AI_시장 분석 Master Version (원본파일 점검용 재공유 2026.05.18).xlsx
sp_006_00104_001,ingested_at,2026-05-17T07:09:02.212513,2026-05-18T16:23:58
sp_006_00105_001,source_file_version,MI팀_시장분석 AI_시장 분석 Master Version (260422).xlsx,MI팀_시장분석 AI_시장 분석 Master Version (원본파일 점검용 재공유 2026.05.18).xlsx
sp_006_00105_001,ingested_at,2026-05-17T07:09:02.212513,2026-05-18T16:23:58
sp_006_00106_001,source_file_version,MI팀_시장분석 AI_시장 분석 Master Version (260422).xlsx,MI팀_시장분석 AI_시장 분석 Master Version (원본파일 점검용 재공유 2026.05.18).xlsx
sp_006_00106_001,ingested_at,2026-05-17T07:09:02.212513,2026-05-18T16:23:58
sp_006_00107_001,source_file_version,MI팀_시장분석 AI_시장 분석 Master Version (260422).xlsx,MI팀_시장분석 AI_시장 분석 Master Version (원본파일 점검용 재공유 2026.05.18).xlsx
sp_006_00107_001,ingested_at,2026-05-17T07:09:02.212513,2026-05-18T16:23:58
sp_006_00108_001,source_file_version,MI팀_시장분석 AI_시장 분석 Master Version (260422).xlsx,MI팀_시장분석 AI_시장 분석 Master Version (원본파일 점검용 재공유 2026.05.18).xlsx
sp_006_00108_001,ingested_at,2026-05-17T07:09:02.212513,2026-05-18T16:23:58
sp_006_00109_001,source_file_version,MI팀_시장분석 AI_시장 분석 Master Version (260422).xlsx,MI팀_시장분석 AI_시장 분석 Master Version (원본파일 점검용 재공유 2026.05.18).xlsx
sp_006_00109_001,ingested_at,2026-05-17T07:09:02.212513,2026-05-18T16:23:58
sp_006_00110_001,source_file_version,MI팀_시장분석 AI_시장 분석 Master Version (260422).xlsx,MI팀_시장분석 AI_시장 분석 Master Version (원본파일 점검용 재공유 2026.05.18).xlsx
sp_006_00110_001,ingested_at,2026-05-17T07:09:02.212513,2026-05-18T16:23:58
sp_006_00111_001,source_file_version,MI팀_시장분석 AI_시장 분석 Master Version (260422).xlsx,MI팀_시장분석 AI_시장 분석 Master Version (원본파일 점검용 재공유 2026.05.18).xlsx
sp_006_00111_001,ingested_at,2026-05-17T07:09:02.212513,2026-05-18T16:23:58
sp_006_00112_001,source_file_version,MI팀_시장분석 AI_시장 분석 Master Version (260422).xlsx,MI팀_시장분석 AI_시장 분석 Master Version (원본파일 점검용 재공유 2026.05.18).xlsx
sp_006_00112_001,ingested_at,2026-05-17T07:09:02.212513,2026-05-18T16:23:58
sp_006_00113_001,source_file_version,MI팀_시장분석 AI_시장 분석 Master Version (260422).xlsx,MI팀_시장분석 AI_시장 분석 Master Version (원본파일 점검용 재공유 2026.05.18).xlsx
sp_006_00113_001,ingested_at,2026-05-17T07:09:02.212513,2026-05-18T16:23:58
sp_006_00114_001,source_file_version,MI팀_시장분석 AI_시장 분석 Master Version (260422).xlsx,MI팀_시장분석 AI_시장 분석 Master Version (원본파일 점검용 재공유 2026.05.18).xlsx
sp_006_00114_001,ingested_at,2026-05-17T07:09:02.212513,2026-05-18T16:23:58
sp_006_00115_001,source_file_version,MI팀_시장분석 AI_시장 분석 Master Version (260422).xlsx,MI팀_시장분석 AI_시장 분석 Master Version (원본파일 점검용 재공유 2026.05.18).xlsx
sp_006_00115_001,ingested_at,2026-05-17T07:09:02.212513,2026-05-18T16:23:58
sp_006_00116_001,source_file_version,MI팀_시장분석 AI_시장 분석 Master Version (260422).xlsx,MI팀_시장분석 AI_시장 분석 Master Version (원본파일 점검용 재공유 2026.05.18).xlsx
sp_006_00116_001,ingested_at,2026-05-17T07:09:02.212513,2026-05-18T16:23:58
sp_006_00117_001,source_file_version,MI팀_시장분석 AI_시장 분석 Master Version (260422).xlsx,MI팀_시장분석 AI_시장 분석 Master Version (원본파일 점검용 재공유 2026.05.18).xlsx
sp_006_00117_001,ingested_at,2026-05-17T07:09:02.212513,2026-05-18T16:23:58
sp_006_00118_001,source_file_version,MI팀_시장분석 AI_시장 분석 Master Version (260422).xlsx,MI팀_시장분석 AI_시장 분석 Master Version (원본파일 점검용 재공유 2026.05.18).xlsx
sp_006_00118_001,ingested_at,2026-05-17T07:09:02.212513,2026-05-18T16:23:58
sp_006_00119_001,source_file_version,MI팀_시장분석 AI_시장 분석 Master Version (260422).xlsx,MI팀_시장분석 AI_시장 분석 Master Version (원본파일 점검용 재공유 2026.05.18).xlsx
sp_006_00119_001,ingested_at,2026-05-17T07:09:02.212513,2026-05-18T16:23:58
sp_006_00120_001,source_file_version,MI팀_시장분석 AI_시장 분석 Master Version (260422).xlsx,MI팀_시장분석 AI_시장 분석 Master Version (원본파일 점검용 재공유 2026.05.18).xlsx
sp_006_00120_001,ingested_at,2026-05-17T07:09:02.212513,2026-05-18T16:23:58
sp_006_00121_001,source_file_version,MI팀_시장분석 AI_시장 분석 Master Version (260422).xlsx,MI팀_시장분석 AI_시장 분석 Master Version (원본파일 점검용 재공유 2026.05.18).xlsx
sp_006_00121_001,ingested_at,2026-05-17T07:09:02.212513,2026-05-18T16:23:58
sp_006_00122_001,source_file_version,MI팀_시장분석 AI_시장 분석 Master Version (260422).xlsx,MI팀_시장분석 AI_시장 분석 Master Version (원본파일 점검용 재공유 2026.05.18).xlsx
sp_006_00122_001,ingested_at,2026-05-17T07:09:02.212513,2026-05-18T16:23:58
sp_006_00123_001,source_file_version,MI팀_시장분석 AI_시장 분석 Master Version (260422).xlsx,MI팀_시장분석 AI_시장 분석 Master Version (원본파일 점검용 재공유 2026.05.18).xlsx
sp_006_00123_001,ingested_at,2026-05-17T07:09:02.212513,2026-05-18T16:23:58
sp_006_00124_001,source_file_version,MI팀_시장분석 AI_시장 분석 Master Version (260422).xlsx,MI팀_시장분석 AI_시장 분석 Master Version (원본파일 점검용 재공유 2026.05.18).xlsx
sp_006_00124_001,ingested_at,2026-05-17T07:09:02.212513,2026-05-18T16:23:58
sp_006_00125_001,source_file_version,MI팀_시장분석 AI_시장 분석 Master Version (260422).xlsx,MI팀_시장분석 AI_시장 분석 Master Version (원본파일 점검용 재공유 2026.05.18).xlsx
sp_006_00125_001,ingested_at,2026-05-17T07:09:02.212513,2026-05-18T16:23:58
sp_006_00126_001,source_file_version,MI팀_시장분석 AI_시장 분석 Master Version (260422).xlsx,MI팀_시장분석 AI_시장 분석 Master Version (원본파일 점검용 재공유 2026.05.18).xlsx
sp_006_00126_001,ingested_at,2026-05-17T07:09:02.212513,2026-05-18T16:23:58
sp_006_00127_001,source_file_version,MI팀_시장분석 AI_시장 분석 Master Version (260422).xlsx,MI팀_시장분석 AI_시장 분석 Master Version (원본파일 점검용 재공유 2026.05.18).xlsx
sp_006_00127_001,ingested_at,2026-05-17T07:09:02.212513,2026-05-18T16:23:58
sp_006_00128_001,source_file_version,MI팀_시장분석 AI_시장 분석 Master Version (260422).xlsx,MI팀_시장분석 AI_시장 분석 Master Version (원본파일 점검용 재공유 2026.05.18).xlsx
sp_006_00128_001,ingested_at,2026-05-17T07:09:02.212513,2026-05-18T16:23:58
sp_006_00129_001,source_file_version,MI팀_시장분석 AI_시장 분석 Master Version (260422).xlsx,MI팀_시장분석 AI_시장 분석 Master Version (원본파일 점검용 재공유 2026.05.18).xlsx
sp_006_00129_001,ingested_at,2026-05-17T07:09:02.212513,2026-05-18T16:23:58
sp_006_00130_001,source_file_version,MI팀_시장분석 AI_시장 분석 Master Version (260422).xlsx,MI팀_시장분석 AI_시장 분석 Master Version (원본파일 점검용 재공유 2026.05.18).xlsx
sp_006_00130_001,ingested_at,2026-05-17T07:09:02.212513,2026-05-18T16:23:58
sp_006_00131_001,source_file_version,MI팀_시장분석 AI_시장 분석 Master Version (260422).xlsx,MI팀_시장분석 AI_시장 분석 Master Version (원본파일 점검용 재공유 2026.05.18).xlsx
sp_006_00131_001,ingested_at,2026-05-17T07:09:02.212513,2026-05-18T16:23:58
sp_006_00132_001,source_file_version,MI팀_시장분석 AI_시장 분석 Master Version (260422).xlsx,MI팀_시장분석 AI_시장 분석 Master Version (원본파일 점검용 재공유 2026.05.18).xlsx
sp_006_00132_001,ingested_at,2026-05-17T07:09:02.212513,2026-05-18T16:23:58
sp_006_00133_001,source_file_version,MI팀_시장분석 AI_시장 분석 Master Version (260422).xlsx,MI팀_시장분석 AI_시장 분석 Master Version (원본파일 점검용 재공유 2026.05.18).xlsx
sp_006_00133_001,ingested_at,2026-05-17T07:09:02.212513,2026-05-18T16:23:58
sp_006_00134_001,source_file_version,MI팀_시장분석 AI_시장 분석 Master Version (260422).xlsx,MI팀_시장분석 AI_시장 분석 Master Version (원본파일 점검용 재공유 2026.05.18).xlsx
sp_006_00134_001,ingested_at,2026-05-17T07:09:02.212513,2026-05-18T16:23:58
sp_006_00135_001,source_file_version,MI팀_시장분석 AI_시장 분석 Master Version (260422).xlsx,MI팀_시장분석 AI_시장 분석 Master Version (원본파일 점검용 재공유 2026.05.18).xlsx
sp_006_00135_001,ingested_at,2026-05-17T07:09:02.212513,2026-05-18T16:23:58
sp_006_00136_001,source_file_version,MI팀_시장분석 AI_시장 분석 Master Version (260422).xlsx,MI팀_시장분석 AI_시장 분석 Master Version (원본파일 점검용 재공유 2026.05.18).xlsx
sp_006_00136_001,ingested_at,2026-05-17T07:09:02.212513,2026-05-18T16:23:58
sp_006_00137_001,source_file_version,MI팀_시장분석 AI_시장 분석 Master Version (260422).xlsx,MI팀_시장분석 AI_시장 분석 Master Version (원본파일 점검용 재공유 2026.05.18).xlsx
sp_006_00137_001,ingested_at,2026-05-17T07:09:02.212513,2026-05-18T16:23:58
sp_006_00138_001,source_file_version,MI팀_시장분석 AI_시장 분석 Master Version (260422).xlsx,MI팀_시장분석 AI_시장 분석 Master Version (원본파일 점검용 재공유 2026.05.18).xlsx
sp_006_00138_001,ingested_at,2026-05-17T07:09:02.212513,2026-05-18T16:23:58
sp_006_00139_001,source_file_version,MI팀_시장분석 AI_시장 분석 Master Version (260422).xlsx,MI팀_시장분석 AI_시장 분석 Master Version (원본파일 점검용 재공유 2026.05.18).xlsx
sp_006_00139_001,ingested_at,2026-05-17T07:09:02.212513,2026-05-18T16:23:58
sp_006_00140_001,source_file_version,MI팀_시장분석 AI_시장 분석 Master Version (260422).xlsx,MI팀_시장분석 AI_시장 분석 Master Version (원본파일 점검용 재공유 2026.05.18).xlsx
sp_006_00140_001,ingested_at,2026-05-17T07:09:02.212513,2026-05-18T16:23:58
sp_006_00141_001,source_file_version,MI팀_시장분석 AI_시장 분석 Master Version (260422).xlsx,MI팀_시장분석 AI_시장 분석 Master Version (원본파일 점검용 재공유 2026.05.18).xlsx
sp_006_00141_001,ingested_at,2026-05-17T07:09:02.212513,2026-05-18T16:23:58
sp_006_00142_001,source_file_version,MI팀_시장분석 AI_시장 분석 Master Version (260422).xlsx,MI팀_시장분석 AI_시장 분석 Master Version (원본파일 점검용 재공유 2026.05.18).xlsx
sp_006_00142_001,ingested_at,2026-05-17T07:09:02.212513,2026-05-18T16:23:58
sp_006_00143_001,source_file_version,MI팀_시장분석 AI_시장 분석 Master Version (260422).xlsx,MI팀_시장분석 AI_시장 분석 Master Version (원본파일 점검용 재공유 2026.05.18).xlsx
sp_006_00143_001,ingested_at,2026-05-17T07:09:02.212513,2026-05-18T16:23:58
sp_006_00144_001,source_file_version,MI팀_시장분석 AI_시장 분석 Master Version (260422).xlsx,MI팀_시장분석 AI_시장 분석 Master Version (원본파일 점검용 재공유 2026.05.18).xlsx
sp_006_00144_001,ingested_at,2026-05-17T07:09:02.212513,2026-05-18T16:23:58
sp_006_00145_001,source_file_version,MI팀_시장분석 AI_시장 분석 Master Version (260422).xlsx,MI팀_시장분석 AI_시장 분석 Master Version (원본파일 점검용 재공유 2026.05.18).xlsx
sp_006_00145_001,ingested_at,2026-05-17T07:09:02.212513,2026-05-18T16:23:58
sp_006_00146_001,source_file_version,MI팀_시장분석 AI_시장 분석 Master Version (260422).xlsx,MI팀_시장분석 AI_시장 분석 Master Version (원본파일 점검용 재공유 2026.05.18).xlsx
sp_006_00146_001,ingested_at,2026-05-17T07:09:02.212513,2026-05-18T16:23:58
sp_006_00147_001,source_file_version,MI팀_시장분석 AI_시장 분석 Master Version (260422).xlsx,MI팀_시장분석 AI_시장 분석 Master Version (원본파일 점검용 재공유 2026.05.18).xlsx
sp_006_00147_001,ingested_at,2026-05-17T07:09:02.212513,2026-05-18T16:23:58
sp_006_00148_001,source_file_version,MI팀_시장분석 AI_시장 분석 Master Version (260422).xlsx,MI팀_시장분석 AI_시장 분석 Master Version (원본파일 점검용 재공유 2026.05.18).xlsx
sp_006_00148_001,ingested_at,2026-05-17T07:09:02.212513,2026-05-18T16:23:58
sp_006_00149_001,source_file_version,MI팀_시장분석 AI_시장 분석 Master Version (260422).xlsx,MI팀_시장분석 AI_시장 분석 Master Version (원본파일 점검용 재공유 2026.05.18).xlsx
sp_006_00149_001,ingested_at,2026-05-17T07:09:02.212513,2026-05-18T16:23:58
sp_006_00150_001,source_file_version,MI팀_시장분석 AI_시장 분석 Master Version (260422).xlsx,MI팀_시장분석 AI_시장 분석 Master Version (원본파일 점검용 재공유 2026.05.18).xlsx
sp_006_00150_001,ingested_at,2026-05-17T07:09:02.212513,2026-05-18T16:23:58
sp_006_00151_001,source_file_version,MI팀_시장분석 AI_시장 분석 Master Version (260422).xlsx,MI팀_시장분석 AI_시장 분석 Master Version (원본파일 점검용 재공유 2026.05.18).xlsx
sp_006_00151_001,ingested_at,2026-05-17T07:09:02.212513,2026-05-18T16:23:58
sp_006_00152_001,source_file_version,MI팀_시장분석 AI_시장 분석 Master Version (260422).xlsx,MI팀_시장분석 AI_시장 분석 Master Version (원본파일 점검용 재공유 2026.05.18).xlsx
sp_006_00152_001,ingested_at,2026-05-17T07:09:02.212513,2026-05-18T16:23:58
sp_006_00153_001,source_file_version,MI팀_시장분석 AI_시장 분석 Master Version (260422).xlsx,MI팀_시장분석 AI_시장 분석 Master Version (원본파일 점검용 재공유 2026.05.18).xlsx
sp_006_00153_001,ingested_at,2026-05-17T07:09:02.212513,2026-05-18T16:23:58
sp_006_00154_001,source_file_version,MI팀_시장분석 AI_시장 분석 Master Version (260422).xlsx,MI팀_시장분석 AI_시장 분석 Master Version (원본파일 점검용 재공유 2026.05.18).xlsx
sp_006_00154_001,ingested_at,2026-05-17T07:09:02.212513,2026-05-18T16:23:58
sp_006_00155_001,source_file_version,MI팀_시장분석 AI_시장 분석 Master Version (260422).xlsx,MI팀_시장분석 AI_시장 분석 Master Version (원본파일 점검용 재공유 2026.05.18).xlsx
sp_006_00155_001,ingested_at,2026-05-17T07:09:02.212513,2026-05-18T16:23:58
sp_006_00156_001,source_file_version,MI팀_시장분석 AI_시장 분석 Master Version (260422).xlsx,MI팀_시장분석 AI_시장 분석 Master Version (원본파일 점검용 재공유 2026.05.18).xlsx
sp_006_00156_001,ingested_at,2026-05-17T07:09:02.212513,2026-05-18T16:23:58
sp_006_00157_001,source_file_version,MI팀_시장분석 AI_시장 분석 Master Version (260422).xlsx,MI팀_시장분석 AI_시장 분석 Master Version (원본파일 점검용 재공유 2026.05.18).xlsx
sp_006_00157_001,ingested_at,2026-05-17T07:09:02.212513,2026-05-18T16:23:58
sp_006_00158_001,source_file_version,MI팀_시장분석 AI_시장 분석 Master Version (260422).xlsx,MI팀_시장분석 AI_시장 분석 Master Version (원본파일 점검용 재공유 2026.05.18).xlsx
sp_006_00158_001,ingested_at,2026-05-17T07:09:02.212513,2026-05-18T16:23:58
sp_006_00159_001,source_file_version,MI팀_시장분석 AI_시장 분석 Master Version (260422).xlsx,MI팀_시장분석 AI_시장 분석 Master Version (원본파일 점검용 재공유 2026.05.18).xlsx
sp_006_00159_001,ingested_at,2026-05-17T07:09:02.212513,2026-05-18T16:23:58
sp_006_00160_001,source_file_version,MI팀_시장분석 AI_시장 분석 Master Version (260422).xlsx,MI팀_시장분석 AI_시장 분석 Master Version (원본파일 점검용 재공유 2026.05.18).xlsx
sp_006_00160_001,ingested_at,2026-05-17T07:09:02.212513,2026-05-18T16:23:58
sp_006_00161_001,source_file_version,MI팀_시장분석 AI_시장 분석 Master Version (260422).xlsx,MI팀_시장분석 AI_시장 분석 Master Version (원본파일 점검용 재공유 2026.05.18).xlsx
sp_006_00161_001,ingested_at,2026-05-17T07:09:02.212513,2026-05-18T16:23:58
sp_006_00162_001,source_file_version,MI팀_시장분석 AI_시장 분석 Master Version (260422).xlsx,MI팀_시장분석 AI_시장 분석 Master Version (원본파일 점검용 재공유 2026.05.18).xlsx
sp_006_00162_001,ingested_at,2026-05-17T07:09:02.212513,2026-05-18T16:23:58
sp_006_00163_001,source_file_version,MI팀_시장분석 AI_시장 분석 Master Version (260422).xlsx,MI팀_시장분석 AI_시장 분석 Master Version (원본파일 점검용 재공유 2026.05.18).xlsx
sp_006_00163_001,ingested_at,2026-05-17T07:09:02.212513,2026-05-18T16:23:58
sp_006_00164_001,source_file_version,MI팀_시장분석 AI_시장 분석 Master Version (260422).xlsx,MI팀_시장분석 AI_시장 분석 Master Version (원본파일 점검용 재공유 2026.05.18).xlsx
sp_006_00164_001,ingested_at,2026-05-17T07:09:02.212513,2026-05-18T16:23:58
sp_006_00165_001,source_file_version,MI팀_시장분석 AI_시장 분석 Master Version (260422).xlsx,MI팀_시장분석 AI_시장 분석 Master Version (원본파일 점검용 재공유 2026.05.18).xlsx
sp_006_00165_001,ingested_at,2026-05-17T07:09:02.212513,2026-05-18T16:23:58
sp_006_00166_001,source_file_version,MI팀_시장분석 AI_시장 분석 Master Version (260422).xlsx,MI팀_시장분석 AI_시장 분석 Master Version (원본파일 점검용 재공유 2026.05.18).xlsx
sp_006_00166_001,ingested_at,2026-05-17T07:09:02.212513,2026-05-18T16:23:58
sp_006_00167_001,source_file_version,MI팀_시장분석 AI_시장 분석 Master Version (260422).xlsx,MI팀_시장분석 AI_시장 분석 Master Version (원본파일 점검용 재공유 2026.05.18).xlsx
sp_006_00167_001,ingested_at,2026-05-17T07:09:02.212513,2026-05-18T16:23:58
sp_006_00168_001,source_file_version,MI팀_시장분석 AI_시장 분석 Master Version (260422).xlsx,MI팀_시장분석 AI_시장 분석 Master Version (원본파일 점검용 재공유 2026.05.18).xlsx
sp_006_00168_001,ingested_at,2026-05-17T07:09:02.212513,2026-05-18T16:23:58
sp_006_00169_001,source_file_version,MI팀_시장분석 AI_시장 분석 Master Version (260422).xlsx,MI팀_시장분석 AI_시장 분석 Master Version (원본파일 점검용 재공유 2026.05.18).xlsx
sp_006_00169_001,ingested_at,2026-05-17T07:09:02.212513,2026-05-18T16:23:58
sp_006_00170_001,source_file_version,MI팀_시장분석 AI_시장 분석 Master Version (260422).xlsx,MI팀_시장분석 AI_시장 분석 Master Version (원본파일 점검용 재공유 2026.05.18).xlsx
sp_006_00170_001,ingested_at,2026-05-17T07:09:02.212513,2026-05-18T16:23:58
sp_006_00171_001,source_file_version,MI팀_시장분석 AI_시장 분석 Master Version (260422).xlsx,MI팀_시장분석 AI_시장 분석 Master Version (원본파일 점검용 재공유 2026.05.18).xlsx
sp_006_00171_001,ingested_at,2026-05-17T07:09:02.212513,2026-05-18T16:23:58
sp_006_00172_001,source_file_version,MI팀_시장분석 AI_시장 분석 Master Version (260422).xlsx,MI팀_시장분석 AI_시장 분석 Master Version (원본파일 점검용 재공유 2026.05.18).xlsx
sp_006_00172_001,ingested_at,2026-05-17T07:09:02.212513,2026-05-18T16:23:58
sp_006_00173_001,source_file_version,MI팀_시장분석 AI_시장 분석 Master Version (260422).xlsx,MI팀_시장분석 AI_시장 분석 Master Version (원본파일 점검용 재공유 2026.05.18).xlsx
sp_006_00173_001,ingested_at,2026-05-17T07:09:02.212513,2026-05-18T16:23:58
sp_006_00174_001,source_file_version,MI팀_시장분석 AI_시장 분석 Master Version (260422).xlsx,MI팀_시장분석 AI_시장 분석 Master Version (원본파일 점검용 재공유 2026.05.18).xlsx
sp_006_00174_001,ingested_at,2026-05-17T07:09:02.212513,2026-05-18T16:23:58
sp_006_00175_001,source_file_version,MI팀_시장분석 AI_시장 분석 Master Version (260422).xlsx,MI팀_시장분석 AI_시장 분석 Master Version (원본파일 점검용 재공유 2026.05.18).xlsx
sp_006_00175_001,ingested_at,2026-05-17T07:09:02.212513,2026-05-18T16:23:58
sp_006_00176_001,source_file_version,MI팀_시장분석 AI_시장 분석 Master Version (260422).xlsx,MI팀_시장분석 AI_시장 분석 Master Version (원본파일 점검용 재공유 2026.05.18).xlsx
sp_006_00176_001,ingested_at,2026-05-17T07:09:02.212513,2026-05-18T16:23:58
sp_006_00177_001,source_file_version,MI팀_시장분석 AI_시장 분석 Master Version (260422).xlsx,MI팀_시장분석 AI_시장 분석 Master Version (원본파일 점검용 재공유 2026.05.18).xlsx
sp_006_00177_001,ingested_at,2026-05-17T07:09:02.212513,2026-05-18T16:23:58
sp_006_00178_001,source_file_version,MI팀_시장분석 AI_시장 분석 Master Version (260422).xlsx,MI팀_시장분석 AI_시장 분석 Master Version (원본파일 점검용 재공유 2026.05.18).xlsx
sp_006_00178_001,ingested_at,2026-05-17T07:09:02.212513,2026-05-18T16:23:58
sp_006_00179_001,source_file_version,MI팀_시장분석 AI_시장 분석 Master Version (260422).xlsx,MI팀_시장분석 AI_시장 분석 Master Version (원본파일 점검용 재공유 2026.05.18).xlsx
sp_006_00179_001,ingested_at,2026-05-17T07:09:02.212513,2026-05-18T16:23:58
sp_006_00180_001,source_file_version,MI팀_시장분석 AI_시장 분석 Master Version (260422).xlsx,MI팀_시장분석 AI_시장 분석 Master Version (원본파일 점검용 재공유 2026.05.18).xlsx
sp_006_00180_001,ingested_at,2026-05-17T07:09:02.212513,2026-05-18T16:23:58
sp_006_00181_001,source_file_version,MI팀_시장분석 AI_시장 분석 Master Version (260422).xlsx,MI팀_시장분석 AI_시장 분석 Master Version (원본파일 점검용 재공유 2026.05.18).xlsx
sp_006_00181_001,ingested_at,2026-05-17T07:09:02.212513,2026-05-18T16:23:58
sp_006_00182_001,source_file_version,MI팀_시장분석 AI_시장 분석 Master Version (260422).xlsx,MI팀_시장분석 AI_시장 분석 Master Version (원본파일 점검용 재공유 2026.05.18).xlsx
sp_006_00182_001,ingested_at,2026-05-17T07:09:02.212513,2026-05-18T16:23:58
sp_006_00183_001,source_file_version,MI팀_시장분석 AI_시장 분석 Master Version (260422).xlsx,MI팀_시장분석 AI_시장 분석 Master Version (원본파일 점검용 재공유 2026.05.18).xlsx
sp_006_00183_001,ingested_at,2026-05-17T07:09:02.212513,2026-05-18T16:23:58
sp_006_00184_001,source_file_version,MI팀_시장분석 AI_시장 분석 Master Version (260422).xlsx,MI팀_시장분석 AI_시장 분석 Master Version (원본파일 점검용 재공유 2026.05.18).xlsx
sp_006_00184_001,ingested_at,2026-05-17T07:09:02.212513,2026-05-18T16:23:58
sp_006_00185_001,source_file_version,MI팀_시장분석 AI_시장 분석 Master Version (260422).xlsx,MI팀_시장분석 AI_시장 분석 Master Version (원본파일 점검용 재공유 2026.05.18).xlsx
sp_006_00185_001,ingested_at,2026-05-17T07:09:02.212513,2026-05-18T16:23:58
sp_006_00186_001,source_file_version,MI팀_시장분석 AI_시장 분석 Master Version (260422).xlsx,MI팀_시장분석 AI_시장 분석 Master Version (원본파일 점검용 재공유 2026.05.18).xlsx
sp_006_00186_001,ingested_at,2026-05-17T07:09:02.212513,2026-05-18T16:23:58
sp_006_00187_001,source_file_version,MI팀_시장분석 AI_시장 분석 Master Version (260422).xlsx,MI팀_시장분석 AI_시장 분석 Master Version (원본파일 점검용 재공유 2026.05.18).xlsx
sp_006_00187_001,ingested_at,2026-05-17T07:09:02.212513,2026-05-18T16:23:58
sp_006_00188_001,source_file_version,MI팀_시장분석 AI_시장 분석 Master Version (260422).xlsx,MI팀_시장분석 AI_시장 분석 Master Version (원본파일 점검용 재공유 2026.05.18).xlsx
sp_006_00188_001,ingested_at,2026-05-17T07:09:02.212513,2026-05-18T16:23:58
sp_006_00189_001,source_file_version,MI팀_시장분석 AI_시장 분석 Master Version (260422).xlsx,MI팀_시장분석 AI_시장 분석 Master Version (원본파일 점검용 재공유 2026.05.18).xlsx
sp_006_00189_001,ingested_at,2026-05-17T07:09:02.212513,2026-05-18T16:23:58
sp_006_00190_001,source_file_version,MI팀_시장분석 AI_시장 분석 Master Version (260422).xlsx,MI팀_시장분석 AI_시장 분석 Master Version (원본파일 점검용 재공유 2026.05.18).xlsx
sp_006_00190_001,ingested_at,2026-05-17T07:09:02.212513,2026-05-18T16:23:58
sp_006_00191_001,source_file_version,MI팀_시장분석 AI_시장 분석 Master Version (260422).xlsx,MI팀_시장분석 AI_시장 분석 Master Version (원본파일 점검용 재공유 2026.05.18).xlsx
sp_006_00191_001,ingested_at,2026-05-17T07:09:02.212513,2026-05-18T16:23:58
sp_006_00192_001,source_file_version,MI팀_시장분석 AI_시장 분석 Master Version (260422).xlsx,MI팀_시장분석 AI_시장 분석 Master Version (원본파일 점검용 재공유 2026.05.18).xlsx
sp_006_00192_001,ingested_at,2026-05-17T07:09:02.212513,2026-05-18T16:23:58
sp_006_00193_001,source_file_version,MI팀_시장분석 AI_시장 분석 Master Version (260422).xlsx,MI팀_시장분석 AI_시장 분석 Master Version (원본파일 점검용 재공유 2026.05.18).xlsx
sp_006_00193_001,ingested_at,2026-05-17T07:09:02.212513,2026-05-18T16:23:58
sp_006_00194_001,source_file_version,MI팀_시장분석 AI_시장 분석 Master Version (260422).xlsx,MI팀_시장분석 AI_시장 분석 Master Version (원본파일 점검용 재공유 2026.05.18).xlsx
sp_006_00194_001,ingested_at,2026-05-17T07:09:02.212513,2026-05-18T16:23:58
sp_006_00195_001,source_file_version,MI팀_시장분석 AI_시장 분석 Master Version (260422).xlsx,MI팀_시장분석 AI_시장 분석 Master Version (원본파일 점검용 재공유 2026.05.18).xlsx
sp_006_00195_001,ingested_at,2026-05-17T07:09:02.212513,2026-05-18T16:23:58
sp_006_00196_001,source_file_version,MI팀_시장분석 AI_시장 분석 Master Version (260422).xlsx,MI팀_시장분석 AI_시장 분석 Master Version (원본파일 점검용 재공유 2026.05.18).xlsx
sp_006_00196_001,ingested_at,2026-05-17T07:09:02.212513,2026-05-18T16:23:58
sp_006_00197_001,source_file_version,MI팀_시장분석 AI_시장 분석 Master Version (260422).xlsx,MI팀_시장분석 AI_시장 분석 Master Version (원본파일 점검용 재공유 2026.05.18).xlsx
sp_006_00197_001,ingested_at,2026-05-17T07:09:02.212513,2026-05-18T16:23:58
sp_006_00198_001,source_file_version,MI팀_시장분석 AI_시장 분석 Master Version (260422).xlsx,MI팀_시장분석 AI_시장 분석 Master Version (원본파일 점검용 재공유 2026.05.18).xlsx
sp_006_00198_001,ingested_at,2026-05-17T07:09:02.212513,2026-05-18T16:23:58
sp_006_00199_001,source_file_version,MI팀_시장분석 AI_시장 분석 Master Version (260422).xlsx,MI팀_시장분석 AI_시장 분석 Master Version (원본파일 점검용 재공유 2026.05.18).xlsx
sp_006_00199_001,ingested_at,2026-05-17T07:09:02.212513,2026-05-18T16:23:58
sp_006_00200_001,source_file_version,MI팀_시장분석 AI_시장 분석 Master Version (260422).xlsx,MI팀_시장분석 AI_시장 분석 Master Version (원본파일 점검용 재공유 2026.05.18).xlsx
sp_006_00200_001,ingested_at,2026-05-17T07:09:02.212513,2026-05-18T16:23:58
sp_006_00201_001,source_file_version,MI팀_시장분석 AI_시장 분석 Master Version (260422).xlsx,MI팀_시장분석 AI_시장 분석 Master Version (원본파일 점검용 재공유 2026.05.18).xlsx
sp_006_00201_001,ingested_at,2026-05-17T07:09:02.212513,2026-05-18T16:23:58
sp_006_00202_001,source_file_version,MI팀_시장분석 AI_시장 분석 Master Version (260422).xlsx,MI팀_시장분석 AI_시장 분석 Master Version (원본파일 점검용 재공유 2026.05.18).xlsx
sp_006_00202_001,ingested_at,2026-05-17T07:09:02.212513,2026-05-18T16:23:58
sp_006_00203_001,source_file_version,MI팀_시장분석 AI_시장 분석 Master Version (260422).xlsx,MI팀_시장분석 AI_시장 분석 Master Version (원본파일 점검용 재공유 2026.05.18).xlsx
sp_006_00203_001,ingested_at,2026-05-17T07:09:02.212513,2026-05-18T16:23:58
sp_006_00204_001,source_file_version,MI팀_시장분석 AI_시장 분석 Master Version (260422).xlsx,MI팀_시장분석 AI_시장 분석 Master Version (원본파일 점검용 재공유 2026.05.18).xlsx
sp_006_00204_001,ingested_at,2026-05-17T07:09:02.212513,2026-05-18T16:23:58
sp_006_00204_002,source_file_version,MI팀_시장분석 AI_시장 분석 Master Version (260422).xlsx,MI팀_시장분석 AI_시장 분석 Master Version (원본파일 점검용 재공유 2026.05.18).xlsx
sp_006_00204_002,ingested_at,2026-05-17T07:09:02.212513,2026-05-18T16:23:58
sp_006_00204_003,source_file_version,MI팀_시장분석 AI_시장 분석 Master Version (260422).xlsx,MI팀_시장분석 AI_시장 분석 Master Version (원본파일 점검용 재공유 2026.05.18).xlsx
sp_006_00204_003,ingested_at,2026-05-17T07:09:02.212513,2026-05-18T16:23:58
sp_006_00205_001,source_file_version,MI팀_시장분석 AI_시장 분석 Master Version (260422).xlsx,MI팀_시장분석 AI_시장 분석 Master Version (원본파일 점검용 재공유 2026.05.18).xlsx
sp_006_00205_001,ingested_at,2026-05-17T07:09:02.212513,2026-05-18T16:23:58
sp_006_00206_001,source_file_version,MI팀_시장분석 AI_시장 분석 Master Version (260422).xlsx,MI팀_시장분석 AI_시장 분석 Master Version (원본파일 점검용 재공유 2026.05.18).xlsx
sp_006_00206_001,ingested_at,2026-05-17T07:09:02.212513,2026-05-18T16:23:58
sp_006_00206_002,source_file_version,MI팀_시장분석 AI_시장 분석 Master Version (260422).xlsx,MI팀_시장분석 AI_시장 분석 Master Version (원본파일 점검용 재공유 2026.05.18).xlsx
sp_006_00206_002,ingested_at,2026-05-17T07:09:02.212513,2026-05-18T16:23:58
sp_006_00207_001,source_file_version,MI팀_시장분석 AI_시장 분석 Master Version (260422).xlsx,MI팀_시장분석 AI_시장 분석 Master Version (원본파일 점검용 재공유 2026.05.18).xlsx
sp_006_00207_001,ingested_at,2026-05-17T07:09:02.212513,2026-05-18T16:23:58
sp_006_00207_002,source_file_version,MI팀_시장분석 AI_시장 분석 Master Version (260422).xlsx,MI팀_시장분석 AI_시장 분석 Master Version (원본파일 점검용 재공유 2026.05.18).xlsx
sp_006_00207_002,ingested_at,2026-05-17T07:09:02.212513,2026-05-18T16:23:58
sp_006_00207_003,source_file_version,MI팀_시장분석 AI_시장 분석 Master Version (260422).xlsx,MI팀_시장분석 AI_시장 분석 Master Version (원본파일 점검용 재공유 2026.05.18).xlsx
sp_006_00207_003,ingested_at,2026-05-17T07:09:02.212513,2026-05-18T16:23:58
sp_006_00208_001,source_file_version,MI팀_시장분석 AI_시장 분석 Master Version (260422).xlsx,MI팀_시장분석 AI_시장 분석 Master Version (원본파일 점검용 재공유 2026.05.18).xlsx
sp_006_00208_001,ingested_at,2026-05-17T07:09:02.212513,2026-05-18T16:23:58
sp_006_00209_001,source_file_version,MI팀_시장분석 AI_시장 분석 Master Version (260422).xlsx,MI팀_시장분석 AI_시장 분석 Master Version (원본파일 점검용 재공유 2026.05.18).xlsx
sp_006_00209_001,ingested_at,2026-05-17T07:09:02.212513,2026-05-18T16:23:58
sp_006_00210_001,source_file_version,MI팀_시장분석 AI_시장 분석 Master Version (260422).xlsx,MI팀_시장분석 AI_시장 분석 Master Version (원본파일 점검용 재공유 2026.05.18).xlsx
sp_006_00210_001,ingested_at,2026-05-17T07:09:02.212513,2026-05-18T16:23:58
sp_006_00211_001,source_file_version,MI팀_시장분석 AI_시장 분석 Master Version (260422).xlsx,MI팀_시장분석 AI_시장 분석 Master Version (원본파일 점검용 재공유 2026.05.18).xlsx
sp_006_00211_001,ingested_at,2026-05-17T07:09:02.212513,2026-05-18T16:23:58
sp_006_00212_001,source_file_version,MI팀_시장분석 AI_시장 분석 Master Version (260422).xlsx,MI팀_시장분석 AI_시장 분석 Master Version (원본파일 점검용 재공유 2026.05.18).xlsx
sp_006_00212_001,ingested_at,2026-05-17T07:09:02.212513,2026-05-18T16:23:58
sp_006_00213_001,source_file_version,MI팀_시장분석 AI_시장 분석 Master Version (260422).xlsx,MI팀_시장분석 AI_시장 분석 Master Version (원본파일 점검용 재공유 2026.05.18).xlsx
sp_006_00213_001,ingested_at,2026-05-17T07:09:02.212513,2026-05-18T16:23:58
sp_006_00214_001,source_file_version,MI팀_시장분석 AI_시장 분석 Master Version (260422).xlsx,MI팀_시장분석 AI_시장 분석 Master Version (원본파일 점검용 재공유 2026.05.18).xlsx
sp_006_00214_001,ingested_at,2026-05-17T07:09:02.212513,2026-05-18T16:23:58
sp_006_00215_001,source_file_version,MI팀_시장분석 AI_시장 분석 Master Version (260422).xlsx,MI팀_시장분석 AI_시장 분석 Master Version (원본파일 점검용 재공유 2026.05.18).xlsx
sp_006_00215_001,ingested_at,2026-05-17T07:09:02.212513,2026-05-18T16:23:58
sp_006_00216_001,source_file_version,MI팀_시장분석 AI_시장 분석 Master Version (260422).xlsx,MI팀_시장분석 AI_시장 분석 Master Version (원본파일 점검용 재공유 2026.05.18).xlsx
sp_006_00216_001,ingested_at,2026-05-17T07:09:02.212513,2026-05-18T16:23:58
sp_006_00217_001,source_file_version,MI팀_시장분석 AI_시장 분석 Master Version (260422).xlsx,MI팀_시장분석 AI_시장 분석 Master Version (원본파일 점검용 재공유 2026.05.18).xlsx
sp_006_00217_001,ingested_at,2026-05-17T07:09:02.212513,2026-05-18T16:23:58
sp_006_00218_001,source_file_version,MI팀_시장분석 AI_시장 분석 Master Version (260422).xlsx,MI팀_시장분석 AI_시장 분석 Master Version (원본파일 점검용 재공유 2026.05.18).xlsx
sp_006_00218_001,ingested_at,2026-05-17T07:09:02.212513,2026-05-18T16:23:58
sp_006_00219_001,source_file_version,MI팀_시장분석 AI_시장 분석 Master Version (260422).xlsx,MI팀_시장분석 AI_시장 분석 Master Version (원본파일 점검용 재공유 2026.05.18).xlsx
sp_006_00219_001,ingested_at,2026-05-17T07:09:02.212513,2026-05-18T16:23:58
sp_006_00220_001,source_file_version,MI팀_시장분석 AI_시장 분석 Master Version (260422).xlsx,MI팀_시장분석 AI_시장 분석 Master Version (원본파일 점검용 재공유 2026.05.18).xlsx
sp_006_00220_001,ingested_at,2026-05-17T07:09:02.212513,2026-05-18T16:23:58
sp_006_00221_001,source_file_version,MI팀_시장분석 AI_시장 분석 Master Version (260422).xlsx,MI팀_시장분석 AI_시장 분석 Master Version (원본파일 점검용 재공유 2026.05.18).xlsx
sp_006_00221_001,ingested_at,2026-05-17T07:09:02.212513,2026-05-18T16:23:58
sp_006_00222_001,source_file_version,MI팀_시장분석 AI_시장 분석 Master Version (260422).xlsx,MI팀_시장분석 AI_시장 분석 Master Version (원본파일 점검용 재공유 2026.05.18).xlsx
sp_006_00222_001,ingested_at,2026-05-17T07:09:02.212513,2026-05-18T16:23:58
sp_006_00223_001,source_file_version,MI팀_시장분석 AI_시장 분석 Master Version (260422).xlsx,MI팀_시장분석 AI_시장 분석 Master Version (원본파일 점검용 재공유 2026.05.18).xlsx
sp_006_00223_001,ingested_at,2026-05-17T07:09:02.212513,2026-05-18T16:23:58
sp_006_00224_001,source_file_version,MI팀_시장분석 AI_시장 분석 Master Version (260422).xlsx,MI팀_시장분석 AI_시장 분석 Master Version (원본파일 점검용 재공유 2026.05.18).xlsx
sp_006_00224_001,ingested_at,2026-05-17T07:09:02.212513,2026-05-18T16:23:58
sp_006_00225_001,source_file_version,MI팀_시장분석 AI_시장 분석 Master Version (260422).xlsx,MI팀_시장분석 AI_시장 분석 Master Version (원본파일 점검용 재공유 2026.05.18).xlsx
sp_006_00225_001,ingested_at,2026-05-17T07:09:02.212513,2026-05-18T16:23:58
sp_006_00226_001,source_file_version,MI팀_시장분석 AI_시장 분석 Master Version (260422).xlsx,MI팀_시장분석 AI_시장 분석 Master Version (원본파일 점검용 재공유 2026.05.18).xlsx
sp_006_00226_001,ingested_at,2026-05-17T07:09:02.212513,2026-05-18T16:23:58
sp_006_00227_001,source_file_version,MI팀_시장분석 AI_시장 분석 Master Version (260422).xlsx,MI팀_시장분석 AI_시장 분석 Master Version (원본파일 점검용 재공유 2026.05.18).xlsx
sp_006_00227_001,ingested_at,2026-05-17T07:09:02.212513,2026-05-18T16:23:58
sp_006_00228_001,source_file_version,MI팀_시장분석 AI_시장 분석 Master Version (260422).xlsx,MI팀_시장분석 AI_시장 분석 Master Version (원본파일 점검용 재공유 2026.05.18).xlsx
sp_006_00228_001,ingested_at,2026-05-17T07:09:02.212513,2026-05-18T16:23:58
sp_006_00229_001,source_file_version,MI팀_시장분석 AI_시장 분석 Master Version (260422).xlsx,MI팀_시장분석 AI_시장 분석 Master Version (원본파일 점검용 재공유 2026.05.18).xlsx
sp_006_00229_001,ingested_at,2026-05-17T07:09:02.212513,2026-05-18T16:23:58
sp_006_00230_001,source_file_version,MI팀_시장분석 AI_시장 분석 Master Version (260422).xlsx,MI팀_시장분석 AI_시장 분석 Master Version (원본파일 점검용 재공유 2026.05.18).xlsx
sp_006_00230_001,ingested_at,2026-05-17T07:09:02.212513,2026-05-18T16:23:58
sp_006_00231_001,source_file_version,MI팀_시장분석 AI_시장 분석 Master Version (260422).xlsx,MI팀_시장분석 AI_시장 분석 Master Version (원본파일 점검용 재공유 2026.05.18).xlsx
sp_006_00231_001,ingested_at,2026-05-17T07:09:02.212513,2026-05-18T16:23:58
sp_006_00232_001,source_file_version,MI팀_시장분석 AI_시장 분석 Master Version (260422).xlsx,MI팀_시장분석 AI_시장 분석 Master Version (원본파일 점검용 재공유 2026.05.18).xlsx
sp_006_00232_001,ingested_at,2026-05-17T07:09:02.212513,2026-05-18T16:23:58
sp_006_00233_001,source_file_version,MI팀_시장분석 AI_시장 분석 Master Version (260422).xlsx,MI팀_시장분석 AI_시장 분석 Master Version (원본파일 점검용 재공유 2026.05.18).xlsx
sp_006_00233_001,ingested_at,2026-05-17T07:09:02.212513,2026-05-18T16:23:58
sp_006_00234_001,source_file_version,MI팀_시장분석 AI_시장 분석 Master Version (260422).xlsx,MI팀_시장분석 AI_시장 분석 Master Version (원본파일 점검용 재공유 2026.05.18).xlsx
sp_006_00234_001,ingested_at,2026-05-17T07:09:02.212513,2026-05-18T16:23:58
sp_006_00235_001,source_file_version,MI팀_시장분석 AI_시장 분석 Master Version (260422).xlsx,MI팀_시장분석 AI_시장 분석 Master Version (원본파일 점검용 재공유 2026.05.18).xlsx
sp_006_00235_001,ingested_at,2026-05-17T07:09:02.212513,2026-05-18T16:23:58
sp_006_00236_001,source_file_version,MI팀_시장분석 AI_시장 분석 Master Version (260422).xlsx,MI팀_시장분석 AI_시장 분석 Master Version (원본파일 점검용 재공유 2026.05.18).xlsx
sp_006_00236_001,ingested_at,2026-05-17T07:09:02.212513,2026-05-18T16:23:58
sp_006_00237_001,source_file_version,MI팀_시장분석 AI_시장 분석 Master Version (260422).xlsx,MI팀_시장분석 AI_시장 분석 Master Version (원본파일 점검용 재공유 2026.05.18).xlsx
sp_006_00237_001,ingested_at,2026-05-17T07:09:02.212513,2026-05-18T16:23:58
sp_006_00238_001,source_file_version,MI팀_시장분석 AI_시장 분석 Master Version (260422).xlsx,MI팀_시장분석 AI_시장 분석 Master Version (원본파일 점검용 재공유 2026.05.18).xlsx
sp_006_00238_001,ingested_at,2026-05-17T07:09:02.212513,2026-05-18T16:23:58
sp_006_00239_001,source_file_version,MI팀_시장분석 AI_시장 분석 Master Version (260422).xlsx,MI팀_시장분석 AI_시장 분석 Master Version (원본파일 점검용 재공유 2026.05.18).xlsx
sp_006_00239_001,ingested_at,2026-05-17T07:09:02.212513,2026-05-18T16:23:58
sp_006_00240_001,source_file_version,MI팀_시장분석 AI_시장 분석 Master Version (260422).xlsx,MI팀_시장분석 AI_시장 분석 Master Version (원본파일 점검용 재공유 2026.05.18).xlsx
sp_006_00240_001,ingested_at,2026-05-17T07:09:02.212513,2026-05-18T16:23:58
sp_006_00241_001,source_file_version,MI팀_시장분석 AI_시장 분석 Master Version (260422).xlsx,MI팀_시장분석 AI_시장 분석 Master Version (원본파일 점검용 재공유 2026.05.18).xlsx
sp_006_00241_001,ingested_at,2026-05-17T07:09:02.212513,2026-05-18T16:23:58
sp_006_00242_001,source_file_version,MI팀_시장분석 AI_시장 분석 Master Version (260422).xlsx,MI팀_시장분석 AI_시장 분석 Master Version (원본파일 점검용 재공유 2026.05.18).xlsx
sp_006_00242_001,ingested_at,2026-05-17T07:09:02.212513,2026-05-18T16:23:58
sp_006_00243_001,source_file_version,MI팀_시장분석 AI_시장 분석 Master Version (260422).xlsx,MI팀_시장분석 AI_시장 분석 Master Version (원본파일 점검용 재공유 2026.05.18).xlsx
sp_006_00243_001,ingested_at,2026-05-17T07:09:02.212513,2026-05-18T16:23:58
sp_006_00244_001,source_file_version,MI팀_시장분석 AI_시장 분석 Master Version (260422).xlsx,MI팀_시장분석 AI_시장 분석 Master Version (원본파일 점검용 재공유 2026.05.18).xlsx
sp_006_00244_001,ingested_at,2026-05-17T07:09:02.212513,2026-05-18T16:23:58
sp_006_00245_001,source_file_version,MI팀_시장분석 AI_시장 분석 Master Version (260422).xlsx,MI팀_시장분석 AI_시장 분석 Master Version (원본파일 점검용 재공유 2026.05.18).xlsx
sp_006_00245_001,ingested_at,2026-05-17T07:09:02.212513,2026-05-18T16:23:58
sp_006_00246_001,source_file_version,MI팀_시장분석 AI_시장 분석 Master Version (260422).xlsx,MI팀_시장분석 AI_시장 분석 Master Version (원본파일 점검용 재공유 2026.05.18).xlsx
sp_006_00246_001,ingested_at,2026-05-17T07:09:02.212513,2026-05-18T16:23:58
sp_006_00247_001,source_file_version,MI팀_시장분석 AI_시장 분석 Master Version (260422).xlsx,MI팀_시장분석 AI_시장 분석 Master Version (원본파일 점검용 재공유 2026.05.18).xlsx
sp_006_00247_001,ingested_at,2026-05-17T07:09:02.212513,2026-05-18T16:23:58
sp_006_00248_001,source_file_version,MI팀_시장분석 AI_시장 분석 Master Version (260422).xlsx,MI팀_시장분석 AI_시장 분석 Master Version (원본파일 점검용 재공유 2026.05.18).xlsx
sp_006_00248_001,ingested_at,2026-05-17T07:09:02.212513,2026-05-18T16:23:58
sp_006_00249_001,source_file_version,MI팀_시장분석 AI_시장 분석 Master Version (260422).xlsx,MI팀_시장분석 AI_시장 분석 Master Version (원본파일 점검용 재공유 2026.05.18).xlsx
sp_006_00249_001,ingested_at,2026-05-17T07:09:02.212513,2026-05-18T16:23:58
sp_006_00250_001,source_file_version,MI팀_시장분석 AI_시장 분석 Master Version (260422).xlsx,MI팀_시장분석 AI_시장 분석 Master Version (원본파일 점검용 재공유 2026.05.18).xlsx
sp_006_00250_001,ingested_at,2026-05-17T07:09:02.212513,2026-05-18T16:23:58
sp_006_00251_001,source_file_version,MI팀_시장분석 AI_시장 분석 Master Version (260422).xlsx,MI팀_시장분석 AI_시장 분석 Master Version (원본파일 점검용 재공유 2026.05.18).xlsx
sp_006_00251_001,ingested_at,2026-05-17T07:09:02.212513,2026-05-18T16:23:58
sp_006_00252_001,source_file_version,MI팀_시장분석 AI_시장 분석 Master Version (260422).xlsx,MI팀_시장분석 AI_시장 분석 Master Version (원본파일 점검용 재공유 2026.05.18).xlsx
sp_006_00252_001,ingested_at,2026-05-17T07:09:02.212513,2026-05-18T16:23:58
sp_006_00253_001,source_file_version,MI팀_시장분석 AI_시장 분석 Master Version (260422).xlsx,MI팀_시장분석 AI_시장 분석 Master Version (원본파일 점검용 재공유 2026.05.18).xlsx
sp_006_00253_001,ingested_at,2026-05-17T07:09:02.212513,2026-05-18T16:23:58
sp_006_00254_001,source_file_version,MI팀_시장분석 AI_시장 분석 Master Version (260422).xlsx,MI팀_시장분석 AI_시장 분석 Master Version (원본파일 점검용 재공유 2026.05.18).xlsx
sp_006_00254_001,ingested_at,2026-05-17T07:09:02.212513,2026-05-18T16:23:58
sp_006_00255_001,source_file_version,MI팀_시장분석 AI_시장 분석 Master Version (260422).xlsx,MI팀_시장분석 AI_시장 분석 Master Version (원본파일 점검용 재공유 2026.05.18).xlsx
sp_006_00255_001,ingested_at,2026-05-17T07:09:02.212513,2026-05-18T16:23:58
sp_006_00256_001,source_file_version,MI팀_시장분석 AI_시장 분석 Master Version (260422).xlsx,MI팀_시장분석 AI_시장 분석 Master Version (원본파일 점검용 재공유 2026.05.18).xlsx
sp_006_00256_001,ingested_at,2026-05-17T07:09:02.212513,2026-05-18T16:23:58
sp_006_00257_001,source_file_version,MI팀_시장분석 AI_시장 분석 Master Version (260422).xlsx,MI팀_시장분석 AI_시장 분석 Master Version (원본파일 점검용 재공유 2026.05.18).xlsx
sp_006_00257_001,ingested_at,2026-05-17T07:09:02.212513,2026-05-18T16:23:58
sp_006_00258_001,source_file_version,MI팀_시장분석 AI_시장 분석 Master Version (260422).xlsx,MI팀_시장분석 AI_시장 분석 Master Version (원본파일 점검용 재공유 2026.05.18).xlsx
sp_006_00258_001,ingested_at,2026-05-17T07:09:02.212513,2026-05-18T16:23:58
sp_006_00259_001,source_file_version,MI팀_시장분석 AI_시장 분석 Master Version (260422).xlsx,MI팀_시장분석 AI_시장 분석 Master Version (원본파일 점검용 재공유 2026.05.18).xlsx
sp_006_00259_001,ingested_at,2026-05-17T07:09:02.212513,2026-05-18T16:23:58
sp_006_00260_001,source_file_version,MI팀_시장분석 AI_시장 분석 Master Version (260422).xlsx,MI팀_시장분석 AI_시장 분석 Master Version (원본파일 점검용 재공유 2026.05.18).xlsx
sp_006_00260_001,ingested_at,2026-05-17T07:09:02.212513,2026-05-18T16:23:58
sp_006_00261_001,source_file_version,MI팀_시장분석 AI_시장 분석 Master Version (260422).xlsx,MI팀_시장분석 AI_시장 분석 Master Version (원본파일 점검용 재공유 2026.05.18).xlsx
sp_006_00261_001,ingested_at,2026-05-17T07:09:02.212513,2026-05-18T16:23:58
sp_006_00262_001,source_file_version,MI팀_시장분석 AI_시장 분석 Master Version (260422).xlsx,MI팀_시장분석 AI_시장 분석 Master Version (원본파일 점검용 재공유 2026.05.18).xlsx
sp_006_00262_001,ingested_at,2026-05-17T07:09:02.212513,2026-05-18T16:23:58
sp_006_00263_001,source_file_version,MI팀_시장분석 AI_시장 분석 Master Version (260422).xlsx,MI팀_시장분석 AI_시장 분석 Master Version (원본파일 점검용 재공유 2026.05.18).xlsx
sp_006_00263_001,ingested_at,2026-05-17T07:09:02.212513,2026-05-18T16:23:58
sp_006_00264_001,source_file_version,MI팀_시장분석 AI_시장 분석 Master Version (260422).xlsx,MI팀_시장분석 AI_시장 분석 Master Version (원본파일 점검용 재공유 2026.05.18).xlsx
sp_006_00264_001,ingested_at,2026-05-17T07:09:02.212513,2026-05-18T16:23:58
sp_006_00265_001,source_file_version,MI팀_시장분석 AI_시장 분석 Master Version (260422).xlsx,MI팀_시장분석 AI_시장 분석 Master Version (원본파일 점검용 재공유 2026.05.18).xlsx
sp_006_00265_001,ingested_at,2026-05-17T07:09:02.212513,2026-05-18T16:23:58
sp_006_00266_001,source_file_version,MI팀_시장분석 AI_시장 분석 Master Version (260422).xlsx,MI팀_시장분석 AI_시장 분석 Master Version (원본파일 점검용 재공유 2026.05.18).xlsx
sp_006_00266_001,ingested_at,2026-05-17T07:09:02.212513,2026-05-18T16:23:58
sp_006_00267_001,source_file_version,MI팀_시장분석 AI_시장 분석 Master Version (260422).xlsx,MI팀_시장분석 AI_시장 분석 Master Version (원본파일 점검용 재공유 2026.05.18).xlsx
sp_006_00267_001,ingested_at,2026-05-17T07:09:02.212513,2026-05-18T16:23:58
sp_006_00268_001,source_file_version,MI팀_시장분석 AI_시장 분석 Master Version (260422).xlsx,MI팀_시장분석 AI_시장 분석 Master Version (원본파일 점검용 재공유 2026.05.18).xlsx
sp_006_00268_001,ingested_at,2026-05-17T07:09:02.212513,2026-05-18T16:23:58
sp_006_00269_001,source_file_version,MI팀_시장분석 AI_시장 분석 Master Version (260422).xlsx,MI팀_시장분석 AI_시장 분석 Master Version (원본파일 점검용 재공유 2026.05.18).xlsx
sp_006_00269_001,ingested_at,2026-05-17T07:09:02.212513,2026-05-18T16:23:58
sp_006_00270_001,source_file_version,MI팀_시장분석 AI_시장 분석 Master Version (260422).xlsx,MI팀_시장분석 AI_시장 분석 Master Version (원본파일 점검용 재공유 2026.05.18).xlsx
sp_006_00270_001,ingested_at,2026-05-17T07:09:02.212513,2026-05-18T16:23:58
sp_006_00271_001,source_file_version,MI팀_시장분석 AI_시장 분석 Master Version (260422).xlsx,MI팀_시장분석 AI_시장 분석 Master Version (원본파일 점검용 재공유 2026.05.18).xlsx
sp_006_00271_001,ingested_at,2026-05-17T07:09:02.212513,2026-05-18T16:23:58
sp_006_00272_001,source_file_version,MI팀_시장분석 AI_시장 분석 Master Version (260422).xlsx,MI팀_시장분석 AI_시장 분석 Master Version (원본파일 점검용 재공유 2026.05.18).xlsx
sp_006_00272_001,ingested_at,2026-05-17T07:09:02.212513,2026-05-18T16:23:58
sp_006_00273_001,source_file_version,MI팀_시장분석 AI_시장 분석 Master Version (260422).xlsx,MI팀_시장분석 AI_시장 분석 Master Version (원본파일 점검용 재공유 2026.05.18).xlsx
sp_006_00273_001,ingested_at,2026-05-17T07:09:02.212513,2026-05-18T16:23:58
sp_006_00274_001,source_file_version,MI팀_시장분석 AI_시장 분석 Master Version (260422).xlsx,MI팀_시장분석 AI_시장 분석 Master Version (원본파일 점검용 재공유 2026.05.18).xlsx
sp_006_00274_001,ingested_at,2026-05-17T07:09:02.212513,2026-05-18T16:23:58
sp_006_00275_001,source_file_version,MI팀_시장분석 AI_시장 분석 Master Version (260422).xlsx,MI팀_시장분석 AI_시장 분석 Master Version (원본파일 점검용 재공유 2026.05.18).xlsx
sp_006_00275_001,ingested_at,2026-05-17T07:09:02.212513,2026-05-18T16:23:58
sp_006_00276_001,source_file_version,MI팀_시장분석 AI_시장 분석 Master Version (260422).xlsx,MI팀_시장분석 AI_시장 분석 Master Version (원본파일 점검용 재공유 2026.05.18).xlsx
sp_006_00276_001,ingested_at,2026-05-17T07:09:02.212513,2026-05-18T16:23:58
sp_006_00277_001,source_file_version,MI팀_시장분석 AI_시장 분석 Master Version (260422).xlsx,MI팀_시장분석 AI_시장 분석 Master Version (원본파일 점검용 재공유 2026.05.18).xlsx
sp_006_00277_001,ingested_at,2026-05-17T07:09:02.212513,2026-05-18T16:23:58
sp_006_00278_001,source_file_version,MI팀_시장분석 AI_시장 분석 Master Version (260422).xlsx,MI팀_시장분석 AI_시장 분석 Master Version (원본파일 점검용 재공유 2026.05.18).xlsx
sp_006_00278_001,ingested_at,2026-05-17T07:09:02.212513,2026-05-18T16:23:58
sp_006_00279_001,source_file_version,MI팀_시장분석 AI_시장 분석 Master Version (260422).xlsx,MI팀_시장분석 AI_시장 분석 Master Version (원본파일 점검용 재공유 2026.05.18).xlsx
sp_006_00279_001,ingested_at,2026-05-17T07:09:02.212513,2026-05-18T16:23:58
sp_006_00280_001,source_file_version,MI팀_시장분석 AI_시장 분석 Master Version (260422).xlsx,MI팀_시장분석 AI_시장 분석 Master Version (원본파일 점검용 재공유 2026.05.18).xlsx
sp_006_00280_001,ingested_at,2026-05-17T07:09:02.212513,2026-05-18T16:23:58
sp_006_00281_001,source_file_version,MI팀_시장분석 AI_시장 분석 Master Version (260422).xlsx,MI팀_시장분석 AI_시장 분석 Master Version (원본파일 점검용 재공유 2026.05.18).xlsx
sp_006_00281_001,ingested_at,2026-05-17T07:09:02.212513,2026-05-18T16:23:58
sp_006_00282_001,source_file_version,MI팀_시장분석 AI_시장 분석 Master Version (260422).xlsx,MI팀_시장분석 AI_시장 분석 Master Version (원본파일 점검용 재공유 2026.05.18).xlsx
sp_006_00282_001,ingested_at,2026-05-17T07:09:02.212513,2026-05-18T16:23:58
sp_006_00283_001,source_file_version,MI팀_시장분석 AI_시장 분석 Master Version (260422).xlsx,MI팀_시장분석 AI_시장 분석 Master Version (원본파일 점검용 재공유 2026.05.18).xlsx
sp_006_00283_001,ingested_at,2026-05-17T07:09:02.212513,2026-05-18T16:23:58
sp_006_00284_001,source_file_version,MI팀_시장분석 AI_시장 분석 Master Version (260422).xlsx,MI팀_시장분석 AI_시장 분석 Master Version (원본파일 점검용 재공유 2026.05.18).xlsx
sp_006_00284_001,ingested_at,2026-05-17T07:09:02.212513,2026-05-18T16:23:58
sp_006_00285_001,source_file_version,MI팀_시장분석 AI_시장 분석 Master Version (260422).xlsx,MI팀_시장분석 AI_시장 분석 Master Version (원본파일 점검용 재공유 2026.05.18).xlsx
sp_006_00285_001,ingested_at,2026-05-17T07:09:02.212513,2026-05-18T16:23:58
sp_006_00286_001,source_file_version,MI팀_시장분석 AI_시장 분석 Master Version (260422).xlsx,MI팀_시장분석 AI_시장 분석 Master Version (원본파일 점검용 재공유 2026.05.18).xlsx
sp_006_00286_001,ingested_at,2026-05-17T07:09:02.212513,2026-05-18T16:23:58
sp_006_00287_001,source_file_version,MI팀_시장분석 AI_시장 분석 Master Version (260422).xlsx,MI팀_시장분석 AI_시장 분석 Master Version (원본파일 점검용 재공유 2026.05.18).xlsx
sp_006_00287_001,ingested_at,2026-05-17T07:09:02.212513,2026-05-18T16:23:58
sp_006_00288_001,source_file_version,MI팀_시장분석 AI_시장 분석 Master Version (260422).xlsx,MI팀_시장분석 AI_시장 분석 Master Version (원본파일 점검용 재공유 2026.05.18).xlsx
sp_006_00288_001,ingested_at,2026-05-17T07:09:02.212513,2026-05-18T16:23:58
sp_006_00289_001,source_file_version,MI팀_시장분석 AI_시장 분석 Master Version (260422).xlsx,MI팀_시장분석 AI_시장 분석 Master Version (원본파일 점검용 재공유 2026.05.18).xlsx
sp_006_00289_001,ingested_at,2026-05-17T07:09:02.212513,2026-05-18T16:23:58
sp_006_00290_001,source_file_version,MI팀_시장분석 AI_시장 분석 Master Version (260422).xlsx,MI팀_시장분석 AI_시장 분석 Master Version (원본파일 점검용 재공유 2026.05.18).xlsx
sp_006_00290_001,ingested_at,2026-05-17T07:09:02.212513,2026-05-18T16:23:58
sp_006_00291_001,source_file_version,MI팀_시장분석 AI_시장 분석 Master Version (260422).xlsx,MI팀_시장분석 AI_시장 분석 Master Version (원본파일 점검용 재공유 2026.05.18).xlsx
sp_006_00291_001,ingested_at,2026-05-17T07:09:02.212513,2026-05-18T16:23:58
sp_006_00292_001,source_file_version,MI팀_시장분석 AI_시장 분석 Master Version (260422).xlsx,MI팀_시장분석 AI_시장 분석 Master Version (원본파일 점검용 재공유 2026.05.18).xlsx
sp_006_00292_001,ingested_at,2026-05-17T07:09:02.212513,2026-05-18T16:23:58
sp_006_00293_001,source_file_version,MI팀_시장분석 AI_시장 분석 Master Version (260422).xlsx,MI팀_시장분석 AI_시장 분석 Master Version (원본파일 점검용 재공유 2026.05.18).xlsx
sp_006_00293_001,ingested_at,2026-05-17T07:09:02.212513,2026-05-18T16:23:58
sp_006_00294_001,source_file_version,MI팀_시장분석 AI_시장 분석 Master Version (260422).xlsx,MI팀_시장분석 AI_시장 분석 Master Version (원본파일 점검용 재공유 2026.05.18).xlsx
sp_006_00294_001,ingested_at,2026-05-17T07:09:02.212513,2026-05-18T16:23:58
sp_006_00295_001,source_file_version,MI팀_시장분석 AI_시장 분석 Master Version (260422).xlsx,MI팀_시장분석 AI_시장 분석 Master Version (원본파일 점검용 재공유 2026.05.18).xlsx
sp_006_00295_001,ingested_at,2026-05-17T07:09:02.212513,2026-05-18T16:23:58
sp_006_00296_001,source_file_version,MI팀_시장분석 AI_시장 분석 Master Version (260422).xlsx,MI팀_시장분석 AI_시장 분석 Master Version (원본파일 점검용 재공유 2026.05.18).xlsx
sp_006_00296_001,ingested_at,2026-05-17T07:09:02.212513,2026-05-18T16:23:58
sp_006_00297_001,source_file_version,MI팀_시장분석 AI_시장 분석 Master Version (260422).xlsx,MI팀_시장분석 AI_시장 분석 Master Version (원본파일 점검용 재공유 2026.05.18).xlsx
sp_006_00297_001,ingested_at,2026-05-17T07:09:02.212513,2026-05-18T16:23:58
sp_006_00298_001,source_file_version,MI팀_시장분석 AI_시장 분석 Master Version (260422).xlsx,MI팀_시장분석 AI_시장 분석 Master Version (원본파일 점검용 재공유 2026.05.18).xlsx
sp_006_00298_001,ingested_at,2026-05-17T07:09:02.212513,2026-05-18T16:23:58
sp_006_00299_001,source_file_version,MI팀_시장분석 AI_시장 분석 Master Version (260422).xlsx,MI팀_시장분석 AI_시장 분석 Master Version (원본파일 점검용 재공유 2026.05.18).xlsx
sp_006_00299_001,ingested_at,2026-05-17T07:09:02.212513,2026-05-18T16:23:58
sp_006_00300_001,source_file_version,MI팀_시장분석 AI_시장 분석 Master Version (260422).xlsx,MI팀_시장분석 AI_시장 분석 Master Version (원본파일 점검용 재공유 2026.05.18).xlsx
sp_006_00300_001,ingested_at,2026-05-17T07:09:02.212513,2026-05-18T16:23:58
sp_006_00301_001,source_file_version,MI팀_시장분석 AI_시장 분석 Master Version (260422).xlsx,MI팀_시장분석 AI_시장 분석 Master Version (원본파일 점검용 재공유 2026.05.18).xlsx
sp_006_00301_001,ingested_at,2026-05-17T07:09:02.212513,2026-05-18T16:23:58
sp_006_00302_001,source_file_version,MI팀_시장분석 AI_시장 분석 Master Version (260422).xlsx,MI팀_시장분석 AI_시장 분석 Master Version (원본파일 점검용 재공유 2026.05.18).xlsx
sp_006_00302_001,ingested_at,2026-05-17T07:09:02.212513,2026-05-18T16:23:58
sp_006_00303_001,source_file_version,MI팀_시장분석 AI_시장 분석 Master Version (260422).xlsx,MI팀_시장분석 AI_시장 분석 Master Version (원본파일 점검용 재공유 2026.05.18).xlsx
sp_006_00303_001,ingested_at,2026-05-17T07:09:02.212513,2026-05-18T16:23:58
sp_006_00304_001,source_file_version,MI팀_시장분석 AI_시장 분석 Master Version (260422).xlsx,MI팀_시장분석 AI_시장 분석 Master Version (원본파일 점검용 재공유 2026.05.18).xlsx
sp_006_00304_001,ingested_at,2026-05-17T07:09:02.212513,2026-05-18T16:23:58
sp_006_00305_001,source_file_version,MI팀_시장분석 AI_시장 분석 Master Version (260422).xlsx,MI팀_시장분석 AI_시장 분석 Master Version (원본파일 점검용 재공유 2026.05.18).xlsx
sp_006_00305_001,ingested_at,2026-05-17T07:09:02.212513,2026-05-18T16:23:58
sp_006_00306_001,source_file_version,MI팀_시장분석 AI_시장 분석 Master Version (260422).xlsx,MI팀_시장분석 AI_시장 분석 Master Version (원본파일 점검용 재공유 2026.05.18).xlsx
sp_006_00306_001,ingested_at,2026-05-17T07:09:02.212513,2026-05-18T16:23:58
sp_006_00307_001,source_file_version,MI팀_시장분석 AI_시장 분석 Master Version (260422).xlsx,MI팀_시장분석 AI_시장 분석 Master Version (원본파일 점검용 재공유 2026.05.18).xlsx
sp_006_00307_001,ingested_at,2026-05-17T07:09:02.212513,2026-05-18T16:23:58
sp_006_00308_001,source_file_version,MI팀_시장분석 AI_시장 분석 Master Version (260422).xlsx,MI팀_시장분석 AI_시장 분석 Master Version (원본파일 점검용 재공유 2026.05.18).xlsx
sp_006_00308_001,ingested_at,2026-05-17T07:09:02.212513,2026-05-18T16:23:58
sp_006_00309_001,source_file_version,MI팀_시장분석 AI_시장 분석 Master Version (260422).xlsx,MI팀_시장분석 AI_시장 분석 Master Version (원본파일 점검용 재공유 2026.05.18).xlsx
sp_006_00309_001,ingested_at,2026-05-17T07:09:02.212513,2026-05-18T16:23:58
sp_006_00310_001,source_file_version,MI팀_시장분석 AI_시장 분석 Master Version (260422).xlsx,MI팀_시장분석 AI_시장 분석 Master Version (원본파일 점검용 재공유 2026.05.18).xlsx
sp_006_00310_001,ingested_at,2026-05-17T07:09:02.212513,2026-05-18T16:23:58
sp_006_00311_001,source_file_version,MI팀_시장분석 AI_시장 분석 Master Version (260422).xlsx,MI팀_시장분석 AI_시장 분석 Master Version (원본파일 점검용 재공유 2026.05.18).xlsx
sp_006_00311_001,ingested_at,2026-05-17T07:09:02.212513,2026-05-18T16:23:58
sp_006_00312_001,source_file_version,MI팀_시장분석 AI_시장 분석 Master Version (260422).xlsx,MI팀_시장분석 AI_시장 분석 Master Version (원본파일 점검용 재공유 2026.05.18).xlsx
sp_006_00312_001,ingested_at,2026-05-17T07:09:02.212513,2026-05-18T16:23:58
sp_006_00313_001,source_file_version,MI팀_시장분석 AI_시장 분석 Master Version (260422).xlsx,MI팀_시장분석 AI_시장 분석 Master Version (원본파일 점검용 재공유 2026.05.18).xlsx
sp_006_00313_001,ingested_at,2026-05-17T07:09:02.212513,2026-05-18T16:23:58
sp_006_00314_001,source_file_version,MI팀_시장분석 AI_시장 분석 Master Version (260422).xlsx,MI팀_시장분석 AI_시장 분석 Master Version (원본파일 점검용 재공유 2026.05.18).xlsx
sp_006_00314_001,ingested_at,2026-05-17T07:09:02.212513,2026-05-18T16:23:58
sp_006_00315_001,source_file_version,MI팀_시장분석 AI_시장 분석 Master Version (260422).xlsx,MI팀_시장분석 AI_시장 분석 Master Version (원본파일 점검용 재공유 2026.05.18).xlsx
sp_006_00315_001,ingested_at,2026-05-17T07:09:02.212513,2026-05-18T16:23:58
sp_006_00316_001,source_file_version,MI팀_시장분석 AI_시장 분석 Master Version (260422).xlsx,MI팀_시장분석 AI_시장 분석 Master Version (원본파일 점검용 재공유 2026.05.18).xlsx
sp_006_00316_001,ingested_at,2026-05-17T07:09:02.212513,2026-05-18T16:23:58
sp_006_00317_001,source_file_version,MI팀_시장분석 AI_시장 분석 Master Version (260422).xlsx,MI팀_시장분석 AI_시장 분석 Master Version (원본파일 점검용 재공유 2026.05.18).xlsx
sp_006_00317_001,ingested_at,2026-05-17T07:09:02.212513,2026-05-18T16:23:58
sp_006_00318_001,source_file_version,MI팀_시장분석 AI_시장 분석 Master Version (260422).xlsx,MI팀_시장분석 AI_시장 분석 Master Version (원본파일 점검용 재공유 2026.05.18).xlsx
sp_006_00318_001,ingested_at,2026-05-17T07:09:02.212513,2026-05-18T16:23:58
sp_006_00319_001,source_file_version,MI팀_시장분석 AI_시장 분석 Master Version (260422).xlsx,MI팀_시장분석 AI_시장 분석 Master Version (원본파일 점검용 재공유 2026.05.18).xlsx
sp_006_00319_001,ingested_at,2026-05-17T07:09:02.212513,2026-05-18T16:23:58
sp_006_00320_001,source_file_version,MI팀_시장분석 AI_시장 분석 Master Version (260422).xlsx,MI팀_시장분석 AI_시장 분석 Master Version (원본파일 점검용 재공유 2026.05.18).xlsx
sp_006_00320_001,ingested_at,2026-05-17T07:09:02.212513,2026-05-18T16:23:58
sp_006_00321_001,source_file_version,MI팀_시장분석 AI_시장 분석 Master Version (260422).xlsx,MI팀_시장분석 AI_시장 분석 Master Version (원본파일 점검용 재공유 2026.05.18).xlsx
sp_006_00321_001,ingested_at,2026-05-17T07:09:02.212513,2026-05-18T16:23:58
sp_006_00322_001,source_file_version,MI팀_시장분석 AI_시장 분석 Master Version (260422).xlsx,MI팀_시장분석 AI_시장 분석 Master Version (원본파일 점검용 재공유 2026.05.18).xlsx
sp_006_00322_001,ingested_at,2026-05-17T07:09:02.212513,2026-05-18T16:23:58
sp_006_00323_001,source_file_version,MI팀_시장분석 AI_시장 분석 Master Version (260422).xlsx,MI팀_시장분석 AI_시장 분석 Master Version (원본파일 점검용 재공유 2026.05.18).xlsx
sp_006_00323_001,ingested_at,2026-05-17T07:09:02.212513,2026-05-18T16:23:58
sp_006_00324_001,source_file_version,MI팀_시장분석 AI_시장 분석 Master Version (260422).xlsx,MI팀_시장분석 AI_시장 분석 Master Version (원본파일 점검용 재공유 2026.05.18).xlsx
sp_006_00324_001,ingested_at,2026-05-17T07:09:02.212513,2026-05-18T16:23:58
sp_006_00325_001,source_file_version,MI팀_시장분석 AI_시장 분석 Master Version (260422).xlsx,MI팀_시장분석 AI_시장 분석 Master Version (원본파일 점검용 재공유 2026.05.18).xlsx
sp_006_00325_001,ingested_at,2026-05-17T07:09:02.212513,2026-05-18T16:23:58
sp_006_00326_001,source_file_version,MI팀_시장분석 AI_시장 분석 Master Version (260422).xlsx,MI팀_시장분석 AI_시장 분석 Master Version (원본파일 점검용 재공유 2026.05.18).xlsx
sp_006_00326_001,ingested_at,2026-05-17T07:09:02.212513,2026-05-18T16:23:58
sp_006_00327_001,source_file_version,MI팀_시장분석 AI_시장 분석 Master Version (260422).xlsx,MI팀_시장분석 AI_시장 분석 Master Version (원본파일 점검용 재공유 2026.05.18).xlsx
sp_006_00327_001,ingested_at,2026-05-17T07:09:02.212513,2026-05-18T16:23:58
sp_006_00328_001,source_file_version,MI팀_시장분석 AI_시장 분석 Master Version (260422).xlsx,MI팀_시장분석 AI_시장 분석 Master Version (원본파일 점검용 재공유 2026.05.18).xlsx
sp_006_00328_001,ingested_at,2026-05-17T07:09:02.212513,2026-05-18T16:23:58
sp_006_00329_001,source_file_version,MI팀_시장분석 AI_시장 분석 Master Version (260422).xlsx,MI팀_시장분석 AI_시장 분석 Master Version (원본파일 점검용 재공유 2026.05.18).xlsx
sp_006_00329_001,ingested_at,2026-05-17T07:09:02.212513,2026-05-18T16:23:58
sp_006_00330_001,source_file_version,MI팀_시장분석 AI_시장 분석 Master Version (260422).xlsx,MI팀_시장분석 AI_시장 분석 Master Version (원본파일 점검용 재공유 2026.05.18).xlsx
sp_006_00330_001,ingested_at,2026-05-17T07:09:02.212513,2026-05-18T16:23:58
sp_006_00331_001,source_file_version,MI팀_시장분석 AI_시장 분석 Master Version (260422).xlsx,MI팀_시장분석 AI_시장 분석 Master Version (원본파일 점검용 재공유 2026.05.18).xlsx
sp_006_00331_001,ingested_at,2026-05-17T07:09:02.212513,2026-05-18T16:23:58
sp_006_00332_001,source_file_version,MI팀_시장분석 AI_시장 분석 Master Version (260422).xlsx,MI팀_시장분석 AI_시장 분석 Master Version (원본파일 점검용 재공유 2026.05.18).xlsx
sp_006_00332_001,ingested_at,2026-05-17T07:09:02.212513,2026-05-18T16:23:58
sp_006_00333_001,source_file_version,MI팀_시장분석 AI_시장 분석 Master Version (260422).xlsx,MI팀_시장분석 AI_시장 분석 Master Version (원본파일 점검용 재공유 2026.05.18).xlsx
sp_006_00333_001,ingested_at,2026-05-17T07:09:02.212513,2026-05-18T16:23:58
sp_006_00334_001,source_file_version,MI팀_시장분석 AI_시장 분석 Master Version (260422).xlsx,MI팀_시장분석 AI_시장 분석 Master Version (원본파일 점검용 재공유 2026.05.18).xlsx
sp_006_00334_001,ingested_at,2026-05-17T07:09:02.212513,2026-05-18T16:23:58
sp_006_00335_001,source_file_version,MI팀_시장분석 AI_시장 분석 Master Version (260422).xlsx,MI팀_시장분석 AI_시장 분석 Master Version (원본파일 점검용 재공유 2026.05.18).xlsx
sp_006_00335_001,ingested_at,2026-05-17T07:09:02.212513,2026-05-18T16:23:58
sp_006_00336_001,source_file_version,MI팀_시장분석 AI_시장 분석 Master Version (260422).xlsx,MI팀_시장분석 AI_시장 분석 Master Version (원본파일 점검용 재공유 2026.05.18).xlsx
sp_006_00336_001,ingested_at,2026-05-17T07:09:02.212513,2026-05-18T16:23:58
sp_006_00337_001,source_file_version,MI팀_시장분석 AI_시장 분석 Master Version (260422).xlsx,MI팀_시장분석 AI_시장 분석 Master Version (원본파일 점검용 재공유 2026.05.18).xlsx
sp_006_00337_001,ingested_at,2026-05-17T07:09:02.212513,2026-05-18T16:23:58
sp_006_00338_001,source_file_version,MI팀_시장분석 AI_시장 분석 Master Version (260422).xlsx,MI팀_시장분석 AI_시장 분석 Master Version (원본파일 점검용 재공유 2026.05.18).xlsx
sp_006_00338_001,ingested_at,2026-05-17T07:09:02.212513,2026-05-18T16:23:58
sp_006_00339_001,source_file_version,MI팀_시장분석 AI_시장 분석 Master Version (260422).xlsx,MI팀_시장분석 AI_시장 분석 Master Version (원본파일 점검용 재공유 2026.05.18).xlsx
sp_006_00339_001,ingested_at,2026-05-17T07:09:02.212513,2026-05-18T16:23:58
sp_006_00340_001,source_file_version,MI팀_시장분석 AI_시장 분석 Master Version (260422).xlsx,MI팀_시장분석 AI_시장 분석 Master Version (원본파일 점검용 재공유 2026.05.18).xlsx
sp_006_00340_001,ingested_at,2026-05-17T07:09:02.212513,2026-05-18T16:23:58
sp_006_00341_001,source_file_version,MI팀_시장분석 AI_시장 분석 Master Version (260422).xlsx,MI팀_시장분석 AI_시장 분석 Master Version (원본파일 점검용 재공유 2026.05.18).xlsx
sp_006_00341_001,ingested_at,2026-05-17T07:09:02.212513,2026-05-18T16:23:58
sp_006_00342_001,source_file_version,MI팀_시장분석 AI_시장 분석 Master Version (260422).xlsx,MI팀_시장분석 AI_시장 분석 Master Version (원본파일 점검용 재공유 2026.05.18).xlsx
sp_006_00342_001,ingested_at,2026-05-17T07:09:02.212513,2026-05-18T16:23:58
sp_006_00343_001,source_file_version,MI팀_시장분석 AI_시장 분석 Master Version (260422).xlsx,MI팀_시장분석 AI_시장 분석 Master Version (원본파일 점검용 재공유 2026.05.18).xlsx
sp_006_00343_001,ingested_at,2026-05-17T07:09:02.212513,2026-05-18T16:23:58
sp_006_00344_001,source_file_version,MI팀_시장분석 AI_시장 분석 Master Version (260422).xlsx,MI팀_시장분석 AI_시장 분석 Master Version (원본파일 점검용 재공유 2026.05.18).xlsx
sp_006_00344_001,ingested_at,2026-05-17T07:09:02.212513,2026-05-18T16:23:58
sp_006_00345_001,source_file_version,MI팀_시장분석 AI_시장 분석 Master Version (260422).xlsx,MI팀_시장분석 AI_시장 분석 Master Version (원본파일 점검용 재공유 2026.05.18).xlsx
sp_006_00345_001,ingested_at,2026-05-17T07:09:02.212513,2026-05-18T16:23:58
sp_006_00346_001,source_file_version,MI팀_시장분석 AI_시장 분석 Master Version (260422).xlsx,MI팀_시장분석 AI_시장 분석 Master Version (원본파일 점검용 재공유 2026.05.18).xlsx
sp_006_00346_001,ingested_at,2026-05-17T07:09:02.212513,2026-05-18T16:23:58
sp_006_00347_001,source_file_version,MI팀_시장분석 AI_시장 분석 Master Version (260422).xlsx,MI팀_시장분석 AI_시장 분석 Master Version (원본파일 점검용 재공유 2026.05.18).xlsx
sp_006_00347_001,ingested_at,2026-05-17T07:09:02.212513,2026-05-18T16:23:58
sp_006_00348_001,source_file_version,MI팀_시장분석 AI_시장 분석 Master Version (260422).xlsx,MI팀_시장분석 AI_시장 분석 Master Version (원본파일 점검용 재공유 2026.05.18).xlsx
sp_006_00348_001,ingested_at,2026-05-17T07:09:02.212513,2026-05-18T16:23:58
sp_006_00349_001,source_file_version,MI팀_시장분석 AI_시장 분석 Master Version (260422).xlsx,MI팀_시장분석 AI_시장 분석 Master Version (원본파일 점검용 재공유 2026.05.18).xlsx
sp_006_00349_001,ingested_at,2026-05-17T07:09:02.212513,2026-05-18T16:23:58
sp_006_00350_001,source_file_version,MI팀_시장분석 AI_시장 분석 Master Version (260422).xlsx,MI팀_시장분석 AI_시장 분석 Master Version (원본파일 점검용 재공유 2026.05.18).xlsx
sp_006_00350_001,ingested_at,2026-05-17T07:09:02.212513,2026-05-18T16:23:58
sp_006_00351_001,source_file_version,MI팀_시장분석 AI_시장 분석 Master Version (260422).xlsx,MI팀_시장분석 AI_시장 분석 Master Version (원본파일 점검용 재공유 2026.05.18).xlsx
sp_006_00351_001,ingested_at,2026-05-17T07:09:02.212513,2026-05-18T16:23:58
sp_006_00352_001,source_file_version,MI팀_시장분석 AI_시장 분석 Master Version (260422).xlsx,MI팀_시장분석 AI_시장 분석 Master Version (원본파일 점검용 재공유 2026.05.18).xlsx
sp_006_00352_001,ingested_at,2026-05-17T07:09:02.212513,2026-05-18T16:23:58
sp_006_00353_001,source_file_version,MI팀_시장분석 AI_시장 분석 Master Version (260422).xlsx,MI팀_시장분석 AI_시장 분석 Master Version (원본파일 점검용 재공유 2026.05.18).xlsx
sp_006_00353_001,ingested_at,2026-05-17T07:09:02.212513,2026-05-18T16:23:58
sp_006_00354_001,source_file_version,MI팀_시장분석 AI_시장 분석 Master Version (260422).xlsx,MI팀_시장분석 AI_시장 분석 Master Version (원본파일 점검용 재공유 2026.05.18).xlsx
sp_006_00354_001,ingested_at,2026-05-17T07:09:02.212513,2026-05-18T16:23:58
sp_006_00355_001,source_file_version,MI팀_시장분석 AI_시장 분석 Master Version (260422).xlsx,MI팀_시장분석 AI_시장 분석 Master Version (원본파일 점검용 재공유 2026.05.18).xlsx
sp_006_00355_001,ingested_at,2026-05-17T07:09:02.212513,2026-05-18T16:23:58
sp_006_00356_001,source_file_version,MI팀_시장분석 AI_시장 분석 Master Version (260422).xlsx,MI팀_시장분석 AI_시장 분석 Master Version (원본파일 점검용 재공유 2026.05.18).xlsx
sp_006_00356_001,ingested_at,2026-05-17T07:09:02.212513,2026-05-18T16:23:58
sp_006_00357_001,source_file_version,MI팀_시장분석 AI_시장 분석 Master Version (260422).xlsx,MI팀_시장분석 AI_시장 분석 Master Version (원본파일 점검용 재공유 2026.05.18).xlsx
sp_006_00357_001,ingested_at,2026-05-17T07:09:02.212513,2026-05-18T16:23:58
sp_006_00358_001,source_file_version,MI팀_시장분석 AI_시장 분석 Master Version (260422).xlsx,MI팀_시장분석 AI_시장 분석 Master Version (원본파일 점검용 재공유 2026.05.18).xlsx
sp_006_00358_001,ingested_at,2026-05-17T07:09:02.212513,2026-05-18T16:23:58
sp_006_00359_001,source_file_version,MI팀_시장분석 AI_시장 분석 Master Version (260422).xlsx,MI팀_시장분석 AI_시장 분석 Master Version (원본파일 점검용 재공유 2026.05.18).xlsx
sp_006_00359_001,ingested_at,2026-05-17T07:09:02.212513,2026-05-18T16:23:58
sp_006_00360_001,source_file_version,MI팀_시장분석 AI_시장 분석 Master Version (260422).xlsx,MI팀_시장분석 AI_시장 분석 Master Version (원본파일 점검용 재공유 2026.05.18).xlsx
sp_006_00360_001,ingested_at,2026-05-17T07:09:02.212513,2026-05-18T16:23:58
sp_006_00361_001,source_file_version,MI팀_시장분석 AI_시장 분석 Master Version (260422).xlsx,MI팀_시장분석 AI_시장 분석 Master Version (원본파일 점검용 재공유 2026.05.18).xlsx
sp_006_00361_001,ingested_at,2026-05-17T07:09:02.212513,2026-05-18T16:23:58
sp_006_00362_001,source_file_version,MI팀_시장분석 AI_시장 분석 Master Version (260422).xlsx,MI팀_시장분석 AI_시장 분석 Master Version (원본파일 점검용 재공유 2026.05.18).xlsx
sp_006_00362_001,ingested_at,2026-05-17T07:09:02.212513,2026-05-18T16:23:58
sp_006_00363_001,source_file_version,MI팀_시장분석 AI_시장 분석 Master Version (260422).xlsx,MI팀_시장분석 AI_시장 분석 Master Version (원본파일 점검용 재공유 2026.05.18).xlsx
sp_006_00363_001,ingested_at,2026-05-17T07:09:02.212513,2026-05-18T16:23:58
sp_006_00364_001,source_file_version,MI팀_시장분석 AI_시장 분석 Master Version (260422).xlsx,MI팀_시장분석 AI_시장 분석 Master Version (원본파일 점검용 재공유 2026.05.18).xlsx
sp_006_00364_001,ingested_at,2026-05-17T07:09:02.212513,2026-05-18T16:23:58
sp_006_00365_001,source_file_version,MI팀_시장분석 AI_시장 분석 Master Version (260422).xlsx,MI팀_시장분석 AI_시장 분석 Master Version (원본파일 점검용 재공유 2026.05.18).xlsx
sp_006_00365_001,ingested_at,2026-05-17T07:09:02.212513,2026-05-18T16:23:58
sp_006_00366_001,source_file_version,MI팀_시장분석 AI_시장 분석 Master Version (260422).xlsx,MI팀_시장분석 AI_시장 분석 Master Version (원본파일 점검용 재공유 2026.05.18).xlsx
sp_006_00366_001,ingested_at,2026-05-17T07:09:02.212513,2026-05-18T16:23:58
sp_006_00367_001,source_file_version,MI팀_시장분석 AI_시장 분석 Master Version (260422).xlsx,MI팀_시장분석 AI_시장 분석 Master Version (원본파일 점검용 재공유 2026.05.18).xlsx
sp_006_00367_001,ingested_at,2026-05-17T07:09:02.212513,2026-05-18T16:23:58
sp_006_00368_001,source_file_version,MI팀_시장분석 AI_시장 분석 Master Version (260422).xlsx,MI팀_시장분석 AI_시장 분석 Master Version (원본파일 점검용 재공유 2026.05.18).xlsx
sp_006_00368_001,ingested_at,2026-05-17T07:09:02.212513,2026-05-18T16:23:58
sp_006_00369_001,source_file_version,MI팀_시장분석 AI_시장 분석 Master Version (260422).xlsx,MI팀_시장분석 AI_시장 분석 Master Version (원본파일 점검용 재공유 2026.05.18).xlsx
sp_006_00369_001,ingested_at,2026-05-17T07:09:02.212513,2026-05-18T16:23:58
sp_006_00370_001,source_file_version,MI팀_시장분석 AI_시장 분석 Master Version (260422).xlsx,MI팀_시장분석 AI_시장 분석 Master Version (원본파일 점검용 재공유 2026.05.18).xlsx
sp_006_00370_001,ingested_at,2026-05-17T07:09:02.212513,2026-05-18T16:23:58
sp_006_00371_001,source_file_version,MI팀_시장분석 AI_시장 분석 Master Version (260422).xlsx,MI팀_시장분석 AI_시장 분석 Master Version (원본파일 점검용 재공유 2026.05.18).xlsx
sp_006_00371_001,ingested_at,2026-05-17T07:09:02.212513,2026-05-18T16:23:58
sp_006_00372_001,source_file_version,MI팀_시장분석 AI_시장 분석 Master Version (260422).xlsx,MI팀_시장분석 AI_시장 분석 Master Version (원본파일 점검용 재공유 2026.05.18).xlsx
sp_006_00372_001,ingested_at,2026-05-17T07:09:02.212513,2026-05-18T16:23:58
sp_006_00373_001,source_file_version,MI팀_시장분석 AI_시장 분석 Master Version (260422).xlsx,MI팀_시장분석 AI_시장 분석 Master Version (원본파일 점검용 재공유 2026.05.18).xlsx
sp_006_00373_001,ingested_at,2026-05-17T07:09:02.212513,2026-05-18T16:23:58
sp_006_00374_001,source_file_version,MI팀_시장분석 AI_시장 분석 Master Version (260422).xlsx,MI팀_시장분석 AI_시장 분석 Master Version (원본파일 점검용 재공유 2026.05.18).xlsx
sp_006_00374_001,ingested_at,2026-05-17T07:09:02.212513,2026-05-18T16:23:58
sp_006_00375_001,source_file_version,MI팀_시장분석 AI_시장 분석 Master Version (260422).xlsx,MI팀_시장분석 AI_시장 분석 Master Version (원본파일 점검용 재공유 2026.05.18).xlsx
sp_006_00375_001,ingested_at,2026-05-17T07:09:02.212513,2026-05-18T16:23:58
sp_006_00376_001,source_file_version,MI팀_시장분석 AI_시장 분석 Master Version (260422).xlsx,MI팀_시장분석 AI_시장 분석 Master Version (원본파일 점검용 재공유 2026.05.18).xlsx
sp_006_00376_001,ingested_at,2026-05-17T07:09:02.212513,2026-05-18T16:23:58
sp_006_00377_001,source_file_version,MI팀_시장분석 AI_시장 분석 Master Version (260422).xlsx,MI팀_시장분석 AI_시장 분석 Master Version (원본파일 점검용 재공유 2026.05.18).xlsx
sp_006_00377_001,ingested_at,2026-05-17T07:09:02.212513,2026-05-18T16:23:58
sp_006_00378_001,source_file_version,MI팀_시장분석 AI_시장 분석 Master Version (260422).xlsx,MI팀_시장분석 AI_시장 분석 Master Version (원본파일 점검용 재공유 2026.05.18).xlsx
sp_006_00378_001,ingested_at,2026-05-17T07:09:02.212513,2026-05-18T16:23:58
sp_006_00379_001,source_file_version,MI팀_시장분석 AI_시장 분석 Master Version (260422).xlsx,MI팀_시장분석 AI_시장 분석 Master Version (원본파일 점검용 재공유 2026.05.18).xlsx
sp_006_00379_001,ingested_at,2026-05-17T07:09:02.212513,2026-05-18T16:23:58
sp_006_00380_001,source_file_version,MI팀_시장분석 AI_시장 분석 Master Version (260422).xlsx,MI팀_시장분석 AI_시장 분석 Master Version (원본파일 점검용 재공유 2026.05.18).xlsx
sp_006_00380_001,ingested_at,2026-05-17T07:09:02.212513,2026-05-18T16:23:58
sp_006_00381_001,source_file_version,MI팀_시장분석 AI_시장 분석 Master Version (260422).xlsx,MI팀_시장분석 AI_시장 분석 Master Version (원본파일 점검용 재공유 2026.05.18).xlsx
sp_006_00381_001,ingested_at,2026-05-17T07:09:02.212513,2026-05-18T16:23:58
sp_006_00382_001,source_file_version,MI팀_시장분석 AI_시장 분석 Master Version (260422).xlsx,MI팀_시장분석 AI_시장 분석 Master Version (원본파일 점검용 재공유 2026.05.18).xlsx
sp_006_00382_001,ingested_at,2026-05-17T07:09:02.212513,2026-05-18T16:23:58
sp_006_00383_001,source_file_version,MI팀_시장분석 AI_시장 분석 Master Version (260422).xlsx,MI팀_시장분석 AI_시장 분석 Master Version (원본파일 점검용 재공유 2026.05.18).xlsx
sp_006_00383_001,ingested_at,2026-05-17T07:09:02.212513,2026-05-18T16:23:58
sp_006_00384_001,source_file_version,MI팀_시장분석 AI_시장 분석 Master Version (260422).xlsx,MI팀_시장분석 AI_시장 분석 Master Version (원본파일 점검용 재공유 2026.05.18).xlsx
sp_006_00384_001,ingested_at,2026-05-17T07:09:02.212513,2026-05-18T16:23:58
sp_006_00385_001,source_file_version,MI팀_시장분석 AI_시장 분석 Master Version (260422).xlsx,MI팀_시장분석 AI_시장 분석 Master Version (원본파일 점검용 재공유 2026.05.18).xlsx
sp_006_00385_001,ingested_at,2026-05-17T07:09:02.212513,2026-05-18T16:23:58
sp_006_00386_001,source_file_version,MI팀_시장분석 AI_시장 분석 Master Version (260422).xlsx,MI팀_시장분석 AI_시장 분석 Master Version (원본파일 점검용 재공유 2026.05.18).xlsx
sp_006_00386_001,ingested_at,2026-05-17T07:09:02.212513,2026-05-18T16:23:58
sp_006_00387_001,source_file_version,MI팀_시장분석 AI_시장 분석 Master Version (260422).xlsx,MI팀_시장분석 AI_시장 분석 Master Version (원본파일 점검용 재공유 2026.05.18).xlsx
sp_006_00387_001,ingested_at,2026-05-17T07:09:02.212513,2026-05-18T16:23:58
sp_006_00388_001,source_file_version,MI팀_시장분석 AI_시장 분석 Master Version (260422).xlsx,MI팀_시장분석 AI_시장 분석 Master Version (원본파일 점검용 재공유 2026.05.18).xlsx
sp_006_00388_001,ingested_at,2026-05-17T07:09:02.212513,2026-05-18T16:23:58
sp_006_00389_001,source_file_version,MI팀_시장분석 AI_시장 분석 Master Version (260422).xlsx,MI팀_시장분석 AI_시장 분석 Master Version (원본파일 점검용 재공유 2026.05.18).xlsx
sp_006_00389_001,ingested_at,2026-05-17T07:09:02.212513,2026-05-18T16:23:58
sp_006_00390_001,source_file_version,MI팀_시장분석 AI_시장 분석 Master Version (260422).xlsx,MI팀_시장분석 AI_시장 분석 Master Version (원본파일 점검용 재공유 2026.05.18).xlsx
sp_006_00390_001,ingested_at,2026-05-17T07:09:02.212513,2026-05-18T16:23:58
sp_006_00391_001,source_file_version,MI팀_시장분석 AI_시장 분석 Master Version (260422).xlsx,MI팀_시장분석 AI_시장 분석 Master Version (원본파일 점검용 재공유 2026.05.18).xlsx
sp_006_00391_001,ingested_at,2026-05-17T07:09:02.212513,2026-05-18T16:23:58
sp_006_00392_001,source_file_version,MI팀_시장분석 AI_시장 분석 Master Version (260422).xlsx,MI팀_시장분석 AI_시장 분석 Master Version (원본파일 점검용 재공유 2026.05.18).xlsx
sp_006_00392_001,ingested_at,2026-05-17T07:09:02.212513,2026-05-18T16:23:58
sp_006_00393_001,source_file_version,MI팀_시장분석 AI_시장 분석 Master Version (260422).xlsx,MI팀_시장분석 AI_시장 분석 Master Version (원본파일 점검용 재공유 2026.05.18).xlsx
sp_006_00393_001,ingested_at,2026-05-17T07:09:02.212513,2026-05-18T16:23:58
sp_006_00394_001,source_file_version,MI팀_시장분석 AI_시장 분석 Master Version (260422).xlsx,MI팀_시장분석 AI_시장 분석 Master Version (원본파일 점검용 재공유 2026.05.18).xlsx
sp_006_00394_001,ingested_at,2026-05-17T07:09:02.212513,2026-05-18T16:23:58
sp_006_00395_001,source_file_version,MI팀_시장분석 AI_시장 분석 Master Version (260422).xlsx,MI팀_시장분석 AI_시장 분석 Master Version (원본파일 점검용 재공유 2026.05.18).xlsx
sp_006_00395_001,ingested_at,2026-05-17T07:09:02.212513,2026-05-18T16:23:58
sp_006_00396_001,source_file_version,MI팀_시장분석 AI_시장 분석 Master Version (260422).xlsx,MI팀_시장분석 AI_시장 분석 Master Version (원본파일 점검용 재공유 2026.05.18).xlsx
sp_006_00396_001,ingested_at,2026-05-17T07:09:02.212513,2026-05-18T16:23:58
sp_006_00397_001,source_file_version,MI팀_시장분석 AI_시장 분석 Master Version (260422).xlsx,MI팀_시장분석 AI_시장 분석 Master Version (원본파일 점검용 재공유 2026.05.18).xlsx
sp_006_00397_001,ingested_at,2026-05-17T07:09:02.212513,2026-05-18T16:23:58
sp_006_00398_001,source_file_version,MI팀_시장분석 AI_시장 분석 Master Version (260422).xlsx,MI팀_시장분석 AI_시장 분석 Master Version (원본파일 점검용 재공유 2026.05.18).xlsx
sp_006_00398_001,ingested_at,2026-05-17T07:09:02.212513,2026-05-18T16:23:58
sp_006_00399_001,source_file_version,MI팀_시장분석 AI_시장 분석 Master Version (260422).xlsx,MI팀_시장분석 AI_시장 분석 Master Version (원본파일 점검용 재공유 2026.05.18).xlsx
sp_006_00399_001,ingested_at,2026-05-17T07:09:02.212513,2026-05-18T16:23:58
sp_006_00400_001,source_file_version,MI팀_시장분석 AI_시장 분석 Master Version (260422).xlsx,MI팀_시장분석 AI_시장 분석 Master Version (원본파일 점검용 재공유 2026.05.18).xlsx
sp_006_00400_001,ingested_at,2026-05-17T07:09:02.212513,2026-05-18T16:23:58
sp_006_00401_001,source_file_version,MI팀_시장분석 AI_시장 분석 Master Version (260422).xlsx,MI팀_시장분석 AI_시장 분석 Master Version (원본파일 점검용 재공유 2026.05.18).xlsx
sp_006_00401_001,ingested_at,2026-05-17T07:09:02.212513,2026-05-18T16:23:58
sp_006_00402_001,source_file_version,MI팀_시장분석 AI_시장 분석 Master Version (260422).xlsx,MI팀_시장분석 AI_시장 분석 Master Version (원본파일 점검용 재공유 2026.05.18).xlsx
sp_006_00402_001,ingested_at,2026-05-17T07:09:02.212513,2026-05-18T16:23:58
sp_006_00403_001,source_file_version,MI팀_시장분석 AI_시장 분석 Master Version (260422).xlsx,MI팀_시장분석 AI_시장 분석 Master Version (원본파일 점검용 재공유 2026.05.18).xlsx
sp_006_00403_001,ingested_at,2026-05-17T07:09:02.212513,2026-05-18T16:23:58
sp_006_00404_001,source_file_version,MI팀_시장분석 AI_시장 분석 Master Version (260422).xlsx,MI팀_시장분석 AI_시장 분석 Master Version (원본파일 점검용 재공유 2026.05.18).xlsx
sp_006_00404_001,ingested_at,2026-05-17T07:09:02.212513,2026-05-18T16:23:58
sp_006_00405_001,source_file_version,MI팀_시장분석 AI_시장 분석 Master Version (260422).xlsx,MI팀_시장분석 AI_시장 분석 Master Version (원본파일 점검용 재공유 2026.05.18).xlsx
sp_006_00405_001,ingested_at,2026-05-17T07:09:02.212513,2026-05-18T16:23:58
sp_006_00406_001,source_file_version,MI팀_시장분석 AI_시장 분석 Master Version (260422).xlsx,MI팀_시장분석 AI_시장 분석 Master Version (원본파일 점검용 재공유 2026.05.18).xlsx
sp_006_00406_001,ingested_at,2026-05-17T07:09:02.212513,2026-05-18T16:23:58
sp_006_00407_001,source_file_version,MI팀_시장분석 AI_시장 분석 Master Version (260422).xlsx,MI팀_시장분석 AI_시장 분석 Master Version (원본파일 점검용 재공유 2026.05.18).xlsx
sp_006_00407_001,ingested_at,2026-05-17T07:09:02.212513,2026-05-18T16:23:58
sp_006_00408_001,source_file_version,MI팀_시장분석 AI_시장 분석 Master Version (260422).xlsx,MI팀_시장분석 AI_시장 분석 Master Version (원본파일 점검용 재공유 2026.05.18).xlsx
sp_006_00408_001,ingested_at,2026-05-17T07:09:02.212513,2026-05-18T16:23:58
sp_006_00409_001,source_file_version,MI팀_시장분석 AI_시장 분석 Master Version (260422).xlsx,MI팀_시장분석 AI_시장 분석 Master Version (원본파일 점검용 재공유 2026.05.18).xlsx
sp_006_00409_001,ingested_at,2026-05-17T07:09:02.212513,2026-05-18T16:23:58
sp_006_00410_001,source_file_version,MI팀_시장분석 AI_시장 분석 Master Version (260422).xlsx,MI팀_시장분석 AI_시장 분석 Master Version (원본파일 점검용 재공유 2026.05.18).xlsx
sp_006_00410_001,ingested_at,2026-05-17T07:09:02.212513,2026-05-18T16:23:58
sp_006_00411_001,source_file_version,MI팀_시장분석 AI_시장 분석 Master Version (260422).xlsx,MI팀_시장분석 AI_시장 분석 Master Version (원본파일 점검용 재공유 2026.05.18).xlsx
sp_006_00411_001,ingested_at,2026-05-17T07:09:02.212513,2026-05-18T16:23:58
sp_006_00412_001,source_file_version,MI팀_시장분석 AI_시장 분석 Master Version (260422).xlsx,MI팀_시장분석 AI_시장 분석 Master Version (원본파일 점검용 재공유 2026.05.18).xlsx
sp_006_00412_001,ingested_at,2026-05-17T07:09:02.212513,2026-05-18T16:23:58
sp_006_00413_001,source_file_version,MI팀_시장분석 AI_시장 분석 Master Version (260422).xlsx,MI팀_시장분석 AI_시장 분석 Master Version (원본파일 점검용 재공유 2026.05.18).xlsx
sp_006_00413_001,ingested_at,2026-05-17T07:09:02.212513,2026-05-18T16:23:58
sp_006_00414_001,source_file_version,MI팀_시장분석 AI_시장 분석 Master Version (260422).xlsx,MI팀_시장분석 AI_시장 분석 Master Version (원본파일 점검용 재공유 2026.05.18).xlsx
sp_006_00414_001,ingested_at,2026-05-17T07:09:02.212513,2026-05-18T16:23:58
sp_006_00415_001,source_file_version,MI팀_시장분석 AI_시장 분석 Master Version (260422).xlsx,MI팀_시장분석 AI_시장 분석 Master Version (원본파일 점검용 재공유 2026.05.18).xlsx
sp_006_00415_001,ingested_at,2026-05-17T07:09:02.212513,2026-05-18T16:23:58
sp_006_00416_001,source_file_version,MI팀_시장분석 AI_시장 분석 Master Version (260422).xlsx,MI팀_시장분석 AI_시장 분석 Master Version (원본파일 점검용 재공유 2026.05.18).xlsx
sp_006_00416_001,ingested_at,2026-05-17T07:09:02.212513,2026-05-18T16:23:58
sp_006_00417_001,source_file_version,MI팀_시장분석 AI_시장 분석 Master Version (260422).xlsx,MI팀_시장분석 AI_시장 분석 Master Version (원본파일 점검용 재공유 2026.05.18).xlsx
sp_006_00417_001,ingested_at,2026-05-17T07:09:02.212513,2026-05-18T16:23:58
sp_006_00417_002,source_file_version,MI팀_시장분석 AI_시장 분석 Master Version (260422).xlsx,MI팀_시장분석 AI_시장 분석 Master Version (원본파일 점검용 재공유 2026.05.18).xlsx
sp_006_00417_002,ingested_at,2026-05-17T07:09:02.212513,2026-05-18T16:23:58
sp_006_00417_003,source_file_version,MI팀_시장분석 AI_시장 분석 Master Version (260422).xlsx,MI팀_시장분석 AI_시장 분석 Master Version (원본파일 점검용 재공유 2026.05.18).xlsx
sp_006_00417_003,ingested_at,2026-05-17T07:09:02.212513,2026-05-18T16:23:58
sp_006_00418_001,source_file_version,MI팀_시장분석 AI_시장 분석 Master Version (260422).xlsx,MI팀_시장분석 AI_시장 분석 Master Version (원본파일 점검용 재공유 2026.05.18).xlsx
sp_006_00418_001,ingested_at,2026-05-17T07:09:02.212513,2026-05-18T16:23:58
sp_006_00418_002,source_file_version,MI팀_시장분석 AI_시장 분석 Master Version (260422).xlsx,MI팀_시장분석 AI_시장 분석 Master Version (원본파일 점검용 재공유 2026.05.18).xlsx
sp_006_00418_002,ingested_at,2026-05-17T07:09:02.212513,2026-05-18T16:23:58
sp_006_00419_001,source_file_version,MI팀_시장분석 AI_시장 분석 Master Version (260422).xlsx,MI팀_시장분석 AI_시장 분석 Master Version (원본파일 점검용 재공유 2026.05.18).xlsx
sp_006_00419_001,ingested_at,2026-05-17T07:09:02.212513,2026-05-18T16:23:58
sp_006_00419_002,source_file_version,MI팀_시장분석 AI_시장 분석 Master Version (260422).xlsx,MI팀_시장분석 AI_시장 분석 Master Version (원본파일 점검용 재공유 2026.05.18).xlsx
sp_006_00419_002,ingested_at,2026-05-17T07:09:02.212513,2026-05-18T16:23:58
sp_006_00419_003,source_file_version,MI팀_시장분석 AI_시장 분석 Master Version (260422).xlsx,MI팀_시장분석 AI_시장 분석 Master Version (원본파일 점검용 재공유 2026.05.18).xlsx
sp_006_00419_003,ingested_at,2026-05-17T07:09:02.212513,2026-05-18T16:23:58
sp_006_00420_001,source_file_version,MI팀_시장분석 AI_시장 분석 Master Version (260422).xlsx,MI팀_시장분석 AI_시장 분석 Master Version (원본파일 점검용 재공유 2026.05.18).xlsx
sp_006_00420_001,ingested_at,2026-05-17T07:09:02.212513,2026-05-18T16:23:58
sp_006_00421_001,source_file_version,MI팀_시장분석 AI_시장 분석 Master Version (260422).xlsx,MI팀_시장분석 AI_시장 분석 Master Version (원본파일 점검용 재공유 2026.05.18).xlsx
sp_006_00421_001,ingested_at,2026-05-17T07:09:02.212513,2026-05-18T16:23:58
sp_006_00422_001,source_file_version,MI팀_시장분석 AI_시장 분석 Master Version (260422).xlsx,MI팀_시장분석 AI_시장 분석 Master Version (원본파일 점검용 재공유 2026.05.18).xlsx
sp_006_00422_001,ingested_at,2026-05-17T07:09:02.212513,2026-05-18T16:23:58
sp_006_00422_002,source_file_version,MI팀_시장분석 AI_시장 분석 Master Version (260422).xlsx,MI팀_시장분석 AI_시장 분석 Master Version (원본파일 점검용 재공유 2026.05.18).xlsx
sp_006_00422_002,ingested_at,2026-05-17T07:09:02.212513,2026-05-18T16:23:58
sp_006_00423_001,source_file_version,MI팀_시장분석 AI_시장 분석 Master Version (260422).xlsx,MI팀_시장분석 AI_시장 분석 Master Version (원본파일 점검용 재공유 2026.05.18).xlsx
sp_006_00423_001,ingested_at,2026-05-17T07:09:02.212513,2026-05-18T16:23:58
sp_006_00424_001,source_file_version,MI팀_시장분석 AI_시장 분석 Master Version (260422).xlsx,MI팀_시장분석 AI_시장 분석 Master Version (원본파일 점검용 재공유 2026.05.18).xlsx
sp_006_00424_001,ingested_at,2026-05-17T07:09:02.212513,2026-05-18T16:23:58
sp_006_00424_002,source_file_version,MI팀_시장분석 AI_시장 분석 Master Version (260422).xlsx,MI팀_시장분석 AI_시장 분석 Master Version (원본파일 점검용 재공유 2026.05.18).xlsx
sp_006_00424_002,ingested_at,2026-05-17T07:09:02.212513,2026-05-18T16:23:58
sp_006_00425_001,source_file_version,MI팀_시장분석 AI_시장 분석 Master Version (260422).xlsx,MI팀_시장분석 AI_시장 분석 Master Version (원본파일 점검용 재공유 2026.05.18).xlsx
sp_006_00425_001,ingested_at,2026-05-17T07:09:02.212513,2026-05-18T16:23:58
sp_006_00425_002,source_file_version,MI팀_시장분석 AI_시장 분석 Master Version (260422).xlsx,MI팀_시장분석 AI_시장 분석 Master Version (원본파일 점검용 재공유 2026.05.18).xlsx
sp_006_00425_002,ingested_at,2026-05-17T07:09:02.212513,2026-05-18T16:23:58
sp_006_00425_003,source_file_version,MI팀_시장분석 AI_시장 분석 Master Version (260422).xlsx,MI팀_시장분석 AI_시장 분석 Master Version (원본파일 점검용 재공유 2026.05.18).xlsx
sp_006_00425_003,ingested_at,2026-05-17T07:09:02.212513,2026-05-18T16:23:58
sp_006_00426_001,source_file_version,MI팀_시장분석 AI_시장 분석 Master Version (260422).xlsx,MI팀_시장분석 AI_시장 분석 Master Version (원본파일 점검용 재공유 2026.05.18).xlsx
sp_006_00426_001,ingested_at,2026-05-17T07:09:02.212513,2026-05-18T16:23:58
sp_006_00427_001,source_file_version,MI팀_시장분석 AI_시장 분석 Master Version (260422).xlsx,MI팀_시장분석 AI_시장 분석 Master Version (원본파일 점검용 재공유 2026.05.18).xlsx
sp_006_00427_001,ingested_at,2026-05-17T07:09:02.212513,2026-05-18T16:23:58
sp_006_00428_001,source_file_version,MI팀_시장분석 AI_시장 분석 Master Version (260422).xlsx,MI팀_시장분석 AI_시장 분석 Master Version (원본파일 점검용 재공유 2026.05.18).xlsx
sp_006_00428_001,ingested_at,2026-05-17T07:09:02.212513,2026-05-18T16:23:58
sp_006_00428_002,source_file_version,MI팀_시장분석 AI_시장 분석 Master Version (260422).xlsx,MI팀_시장분석 AI_시장 분석 Master Version (원본파일 점검용 재공유 2026.05.18).xlsx
sp_006_00428_002,ingested_at,2026-05-17T07:09:02.212513,2026-05-18T16:23:58
sp_006_00429_001,source_file_version,MI팀_시장분석 AI_시장 분석 Master Version (260422).xlsx,MI팀_시장분석 AI_시장 분석 Master Version (원본파일 점검용 재공유 2026.05.18).xlsx
sp_006_00429_001,ingested_at,2026-05-17T07:09:02.212513,2026-05-18T16:23:58
sp_006_00429_002,source_file_version,MI팀_시장분석 AI_시장 분석 Master Version (260422).xlsx,MI팀_시장분석 AI_시장 분석 Master Version (원본파일 점검용 재공유 2026.05.18).xlsx
sp_006_00429_002,ingested_at,2026-05-17T07:09:02.212513,2026-05-18T16:23:58
sp_006_00429_003,source_file_version,MI팀_시장분석 AI_시장 분석 Master Version (260422).xlsx,MI팀_시장분석 AI_시장 분석 Master Version (원본파일 점검용 재공유 2026.05.18).xlsx
sp_006_00429_003,ingested_at,2026-05-17T07:09:02.212513,2026-05-18T16:23:58
sp_006_00430_001,source_file_version,MI팀_시장분석 AI_시장 분석 Master Version (260422).xlsx,MI팀_시장분석 AI_시장 분석 Master Version (원본파일 점검용 재공유 2026.05.18).xlsx
sp_006_00430_001,ingested_at,2026-05-17T07:09:02.212513,2026-05-18T16:23:58
sp_006_00430_002,source_file_version,MI팀_시장분석 AI_시장 분석 Master Version (260422).xlsx,MI팀_시장분석 AI_시장 분석 Master Version (원본파일 점검용 재공유 2026.05.18).xlsx
sp_006_00430_002,ingested_at,2026-05-17T07:09:02.212513,2026-05-18T16:23:58
sp_006_00430_003,source_file_version,MI팀_시장분석 AI_시장 분석 Master Version (260422).xlsx,MI팀_시장분석 AI_시장 분석 Master Version (원본파일 점검용 재공유 2026.05.18).xlsx
sp_006_00430_003,ingested_at,2026-05-17T07:09:02.212513,2026-05-18T16:23:58
sp_006_00431_001,source_file_version,MI팀_시장분석 AI_시장 분석 Master Version (260422).xlsx,MI팀_시장분석 AI_시장 분석 Master Version (원본파일 점검용 재공유 2026.05.18).xlsx
sp_006_00431_001,ingested_at,2026-05-17T07:09:02.212513,2026-05-18T16:23:58
sp_006_00432_001,source_file_version,MI팀_시장분석 AI_시장 분석 Master Version (260422).xlsx,MI팀_시장분석 AI_시장 분석 Master Version (원본파일 점검용 재공유 2026.05.18).xlsx
sp_006_00432_001,ingested_at,2026-05-17T07:09:02.212513,2026-05-18T16:23:58
sp_006_00432_002,source_file_version,MI팀_시장분석 AI_시장 분석 Master Version (260422).xlsx,MI팀_시장분석 AI_시장 분석 Master Version (원본파일 점검용 재공유 2026.05.18).xlsx
sp_006_00432_002,ingested_at,2026-05-17T07:09:02.212513,2026-05-18T16:23:58
sp_006_00432_003,source_file_version,MI팀_시장분석 AI_시장 분석 Master Version (260422).xlsx,MI팀_시장분석 AI_시장 분석 Master Version (원본파일 점검용 재공유 2026.05.18).xlsx
sp_006_00432_003,ingested_at,2026-05-17T07:09:02.212513,2026-05-18T16:23:58
sp_006_00433_001,source_file_version,MI팀_시장분석 AI_시장 분석 Master Version (260422).xlsx,MI팀_시장분석 AI_시장 분석 Master Version (원본파일 점검용 재공유 2026.05.18).xlsx
sp_006_00433_001,ingested_at,2026-05-17T07:09:02.212513,2026-05-18T16:23:58
sp_006_00433_002,source_file_version,MI팀_시장분석 AI_시장 분석 Master Version (260422).xlsx,MI팀_시장분석 AI_시장 분석 Master Version (원본파일 점검용 재공유 2026.05.18).xlsx
sp_006_00433_002,ingested_at,2026-05-17T07:09:02.212513,2026-05-18T16:23:58
sp_006_00433_003,source_file_version,MI팀_시장분석 AI_시장 분석 Master Version (260422).xlsx,MI팀_시장분석 AI_시장 분석 Master Version (원본파일 점검용 재공유 2026.05.18).xlsx
sp_006_00433_003,ingested_at,2026-05-17T07:09:02.212513,2026-05-18T16:23:58
sp_006_00434_001,source_file_version,MI팀_시장분석 AI_시장 분석 Master Version (260422).xlsx,MI팀_시장분석 AI_시장 분석 Master Version (원본파일 점검용 재공유 2026.05.18).xlsx
sp_006_00434_001,ingested_at,2026-05-17T07:09:02.212513,2026-05-18T16:23:58
sp_006_00435_001,source_file_version,MI팀_시장분석 AI_시장 분석 Master Version (260422).xlsx,MI팀_시장분석 AI_시장 분석 Master Version (원본파일 점검용 재공유 2026.05.18).xlsx
sp_006_00435_001,ingested_at,2026-05-17T07:09:02.212513,2026-05-18T16:23:58
sp_006_00436_001,source_file_version,MI팀_시장분석 AI_시장 분석 Master Version (260422).xlsx,MI팀_시장분석 AI_시장 분석 Master Version (원본파일 점검용 재공유 2026.05.18).xlsx
sp_006_00436_001,ingested_at,2026-05-17T07:09:02.212513,2026-05-18T16:23:58
sp_006_00437_001,source_file_version,MI팀_시장분석 AI_시장 분석 Master Version (260422).xlsx,MI팀_시장분석 AI_시장 분석 Master Version (원본파일 점검용 재공유 2026.05.18).xlsx
sp_006_00437_001,ingested_at,2026-05-17T07:09:02.212513,2026-05-18T16:23:58
sp_006_00438_001,source_file_version,MI팀_시장분석 AI_시장 분석 Master Version (260422).xlsx,MI팀_시장분석 AI_시장 분석 Master Version (원본파일 점검용 재공유 2026.05.18).xlsx
sp_006_00438_001,ingested_at,2026-05-17T07:09:02.212513,2026-05-18T16:23:58
sp_006_00439_001,source_file_version,MI팀_시장분석 AI_시장 분석 Master Version (260422).xlsx,MI팀_시장분석 AI_시장 분석 Master Version (원본파일 점검용 재공유 2026.05.18).xlsx
sp_006_00439_001,ingested_at,2026-05-17T07:09:02.212513,2026-05-18T16:23:58
sp_006_00440_001,source_file_version,MI팀_시장분석 AI_시장 분석 Master Version (260422).xlsx,MI팀_시장분석 AI_시장 분석 Master Version (원본파일 점검용 재공유 2026.05.18).xlsx
sp_006_00440_001,ingested_at,2026-05-17T07:09:02.212513,2026-05-18T16:23:58
sp_006_00441_001,source_file_version,MI팀_시장분석 AI_시장 분석 Master Version (260422).xlsx,MI팀_시장분석 AI_시장 분석 Master Version (원본파일 점검용 재공유 2026.05.18).xlsx
sp_006_00441_001,ingested_at,2026-05-17T07:09:02.212513,2026-05-18T16:23:58
sp_006_00442_001,source_file_version,MI팀_시장분석 AI_시장 분석 Master Version (260422).xlsx,MI팀_시장분석 AI_시장 분석 Master Version (원본파일 점검용 재공유 2026.05.18).xlsx
sp_006_00442_001,ingested_at,2026-05-17T07:09:02.212513,2026-05-18T16:23:58
sp_006_00443_001,source_file_version,MI팀_시장분석 AI_시장 분석 Master Version (260422).xlsx,MI팀_시장분석 AI_시장 분석 Master Version (원본파일 점검용 재공유 2026.05.18).xlsx
sp_006_00443_001,ingested_at,2026-05-17T07:09:02.212513,2026-05-18T16:23:58
sp_006_00444_001,source_file_version,MI팀_시장분석 AI_시장 분석 Master Version (260422).xlsx,MI팀_시장분석 AI_시장 분석 Master Version (원본파일 점검용 재공유 2026.05.18).xlsx
sp_006_00444_001,ingested_at,2026-05-17T07:09:02.212513,2026-05-18T16:23:58
sp_006_00444_002,source_file_version,MI팀_시장분석 AI_시장 분석 Master Version (260422).xlsx,MI팀_시장분석 AI_시장 분석 Master Version (원본파일 점검용 재공유 2026.05.18).xlsx
sp_006_00444_002,ingested_at,2026-05-17T07:09:02.212513,2026-05-18T16:23:58
sp_006_00444_003,source_file_version,MI팀_시장분석 AI_시장 분석 Master Version (260422).xlsx,MI팀_시장분석 AI_시장 분석 Master Version (원본파일 점검용 재공유 2026.05.18).xlsx
sp_006_00444_003,ingested_at,2026-05-17T07:09:02.212513,2026-05-18T16:23:58
sp_006_00445_001,source_file_version,MI팀_시장분석 AI_시장 분석 Master Version (260422).xlsx,MI팀_시장분석 AI_시장 분석 Master Version (원본파일 점검용 재공유 2026.05.18).xlsx
sp_006_00445_001,ingested_at,2026-05-17T07:09:02.212513,2026-05-18T16:23:58
sp_006_00446_001,source_file_version,MI팀_시장분석 AI_시장 분석 Master Version (260422).xlsx,MI팀_시장분석 AI_시장 분석 Master Version (원본파일 점검용 재공유 2026.05.18).xlsx
sp_006_00446_001,ingested_at,2026-05-17T07:09:02.212513,2026-05-18T16:23:58
sp_006_00447_001,source_file_version,MI팀_시장분석 AI_시장 분석 Master Version (260422).xlsx,MI팀_시장분석 AI_시장 분석 Master Version (원본파일 점검용 재공유 2026.05.18).xlsx
sp_006_00447_001,ingested_at,2026-05-17T07:09:02.212513,2026-05-18T16:23:58
sp_006_00448_001,source_file_version,MI팀_시장분석 AI_시장 분석 Master Version (260422).xlsx,MI팀_시장분석 AI_시장 분석 Master Version (원본파일 점검용 재공유 2026.05.18).xlsx
sp_006_00448_001,ingested_at,2026-05-17T07:09:02.212513,2026-05-18T16:23:58
sp_006_00449_001,source_file_version,MI팀_시장분석 AI_시장 분석 Master Version (260422).xlsx,MI팀_시장분석 AI_시장 분석 Master Version (원본파일 점검용 재공유 2026.05.18).xlsx
sp_006_00449_001,ingested_at,2026-05-17T07:09:02.212513,2026-05-18T16:23:58
sp_006_00450_001,source_file_version,MI팀_시장분석 AI_시장 분석 Master Version (260422).xlsx,MI팀_시장분석 AI_시장 분석 Master Version (원본파일 점검용 재공유 2026.05.18).xlsx
sp_006_00450_001,ingested_at,2026-05-17T07:09:02.212513,2026-05-18T16:23:58
sp_006_00450_002,source_file_version,MI팀_시장분석 AI_시장 분석 Master Version (260422).xlsx,MI팀_시장분석 AI_시장 분석 Master Version (원본파일 점검용 재공유 2026.05.18).xlsx
sp_006_00450_002,ingested_at,2026-05-17T07:09:02.212513,2026-05-18T16:23:58
sp_006_00450_003,source_file_version,MI팀_시장분석 AI_시장 분석 Master Version (260422).xlsx,MI팀_시장분석 AI_시장 분석 Master Version (원본파일 점검용 재공유 2026.05.18).xlsx
sp_006_00450_003,ingested_at,2026-05-17T07:09:02.212513,2026-05-18T16:23:58
sp_006_00451_001,source_file_version,MI팀_시장분석 AI_시장 분석 Master Version (260422).xlsx,MI팀_시장분석 AI_시장 분석 Master Version (원본파일 점검용 재공유 2026.05.18).xlsx
sp_006_00451_001,ingested_at,2026-05-17T07:09:02.212513,2026-05-18T16:23:58
sp_006_00452_001,source_file_version,MI팀_시장분석 AI_시장 분석 Master Version (260422).xlsx,MI팀_시장분석 AI_시장 분석 Master Version (원본파일 점검용 재공유 2026.05.18).xlsx
sp_006_00452_001,ingested_at,2026-05-17T07:09:02.212513,2026-05-18T16:23:58
sp_006_00453_001,source_file_version,MI팀_시장분석 AI_시장 분석 Master Version (260422).xlsx,MI팀_시장분석 AI_시장 분석 Master Version (원본파일 점검용 재공유 2026.05.18).xlsx
sp_006_00453_001,ingested_at,2026-05-17T07:09:02.212513,2026-05-18T16:23:58
sp_006_00454_001,source_file_version,MI팀_시장분석 AI_시장 분석 Master Version (260422).xlsx,MI팀_시장분석 AI_시장 분석 Master Version (원본파일 점검용 재공유 2026.05.18).xlsx
sp_006_00454_001,ingested_at,2026-05-17T07:09:02.212513,2026-05-18T16:23:58
sp_006_00454_002,source_file_version,MI팀_시장분석 AI_시장 분석 Master Version (260422).xlsx,MI팀_시장분석 AI_시장 분석 Master Version (원본파일 점검용 재공유 2026.05.18).xlsx
sp_006_00454_002,ingested_at,2026-05-17T07:09:02.212513,2026-05-18T16:23:58
sp_006_00455_001,source_file_version,MI팀_시장분석 AI_시장 분석 Master Version (260422).xlsx,MI팀_시장분석 AI_시장 분석 Master Version (원본파일 점검용 재공유 2026.05.18).xlsx
sp_006_00455_001,ingested_at,2026-05-17T07:09:02.212513,2026-05-18T16:23:58
sp_006_00456_001,source_file_version,MI팀_시장분석 AI_시장 분석 Master Version (260422).xlsx,MI팀_시장분석 AI_시장 분석 Master Version (원본파일 점검용 재공유 2026.05.18).xlsx
sp_006_00456_001,ingested_at,2026-05-17T07:09:02.212513,2026-05-18T16:23:58
sp_006_00456_002,source_file_version,MI팀_시장분석 AI_시장 분석 Master Version (260422).xlsx,MI팀_시장분석 AI_시장 분석 Master Version (원본파일 점검용 재공유 2026.05.18).xlsx
sp_006_00456_002,ingested_at,2026-05-17T07:09:02.212513,2026-05-18T16:23:58
sp_006_00456_003,source_file_version,MI팀_시장분석 AI_시장 분석 Master Version (260422).xlsx,MI팀_시장분석 AI_시장 분석 Master Version (원본파일 점검용 재공유 2026.05.18).xlsx
sp_006_00456_003,ingested_at,2026-05-17T07:09:02.212513,2026-05-18T16:23:58
sp_006_00457_001,source_file_version,MI팀_시장분석 AI_시장 분석 Master Version (260422).xlsx,MI팀_시장분석 AI_시장 분석 Master Version (원본파일 점검용 재공유 2026.05.18).xlsx
sp_006_00457_001,ingested_at,2026-05-17T07:09:02.212513,2026-05-18T16:23:58
sp_006_00458_001,source_file_version,MI팀_시장분석 AI_시장 분석 Master Version (260422).xlsx,MI팀_시장분석 AI_시장 분석 Master Version (원본파일 점검용 재공유 2026.05.18).xlsx
sp_006_00458_001,ingested_at,2026-05-17T07:09:02.212513,2026-05-18T16:23:58
sp_006_00459_001,source_file_version,MI팀_시장분석 AI_시장 분석 Master Version (260422).xlsx,MI팀_시장분석 AI_시장 분석 Master Version (원본파일 점검용 재공유 2026.05.18).xlsx
sp_006_00459_001,ingested_at,2026-05-17T07:09:02.212513,2026-05-18T16:23:58
sp_006_00460_001,source_file_version,MI팀_시장분석 AI_시장 분석 Master Version (260422).xlsx,MI팀_시장분석 AI_시장 분석 Master Version (원본파일 점검용 재공유 2026.05.18).xlsx
sp_006_00460_001,ingested_at,2026-05-17T07:09:02.212513,2026-05-18T16:23:58
sp_006_00461_001,source_file_version,MI팀_시장분석 AI_시장 분석 Master Version (260422).xlsx,MI팀_시장분석 AI_시장 분석 Master Version (원본파일 점검용 재공유 2026.05.18).xlsx
sp_006_00461_001,ingested_at,2026-05-17T07:09:02.212513,2026-05-18T16:23:58
sp_006_00462_001,source_file_version,MI팀_시장분석 AI_시장 분석 Master Version (260422).xlsx,MI팀_시장분석 AI_시장 분석 Master Version (원본파일 점검용 재공유 2026.05.18).xlsx
sp_006_00462_001,ingested_at,2026-05-17T07:09:02.212513,2026-05-18T16:23:58
sp_006_00463_001,source_file_version,MI팀_시장분석 AI_시장 분석 Master Version (260422).xlsx,MI팀_시장분석 AI_시장 분석 Master Version (원본파일 점검용 재공유 2026.05.18).xlsx
sp_006_00463_001,ingested_at,2026-05-17T07:09:02.212513,2026-05-18T16:23:58
sp_006_00464_001,source_file_version,MI팀_시장분석 AI_시장 분석 Master Version (260422).xlsx,MI팀_시장분석 AI_시장 분석 Master Version (원본파일 점검용 재공유 2026.05.18).xlsx
sp_006_00464_001,ingested_at,2026-05-17T07:09:02.212513,2026-05-18T16:23:58
sp_006_00465_001,source_file_version,MI팀_시장분석 AI_시장 분석 Master Version (260422).xlsx,MI팀_시장분석 AI_시장 분석 Master Version (원본파일 점검용 재공유 2026.05.18).xlsx
sp_006_00465_001,ingested_at,2026-05-17T07:09:02.212513,2026-05-18T16:23:58
sp_006_00466_001,source_file_version,MI팀_시장분석 AI_시장 분석 Master Version (260422).xlsx,MI팀_시장분석 AI_시장 분석 Master Version (원본파일 점검용 재공유 2026.05.18).xlsx
sp_006_00466_001,ingested_at,2026-05-17T07:09:02.212513,2026-05-18T16:23:58
sp_006_00467_001,source_file_version,MI팀_시장분석 AI_시장 분석 Master Version (260422).xlsx,MI팀_시장분석 AI_시장 분석 Master Version (원본파일 점검용 재공유 2026.05.18).xlsx
sp_006_00467_001,ingested_at,2026-05-17T07:09:02.212513,2026-05-18T16:23:58
sp_006_00468_001,source_file_version,MI팀_시장분석 AI_시장 분석 Master Version (260422).xlsx,MI팀_시장분석 AI_시장 분석 Master Version (원본파일 점검용 재공유 2026.05.18).xlsx
sp_006_00468_001,ingested_at,2026-05-17T07:09:02.212513,2026-05-18T16:23:58
sp_006_00469_001,source_file_version,MI팀_시장분석 AI_시장 분석 Master Version (260422).xlsx,MI팀_시장분석 AI_시장 분석 Master Version (원본파일 점검용 재공유 2026.05.18).xlsx
sp_006_00469_001,ingested_at,2026-05-17T07:09:02.212513,2026-05-18T16:23:58
sp_006_00470_001,source_file_version,MI팀_시장분석 AI_시장 분석 Master Version (260422).xlsx,MI팀_시장분석 AI_시장 분석 Master Version (원본파일 점검용 재공유 2026.05.18).xlsx
sp_006_00470_001,ingested_at,2026-05-17T07:09:02.212513,2026-05-18T16:23:58
sp_006_00471_001,source_file_version,MI팀_시장분석 AI_시장 분석 Master Version (260422).xlsx,MI팀_시장분석 AI_시장 분석 Master Version (원본파일 점검용 재공유 2026.05.18).xlsx
sp_006_00471_001,ingested_at,2026-05-17T07:09:02.212513,2026-05-18T16:23:58
sp_006_00472_001,source_file_version,MI팀_시장분석 AI_시장 분석 Master Version (260422).xlsx,MI팀_시장분석 AI_시장 분석 Master Version (원본파일 점검용 재공유 2026.05.18).xlsx
sp_006_00472_001,ingested_at,2026-05-17T07:09:02.212513,2026-05-18T16:23:58
sp_006_00473_001,source_file_version,MI팀_시장분석 AI_시장 분석 Master Version (260422).xlsx,MI팀_시장분석 AI_시장 분석 Master Version (원본파일 점검용 재공유 2026.05.18).xlsx
sp_006_00473_001,ingested_at,2026-05-17T07:09:02.212513,2026-05-18T16:23:58
sp_006_00474_001,source_file_version,MI팀_시장분석 AI_시장 분석 Master Version (260422).xlsx,MI팀_시장분석 AI_시장 분석 Master Version (원본파일 점검용 재공유 2026.05.18).xlsx
sp_006_00474_001,ingested_at,2026-05-17T07:09:02.212513,2026-05-18T16:23:58
sp_006_00475_001,source_file_version,MI팀_시장분석 AI_시장 분석 Master Version (260422).xlsx,MI팀_시장분석 AI_시장 분석 Master Version (원본파일 점검용 재공유 2026.05.18).xlsx
sp_006_00475_001,ingested_at,2026-05-17T07:09:02.212513,2026-05-18T16:23:58
sp_006_00476_001,source_file_version,MI팀_시장분석 AI_시장 분석 Master Version (260422).xlsx,MI팀_시장분석 AI_시장 분석 Master Version (원본파일 점검용 재공유 2026.05.18).xlsx
sp_006_00476_001,ingested_at,2026-05-17T07:09:02.212513,2026-05-18T16:23:58
sp_006_00477_001,source_file_version,MI팀_시장분석 AI_시장 분석 Master Version (260422).xlsx,MI팀_시장분석 AI_시장 분석 Master Version (원본파일 점검용 재공유 2026.05.18).xlsx
sp_006_00477_001,ingested_at,2026-05-17T07:09:02.212513,2026-05-18T16:23:58
sp_006_00478_001,source_file_version,MI팀_시장분석 AI_시장 분석 Master Version (260422).xlsx,MI팀_시장분석 AI_시장 분석 Master Version (원본파일 점검용 재공유 2026.05.18).xlsx
sp_006_00478_001,ingested_at,2026-05-17T07:09:02.212513,2026-05-18T16:23:58
sp_006_00479_001,source_file_version,MI팀_시장분석 AI_시장 분석 Master Version (260422).xlsx,MI팀_시장분석 AI_시장 분석 Master Version (원본파일 점검용 재공유 2026.05.18).xlsx
sp_006_00479_001,ingested_at,2026-05-17T07:09:02.212513,2026-05-18T16:23:58
sp_006_00480_001,source_file_version,MI팀_시장분석 AI_시장 분석 Master Version (260422).xlsx,MI팀_시장분석 AI_시장 분석 Master Version (원본파일 점검용 재공유 2026.05.18).xlsx
sp_006_00480_001,ingested_at,2026-05-17T07:09:02.212513,2026-05-18T16:23:58
sp_006_00481_001,source_file_version,MI팀_시장분석 AI_시장 분석 Master Version (260422).xlsx,MI팀_시장분석 AI_시장 분석 Master Version (원본파일 점검용 재공유 2026.05.18).xlsx
sp_006_00481_001,ingested_at,2026-05-17T07:09:02.212513,2026-05-18T16:23:58
sp_006_00482_001,source_file_version,MI팀_시장분석 AI_시장 분석 Master Version (260422).xlsx,MI팀_시장분석 AI_시장 분석 Master Version (원본파일 점검용 재공유 2026.05.18).xlsx
sp_006_00482_001,ingested_at,2026-05-17T07:09:02.212513,2026-05-18T16:23:58
sp_006_00483_001,source_file_version,MI팀_시장분석 AI_시장 분석 Master Version (260422).xlsx,MI팀_시장분석 AI_시장 분석 Master Version (원본파일 점검용 재공유 2026.05.18).xlsx
sp_006_00483_001,ingested_at,2026-05-17T07:09:02.212513,2026-05-18T16:23:58
sp_006_00484_001,source_file_version,MI팀_시장분석 AI_시장 분석 Master Version (260422).xlsx,MI팀_시장분석 AI_시장 분석 Master Version (원본파일 점검용 재공유 2026.05.18).xlsx
sp_006_00484_001,ingested_at,2026-05-17T07:09:02.212513,2026-05-18T16:23:58
sp_006_00485_001,source_file_version,MI팀_시장분석 AI_시장 분석 Master Version (260422).xlsx,MI팀_시장분석 AI_시장 분석 Master Version (원본파일 점검용 재공유 2026.05.18).xlsx
sp_006_00485_001,ingested_at,2026-05-17T07:09:02.212513,2026-05-18T16:23:58
sp_006_00486_001,source_file_version,MI팀_시장분석 AI_시장 분석 Master Version (260422).xlsx,MI팀_시장분석 AI_시장 분석 Master Version (원본파일 점검용 재공유 2026.05.18).xlsx
sp_006_00486_001,ingested_at,2026-05-17T07:09:02.212513,2026-05-18T16:23:58
sp_006_00487_001,source_file_version,MI팀_시장분석 AI_시장 분석 Master Version (260422).xlsx,MI팀_시장분석 AI_시장 분석 Master Version (원본파일 점검용 재공유 2026.05.18).xlsx
sp_006_00487_001,ingested_at,2026-05-17T07:09:02.212513,2026-05-18T16:23:58
sp_006_00488_001,source_file_version,MI팀_시장분석 AI_시장 분석 Master Version (260422).xlsx,MI팀_시장분석 AI_시장 분석 Master Version (원본파일 점검용 재공유 2026.05.18).xlsx
sp_006_00488_001,ingested_at,2026-05-17T07:09:02.212513,2026-05-18T16:23:58
sp_006_00489_001,source_file_version,MI팀_시장분석 AI_시장 분석 Master Version (260422).xlsx,MI팀_시장분석 AI_시장 분석 Master Version (원본파일 점검용 재공유 2026.05.18).xlsx
sp_006_00489_001,ingested_at,2026-05-17T07:09:02.212513,2026-05-18T16:23:58
sp_006_00490_001,source_file_version,MI팀_시장분석 AI_시장 분석 Master Version (260422).xlsx,MI팀_시장분석 AI_시장 분석 Master Version (원본파일 점검용 재공유 2026.05.18).xlsx
sp_006_00490_001,ingested_at,2026-05-17T07:09:02.212513,2026-05-18T16:23:58
sp_006_00491_001,source_file_version,MI팀_시장분석 AI_시장 분석 Master Version (260422).xlsx,MI팀_시장분석 AI_시장 분석 Master Version (원본파일 점검용 재공유 2026.05.18).xlsx
sp_006_00491_001,ingested_at,2026-05-17T07:09:02.212513,2026-05-18T16:23:58
sp_006_00492_001,source_file_version,MI팀_시장분석 AI_시장 분석 Master Version (260422).xlsx,MI팀_시장분석 AI_시장 분석 Master Version (원본파일 점검용 재공유 2026.05.18).xlsx
sp_006_00492_001,ingested_at,2026-05-17T07:09:02.212513,2026-05-18T16:23:58
sp_006_00493_001,source_file_version,MI팀_시장분석 AI_시장 분석 Master Version (260422).xlsx,MI팀_시장분석 AI_시장 분석 Master Version (원본파일 점검용 재공유 2026.05.18).xlsx
sp_006_00493_001,ingested_at,2026-05-17T07:09:02.212513,2026-05-18T16:23:58
sp_006_00494_001,source_file_version,MI팀_시장분석 AI_시장 분석 Master Version (260422).xlsx,MI팀_시장분석 AI_시장 분석 Master Version (원본파일 점검용 재공유 2026.05.18).xlsx
sp_006_00494_001,ingested_at,2026-05-17T07:09:02.212513,2026-05-18T16:23:58
sp_006_00495_001,source_file_version,MI팀_시장분석 AI_시장 분석 Master Version (260422).xlsx,MI팀_시장분석 AI_시장 분석 Master Version (원본파일 점검용 재공유 2026.05.18).xlsx
sp_006_00495_001,ingested_at,2026-05-17T07:09:02.212513,2026-05-18T16:23:58
sp_006_00496_001,source_file_version,MI팀_시장분석 AI_시장 분석 Master Version (260422).xlsx,MI팀_시장분석 AI_시장 분석 Master Version (원본파일 점검용 재공유 2026.05.18).xlsx
sp_006_00496_001,ingested_at,2026-05-17T07:09:02.212513,2026-05-18T16:23:58
sp_006_00497_001,source_file_version,MI팀_시장분석 AI_시장 분석 Master Version (260422).xlsx,MI팀_시장분석 AI_시장 분석 Master Version (원본파일 점검용 재공유 2026.05.18).xlsx
sp_006_00497_001,ingested_at,2026-05-17T07:09:02.212513,2026-05-18T16:23:58
sp_006_00498_001,source_file_version,MI팀_시장분석 AI_시장 분석 Master Version (260422).xlsx,MI팀_시장분석 AI_시장 분석 Master Version (원본파일 점검용 재공유 2026.05.18).xlsx
sp_006_00498_001,ingested_at,2026-05-17T07:09:02.212513,2026-05-18T16:23:58
sp_006_00499_001,source_file_version,MI팀_시장분석 AI_시장 분석 Master Version (260422).xlsx,MI팀_시장분석 AI_시장 분석 Master Version (원본파일 점검용 재공유 2026.05.18).xlsx
sp_006_00499_001,ingested_at,2026-05-17T07:09:02.212513,2026-05-18T16:23:58
sp_006_00500_001,source_file_version,MI팀_시장분석 AI_시장 분석 Master Version (260422).xlsx,MI팀_시장분석 AI_시장 분석 Master Version (원본파일 점검용 재공유 2026.05.18).xlsx
sp_006_00500_001,ingested_at,2026-05-17T07:09:02.212513,2026-05-18T16:23:58
sp_006_00501_001,source_file_version,MI팀_시장분석 AI_시장 분석 Master Version (260422).xlsx,MI팀_시장분석 AI_시장 분석 Master Version (원본파일 점검용 재공유 2026.05.18).xlsx
sp_006_00501_001,ingested_at,2026-05-17T07:09:02.212513,2026-05-18T16:23:58
sp_006_00502_001,source_file_version,MI팀_시장분석 AI_시장 분석 Master Version (260422).xlsx,MI팀_시장분석 AI_시장 분석 Master Version (원본파일 점검용 재공유 2026.05.18).xlsx
sp_006_00502_001,ingested_at,2026-05-17T07:09:02.212513,2026-05-18T16:23:58
sp_006_00503_001,source_file_version,MI팀_시장분석 AI_시장 분석 Master Version (260422).xlsx,MI팀_시장분석 AI_시장 분석 Master Version (원본파일 점검용 재공유 2026.05.18).xlsx
sp_006_00503_001,ingested_at,2026-05-17T07:09:02.212513,2026-05-18T16:23:58
sp_006_00504_001,source_file_version,MI팀_시장분석 AI_시장 분석 Master Version (260422).xlsx,MI팀_시장분석 AI_시장 분석 Master Version (원본파일 점검용 재공유 2026.05.18).xlsx
sp_006_00504_001,ingested_at,2026-05-17T07:09:02.212513,2026-05-18T16:23:58
sp_006_00505_001,source_file_version,MI팀_시장분석 AI_시장 분석 Master Version (260422).xlsx,MI팀_시장분석 AI_시장 분석 Master Version (원본파일 점검용 재공유 2026.05.18).xlsx
sp_006_00505_001,ingested_at,2026-05-17T07:09:02.212513,2026-05-18T16:23:58
sp_006_00506_001,source_file_version,MI팀_시장분석 AI_시장 분석 Master Version (260422).xlsx,MI팀_시장분석 AI_시장 분석 Master Version (원본파일 점검용 재공유 2026.05.18).xlsx
sp_006_00506_001,ingested_at,2026-05-17T07:09:02.212513,2026-05-18T16:23:58
sp_006_00507_001,source_file_version,MI팀_시장분석 AI_시장 분석 Master Version (260422).xlsx,MI팀_시장분석 AI_시장 분석 Master Version (원본파일 점검용 재공유 2026.05.18).xlsx
sp_006_00507_001,ingested_at,2026-05-17T07:09:02.212513,2026-05-18T16:23:58
sp_006_00508_001,source_file_version,MI팀_시장분석 AI_시장 분석 Master Version (260422).xlsx,MI팀_시장분석 AI_시장 분석 Master Version (원본파일 점검용 재공유 2026.05.18).xlsx
sp_006_00508_001,ingested_at,2026-05-17T07:09:02.212513,2026-05-18T16:23:58
sp_006_00509_001,source_file_version,MI팀_시장분석 AI_시장 분석 Master Version (260422).xlsx,MI팀_시장분석 AI_시장 분석 Master Version (원본파일 점검용 재공유 2026.05.18).xlsx
sp_006_00509_001,ingested_at,2026-05-17T07:09:02.212513,2026-05-18T16:23:58
sp_006_00510_001,source_file_version,MI팀_시장분석 AI_시장 분석 Master Version (260422).xlsx,MI팀_시장분석 AI_시장 분석 Master Version (원본파일 점검용 재공유 2026.05.18).xlsx
sp_006_00510_001,ingested_at,2026-05-17T07:09:02.212513,2026-05-18T16:23:58
sp_006_00511_001,source_file_version,MI팀_시장분석 AI_시장 분석 Master Version (260422).xlsx,MI팀_시장분석 AI_시장 분석 Master Version (원본파일 점검용 재공유 2026.05.18).xlsx
sp_006_00511_001,ingested_at,2026-05-17T07:09:02.212513,2026-05-18T16:23:58
sp_006_00512_001,source_file_version,MI팀_시장분석 AI_시장 분석 Master Version (260422).xlsx,MI팀_시장분석 AI_시장 분석 Master Version (원본파일 점검용 재공유 2026.05.18).xlsx
sp_006_00512_001,ingested_at,2026-05-17T07:09:02.212513,2026-05-18T16:23:58
sp_006_00513_001,source_file_version,MI팀_시장분석 AI_시장 분석 Master Version (260422).xlsx,MI팀_시장분석 AI_시장 분석 Master Version (원본파일 점검용 재공유 2026.05.18).xlsx
sp_006_00513_001,ingested_at,2026-05-17T07:09:02.212513,2026-05-18T16:23:58
sp_006_00514_001,source_file_version,MI팀_시장분석 AI_시장 분석 Master Version (260422).xlsx,MI팀_시장분석 AI_시장 분석 Master Version (원본파일 점검용 재공유 2026.05.18).xlsx
sp_006_00514_001,ingested_at,2026-05-17T07:09:02.212513,2026-05-18T16:23:58
sp_006_00515_001,source_file_version,MI팀_시장분석 AI_시장 분석 Master Version (260422).xlsx,MI팀_시장분석 AI_시장 분석 Master Version (원본파일 점검용 재공유 2026.05.18).xlsx
sp_006_00515_001,ingested_at,2026-05-17T07:09:02.212513,2026-05-18T16:23:58
sp_006_00516_001,source_file_version,MI팀_시장분석 AI_시장 분석 Master Version (260422).xlsx,MI팀_시장분석 AI_시장 분석 Master Version (원본파일 점검용 재공유 2026.05.18).xlsx
sp_006_00516_001,ingested_at,2026-05-17T07:09:02.212513,2026-05-18T16:23:58
sp_006_00517_001,source_file_version,MI팀_시장분석 AI_시장 분석 Master Version (260422).xlsx,MI팀_시장분석 AI_시장 분석 Master Version (원본파일 점검용 재공유 2026.05.18).xlsx
sp_006_00517_001,ingested_at,2026-05-17T07:09:02.212513,2026-05-18T16:23:58
sp_006_00518_001,source_file_version,MI팀_시장분석 AI_시장 분석 Master Version (260422).xlsx,MI팀_시장분석 AI_시장 분석 Master Version (원본파일 점검용 재공유 2026.05.18).xlsx
sp_006_00518_001,ingested_at,2026-05-17T07:09:02.212513,2026-05-18T16:23:58
sp_006_00519_001,source_file_version,MI팀_시장분석 AI_시장 분석 Master Version (260422).xlsx,MI팀_시장분석 AI_시장 분석 Master Version (원본파일 점검용 재공유 2026.05.18).xlsx
sp_006_00519_001,ingested_at,2026-05-17T07:09:02.212513,2026-05-18T16:23:58
sp_006_00520_001,source_file_version,MI팀_시장분석 AI_시장 분석 Master Version (260422).xlsx,MI팀_시장분석 AI_시장 분석 Master Version (원본파일 점검용 재공유 2026.05.18).xlsx
sp_006_00520_001,ingested_at,2026-05-17T07:09:02.212513,2026-05-18T16:23:58
sp_006_00521_001,source_file_version,MI팀_시장분석 AI_시장 분석 Master Version (260422).xlsx,MI팀_시장분석 AI_시장 분석 Master Version (원본파일 점검용 재공유 2026.05.18).xlsx
sp_006_00521_001,ingested_at,2026-05-17T07:09:02.212513,2026-05-18T16:23:58
sp_006_00522_001,source_file_version,MI팀_시장분석 AI_시장 분석 Master Version (260422).xlsx,MI팀_시장분석 AI_시장 분석 Master Version (원본파일 점검용 재공유 2026.05.18).xlsx
sp_006_00522_001,ingested_at,2026-05-17T07:09:02.212513,2026-05-18T16:23:58
sp_006_00523_001,source_file_version,MI팀_시장분석 AI_시장 분석 Master Version (260422).xlsx,MI팀_시장분석 AI_시장 분석 Master Version (원본파일 점검용 재공유 2026.05.18).xlsx
sp_006_00523_001,ingested_at,2026-05-17T07:09:02.212513,2026-05-18T16:23:58
sp_006_00524_001,source_file_version,MI팀_시장분석 AI_시장 분석 Master Version (260422).xlsx,MI팀_시장분석 AI_시장 분석 Master Version (원본파일 점검용 재공유 2026.05.18).xlsx
sp_006_00524_001,ingested_at,2026-05-17T07:09:02.212513,2026-05-18T16:23:58
sp_006_00525_001,source_file_version,MI팀_시장분석 AI_시장 분석 Master Version (260422).xlsx,MI팀_시장분석 AI_시장 분석 Master Version (원본파일 점검용 재공유 2026.05.18).xlsx
sp_006_00525_001,ingested_at,2026-05-17T07:09:02.212513,2026-05-18T16:23:58
sp_006_00526_001,source_file_version,MI팀_시장분석 AI_시장 분석 Master Version (260422).xlsx,MI팀_시장분석 AI_시장 분석 Master Version (원본파일 점검용 재공유 2026.05.18).xlsx
sp_006_00526_001,ingested_at,2026-05-17T07:09:02.212513,2026-05-18T16:23:58
sp_006_00527_001,source_file_version,MI팀_시장분석 AI_시장 분석 Master Version (260422).xlsx,MI팀_시장분석 AI_시장 분석 Master Version (원본파일 점검용 재공유 2026.05.18).xlsx
sp_006_00527_001,ingested_at,2026-05-17T07:09:02.212513,2026-05-18T16:23:58
sp_006_00528_001,source_file_version,MI팀_시장분석 AI_시장 분석 Master Version (260422).xlsx,MI팀_시장분석 AI_시장 분석 Master Version (원본파일 점검용 재공유 2026.05.18).xlsx
sp_006_00528_001,ingested_at,2026-05-17T07:09:02.212513,2026-05-18T16:23:58
sp_006_00529_001,source_file_version,MI팀_시장분석 AI_시장 분석 Master Version (260422).xlsx,MI팀_시장분석 AI_시장 분석 Master Version (원본파일 점검용 재공유 2026.05.18).xlsx
sp_006_00529_001,ingested_at,2026-05-17T07:09:02.212513,2026-05-18T16:23:58
sp_006_00530_001,source_file_version,MI팀_시장분석 AI_시장 분석 Master Version (260422).xlsx,MI팀_시장분석 AI_시장 분석 Master Version (원본파일 점검용 재공유 2026.05.18).xlsx
sp_006_00530_001,ingested_at,2026-05-17T07:09:02.212513,2026-05-18T16:23:58
sp_006_00531_001,source_file_version,MI팀_시장분석 AI_시장 분석 Master Version (260422).xlsx,MI팀_시장분석 AI_시장 분석 Master Version (원본파일 점검용 재공유 2026.05.18).xlsx
sp_006_00531_001,ingested_at,2026-05-17T07:09:02.212513,2026-05-18T16:23:58
sp_006_00532_001,source_file_version,MI팀_시장분석 AI_시장 분석 Master Version (260422).xlsx,MI팀_시장분석 AI_시장 분석 Master Version (원본파일 점검용 재공유 2026.05.18).xlsx
sp_006_00532_001,ingested_at,2026-05-17T07:09:02.212513,2026-05-18T16:23:58
sp_006_00533_001,source_file_version,MI팀_시장분석 AI_시장 분석 Master Version (260422).xlsx,MI팀_시장분석 AI_시장 분석 Master Version (원본파일 점검용 재공유 2026.05.18).xlsx
sp_006_00533_001,ingested_at,2026-05-17T07:09:02.212513,2026-05-18T16:23:58
sp_006_00534_001,source_file_version,MI팀_시장분석 AI_시장 분석 Master Version (260422).xlsx,MI팀_시장분석 AI_시장 분석 Master Version (원본파일 점검용 재공유 2026.05.18).xlsx
sp_006_00534_001,ingested_at,2026-05-17T07:09:02.212513,2026-05-18T16:23:58
sp_006_00535_001,source_file_version,MI팀_시장분석 AI_시장 분석 Master Version (260422).xlsx,MI팀_시장분석 AI_시장 분석 Master Version (원본파일 점검용 재공유 2026.05.18).xlsx
sp_006_00535_001,ingested_at,2026-05-17T07:09:02.212513,2026-05-18T16:23:58
sp_006_00536_001,source_file_version,MI팀_시장분석 AI_시장 분석 Master Version (260422).xlsx,MI팀_시장분석 AI_시장 분석 Master Version (원본파일 점검용 재공유 2026.05.18).xlsx
sp_006_00536_001,ingested_at,2026-05-17T07:09:02.212513,2026-05-18T16:23:58
sp_006_00537_001,source_file_version,MI팀_시장분석 AI_시장 분석 Master Version (260422).xlsx,MI팀_시장분석 AI_시장 분석 Master Version (원본파일 점검용 재공유 2026.05.18).xlsx
sp_006_00537_001,ingested_at,2026-05-17T07:09:02.212513,2026-05-18T16:23:58
sp_006_00538_001,source_file_version,MI팀_시장분석 AI_시장 분석 Master Version (260422).xlsx,MI팀_시장분석 AI_시장 분석 Master Version (원본파일 점검용 재공유 2026.05.18).xlsx
sp_006_00538_001,ingested_at,2026-05-17T07:09:02.212513,2026-05-18T16:23:58
sp_006_00539_001,source_file_version,MI팀_시장분석 AI_시장 분석 Master Version (260422).xlsx,MI팀_시장분석 AI_시장 분석 Master Version (원본파일 점검용 재공유 2026.05.18).xlsx
sp_006_00539_001,ingested_at,2026-05-17T07:09:02.212513,2026-05-18T16:23:58
sp_006_00540_001,source_file_version,MI팀_시장분석 AI_시장 분석 Master Version (260422).xlsx,MI팀_시장분석 AI_시장 분석 Master Version (원본파일 점검용 재공유 2026.05.18).xlsx
sp_006_00540_001,ingested_at,2026-05-17T07:09:02.212513,2026-05-18T16:23:58
sp_006_00541_001,source_file_version,MI팀_시장분석 AI_시장 분석 Master Version (260422).xlsx,MI팀_시장분석 AI_시장 분석 Master Version (원본파일 점검용 재공유 2026.05.18).xlsx
sp_006_00541_001,ingested_at,2026-05-17T07:09:02.212513,2026-05-18T16:23:58
sp_006_00542_001,source_file_version,MI팀_시장분석 AI_시장 분석 Master Version (260422).xlsx,MI팀_시장분석 AI_시장 분석 Master Version (원본파일 점검용 재공유 2026.05.18).xlsx
sp_006_00542_001,ingested_at,2026-05-17T07:09:02.212513,2026-05-18T16:23:58
sp_006_00543_001,source_file_version,MI팀_시장분석 AI_시장 분석 Master Version (260422).xlsx,MI팀_시장분석 AI_시장 분석 Master Version (원본파일 점검용 재공유 2026.05.18).xlsx
sp_006_00543_001,ingested_at,2026-05-17T07:09:02.212513,2026-05-18T16:23:58
sp_006_00544_001,source_file_version,MI팀_시장분석 AI_시장 분석 Master Version (260422).xlsx,MI팀_시장분석 AI_시장 분석 Master Version (원본파일 점검용 재공유 2026.05.18).xlsx
sp_006_00544_001,ingested_at,2026-05-17T07:09:02.212513,2026-05-18T16:23:58
sp_006_00545_001,source_file_version,MI팀_시장분석 AI_시장 분석 Master Version (260422).xlsx,MI팀_시장분석 AI_시장 분석 Master Version (원본파일 점검용 재공유 2026.05.18).xlsx
sp_006_00545_001,ingested_at,2026-05-17T07:09:02.212513,2026-05-18T16:23:58
sp_006_00546_001,source_file_version,MI팀_시장분석 AI_시장 분석 Master Version (260422).xlsx,MI팀_시장분석 AI_시장 분석 Master Version (원본파일 점검용 재공유 2026.05.18).xlsx
sp_006_00546_001,ingested_at,2026-05-17T07:09:02.212513,2026-05-18T16:23:58
sp_006_00547_001,source_file_version,MI팀_시장분석 AI_시장 분석 Master Version (260422).xlsx,MI팀_시장분석 AI_시장 분석 Master Version (원본파일 점검용 재공유 2026.05.18).xlsx
sp_006_00547_001,ingested_at,2026-05-17T07:09:02.212513,2026-05-18T16:23:58
sp_006_00548_001,source_file_version,MI팀_시장분석 AI_시장 분석 Master Version (260422).xlsx,MI팀_시장분석 AI_시장 분석 Master Version (원본파일 점검용 재공유 2026.05.18).xlsx
sp_006_00548_001,ingested_at,2026-05-17T07:09:02.212513,2026-05-18T16:23:58
sp_006_00549_001,source_file_version,MI팀_시장분석 AI_시장 분석 Master Version (260422).xlsx,MI팀_시장분석 AI_시장 분석 Master Version (원본파일 점검용 재공유 2026.05.18).xlsx
sp_006_00549_001,ingested_at,2026-05-17T07:09:02.212513,2026-05-18T16:23:58
sp_006_00550_001,source_file_version,MI팀_시장분석 AI_시장 분석 Master Version (260422).xlsx,MI팀_시장분석 AI_시장 분석 Master Version (원본파일 점검용 재공유 2026.05.18).xlsx
sp_006_00550_001,ingested_at,2026-05-17T07:09:02.212513,2026-05-18T16:23:58
sp_006_00551_001,source_file_version,MI팀_시장분석 AI_시장 분석 Master Version (260422).xlsx,MI팀_시장분석 AI_시장 분석 Master Version (원본파일 점검용 재공유 2026.05.18).xlsx
sp_006_00551_001,ingested_at,2026-05-17T07:09:02.212513,2026-05-18T16:23:58
sp_006_00552_001,source_file_version,MI팀_시장분석 AI_시장 분석 Master Version (260422).xlsx,MI팀_시장분석 AI_시장 분석 Master Version (원본파일 점검용 재공유 2026.05.18).xlsx
sp_006_00552_001,ingested_at,2026-05-17T07:09:02.212513,2026-05-18T16:23:58
sp_006_00553_001,source_file_version,MI팀_시장분석 AI_시장 분석 Master Version (260422).xlsx,MI팀_시장분석 AI_시장 분석 Master Version (원본파일 점검용 재공유 2026.05.18).xlsx
sp_006_00553_001,ingested_at,2026-05-17T07:09:02.212513,2026-05-18T16:23:58
sp_006_00554_001,source_file_version,MI팀_시장분석 AI_시장 분석 Master Version (260422).xlsx,MI팀_시장분석 AI_시장 분석 Master Version (원본파일 점검용 재공유 2026.05.18).xlsx
sp_006_00554_001,ingested_at,2026-05-17T07:09:02.212513,2026-05-18T16:23:58
sp_006_00555_001,source_file_version,MI팀_시장분석 AI_시장 분석 Master Version (260422).xlsx,MI팀_시장분석 AI_시장 분석 Master Version (원본파일 점검용 재공유 2026.05.18).xlsx
sp_006_00555_001,ingested_at,2026-05-17T07:09:02.212513,2026-05-18T16:23:58
sp_006_00556_001,source_file_version,MI팀_시장분석 AI_시장 분석 Master Version (260422).xlsx,MI팀_시장분석 AI_시장 분석 Master Version (원본파일 점검용 재공유 2026.05.18).xlsx
sp_006_00556_001,ingested_at,2026-05-17T07:09:02.212513,2026-05-18T16:23:58
sp_006_00557_001,source_file_version,MI팀_시장분석 AI_시장 분석 Master Version (260422).xlsx,MI팀_시장분석 AI_시장 분석 Master Version (원본파일 점검용 재공유 2026.05.18).xlsx
sp_006_00557_001,ingested_at,2026-05-17T07:09:02.212513,2026-05-18T16:23:58
sp_006_00558_001,source_file_version,MI팀_시장분석 AI_시장 분석 Master Version (260422).xlsx,MI팀_시장분석 AI_시장 분석 Master Version (원본파일 점검용 재공유 2026.05.18).xlsx
sp_006_00558_001,ingested_at,2026-05-17T07:09:02.212513,2026-05-18T16:23:58
sp_006_00559_001,source_file_version,MI팀_시장분석 AI_시장 분석 Master Version (260422).xlsx,MI팀_시장분석 AI_시장 분석 Master Version (원본파일 점검용 재공유 2026.05.18).xlsx
sp_006_00559_001,ingested_at,2026-05-17T07:09:02.212513,2026-05-18T16:23:58
sp_006_00560_001,source_file_version,MI팀_시장분석 AI_시장 분석 Master Version (260422).xlsx,MI팀_시장분석 AI_시장 분석 Master Version (원본파일 점검용 재공유 2026.05.18).xlsx
sp_006_00560_001,ingested_at,2026-05-17T07:09:02.212513,2026-05-18T16:23:58
sp_006_00561_001,source_file_version,MI팀_시장분석 AI_시장 분석 Master Version (260422).xlsx,MI팀_시장분석 AI_시장 분석 Master Version (원본파일 점검용 재공유 2026.05.18).xlsx
sp_006_00561_001,ingested_at,2026-05-17T07:09:02.212513,2026-05-18T16:23:58
sp_006_00562_001,source_file_version,MI팀_시장분석 AI_시장 분석 Master Version (260422).xlsx,MI팀_시장분석 AI_시장 분석 Master Version (원본파일 점검용 재공유 2026.05.18).xlsx
sp_006_00562_001,ingested_at,2026-05-17T07:09:02.212513,2026-05-18T16:23:58
sp_006_00563_001,source_file_version,MI팀_시장분석 AI_시장 분석 Master Version (260422).xlsx,MI팀_시장분석 AI_시장 분석 Master Version (원본파일 점검용 재공유 2026.05.18).xlsx
sp_006_00563_001,ingested_at,2026-05-17T07:09:02.212513,2026-05-18T16:23:58
sp_006_00564_001,source_file_version,MI팀_시장분석 AI_시장 분석 Master Version (260422).xlsx,MI팀_시장분석 AI_시장 분석 Master Version (원본파일 점검용 재공유 2026.05.18).xlsx
sp_006_00564_001,ingested_at,2026-05-17T07:09:02.212513,2026-05-18T16:23:58
sp_006_00565_001,source_file_version,MI팀_시장분석 AI_시장 분석 Master Version (260422).xlsx,MI팀_시장분석 AI_시장 분석 Master Version (원본파일 점검용 재공유 2026.05.18).xlsx
sp_006_00565_001,ingested_at,2026-05-17T07:09:02.212513,2026-05-18T16:23:58
sp_006_00566_001,source_file_version,MI팀_시장분석 AI_시장 분석 Master Version (260422).xlsx,MI팀_시장분석 AI_시장 분석 Master Version (원본파일 점검용 재공유 2026.05.18).xlsx
sp_006_00566_001,ingested_at,2026-05-17T07:09:02.212513,2026-05-18T16:23:58
sp_006_00567_001,source_file_version,MI팀_시장분석 AI_시장 분석 Master Version (260422).xlsx,MI팀_시장분석 AI_시장 분석 Master Version (원본파일 점검용 재공유 2026.05.18).xlsx
sp_006_00567_001,ingested_at,2026-05-17T07:09:02.212513,2026-05-18T16:23:58
sp_006_00568_001,source_file_version,MI팀_시장분석 AI_시장 분석 Master Version (260422).xlsx,MI팀_시장분석 AI_시장 분석 Master Version (원본파일 점검용 재공유 2026.05.18).xlsx
sp_006_00568_001,ingested_at,2026-05-17T07:09:02.212513,2026-05-18T16:23:58
sp_006_00569_001,source_file_version,MI팀_시장분석 AI_시장 분석 Master Version (260422).xlsx,MI팀_시장분석 AI_시장 분석 Master Version (원본파일 점검용 재공유 2026.05.18).xlsx
sp_006_00569_001,ingested_at,2026-05-17T07:09:02.212513,2026-05-18T16:23:58
sp_006_00570_001,source_file_version,MI팀_시장분석 AI_시장 분석 Master Version (260422).xlsx,MI팀_시장분석 AI_시장 분석 Master Version (원본파일 점검용 재공유 2026.05.18).xlsx
sp_006_00570_001,ingested_at,2026-05-17T07:09:02.212513,2026-05-18T16:23:58
sp_006_00571_001,source_file_version,MI팀_시장분석 AI_시장 분석 Master Version (260422).xlsx,MI팀_시장분석 AI_시장 분석 Master Version (원본파일 점검용 재공유 2026.05.18).xlsx
sp_006_00571_001,ingested_at,2026-05-17T07:09:02.212513,2026-05-18T16:23:58
sp_006_00572_001,source_file_version,MI팀_시장분석 AI_시장 분석 Master Version (260422).xlsx,MI팀_시장분석 AI_시장 분석 Master Version (원본파일 점검용 재공유 2026.05.18).xlsx
sp_006_00572_001,ingested_at,2026-05-17T07:09:02.212513,2026-05-18T16:23:58
sp_006_00573_001,source_file_version,MI팀_시장분석 AI_시장 분석 Master Version (260422).xlsx,MI팀_시장분석 AI_시장 분석 Master Version (원본파일 점검용 재공유 2026.05.18).xlsx
sp_006_00573_001,ingested_at,2026-05-17T07:09:02.212513,2026-05-18T16:23:58
sp_006_00574_001,source_file_version,MI팀_시장분석 AI_시장 분석 Master Version (260422).xlsx,MI팀_시장분석 AI_시장 분석 Master Version (원본파일 점검용 재공유 2026.05.18).xlsx
sp_006_00574_001,ingested_at,2026-05-17T07:09:02.212513,2026-05-18T16:23:58
sp_006_00575_001,source_file_version,MI팀_시장분석 AI_시장 분석 Master Version (260422).xlsx,MI팀_시장분석 AI_시장 분석 Master Version (원본파일 점검용 재공유 2026.05.18).xlsx
sp_006_00575_001,ingested_at,2026-05-17T07:09:02.212513,2026-05-18T16:23:58
sp_006_00576_001,source_file_version,MI팀_시장분석 AI_시장 분석 Master Version (260422).xlsx,MI팀_시장분석 AI_시장 분석 Master Version (원본파일 점검용 재공유 2026.05.18).xlsx
sp_006_00576_001,ingested_at,2026-05-17T07:09:02.212513,2026-05-18T16:23:58
sp_006_00577_001,source_file_version,MI팀_시장분석 AI_시장 분석 Master Version (260422).xlsx,MI팀_시장분석 AI_시장 분석 Master Version (원본파일 점검용 재공유 2026.05.18).xlsx
sp_006_00577_001,ingested_at,2026-05-17T07:09:02.212513,2026-05-18T16:23:58
sp_006_00578_001,source_file_version,MI팀_시장분석 AI_시장 분석 Master Version (260422).xlsx,MI팀_시장분석 AI_시장 분석 Master Version (원본파일 점검용 재공유 2026.05.18).xlsx
sp_006_00578_001,ingested_at,2026-05-17T07:09:02.212513,2026-05-18T16:23:58
sp_006_00579_001,source_file_version,MI팀_시장분석 AI_시장 분석 Master Version (260422).xlsx,MI팀_시장분석 AI_시장 분석 Master Version (원본파일 점검용 재공유 2026.05.18).xlsx
sp_006_00579_001,ingested_at,2026-05-17T07:09:02.212513,2026-05-18T16:23:58
sp_006_00580_001,source_file_version,MI팀_시장분석 AI_시장 분석 Master Version (260422).xlsx,MI팀_시장분석 AI_시장 분석 Master Version (원본파일 점검용 재공유 2026.05.18).xlsx
sp_006_00580_001,ingested_at,2026-05-17T07:09:02.212513,2026-05-18T16:23:58
sp_006_00581_001,source_file_version,MI팀_시장분석 AI_시장 분석 Master Version (260422).xlsx,MI팀_시장분석 AI_시장 분석 Master Version (원본파일 점검용 재공유 2026.05.18).xlsx
sp_006_00581_001,ingested_at,2026-05-17T07:09:02.212513,2026-05-18T16:23:58
sp_006_00582_001,source_file_version,MI팀_시장분석 AI_시장 분석 Master Version (260422).xlsx,MI팀_시장분석 AI_시장 분석 Master Version (원본파일 점검용 재공유 2026.05.18).xlsx
sp_006_00582_001,ingested_at,2026-05-17T07:09:02.212513,2026-05-18T16:23:58
sp_006_00583_001,source_file_version,MI팀_시장분석 AI_시장 분석 Master Version (260422).xlsx,MI팀_시장분석 AI_시장 분석 Master Version (원본파일 점검용 재공유 2026.05.18).xlsx
sp_006_00583_001,ingested_at,2026-05-17T07:09:02.212513,2026-05-18T16:23:58
sp_006_00584_001,source_file_version,MI팀_시장분석 AI_시장 분석 Master Version (260422).xlsx,MI팀_시장분석 AI_시장 분석 Master Version (원본파일 점검용 재공유 2026.05.18).xlsx
sp_006_00584_001,ingested_at,2026-05-17T07:09:02.212513,2026-05-18T16:23:58
sp_006_00585_001,source_file_version,MI팀_시장분석 AI_시장 분석 Master Version (260422).xlsx,MI팀_시장분석 AI_시장 분석 Master Version (원본파일 점검용 재공유 2026.05.18).xlsx
sp_006_00585_001,ingested_at,2026-05-17T07:09:02.212513,2026-05-18T16:23:58
sp_006_00586_001,source_file_version,MI팀_시장분석 AI_시장 분석 Master Version (260422).xlsx,MI팀_시장분석 AI_시장 분석 Master Version (원본파일 점검용 재공유 2026.05.18).xlsx
sp_006_00586_001,ingested_at,2026-05-17T07:09:02.212513,2026-05-18T16:23:58
sp_006_00587_001,source_file_version,MI팀_시장분석 AI_시장 분석 Master Version (260422).xlsx,MI팀_시장분석 AI_시장 분석 Master Version (원본파일 점검용 재공유 2026.05.18).xlsx
sp_006_00587_001,ingested_at,2026-05-17T07:09:02.212513,2026-05-18T16:23:58
sp_006_00588_001,source_file_version,MI팀_시장분석 AI_시장 분석 Master Version (260422).xlsx,MI팀_시장분석 AI_시장 분석 Master Version (원본파일 점검용 재공유 2026.05.18).xlsx
sp_006_00588_001,ingested_at,2026-05-17T07:09:02.212513,2026-05-18T16:23:58
sp_006_00589_001,source_file_version,MI팀_시장분석 AI_시장 분석 Master Version (260422).xlsx,MI팀_시장분석 AI_시장 분석 Master Version (원본파일 점검용 재공유 2026.05.18).xlsx
sp_006_00589_001,ingested_at,2026-05-17T07:09:02.212513,2026-05-18T16:23:58
sp_006_00590_001,source_file_version,MI팀_시장분석 AI_시장 분석 Master Version (260422).xlsx,MI팀_시장분석 AI_시장 분석 Master Version (원본파일 점검용 재공유 2026.05.18).xlsx
sp_006_00590_001,ingested_at,2026-05-17T07:09:02.212513,2026-05-18T16:23:58
sp_006_00591_001,source_file_version,MI팀_시장분석 AI_시장 분석 Master Version (260422).xlsx,MI팀_시장분석 AI_시장 분석 Master Version (원본파일 점검용 재공유 2026.05.18).xlsx
sp_006_00591_001,ingested_at,2026-05-17T07:09:02.212513,2026-05-18T16:23:58
sp_006_00592_001,source_file_version,MI팀_시장분석 AI_시장 분석 Master Version (260422).xlsx,MI팀_시장분석 AI_시장 분석 Master Version (원본파일 점검용 재공유 2026.05.18).xlsx
sp_006_00592_001,ingested_at,2026-05-17T07:09:02.212513,2026-05-18T16:23:58
sp_006_00593_001,source_file_version,MI팀_시장분석 AI_시장 분석 Master Version (260422).xlsx,MI팀_시장분석 AI_시장 분석 Master Version (원본파일 점검용 재공유 2026.05.18).xlsx
sp_006_00593_001,ingested_at,2026-05-17T07:09:02.212513,2026-05-18T16:23:58
sp_006_00594_001,source_file_version,MI팀_시장분석 AI_시장 분석 Master Version (260422).xlsx,MI팀_시장분석 AI_시장 분석 Master Version (원본파일 점검용 재공유 2026.05.18).xlsx
sp_006_00594_001,ingested_at,2026-05-17T07:09:02.212513,2026-05-18T16:23:58
sp_006_00595_001,source_file_version,MI팀_시장분석 AI_시장 분석 Master Version (260422).xlsx,MI팀_시장분석 AI_시장 분석 Master Version (원본파일 점검용 재공유 2026.05.18).xlsx
sp_006_00595_001,ingested_at,2026-05-17T07:09:02.212513,2026-05-18T16:23:58
sp_006_00596_001,source_file_version,MI팀_시장분석 AI_시장 분석 Master Version (260422).xlsx,MI팀_시장분석 AI_시장 분석 Master Version (원본파일 점검용 재공유 2026.05.18).xlsx
sp_006_00596_001,ingested_at,2026-05-17T07:09:02.212513,2026-05-18T16:23:58
sp_006_00597_001,source_file_version,MI팀_시장분석 AI_시장 분석 Master Version (260422).xlsx,MI팀_시장분석 AI_시장 분석 Master Version (원본파일 점검용 재공유 2026.05.18).xlsx
sp_006_00597_001,ingested_at,2026-05-17T07:09:02.212513,2026-05-18T16:23:58
sp_006_00598_001,source_file_version,MI팀_시장분석 AI_시장 분석 Master Version (260422).xlsx,MI팀_시장분석 AI_시장 분석 Master Version (원본파일 점검용 재공유 2026.05.18).xlsx
sp_006_00598_001,ingested_at,2026-05-17T07:09:02.212513,2026-05-18T16:23:58
sp_006_00599_001,source_file_version,MI팀_시장분석 AI_시장 분석 Master Version (260422).xlsx,MI팀_시장분석 AI_시장 분석 Master Version (원본파일 점검용 재공유 2026.05.18).xlsx
sp_006_00599_001,ingested_at,2026-05-17T07:09:02.212513,2026-05-18T16:23:58
sp_006_00600_001,source_file_version,MI팀_시장분석 AI_시장 분석 Master Version (260422).xlsx,MI팀_시장분석 AI_시장 분석 Master Version (원본파일 점검용 재공유 2026.05.18).xlsx
sp_006_00600_001,ingested_at,2026-05-17T07:09:02.212513,2026-05-18T16:23:58
sp_006_00601_001,source_file_version,MI팀_시장분석 AI_시장 분석 Master Version (260422).xlsx,MI팀_시장분석 AI_시장 분석 Master Version (원본파일 점검용 재공유 2026.05.18).xlsx
sp_006_00601_001,ingested_at,2026-05-17T07:09:02.212513,2026-05-18T16:23:58
sp_006_00602_001,source_file_version,MI팀_시장분석 AI_시장 분석 Master Version (260422).xlsx,MI팀_시장분석 AI_시장 분석 Master Version (원본파일 점검용 재공유 2026.05.18).xlsx
sp_006_00602_001,ingested_at,2026-05-17T07:09:02.212513,2026-05-18T16:23:58
sp_006_00603_001,source_file_version,MI팀_시장분석 AI_시장 분석 Master Version (260422).xlsx,MI팀_시장분석 AI_시장 분석 Master Version (원본파일 점검용 재공유 2026.05.18).xlsx
sp_006_00603_001,ingested_at,2026-05-17T07:09:02.212513,2026-05-18T16:23:58
sp_006_00604_001,source_file_version,MI팀_시장분석 AI_시장 분석 Master Version (260422).xlsx,MI팀_시장분석 AI_시장 분석 Master Version (원본파일 점검용 재공유 2026.05.18).xlsx
sp_006_00604_001,ingested_at,2026-05-17T07:09:02.212513,2026-05-18T16:23:58
sp_006_00605_001,source_file_version,MI팀_시장분석 AI_시장 분석 Master Version (260422).xlsx,MI팀_시장분석 AI_시장 분석 Master Version (원본파일 점검용 재공유 2026.05.18).xlsx
sp_006_00605_001,ingested_at,2026-05-17T07:09:02.212513,2026-05-18T16:23:58
sp_006_00606_001,source_file_version,MI팀_시장분석 AI_시장 분석 Master Version (260422).xlsx,MI팀_시장분석 AI_시장 분석 Master Version (원본파일 점검용 재공유 2026.05.18).xlsx
sp_006_00606_001,ingested_at,2026-05-17T07:09:02.212513,2026-05-18T16:23:58
sp_006_00607_001,source_file_version,MI팀_시장분석 AI_시장 분석 Master Version (260422).xlsx,MI팀_시장분석 AI_시장 분석 Master Version (원본파일 점검용 재공유 2026.05.18).xlsx
sp_006_00607_001,ingested_at,2026-05-17T07:09:02.212513,2026-05-18T16:23:58
sp_006_00608_001,source_file_version,MI팀_시장분석 AI_시장 분석 Master Version (260422).xlsx,MI팀_시장분석 AI_시장 분석 Master Version (원본파일 점검용 재공유 2026.05.18).xlsx
sp_006_00608_001,ingested_at,2026-05-17T07:09:02.212513,2026-05-18T16:23:58
sp_006_00609_001,source_file_version,MI팀_시장분석 AI_시장 분석 Master Version (260422).xlsx,MI팀_시장분석 AI_시장 분석 Master Version (원본파일 점검용 재공유 2026.05.18).xlsx
sp_006_00609_001,ingested_at,2026-05-17T07:09:02.212513,2026-05-18T16:23:58
sp_006_00610_001,source_file_version,MI팀_시장분석 AI_시장 분석 Master Version (260422).xlsx,MI팀_시장분석 AI_시장 분석 Master Version (원본파일 점검용 재공유 2026.05.18).xlsx
sp_006_00610_001,ingested_at,2026-05-17T07:09:02.212513,2026-05-18T16:23:58
sp_006_00611_001,source_file_version,MI팀_시장분석 AI_시장 분석 Master Version (260422).xlsx,MI팀_시장분석 AI_시장 분석 Master Version (원본파일 점검용 재공유 2026.05.18).xlsx
sp_006_00611_001,ingested_at,2026-05-17T07:09:02.212513,2026-05-18T16:23:58
sp_006_00612_001,source_file_version,MI팀_시장분석 AI_시장 분석 Master Version (260422).xlsx,MI팀_시장분석 AI_시장 분석 Master Version (원본파일 점검용 재공유 2026.05.18).xlsx
sp_006_00612_001,ingested_at,2026-05-17T07:09:02.212513,2026-05-18T16:23:58
sp_006_00613_001,source_file_version,MI팀_시장분석 AI_시장 분석 Master Version (260422).xlsx,MI팀_시장분석 AI_시장 분석 Master Version (원본파일 점검용 재공유 2026.05.18).xlsx
sp_006_00613_001,ingested_at,2026-05-17T07:09:02.212513,2026-05-18T16:23:58
sp_006_00614_001,source_file_version,MI팀_시장분석 AI_시장 분석 Master Version (260422).xlsx,MI팀_시장분석 AI_시장 분석 Master Version (원본파일 점검용 재공유 2026.05.18).xlsx
sp_006_00614_001,ingested_at,2026-05-17T07:09:02.212513,2026-05-18T16:23:58
sp_006_00615_001,source_file_version,MI팀_시장분석 AI_시장 분석 Master Version (260422).xlsx,MI팀_시장분석 AI_시장 분석 Master Version (원본파일 점검용 재공유 2026.05.18).xlsx
sp_006_00615_001,ingested_at,2026-05-17T07:09:02.212513,2026-05-18T16:23:58
sp_006_00616_001,source_file_version,MI팀_시장분석 AI_시장 분석 Master Version (260422).xlsx,MI팀_시장분석 AI_시장 분석 Master Version (원본파일 점검용 재공유 2026.05.18).xlsx
sp_006_00616_001,ingested_at,2026-05-17T07:09:02.212513,2026-05-18T16:23:58
sp_006_00617_001,source_file_version,MI팀_시장분석 AI_시장 분석 Master Version (260422).xlsx,MI팀_시장분석 AI_시장 분석 Master Version (원본파일 점검용 재공유 2026.05.18).xlsx
sp_006_00617_001,ingested_at,2026-05-17T07:09:02.212513,2026-05-18T16:23:58
sp_006_00618_001,source_file_version,MI팀_시장분석 AI_시장 분석 Master Version (260422).xlsx,MI팀_시장분석 AI_시장 분석 Master Version (원본파일 점검용 재공유 2026.05.18).xlsx
sp_006_00618_001,ingested_at,2026-05-17T07:09:02.212513,2026-05-18T16:23:58
sp_006_00619_001,source_file_version,MI팀_시장분석 AI_시장 분석 Master Version (260422).xlsx,MI팀_시장분석 AI_시장 분석 Master Version (원본파일 점검용 재공유 2026.05.18).xlsx
sp_006_00619_001,ingested_at,2026-05-17T07:09:02.212513,2026-05-18T16:23:58
sp_006_00620_001,source_file_version,MI팀_시장분석 AI_시장 분석 Master Version (260422).xlsx,MI팀_시장분석 AI_시장 분석 Master Version (원본파일 점검용 재공유 2026.05.18).xlsx
sp_006_00620_001,ingested_at,2026-05-17T07:09:02.212513,2026-05-18T16:23:58
sp_006_00621_001,source_file_version,MI팀_시장분석 AI_시장 분석 Master Version (260422).xlsx,MI팀_시장분석 AI_시장 분석 Master Version (원본파일 점검용 재공유 2026.05.18).xlsx
sp_006_00621_001,ingested_at,2026-05-17T07:09:02.212513,2026-05-18T16:23:58
sp_006_00622_001,source_file_version,MI팀_시장분석 AI_시장 분석 Master Version (260422).xlsx,MI팀_시장분석 AI_시장 분석 Master Version (원본파일 점검용 재공유 2026.05.18).xlsx
sp_006_00622_001,ingested_at,2026-05-17T07:09:02.212513,2026-05-18T16:23:58
sp_006_00623_001,source_file_version,MI팀_시장분석 AI_시장 분석 Master Version (260422).xlsx,MI팀_시장분석 AI_시장 분석 Master Version (원본파일 점검용 재공유 2026.05.18).xlsx
sp_006_00623_001,ingested_at,2026-05-17T07:09:02.212513,2026-05-18T16:23:58
sp_006_00624_001,source_file_version,MI팀_시장분석 AI_시장 분석 Master Version (260422).xlsx,MI팀_시장분석 AI_시장 분석 Master Version (원본파일 점검용 재공유 2026.05.18).xlsx
sp_006_00624_001,ingested_at,2026-05-17T07:09:02.212513,2026-05-18T16:23:58
sp_006_00625_001,source_file_version,MI팀_시장분석 AI_시장 분석 Master Version (260422).xlsx,MI팀_시장분석 AI_시장 분석 Master Version (원본파일 점검용 재공유 2026.05.18).xlsx
sp_006_00625_001,ingested_at,2026-05-17T07:09:02.212513,2026-05-18T16:23:58
sp_006_00626_001,source_file_version,MI팀_시장분석 AI_시장 분석 Master Version (260422).xlsx,MI팀_시장분석 AI_시장 분석 Master Version (원본파일 점검용 재공유 2026.05.18).xlsx
sp_006_00626_001,ingested_at,2026-05-17T07:09:02.212513,2026-05-18T16:23:58
sp_006_00627_001,source_file_version,MI팀_시장분석 AI_시장 분석 Master Version (260422).xlsx,MI팀_시장분석 AI_시장 분석 Master Version (원본파일 점검용 재공유 2026.05.18).xlsx
sp_006_00627_001,ingested_at,2026-05-17T07:09:02.212513,2026-05-18T16:23:58
sp_006_00628_001,source_file_version,MI팀_시장분석 AI_시장 분석 Master Version (260422).xlsx,MI팀_시장분석 AI_시장 분석 Master Version (원본파일 점검용 재공유 2026.05.18).xlsx
sp_006_00628_001,ingested_at,2026-05-17T07:09:02.212513,2026-05-18T16:23:58
sp_006_00629_001,source_file_version,MI팀_시장분석 AI_시장 분석 Master Version (260422).xlsx,MI팀_시장분석 AI_시장 분석 Master Version (원본파일 점검용 재공유 2026.05.18).xlsx
sp_006_00629_001,ingested_at,2026-05-17T07:09:02.212513,2026-05-18T16:23:58
sp_006_00630_001,source_file_version,MI팀_시장분석 AI_시장 분석 Master Version (260422).xlsx,MI팀_시장분석 AI_시장 분석 Master Version (원본파일 점검용 재공유 2026.05.18).xlsx
sp_006_00630_001,ingested_at,2026-05-17T07:09:02.212513,2026-05-18T16:23:58
sp_006_00631_001,source_file_version,MI팀_시장분석 AI_시장 분석 Master Version (260422).xlsx,MI팀_시장분석 AI_시장 분석 Master Version (원본파일 점검용 재공유 2026.05.18).xlsx
sp_006_00631_001,ingested_at,2026-05-17T07:09:02.212513,2026-05-18T16:23:58
sp_006_00632_001,source_file_version,MI팀_시장분석 AI_시장 분석 Master Version (260422).xlsx,MI팀_시장분석 AI_시장 분석 Master Version (원본파일 점검용 재공유 2026.05.18).xlsx
sp_006_00632_001,ingested_at,2026-05-17T07:09:02.212513,2026-05-18T16:23:58
sp_006_00633_001,source_file_version,MI팀_시장분석 AI_시장 분석 Master Version (260422).xlsx,MI팀_시장분석 AI_시장 분석 Master Version (원본파일 점검용 재공유 2026.05.18).xlsx
sp_006_00633_001,ingested_at,2026-05-17T07:09:02.212513,2026-05-18T16:23:58
sp_006_00634_001,source_file_version,MI팀_시장분석 AI_시장 분석 Master Version (260422).xlsx,MI팀_시장분석 AI_시장 분석 Master Version (원본파일 점검용 재공유 2026.05.18).xlsx
sp_006_00634_001,ingested_at,2026-05-17T07:09:02.212513,2026-05-18T16:23:58
sp_006_00635_001,source_file_version,MI팀_시장분석 AI_시장 분석 Master Version (260422).xlsx,MI팀_시장분석 AI_시장 분석 Master Version (원본파일 점검용 재공유 2026.05.18).xlsx
sp_006_00635_001,ingested_at,2026-05-17T07:09:02.212513,2026-05-18T16:23:58
sp_006_00636_001,source_file_version,MI팀_시장분석 AI_시장 분석 Master Version (260422).xlsx,MI팀_시장분석 AI_시장 분석 Master Version (원본파일 점검용 재공유 2026.05.18).xlsx
sp_006_00636_001,ingested_at,2026-05-17T07:09:02.212513,2026-05-18T16:23:58
sp_006_00637_001,source_file_version,MI팀_시장분석 AI_시장 분석 Master Version (260422).xlsx,MI팀_시장분석 AI_시장 분석 Master Version (원본파일 점검용 재공유 2026.05.18).xlsx
sp_006_00637_001,ingested_at,2026-05-17T07:09:02.212513,2026-05-18T16:23:58
sp_006_00638_001,source_file_version,MI팀_시장분석 AI_시장 분석 Master Version (260422).xlsx,MI팀_시장분석 AI_시장 분석 Master Version (원본파일 점검용 재공유 2026.05.18).xlsx
sp_006_00638_001,ingested_at,2026-05-17T07:09:02.212513,2026-05-18T16:23:58
sp_006_00639_001,source_file_version,MI팀_시장분석 AI_시장 분석 Master Version (260422).xlsx,MI팀_시장분석 AI_시장 분석 Master Version (원본파일 점검용 재공유 2026.05.18).xlsx
sp_006_00639_001,ingested_at,2026-05-17T07:09:02.212513,2026-05-18T16:23:58
sp_006_00640_001,source_file_version,MI팀_시장분석 AI_시장 분석 Master Version (260422).xlsx,MI팀_시장분석 AI_시장 분석 Master Version (원본파일 점검용 재공유 2026.05.18).xlsx
sp_006_00640_001,ingested_at,2026-05-17T07:09:02.212513,2026-05-18T16:23:58
sp_006_00641_001,source_file_version,MI팀_시장분석 AI_시장 분석 Master Version (260422).xlsx,MI팀_시장분석 AI_시장 분석 Master Version (원본파일 점검용 재공유 2026.05.18).xlsx
sp_006_00641_001,ingested_at,2026-05-17T07:09:02.212513,2026-05-18T16:23:58
sp_006_00642_001,source_file_version,MI팀_시장분석 AI_시장 분석 Master Version (260422).xlsx,MI팀_시장분석 AI_시장 분석 Master Version (원본파일 점검용 재공유 2026.05.18).xlsx
sp_006_00642_001,ingested_at,2026-05-17T07:09:02.212513,2026-05-18T16:23:58
sp_006_00643_001,source_file_version,MI팀_시장분석 AI_시장 분석 Master Version (260422).xlsx,MI팀_시장분석 AI_시장 분석 Master Version (원본파일 점검용 재공유 2026.05.18).xlsx
sp_006_00643_001,ingested_at,2026-05-17T07:09:02.212513,2026-05-18T16:23:58
sp_006_00644_001,source_file_version,MI팀_시장분석 AI_시장 분석 Master Version (260422).xlsx,MI팀_시장분석 AI_시장 분석 Master Version (원본파일 점검용 재공유 2026.05.18).xlsx
sp_006_00644_001,ingested_at,2026-05-17T07:09:02.212513,2026-05-18T16:23:58
sp_006_00645_001,source_file_version,MI팀_시장분석 AI_시장 분석 Master Version (260422).xlsx,MI팀_시장분석 AI_시장 분석 Master Version (원본파일 점검용 재공유 2026.05.18).xlsx
sp_006_00645_001,ingested_at,2026-05-17T07:09:02.212513,2026-05-18T16:23:58
sp_006_00646_001,source_file_version,MI팀_시장분석 AI_시장 분석 Master Version (260422).xlsx,MI팀_시장분석 AI_시장 분석 Master Version (원본파일 점검용 재공유 2026.05.18).xlsx
sp_006_00646_001,ingested_at,2026-05-17T07:09:02.212513,2026-05-18T16:23:58
sp_006_00647_001,source_file_version,MI팀_시장분석 AI_시장 분석 Master Version (260422).xlsx,MI팀_시장분석 AI_시장 분석 Master Version (원본파일 점검용 재공유 2026.05.18).xlsx
sp_006_00647_001,ingested_at,2026-05-17T07:09:02.212513,2026-05-18T16:23:58
sp_006_00648_001,source_file_version,MI팀_시장분석 AI_시장 분석 Master Version (260422).xlsx,MI팀_시장분석 AI_시장 분석 Master Version (원본파일 점검용 재공유 2026.05.18).xlsx
sp_006_00648_001,ingested_at,2026-05-17T07:09:02.212513,2026-05-18T16:23:58
sp_006_00649_001,source_file_version,MI팀_시장분석 AI_시장 분석 Master Version (260422).xlsx,MI팀_시장분석 AI_시장 분석 Master Version (원본파일 점검용 재공유 2026.05.18).xlsx
sp_006_00649_001,ingested_at,2026-05-17T07:09:02.212513,2026-05-18T16:23:58
sp_006_00650_001,source_file_version,MI팀_시장분석 AI_시장 분석 Master Version (260422).xlsx,MI팀_시장분석 AI_시장 분석 Master Version (원본파일 점검용 재공유 2026.05.18).xlsx
sp_006_00650_001,ingested_at,2026-05-17T07:09:02.212513,2026-05-18T16:23:58
sp_006_00651_001,source_file_version,MI팀_시장분석 AI_시장 분석 Master Version (260422).xlsx,MI팀_시장분석 AI_시장 분석 Master Version (원본파일 점검용 재공유 2026.05.18).xlsx
sp_006_00651_001,ingested_at,2026-05-17T07:09:02.212513,2026-05-18T16:23:58
sp_006_00652_001,source_file_version,MI팀_시장분석 AI_시장 분석 Master Version (260422).xlsx,MI팀_시장분석 AI_시장 분석 Master Version (원본파일 점검용 재공유 2026.05.18).xlsx
sp_006_00652_001,ingested_at,2026-05-17T07:09:02.212513,2026-05-18T16:23:58
sp_006_00653_001,source_file_version,MI팀_시장분석 AI_시장 분석 Master Version (260422).xlsx,MI팀_시장분석 AI_시장 분석 Master Version (원본파일 점검용 재공유 2026.05.18).xlsx
sp_006_00653_001,ingested_at,2026-05-17T07:09:02.212513,2026-05-18T16:23:58
sp_006_00654_001,source_file_version,MI팀_시장분석 AI_시장 분석 Master Version (260422).xlsx,MI팀_시장분석 AI_시장 분석 Master Version (원본파일 점검용 재공유 2026.05.18).xlsx
sp_006_00654_001,ingested_at,2026-05-17T07:09:02.212513,2026-05-18T16:23:58
sp_006_00655_001,source_file_version,MI팀_시장분석 AI_시장 분석 Master Version (260422).xlsx,MI팀_시장분석 AI_시장 분석 Master Version (원본파일 점검용 재공유 2026.05.18).xlsx
sp_006_00655_001,ingested_at,2026-05-17T07:09:02.212513,2026-05-18T16:23:58
sp_006_00656_001,source_file_version,MI팀_시장분석 AI_시장 분석 Master Version (260422).xlsx,MI팀_시장분석 AI_시장 분석 Master Version (원본파일 점검용 재공유 2026.05.18).xlsx
sp_006_00656_001,ingested_at,2026-05-17T07:09:02.212513,2026-05-18T16:23:58
sp_006_00657_001,source_file_version,MI팀_시장분석 AI_시장 분석 Master Version (260422).xlsx,MI팀_시장분석 AI_시장 분석 Master Version (원본파일 점검용 재공유 2026.05.18).xlsx
sp_006_00657_001,ingested_at,2026-05-17T07:09:02.212513,2026-05-18T16:23:58
sp_006_00658_001,source_file_version,MI팀_시장분석 AI_시장 분석 Master Version (260422).xlsx,MI팀_시장분석 AI_시장 분석 Master Version (원본파일 점검용 재공유 2026.05.18).xlsx
sp_006_00658_001,ingested_at,2026-05-17T07:09:02.212513,2026-05-18T16:23:58
sp_006_00659_001,source_file_version,MI팀_시장분석 AI_시장 분석 Master Version (260422).xlsx,MI팀_시장분석 AI_시장 분석 Master Version (원본파일 점검용 재공유 2026.05.18).xlsx
sp_006_00659_001,ingested_at,2026-05-17T07:09:02.212513,2026-05-18T16:23:58
sp_006_00660_001,source_file_version,MI팀_시장분석 AI_시장 분석 Master Version (260422).xlsx,MI팀_시장분석 AI_시장 분석 Master Version (원본파일 점검용 재공유 2026.05.18).xlsx
sp_006_00660_001,ingested_at,2026-05-17T07:09:02.212513,2026-05-18T16:23:58
sp_006_00661_001,source_file_version,MI팀_시장분석 AI_시장 분석 Master Version (260422).xlsx,MI팀_시장분석 AI_시장 분석 Master Version (원본파일 점검용 재공유 2026.05.18).xlsx
sp_006_00661_001,ingested_at,2026-05-17T07:09:02.212513,2026-05-18T16:23:58
sp_006_00662_001,source_file_version,MI팀_시장분석 AI_시장 분석 Master Version (260422).xlsx,MI팀_시장분석 AI_시장 분석 Master Version (원본파일 점검용 재공유 2026.05.18).xlsx
sp_006_00662_001,ingested_at,2026-05-17T07:09:02.212513,2026-05-18T16:23:58
sp_006_00663_001,source_file_version,MI팀_시장분석 AI_시장 분석 Master Version (260422).xlsx,MI팀_시장분석 AI_시장 분석 Master Version (원본파일 점검용 재공유 2026.05.18).xlsx
sp_006_00663_001,ingested_at,2026-05-17T07:09:02.212513,2026-05-18T16:23:58
sp_006_00664_001,source_file_version,MI팀_시장분석 AI_시장 분석 Master Version (260422).xlsx,MI팀_시장분석 AI_시장 분석 Master Version (원본파일 점검용 재공유 2026.05.18).xlsx
sp_006_00664_001,ingested_at,2026-05-17T07:09:02.212513,2026-05-18T16:23:58
sp_006_00665_001,source_file_version,MI팀_시장분석 AI_시장 분석 Master Version (260422).xlsx,MI팀_시장분석 AI_시장 분석 Master Version (원본파일 점검용 재공유 2026.05.18).xlsx
sp_006_00665_001,ingested_at,2026-05-17T07:09:02.212513,2026-05-18T16:23:58
sp_006_00666_001,source_file_version,MI팀_시장분석 AI_시장 분석 Master Version (260422).xlsx,MI팀_시장분석 AI_시장 분석 Master Version (원본파일 점검용 재공유 2026.05.18).xlsx
sp_006_00666_001,ingested_at,2026-05-17T07:09:02.212513,2026-05-18T16:23:58
sp_006_00667_001,source_file_version,MI팀_시장분석 AI_시장 분석 Master Version (260422).xlsx,MI팀_시장분석 AI_시장 분석 Master Version (원본파일 점검용 재공유 2026.05.18).xlsx
sp_006_00667_001,ingested_at,2026-05-17T07:09:02.212513,2026-05-18T16:23:58
sp_006_00668_001,source_file_version,MI팀_시장분석 AI_시장 분석 Master Version (260422).xlsx,MI팀_시장분석 AI_시장 분석 Master Version (원본파일 점검용 재공유 2026.05.18).xlsx
sp_006_00668_001,ingested_at,2026-05-17T07:09:02.212513,2026-05-18T16:23:58
sp_006_00669_001,source_file_version,MI팀_시장분석 AI_시장 분석 Master Version (260422).xlsx,MI팀_시장분석 AI_시장 분석 Master Version (원본파일 점검용 재공유 2026.05.18).xlsx
sp_006_00669_001,ingested_at,2026-05-17T07:09:02.212513,2026-05-18T16:23:58
sp_006_00670_001,source_file_version,MI팀_시장분석 AI_시장 분석 Master Version (260422).xlsx,MI팀_시장분석 AI_시장 분석 Master Version (원본파일 점검용 재공유 2026.05.18).xlsx
sp_006_00670_001,ingested_at,2026-05-17T07:09:02.212513,2026-05-18T16:23:58
sp_006_00671_001,source_file_version,MI팀_시장분석 AI_시장 분석 Master Version (260422).xlsx,MI팀_시장분석 AI_시장 분석 Master Version (원본파일 점검용 재공유 2026.05.18).xlsx
sp_006_00671_001,ingested_at,2026-05-17T07:09:02.212513,2026-05-18T16:23:58
sp_006_00672_001,source_file_version,MI팀_시장분석 AI_시장 분석 Master Version (260422).xlsx,MI팀_시장분석 AI_시장 분석 Master Version (원본파일 점검용 재공유 2026.05.18).xlsx
sp_006_00672_001,ingested_at,2026-05-17T07:09:02.212513,2026-05-18T16:23:58
sp_006_00673_001,source_file_version,MI팀_시장분석 AI_시장 분석 Master Version (260422).xlsx,MI팀_시장분석 AI_시장 분석 Master Version (원본파일 점검용 재공유 2026.05.18).xlsx
sp_006_00673_001,ingested_at,2026-05-17T07:09:02.212513,2026-05-18T16:23:58
sp_006_00674_001,source_file_version,MI팀_시장분석 AI_시장 분석 Master Version (260422).xlsx,MI팀_시장분석 AI_시장 분석 Master Version (원본파일 점검용 재공유 2026.05.18).xlsx
sp_006_00674_001,ingested_at,2026-05-17T07:09:02.212513,2026-05-18T16:23:58
sp_006_00675_001,source_file_version,MI팀_시장분석 AI_시장 분석 Master Version (260422).xlsx,MI팀_시장분석 AI_시장 분석 Master Version (원본파일 점검용 재공유 2026.05.18).xlsx
sp_006_00675_001,ingested_at,2026-05-17T07:09:02.212513,2026-05-18T16:23:58
sp_006_00676_001,source_file_version,MI팀_시장분석 AI_시장 분석 Master Version (260422).xlsx,MI팀_시장분석 AI_시장 분석 Master Version (원본파일 점검용 재공유 2026.05.18).xlsx
sp_006_00676_001,ingested_at,2026-05-17T07:09:02.212513,2026-05-18T16:23:58
sp_006_00677_001,source_file_version,MI팀_시장분석 AI_시장 분석 Master Version (260422).xlsx,MI팀_시장분석 AI_시장 분석 Master Version (원본파일 점검용 재공유 2026.05.18).xlsx
sp_006_00677_001,ingested_at,2026-05-17T07:09:02.212513,2026-05-18T16:23:58
sp_006_00678_001,source_file_version,MI팀_시장분석 AI_시장 분석 Master Version (260422).xlsx,MI팀_시장분석 AI_시장 분석 Master Version (원본파일 점검용 재공유 2026.05.18).xlsx
sp_006_00678_001,ingested_at,2026-05-17T07:09:02.212513,2026-05-18T16:23:58
sp_006_00679_001,source_file_version,MI팀_시장분석 AI_시장 분석 Master Version (260422).xlsx,MI팀_시장분석 AI_시장 분석 Master Version (원본파일 점검용 재공유 2026.05.18).xlsx
sp_006_00679_001,ingested_at,2026-05-17T07:09:02.212513,2026-05-18T16:23:58
sp_006_00680_001,source_file_version,MI팀_시장분석 AI_시장 분석 Master Version (260422).xlsx,MI팀_시장분석 AI_시장 분석 Master Version (원본파일 점검용 재공유 2026.05.18).xlsx
sp_006_00680_001,ingested_at,2026-05-17T07:09:02.212513,2026-05-18T16:23:58
sp_006_00681_001,source_file_version,MI팀_시장분석 AI_시장 분석 Master Version (260422).xlsx,MI팀_시장분석 AI_시장 분석 Master Version (원본파일 점검용 재공유 2026.05.18).xlsx
sp_006_00681_001,ingested_at,2026-05-17T07:09:02.212513,2026-05-18T16:23:58
sp_006_00682_001,source_file_version,MI팀_시장분석 AI_시장 분석 Master Version (260422).xlsx,MI팀_시장분석 AI_시장 분석 Master Version (원본파일 점검용 재공유 2026.05.18).xlsx
sp_006_00682_001,ingested_at,2026-05-17T07:09:02.212513,2026-05-18T16:23:58
sp_006_00683_001,source_file_version,MI팀_시장분석 AI_시장 분석 Master Version (260422).xlsx,MI팀_시장분석 AI_시장 분석 Master Version (원본파일 점검용 재공유 2026.05.18).xlsx
sp_006_00683_001,ingested_at,2026-05-17T07:09:02.212513,2026-05-18T16:23:58
sp_006_00684_001,source_file_version,MI팀_시장분석 AI_시장 분석 Master Version (260422).xlsx,MI팀_시장분석 AI_시장 분석 Master Version (원본파일 점검용 재공유 2026.05.18).xlsx
sp_006_00684_001,ingested_at,2026-05-17T07:09:02.212513,2026-05-18T16:23:58
sp_006_00685_001,source_file_version,MI팀_시장분석 AI_시장 분석 Master Version (260422).xlsx,MI팀_시장분석 AI_시장 분석 Master Version (원본파일 점검용 재공유 2026.05.18).xlsx
sp_006_00685_001,ingested_at,2026-05-17T07:09:02.212513,2026-05-18T16:23:58
sp_006_00686_001,source_file_version,MI팀_시장분석 AI_시장 분석 Master Version (260422).xlsx,MI팀_시장분석 AI_시장 분석 Master Version (원본파일 점검용 재공유 2026.05.18).xlsx
sp_006_00686_001,ingested_at,2026-05-17T07:09:02.212513,2026-05-18T16:23:58
sp_006_00687_001,source_file_version,MI팀_시장분석 AI_시장 분석 Master Version (260422).xlsx,MI팀_시장분석 AI_시장 분석 Master Version (원본파일 점검용 재공유 2026.05.18).xlsx
sp_006_00687_001,ingested_at,2026-05-17T07:09:02.212513,2026-05-18T16:23:58
sp_006_00688_001,source_file_version,MI팀_시장분석 AI_시장 분석 Master Version (260422).xlsx,MI팀_시장분석 AI_시장 분석 Master Version (원본파일 점검용 재공유 2026.05.18).xlsx
sp_006_00688_001,ingested_at,2026-05-17T07:09:02.212513,2026-05-18T16:23:58
sp_006_00689_001,source_file_version,MI팀_시장분석 AI_시장 분석 Master Version (260422).xlsx,MI팀_시장분석 AI_시장 분석 Master Version (원본파일 점검용 재공유 2026.05.18).xlsx
sp_006_00689_001,ingested_at,2026-05-17T07:09:02.212513,2026-05-18T16:23:58
sp_006_00690_001,source_file_version,MI팀_시장분석 AI_시장 분석 Master Version (260422).xlsx,MI팀_시장분석 AI_시장 분석 Master Version (원본파일 점검용 재공유 2026.05.18).xlsx
sp_006_00690_001,ingested_at,2026-05-17T07:09:02.212513,2026-05-18T16:23:58
sp_006_00691_001,source_file_version,MI팀_시장분석 AI_시장 분석 Master Version (260422).xlsx,MI팀_시장분석 AI_시장 분석 Master Version (원본파일 점검용 재공유 2026.05.18).xlsx
sp_006_00691_001,ingested_at,2026-05-17T07:09:02.212513,2026-05-18T16:23:58
sp_006_00692_001,source_file_version,MI팀_시장분석 AI_시장 분석 Master Version (260422).xlsx,MI팀_시장분석 AI_시장 분석 Master Version (원본파일 점검용 재공유 2026.05.18).xlsx
sp_006_00692_001,ingested_at,2026-05-17T07:09:02.212513,2026-05-18T16:23:58
sp_006_00693_001,source_file_version,MI팀_시장분석 AI_시장 분석 Master Version (260422).xlsx,MI팀_시장분석 AI_시장 분석 Master Version (원본파일 점검용 재공유 2026.05.18).xlsx
sp_006_00693_001,ingested_at,2026-05-17T07:09:02.212513,2026-05-18T16:23:58
sp_006_00694_001,source_file_version,MI팀_시장분석 AI_시장 분석 Master Version (260422).xlsx,MI팀_시장분석 AI_시장 분석 Master Version (원본파일 점검용 재공유 2026.05.18).xlsx
sp_006_00694_001,ingested_at,2026-05-17T07:09:02.212513,2026-05-18T16:23:58
sp_006_00695_001,source_file_version,MI팀_시장분석 AI_시장 분석 Master Version (260422).xlsx,MI팀_시장분석 AI_시장 분석 Master Version (원본파일 점검용 재공유 2026.05.18).xlsx
sp_006_00695_001,ingested_at,2026-05-17T07:09:02.212513,2026-05-18T16:23:58
sp_006_00696_001,source_file_version,MI팀_시장분석 AI_시장 분석 Master Version (260422).xlsx,MI팀_시장분석 AI_시장 분석 Master Version (원본파일 점검용 재공유 2026.05.18).xlsx
sp_006_00696_001,ingested_at,2026-05-17T07:09:02.212513,2026-05-18T16:23:58
sp_006_00697_001,source_file_version,MI팀_시장분석 AI_시장 분석 Master Version (260422).xlsx,MI팀_시장분석 AI_시장 분석 Master Version (원본파일 점검용 재공유 2026.05.18).xlsx
sp_006_00697_001,ingested_at,2026-05-17T07:09:02.212513,2026-05-18T16:23:58
sp_006_00698_001,source_file_version,MI팀_시장분석 AI_시장 분석 Master Version (260422).xlsx,MI팀_시장분석 AI_시장 분석 Master Version (원본파일 점검용 재공유 2026.05.18).xlsx
sp_006_00698_001,ingested_at,2026-05-17T07:09:02.212513,2026-05-18T16:23:58
sp_006_00699_001,source_file_version,MI팀_시장분석 AI_시장 분석 Master Version (260422).xlsx,MI팀_시장분석 AI_시장 분석 Master Version (원본파일 점검용 재공유 2026.05.18).xlsx
sp_006_00699_001,ingested_at,2026-05-17T07:09:02.212513,2026-05-18T16:23:58
sp_006_00700_001,source_file_version,MI팀_시장분석 AI_시장 분석 Master Version (260422).xlsx,MI팀_시장분석 AI_시장 분석 Master Version (원본파일 점검용 재공유 2026.05.18).xlsx
sp_006_00700_001,ingested_at,2026-05-17T07:09:02.212513,2026-05-18T16:23:58
sp_006_00701_001,source_file_version,MI팀_시장분석 AI_시장 분석 Master Version (260422).xlsx,MI팀_시장분석 AI_시장 분석 Master Version (원본파일 점검용 재공유 2026.05.18).xlsx
sp_006_00701_001,ingested_at,2026-05-17T07:09:02.212513,2026-05-18T16:23:58
sp_006_00702_001,source_file_version,MI팀_시장분석 AI_시장 분석 Master Version (260422).xlsx,MI팀_시장분석 AI_시장 분석 Master Version (원본파일 점검용 재공유 2026.05.18).xlsx
sp_006_00702_001,ingested_at,2026-05-17T07:09:02.212513,2026-05-18T16:23:58
sp_006_00703_001,source_file_version,MI팀_시장분석 AI_시장 분석 Master Version (260422).xlsx,MI팀_시장분석 AI_시장 분석 Master Version (원본파일 점검용 재공유 2026.05.18).xlsx
sp_006_00703_001,ingested_at,2026-05-17T07:09:02.212513,2026-05-18T16:23:58
sp_006_00704_001,source_file_version,MI팀_시장분석 AI_시장 분석 Master Version (260422).xlsx,MI팀_시장분석 AI_시장 분석 Master Version (원본파일 점검용 재공유 2026.05.18).xlsx
sp_006_00704_001,ingested_at,2026-05-17T07:09:02.212513,2026-05-18T16:23:58
sp_006_00705_001,source_file_version,MI팀_시장분석 AI_시장 분석 Master Version (260422).xlsx,MI팀_시장분석 AI_시장 분석 Master Version (원본파일 점검용 재공유 2026.05.18).xlsx
sp_006_00705_001,ingested_at,2026-05-17T07:09:02.212513,2026-05-18T16:23:58
sp_006_00706_001,source_file_version,MI팀_시장분석 AI_시장 분석 Master Version (260422).xlsx,MI팀_시장분석 AI_시장 분석 Master Version (원본파일 점검용 재공유 2026.05.18).xlsx
sp_006_00706_001,ingested_at,2026-05-17T07:09:02.212513,2026-05-18T16:23:58
sp_006_00707_001,source_file_version,MI팀_시장분석 AI_시장 분석 Master Version (260422).xlsx,MI팀_시장분석 AI_시장 분석 Master Version (원본파일 점검용 재공유 2026.05.18).xlsx
sp_006_00707_001,ingested_at,2026-05-17T07:09:02.212513,2026-05-18T16:23:58
sp_006_00708_001,source_file_version,MI팀_시장분석 AI_시장 분석 Master Version (260422).xlsx,MI팀_시장분석 AI_시장 분석 Master Version (원본파일 점검용 재공유 2026.05.18).xlsx
sp_006_00708_001,ingested_at,2026-05-17T07:09:02.212513,2026-05-18T16:23:58
sp_006_00709_001,source_file_version,MI팀_시장분석 AI_시장 분석 Master Version (260422).xlsx,MI팀_시장분석 AI_시장 분석 Master Version (원본파일 점검용 재공유 2026.05.18).xlsx
sp_006_00709_001,ingested_at,2026-05-17T07:09:02.212513,2026-05-18T16:23:58
sp_006_00710_001,source_file_version,MI팀_시장분석 AI_시장 분석 Master Version (260422).xlsx,MI팀_시장분석 AI_시장 분석 Master Version (원본파일 점검용 재공유 2026.05.18).xlsx
sp_006_00710_001,ingested_at,2026-05-17T07:09:02.212513,2026-05-18T16:23:58
sp_006_00711_001,source_file_version,MI팀_시장분석 AI_시장 분석 Master Version (260422).xlsx,MI팀_시장분석 AI_시장 분석 Master Version (원본파일 점검용 재공유 2026.05.18).xlsx
sp_006_00711_001,ingested_at,2026-05-17T07:09:02.212513,2026-05-18T16:23:58
sp_006_00712_001,source_file_version,MI팀_시장분석 AI_시장 분석 Master Version (260422).xlsx,MI팀_시장분석 AI_시장 분석 Master Version (원본파일 점검용 재공유 2026.05.18).xlsx
sp_006_00712_001,ingested_at,2026-05-17T07:09:02.212513,2026-05-18T16:23:58
sp_006_00713_001,source_file_version,MI팀_시장분석 AI_시장 분석 Master Version (260422).xlsx,MI팀_시장분석 AI_시장 분석 Master Version (원본파일 점검용 재공유 2026.05.18).xlsx
sp_006_00713_001,ingested_at,2026-05-17T07:09:02.212513,2026-05-18T16:23:58
sp_006_00714_001,source_file_version,MI팀_시장분석 AI_시장 분석 Master Version (260422).xlsx,MI팀_시장분석 AI_시장 분석 Master Version (원본파일 점검용 재공유 2026.05.18).xlsx
sp_006_00714_001,ingested_at,2026-05-17T07:09:02.212513,2026-05-18T16:23:58
sp_006_00715_001,source_file_version,MI팀_시장분석 AI_시장 분석 Master Version (260422).xlsx,MI팀_시장분석 AI_시장 분석 Master Version (원본파일 점검용 재공유 2026.05.18).xlsx
sp_006_00715_001,ingested_at,2026-05-17T07:09:02.212513,2026-05-18T16:23:58
sp_006_00716_001,source_file_version,MI팀_시장분석 AI_시장 분석 Master Version (260422).xlsx,MI팀_시장분석 AI_시장 분석 Master Version (원본파일 점검용 재공유 2026.05.18).xlsx
sp_006_00716_001,ingested_at,2026-05-17T07:09:02.212513,2026-05-18T16:23:58
sp_006_00717_001,source_file_version,MI팀_시장분석 AI_시장 분석 Master Version (260422).xlsx,MI팀_시장분석 AI_시장 분석 Master Version (원본파일 점검용 재공유 2026.05.18).xlsx
sp_006_00717_001,ingested_at,2026-05-17T07:09:02.212513,2026-05-18T16:23:58
sp_006_00718_001,source_file_version,MI팀_시장분석 AI_시장 분석 Master Version (260422).xlsx,MI팀_시장분석 AI_시장 분석 Master Version (원본파일 점검용 재공유 2026.05.18).xlsx
sp_006_00718_001,ingested_at,2026-05-17T07:09:02.212513,2026-05-18T16:23:58
sp_006_00719_001,source_file_version,MI팀_시장분석 AI_시장 분석 Master Version (260422).xlsx,MI팀_시장분석 AI_시장 분석 Master Version (원본파일 점검용 재공유 2026.05.18).xlsx
sp_006_00719_001,ingested_at,2026-05-17T07:09:02.212513,2026-05-18T16:23:58
sp_006_00720_001,source_file_version,MI팀_시장분석 AI_시장 분석 Master Version (260422).xlsx,MI팀_시장분석 AI_시장 분석 Master Version (원본파일 점검용 재공유 2026.05.18).xlsx
sp_006_00720_001,ingested_at,2026-05-17T07:09:02.212513,2026-05-18T16:23:58
sp_006_00721_001,source_file_version,MI팀_시장분석 AI_시장 분석 Master Version (260422).xlsx,MI팀_시장분석 AI_시장 분석 Master Version (원본파일 점검용 재공유 2026.05.18).xlsx
sp_006_00721_001,ingested_at,2026-05-17T07:09:02.212513,2026-05-18T16:23:58
sp_006_00722_001,source_file_version,MI팀_시장분석 AI_시장 분석 Master Version (260422).xlsx,MI팀_시장분석 AI_시장 분석 Master Version (원본파일 점검용 재공유 2026.05.18).xlsx
sp_006_00722_001,ingested_at,2026-05-17T07:09:02.212513,2026-05-18T16:23:58
sp_006_00723_001,source_file_version,MI팀_시장분석 AI_시장 분석 Master Version (260422).xlsx,MI팀_시장분석 AI_시장 분석 Master Version (원본파일 점검용 재공유 2026.05.18).xlsx
sp_006_00723_001,ingested_at,2026-05-17T07:09:02.212513,2026-05-18T16:23:58
sp_006_00724_001,source_file_version,MI팀_시장분석 AI_시장 분석 Master Version (260422).xlsx,MI팀_시장분석 AI_시장 분석 Master Version (원본파일 점검용 재공유 2026.05.18).xlsx
sp_006_00724_001,ingested_at,2026-05-17T07:09:02.212513,2026-05-18T16:23:58
sp_006_00725_001,source_file_version,MI팀_시장분석 AI_시장 분석 Master Version (260422).xlsx,MI팀_시장분석 AI_시장 분석 Master Version (원본파일 점검용 재공유 2026.05.18).xlsx
sp_006_00725_001,ingested_at,2026-05-17T07:09:02.212513,2026-05-18T16:23:58
sp_006_00726_001,source_file_version,MI팀_시장분석 AI_시장 분석 Master Version (260422).xlsx,MI팀_시장분석 AI_시장 분석 Master Version (원본파일 점검용 재공유 2026.05.18).xlsx
sp_006_00726_001,ingested_at,2026-05-17T07:09:02.212513,2026-05-18T16:23:58
sp_006_00727_001,source_file_version,MI팀_시장분석 AI_시장 분석 Master Version (260422).xlsx,MI팀_시장분석 AI_시장 분석 Master Version (원본파일 점검용 재공유 2026.05.18).xlsx
sp_006_00727_001,ingested_at,2026-05-17T07:09:02.212513,2026-05-18T16:23:58
sp_006_00728_001,source_file_version,MI팀_시장분석 AI_시장 분석 Master Version (260422).xlsx,MI팀_시장분석 AI_시장 분석 Master Version (원본파일 점검용 재공유 2026.05.18).xlsx
sp_006_00728_001,ingested_at,2026-05-17T07:09:02.212513,2026-05-18T16:23:58
sp_006_00729_001,source_file_version,MI팀_시장분석 AI_시장 분석 Master Version (260422).xlsx,MI팀_시장분석 AI_시장 분석 Master Version (원본파일 점검용 재공유 2026.05.18).xlsx
sp_006_00729_001,ingested_at,2026-05-17T07:09:02.212513,2026-05-18T16:23:58
sp_006_00730_001,source_file_version,MI팀_시장분석 AI_시장 분석 Master Version (260422).xlsx,MI팀_시장분석 AI_시장 분석 Master Version (원본파일 점검용 재공유 2026.05.18).xlsx
sp_006_00730_001,ingested_at,2026-05-17T07:09:02.212513,2026-05-18T16:23:58
sp_006_00731_001,source_file_version,MI팀_시장분석 AI_시장 분석 Master Version (260422).xlsx,MI팀_시장분석 AI_시장 분석 Master Version (원본파일 점검용 재공유 2026.05.18).xlsx
sp_006_00731_001,ingested_at,2026-05-17T07:09:02.212513,2026-05-18T16:23:58
sp_006_00732_001,source_file_version,MI팀_시장분석 AI_시장 분석 Master Version (260422).xlsx,MI팀_시장분석 AI_시장 분석 Master Version (원본파일 점검용 재공유 2026.05.18).xlsx
sp_006_00732_001,ingested_at,2026-05-17T07:09:02.212513,2026-05-18T16:23:58
sp_006_00733_001,source_file_version,MI팀_시장분석 AI_시장 분석 Master Version (260422).xlsx,MI팀_시장분석 AI_시장 분석 Master Version (원본파일 점검용 재공유 2026.05.18).xlsx
sp_006_00733_001,ingested_at,2026-05-17T07:09:02.212513,2026-05-18T16:23:58
sp_006_00734_001,source_file_version,MI팀_시장분석 AI_시장 분석 Master Version (260422).xlsx,MI팀_시장분석 AI_시장 분석 Master Version (원본파일 점검용 재공유 2026.05.18).xlsx
sp_006_00734_001,ingested_at,2026-05-17T07:09:02.212513,2026-05-18T16:23:58
sp_006_00735_001,source_file_version,MI팀_시장분석 AI_시장 분석 Master Version (260422).xlsx,MI팀_시장분석 AI_시장 분석 Master Version (원본파일 점검용 재공유 2026.05.18).xlsx
sp_006_00735_001,ingested_at,2026-05-17T07:09:02.212513,2026-05-18T16:23:58
sp_006_00736_001,source_file_version,MI팀_시장분석 AI_시장 분석 Master Version (260422).xlsx,MI팀_시장분석 AI_시장 분석 Master Version (원본파일 점검용 재공유 2026.05.18).xlsx
sp_006_00736_001,ingested_at,2026-05-17T07:09:02.212513,2026-05-18T16:23:58
sp_006_00737_001,source_file_version,MI팀_시장분석 AI_시장 분석 Master Version (260422).xlsx,MI팀_시장분석 AI_시장 분석 Master Version (원본파일 점검용 재공유 2026.05.18).xlsx
sp_006_00737_001,ingested_at,2026-05-17T07:09:02.212513,2026-05-18T16:23:58
sp_006_00738_001,source_file_version,MI팀_시장분석 AI_시장 분석 Master Version (260422).xlsx,MI팀_시장분석 AI_시장 분석 Master Version (원본파일 점검용 재공유 2026.05.18).xlsx
sp_006_00738_001,ingested_at,2026-05-17T07:09:02.212513,2026-05-18T16:23:58
sp_006_00739_001,source_file_version,MI팀_시장분석 AI_시장 분석 Master Version (260422).xlsx,MI팀_시장분석 AI_시장 분석 Master Version (원본파일 점검용 재공유 2026.05.18).xlsx
sp_006_00739_001,ingested_at,2026-05-17T07:09:02.212513,2026-05-18T16:23:58
sp_006_00740_001,source_file_version,MI팀_시장분석 AI_시장 분석 Master Version (260422).xlsx,MI팀_시장분석 AI_시장 분석 Master Version (원본파일 점검용 재공유 2026.05.18).xlsx
sp_006_00740_001,ingested_at,2026-05-17T07:09:02.212513,2026-05-18T16:23:58
sp_006_00741_001,source_file_version,MI팀_시장분석 AI_시장 분석 Master Version (260422).xlsx,MI팀_시장분석 AI_시장 분석 Master Version (원본파일 점검용 재공유 2026.05.18).xlsx
sp_006_00741_001,ingested_at,2026-05-17T07:09:02.212513,2026-05-18T16:23:58
sp_006_00742_001,source_file_version,MI팀_시장분석 AI_시장 분석 Master Version (260422).xlsx,MI팀_시장분석 AI_시장 분석 Master Version (원본파일 점검용 재공유 2026.05.18).xlsx
sp_006_00742_001,ingested_at,2026-05-17T07:09:02.212513,2026-05-18T16:23:58
sp_006_00743_001,source_file_version,MI팀_시장분석 AI_시장 분석 Master Version (260422).xlsx,MI팀_시장분석 AI_시장 분석 Master Version (원본파일 점검용 재공유 2026.05.18).xlsx
sp_006_00743_001,ingested_at,2026-05-17T07:09:02.212513,2026-05-18T16:23:58
sp_006_00744_001,source_file_version,MI팀_시장분석 AI_시장 분석 Master Version (260422).xlsx,MI팀_시장분석 AI_시장 분석 Master Version (원본파일 점검용 재공유 2026.05.18).xlsx
sp_006_00744_001,ingested_at,2026-05-17T07:09:02.212513,2026-05-18T16:23:58
sp_006_00745_001,source_file_version,MI팀_시장분석 AI_시장 분석 Master Version (260422).xlsx,MI팀_시장분석 AI_시장 분석 Master Version (원본파일 점검용 재공유 2026.05.18).xlsx
sp_006_00745_001,ingested_at,2026-05-17T07:09:02.212513,2026-05-18T16:23:58
sp_006_00746_001,source_file_version,MI팀_시장분석 AI_시장 분석 Master Version (260422).xlsx,MI팀_시장분석 AI_시장 분석 Master Version (원본파일 점검용 재공유 2026.05.18).xlsx
sp_006_00746_001,ingested_at,2026-05-17T07:09:02.212513,2026-05-18T16:23:58
sp_006_00747_001,source_file_version,MI팀_시장분석 AI_시장 분석 Master Version (260422).xlsx,MI팀_시장분석 AI_시장 분석 Master Version (원본파일 점검용 재공유 2026.05.18).xlsx
sp_006_00747_001,ingested_at,2026-05-17T07:09:02.212513,2026-05-18T16:23:58
sp_006_00748_001,source_file_version,MI팀_시장분석 AI_시장 분석 Master Version (260422).xlsx,MI팀_시장분석 AI_시장 분석 Master Version (원본파일 점검용 재공유 2026.05.18).xlsx
sp_006_00748_001,ingested_at,2026-05-17T07:09:02.212513,2026-05-18T16:23:58
sp_006_00749_001,source_file_version,MI팀_시장분석 AI_시장 분석 Master Version (260422).xlsx,MI팀_시장분석 AI_시장 분석 Master Version (원본파일 점검용 재공유 2026.05.18).xlsx
sp_006_00749_001,ingested_at,2026-05-17T07:09:02.212513,2026-05-18T16:23:58
sp_006_00750_001,source_file_version,MI팀_시장분석 AI_시장 분석 Master Version (260422).xlsx,MI팀_시장분석 AI_시장 분석 Master Version (원본파일 점검용 재공유 2026.05.18).xlsx
sp_006_00750_001,ingested_at,2026-05-17T07:09:02.212513,2026-05-18T16:23:58
sp_006_00751_001,source_file_version,MI팀_시장분석 AI_시장 분석 Master Version (260422).xlsx,MI팀_시장분석 AI_시장 분석 Master Version (원본파일 점검용 재공유 2026.05.18).xlsx
sp_006_00751_001,ingested_at,2026-05-17T07:09:02.212513,2026-05-18T16:23:58
sp_006_00752_001,source_file_version,MI팀_시장분석 AI_시장 분석 Master Version (260422).xlsx,MI팀_시장분석 AI_시장 분석 Master Version (원본파일 점검용 재공유 2026.05.18).xlsx
sp_006_00752_001,ingested_at,2026-05-17T07:09:02.212513,2026-05-18T16:23:58
sp_006_00753_001,source_file_version,MI팀_시장분석 AI_시장 분석 Master Version (260422).xlsx,MI팀_시장분석 AI_시장 분석 Master Version (원본파일 점검용 재공유 2026.05.18).xlsx
sp_006_00753_001,ingested_at,2026-05-17T07:09:02.212513,2026-05-18T16:23:58
sp_006_00754_001,source_file_version,MI팀_시장분석 AI_시장 분석 Master Version (260422).xlsx,MI팀_시장분석 AI_시장 분석 Master Version (원본파일 점검용 재공유 2026.05.18).xlsx
sp_006_00754_001,ingested_at,2026-05-17T07:09:02.212513,2026-05-18T16:23:58
sp_006_00755_001,source_file_version,MI팀_시장분석 AI_시장 분석 Master Version (260422).xlsx,MI팀_시장분석 AI_시장 분석 Master Version (원본파일 점검용 재공유 2026.05.18).xlsx
sp_006_00755_001,ingested_at,2026-05-17T07:09:02.212513,2026-05-18T16:23:58
sp_006_00756_001,source_file_version,MI팀_시장분석 AI_시장 분석 Master Version (260422).xlsx,MI팀_시장분석 AI_시장 분석 Master Version (원본파일 점검용 재공유 2026.05.18).xlsx
sp_006_00756_001,ingested_at,2026-05-17T07:09:02.212513,2026-05-18T16:23:58
sp_006_00757_001,source_file_version,MI팀_시장분석 AI_시장 분석 Master Version (260422).xlsx,MI팀_시장분석 AI_시장 분석 Master Version (원본파일 점검용 재공유 2026.05.18).xlsx
sp_006_00757_001,ingested_at,2026-05-17T07:09:02.212513,2026-05-18T16:23:58
sp_006_00758_001,source_file_version,MI팀_시장분석 AI_시장 분석 Master Version (260422).xlsx,MI팀_시장분석 AI_시장 분석 Master Version (원본파일 점검용 재공유 2026.05.18).xlsx
sp_006_00758_001,ingested_at,2026-05-17T07:09:02.212513,2026-05-18T16:23:58
sp_006_00759_001,source_file_version,MI팀_시장분석 AI_시장 분석 Master Version (260422).xlsx,MI팀_시장분석 AI_시장 분석 Master Version (원본파일 점검용 재공유 2026.05.18).xlsx
sp_006_00759_001,ingested_at,2026-05-17T07:09:02.212513,2026-05-18T16:23:58
sp_006_00760_001,source_file_version,MI팀_시장분석 AI_시장 분석 Master Version (260422).xlsx,MI팀_시장분석 AI_시장 분석 Master Version (원본파일 점검용 재공유 2026.05.18).xlsx
sp_006_00760_001,ingested_at,2026-05-17T07:09:02.212513,2026-05-18T16:23:58
sp_006_00761_001,source_file_version,MI팀_시장분석 AI_시장 분석 Master Version (260422).xlsx,MI팀_시장분석 AI_시장 분석 Master Version (원본파일 점검용 재공유 2026.05.18).xlsx
sp_006_00761_001,ingested_at,2026-05-17T07:09:02.212513,2026-05-18T16:23:58
sp_006_00762_001,source_file_version,MI팀_시장분석 AI_시장 분석 Master Version (260422).xlsx,MI팀_시장분석 AI_시장 분석 Master Version (원본파일 점검용 재공유 2026.05.18).xlsx
sp_006_00762_001,ingested_at,2026-05-17T07:09:02.212513,2026-05-18T16:23:58
sp_006_00763_001,source_file_version,MI팀_시장분석 AI_시장 분석 Master Version (260422).xlsx,MI팀_시장분석 AI_시장 분석 Master Version (원본파일 점검용 재공유 2026.05.18).xlsx
sp_006_00763_001,ingested_at,2026-05-17T07:09:02.212513,2026-05-18T16:23:58
sp_006_00764_001,source_file_version,MI팀_시장분석 AI_시장 분석 Master Version (260422).xlsx,MI팀_시장분석 AI_시장 분석 Master Version (원본파일 점검용 재공유 2026.05.18).xlsx
sp_006_00764_001,ingested_at,2026-05-17T07:09:02.212513,2026-05-18T16:23:58
sp_006_00765_001,source_file_version,MI팀_시장분석 AI_시장 분석 Master Version (260422).xlsx,MI팀_시장분석 AI_시장 분석 Master Version (원본파일 점검용 재공유 2026.05.18).xlsx
sp_006_00765_001,ingested_at,2026-05-17T07:09:02.212513,2026-05-18T16:23:58
sp_006_00766_001,source_file_version,MI팀_시장분석 AI_시장 분석 Master Version (260422).xlsx,MI팀_시장분석 AI_시장 분석 Master Version (원본파일 점검용 재공유 2026.05.18).xlsx
sp_006_00766_001,ingested_at,2026-05-17T07:09:02.212513,2026-05-18T16:23:58
sp_006_00767_001,source_file_version,MI팀_시장분석 AI_시장 분석 Master Version (260422).xlsx,MI팀_시장분석 AI_시장 분석 Master Version (원본파일 점검용 재공유 2026.05.18).xlsx
sp_006_00767_001,ingested_at,2026-05-17T07:09:02.212513,2026-05-18T16:23:58
sp_006_00768_001,source_file_version,MI팀_시장분석 AI_시장 분석 Master Version (260422).xlsx,MI팀_시장분석 AI_시장 분석 Master Version (원본파일 점검용 재공유 2026.05.18).xlsx
sp_006_00768_001,ingested_at,2026-05-17T07:09:02.212513,2026-05-18T16:23:58
sp_006_00769_001,source_file_version,MI팀_시장분석 AI_시장 분석 Master Version (260422).xlsx,MI팀_시장분석 AI_시장 분석 Master Version (원본파일 점검용 재공유 2026.05.18).xlsx
sp_006_00769_001,ingested_at,2026-05-17T07:09:02.212513,2026-05-18T16:23:58
sp_006_00770_001,source_file_version,MI팀_시장분석 AI_시장 분석 Master Version (260422).xlsx,MI팀_시장분석 AI_시장 분석 Master Version (원본파일 점검용 재공유 2026.05.18).xlsx
sp_006_00770_001,ingested_at,2026-05-17T07:09:02.212513,2026-05-18T16:23:58
sp_006_00771_001,source_file_version,MI팀_시장분석 AI_시장 분석 Master Version (260422).xlsx,MI팀_시장분석 AI_시장 분석 Master Version (원본파일 점검용 재공유 2026.05.18).xlsx
sp_006_00771_001,ingested_at,2026-05-17T07:09:02.212513,2026-05-18T16:23:58
sp_006_00772_001,source_file_version,MI팀_시장분석 AI_시장 분석 Master Version (260422).xlsx,MI팀_시장분석 AI_시장 분석 Master Version (원본파일 점검용 재공유 2026.05.18).xlsx
sp_006_00772_001,ingested_at,2026-05-17T07:09:02.212513,2026-05-18T16:23:58
sp_006_00773_001,source_file_version,MI팀_시장분석 AI_시장 분석 Master Version (260422).xlsx,MI팀_시장분석 AI_시장 분석 Master Version (원본파일 점검용 재공유 2026.05.18).xlsx
sp_006_00773_001,ingested_at,2026-05-17T07:09:02.212513,2026-05-18T16:23:58
sp_006_00774_001,source_file_version,MI팀_시장분석 AI_시장 분석 Master Version (260422).xlsx,MI팀_시장분석 AI_시장 분석 Master Version (원본파일 점검용 재공유 2026.05.18).xlsx
sp_006_00774_001,ingested_at,2026-05-17T07:09:02.212513,2026-05-18T16:23:58
sp_006_00775_001,source_file_version,MI팀_시장분석 AI_시장 분석 Master Version (260422).xlsx,MI팀_시장분석 AI_시장 분석 Master Version (원본파일 점검용 재공유 2026.05.18).xlsx
sp_006_00775_001,ingested_at,2026-05-17T07:09:02.212513,2026-05-18T16:23:58
sp_006_00776_001,source_file_version,MI팀_시장분석 AI_시장 분석 Master Version (260422).xlsx,MI팀_시장분석 AI_시장 분석 Master Version (원본파일 점검용 재공유 2026.05.18).xlsx
sp_006_00776_001,ingested_at,2026-05-17T07:09:02.212513,2026-05-18T16:23:58
sp_006_00777_001,source_file_version,MI팀_시장분석 AI_시장 분석 Master Version (260422).xlsx,MI팀_시장분석 AI_시장 분석 Master Version (원본파일 점검용 재공유 2026.05.18).xlsx
sp_006_00777_001,ingested_at,2026-05-17T07:09:02.212513,2026-05-18T16:23:58
sp_006_00778_001,source_file_version,MI팀_시장분석 AI_시장 분석 Master Version (260422).xlsx,MI팀_시장분석 AI_시장 분석 Master Version (원본파일 점검용 재공유 2026.05.18).xlsx
sp_006_00778_001,ingested_at,2026-05-17T07:09:02.212513,2026-05-18T16:23:58
sp_006_00779_001,source_file_version,MI팀_시장분석 AI_시장 분석 Master Version (260422).xlsx,MI팀_시장분석 AI_시장 분석 Master Version (원본파일 점검용 재공유 2026.05.18).xlsx
sp_006_00779_001,ingested_at,2026-05-17T07:09:02.212513,2026-05-18T16:23:58
sp_006_00780_001,source_file_version,MI팀_시장분석 AI_시장 분석 Master Version (260422).xlsx,MI팀_시장분석 AI_시장 분석 Master Version (원본파일 점검용 재공유 2026.05.18).xlsx
sp_006_00780_001,ingested_at,2026-05-17T07:09:02.212513,2026-05-18T16:23:58
sp_006_00781_001,source_file_version,MI팀_시장분석 AI_시장 분석 Master Version (260422).xlsx,MI팀_시장분석 AI_시장 분석 Master Version (원본파일 점검용 재공유 2026.05.18).xlsx
sp_006_00781_001,ingested_at,2026-05-17T07:09:02.212513,2026-05-18T16:23:58
sp_006_00782_001,source_file_version,MI팀_시장분석 AI_시장 분석 Master Version (260422).xlsx,MI팀_시장분석 AI_시장 분석 Master Version (원본파일 점검용 재공유 2026.05.18).xlsx
sp_006_00782_001,ingested_at,2026-05-17T07:09:02.212513,2026-05-18T16:23:58
sp_006_00783_001,source_file_version,MI팀_시장분석 AI_시장 분석 Master Version (260422).xlsx,MI팀_시장분석 AI_시장 분석 Master Version (원본파일 점검용 재공유 2026.05.18).xlsx
sp_006_00783_001,ingested_at,2026-05-17T07:09:02.212513,2026-05-18T16:23:58
sp_006_00784_001,source_file_version,MI팀_시장분석 AI_시장 분석 Master Version (260422).xlsx,MI팀_시장분석 AI_시장 분석 Master Version (원본파일 점검용 재공유 2026.05.18).xlsx
sp_006_00784_001,ingested_at,2026-05-17T07:09:02.212513,2026-05-18T16:23:58
sp_006_00785_001,source_file_version,MI팀_시장분석 AI_시장 분석 Master Version (260422).xlsx,MI팀_시장분석 AI_시장 분석 Master Version (원본파일 점검용 재공유 2026.05.18).xlsx
sp_006_00785_001,ingested_at,2026-05-17T07:09:02.212513,2026-05-18T16:23:58
sp_006_00786_001,source_file_version,MI팀_시장분석 AI_시장 분석 Master Version (260422).xlsx,MI팀_시장분석 AI_시장 분석 Master Version (원본파일 점검용 재공유 2026.05.18).xlsx
sp_006_00786_001,ingested_at,2026-05-17T07:09:02.212513,2026-05-18T16:23:58
sp_006_00787_001,source_file_version,MI팀_시장분석 AI_시장 분석 Master Version (260422).xlsx,MI팀_시장분석 AI_시장 분석 Master Version (원본파일 점검용 재공유 2026.05.18).xlsx
sp_006_00787_001,ingested_at,2026-05-17T07:09:02.212513,2026-05-18T16:23:58
sp_006_00788_001,source_file_version,MI팀_시장분석 AI_시장 분석 Master Version (260422).xlsx,MI팀_시장분석 AI_시장 분석 Master Version (원본파일 점검용 재공유 2026.05.18).xlsx
sp_006_00788_001,ingested_at,2026-05-17T07:09:02.212513,2026-05-18T16:23:58
sp_006_00789_001,source_file_version,MI팀_시장분석 AI_시장 분석 Master Version (260422).xlsx,MI팀_시장분석 AI_시장 분석 Master Version (원본파일 점검용 재공유 2026.05.18).xlsx
sp_006_00789_001,ingested_at,2026-05-17T07:09:02.212513,2026-05-18T16:23:58
sp_006_00790_001,source_file_version,MI팀_시장분석 AI_시장 분석 Master Version (260422).xlsx,MI팀_시장분석 AI_시장 분석 Master Version (원본파일 점검용 재공유 2026.05.18).xlsx
sp_006_00790_001,ingested_at,2026-05-17T07:09:02.212513,2026-05-18T16:23:58
sp_006_00791_001,source_file_version,MI팀_시장분석 AI_시장 분석 Master Version (260422).xlsx,MI팀_시장분석 AI_시장 분석 Master Version (원본파일 점검용 재공유 2026.05.18).xlsx
sp_006_00791_001,ingested_at,2026-05-17T07:09:02.212513,2026-05-18T16:23:58
sp_006_00792_001,source_file_version,MI팀_시장분석 AI_시장 분석 Master Version (260422).xlsx,MI팀_시장분석 AI_시장 분석 Master Version (원본파일 점검용 재공유 2026.05.18).xlsx
sp_006_00792_001,ingested_at,2026-05-17T07:09:02.212513,2026-05-18T16:23:58
sp_006_00793_001,source_file_version,MI팀_시장분석 AI_시장 분석 Master Version (260422).xlsx,MI팀_시장분석 AI_시장 분석 Master Version (원본파일 점검용 재공유 2026.05.18).xlsx
sp_006_00793_001,ingested_at,2026-05-17T07:09:02.212513,2026-05-18T16:23:58
sp_006_00794_001,source_file_version,MI팀_시장분석 AI_시장 분석 Master Version (260422).xlsx,MI팀_시장분석 AI_시장 분석 Master Version (원본파일 점검용 재공유 2026.05.18).xlsx
sp_006_00794_001,ingested_at,2026-05-17T07:09:02.212513,2026-05-18T16:23:58
sp_006_00795_001,source_file_version,MI팀_시장분석 AI_시장 분석 Master Version (260422).xlsx,MI팀_시장분석 AI_시장 분석 Master Version (원본파일 점검용 재공유 2026.05.18).xlsx
sp_006_00795_001,ingested_at,2026-05-17T07:09:02.212513,2026-05-18T16:23:58
sp_006_00796_001,source_file_version,MI팀_시장분석 AI_시장 분석 Master Version (260422).xlsx,MI팀_시장분석 AI_시장 분석 Master Version (원본파일 점검용 재공유 2026.05.18).xlsx
sp_006_00796_001,ingested_at,2026-05-17T07:09:02.212513,2026-05-18T16:23:58
sp_006_00797_001,source_file_version,MI팀_시장분석 AI_시장 분석 Master Version (260422).xlsx,MI팀_시장분석 AI_시장 분석 Master Version (원본파일 점검용 재공유 2026.05.18).xlsx
sp_006_00797_001,ingested_at,2026-05-17T07:09:02.212513,2026-05-18T16:23:58
sp_006_00798_001,source_file_version,MI팀_시장분석 AI_시장 분석 Master Version (260422).xlsx,MI팀_시장분석 AI_시장 분석 Master Version (원본파일 점검용 재공유 2026.05.18).xlsx
sp_006_00798_001,ingested_at,2026-05-17T07:09:02.212513,2026-05-18T16:23:58
sp_006_00799_001,source_file_version,MI팀_시장분석 AI_시장 분석 Master Version (260422).xlsx,MI팀_시장분석 AI_시장 분석 Master Version (원본파일 점검용 재공유 2026.05.18).xlsx
sp_006_00799_001,ingested_at,2026-05-17T07:09:02.212513,2026-05-18T16:23:58
sp_006_00800_001,source_file_version,MI팀_시장분석 AI_시장 분석 Master Version (260422).xlsx,MI팀_시장분석 AI_시장 분석 Master Version (원본파일 점검용 재공유 2026.05.18).xlsx
sp_006_00800_001,ingested_at,2026-05-17T07:09:02.212513,2026-05-18T16:23:58
sp_006_00801_001,source_file_version,MI팀_시장분석 AI_시장 분석 Master Version (260422).xlsx,MI팀_시장분석 AI_시장 분석 Master Version (원본파일 점검용 재공유 2026.05.18).xlsx
sp_006_00801_001,ingested_at,2026-05-17T07:09:02.212513,2026-05-18T16:23:58
sp_006_00802_001,source_file_version,MI팀_시장분석 AI_시장 분석 Master Version (260422).xlsx,MI팀_시장분석 AI_시장 분석 Master Version (원본파일 점검용 재공유 2026.05.18).xlsx
sp_006_00802_001,ingested_at,2026-05-17T07:09:02.212513,2026-05-18T16:23:58
sp_006_00803_001,source_file_version,MI팀_시장분석 AI_시장 분석 Master Version (260422).xlsx,MI팀_시장분석 AI_시장 분석 Master Version (원본파일 점검용 재공유 2026.05.18).xlsx
sp_006_00803_001,ingested_at,2026-05-17T07:09:02.212513,2026-05-18T16:23:58
sp_006_00804_001,source_file_version,MI팀_시장분석 AI_시장 분석 Master Version (260422).xlsx,MI팀_시장분석 AI_시장 분석 Master Version (원본파일 점검용 재공유 2026.05.18).xlsx
sp_006_00804_001,ingested_at,2026-05-17T07:09:02.212513,2026-05-18T16:23:58
sp_006_00805_001,source_file_version,MI팀_시장분석 AI_시장 분석 Master Version (260422).xlsx,MI팀_시장분석 AI_시장 분석 Master Version (원본파일 점검용 재공유 2026.05.18).xlsx
sp_006_00805_001,ingested_at,2026-05-17T07:09:02.212513,2026-05-18T16:23:58
sp_006_00806_001,source_file_version,MI팀_시장분석 AI_시장 분석 Master Version (260422).xlsx,MI팀_시장분석 AI_시장 분석 Master Version (원본파일 점검용 재공유 2026.05.18).xlsx
sp_006_00806_001,ingested_at,2026-05-17T07:09:02.212513,2026-05-18T16:23:58
sp_006_00807_001,source_file_version,MI팀_시장분석 AI_시장 분석 Master Version (260422).xlsx,MI팀_시장분석 AI_시장 분석 Master Version (원본파일 점검용 재공유 2026.05.18).xlsx
sp_006_00807_001,ingested_at,2026-05-17T07:09:02.212513,2026-05-18T16:23:58
sp_006_00808_001,source_file_version,MI팀_시장분석 AI_시장 분석 Master Version (260422).xlsx,MI팀_시장분석 AI_시장 분석 Master Version (원본파일 점검용 재공유 2026.05.18).xlsx
sp_006_00808_001,ingested_at,2026-05-17T07:09:02.212513,2026-05-18T16:23:58
sp_006_00809_001,source_file_version,MI팀_시장분석 AI_시장 분석 Master Version (260422).xlsx,MI팀_시장분석 AI_시장 분석 Master Version (원본파일 점검용 재공유 2026.05.18).xlsx
sp_006_00809_001,ingested_at,2026-05-17T07:09:02.212513,2026-05-18T16:23:58
sp_006_00810_001,source_file_version,MI팀_시장분석 AI_시장 분석 Master Version (260422).xlsx,MI팀_시장분석 AI_시장 분석 Master Version (원본파일 점검용 재공유 2026.05.18).xlsx
sp_006_00810_001,ingested_at,2026-05-17T07:09:02.212513,2026-05-18T16:23:58
sp_006_00811_001,source_file_version,MI팀_시장분석 AI_시장 분석 Master Version (260422).xlsx,MI팀_시장분석 AI_시장 분석 Master Version (원본파일 점검용 재공유 2026.05.18).xlsx
sp_006_00811_001,ingested_at,2026-05-17T07:09:02.212513,2026-05-18T16:23:58
sp_006_00812_001,source_file_version,MI팀_시장분석 AI_시장 분석 Master Version (260422).xlsx,MI팀_시장분석 AI_시장 분석 Master Version (원본파일 점검용 재공유 2026.05.18).xlsx
sp_006_00812_001,ingested_at,2026-05-17T07:09:02.212513,2026-05-18T16:23:58
sp_006_00813_001,source_file_version,MI팀_시장분석 AI_시장 분석 Master Version (260422).xlsx,MI팀_시장분석 AI_시장 분석 Master Version (원본파일 점검용 재공유 2026.05.18).xlsx
sp_006_00813_001,ingested_at,2026-05-17T07:09:02.212513,2026-05-18T16:23:58
sp_006_00814_001,source_file_version,MI팀_시장분석 AI_시장 분석 Master Version (260422).xlsx,MI팀_시장분석 AI_시장 분석 Master Version (원본파일 점검용 재공유 2026.05.18).xlsx
sp_006_00814_001,ingested_at,2026-05-17T07:09:02.212513,2026-05-18T16:23:58
sp_006_00815_001,source_file_version,MI팀_시장분석 AI_시장 분석 Master Version (260422).xlsx,MI팀_시장분석 AI_시장 분석 Master Version (원본파일 점검용 재공유 2026.05.18).xlsx
sp_006_00815_001,ingested_at,2026-05-17T07:09:02.212513,2026-05-18T16:23:58
sp_006_00816_001,source_file_version,MI팀_시장분석 AI_시장 분석 Master Version (260422).xlsx,MI팀_시장분석 AI_시장 분석 Master Version (원본파일 점검용 재공유 2026.05.18).xlsx
sp_006_00816_001,ingested_at,2026-05-17T07:09:02.212513,2026-05-18T16:23:58
sp_006_00817_001,source_file_version,MI팀_시장분석 AI_시장 분석 Master Version (260422).xlsx,MI팀_시장분석 AI_시장 분석 Master Version (원본파일 점검용 재공유 2026.05.18).xlsx
sp_006_00817_001,ingested_at,2026-05-17T07:09:02.212513,2026-05-18T16:23:58
sp_006_00818_001,source_file_version,MI팀_시장분석 AI_시장 분석 Master Version (260422).xlsx,MI팀_시장분석 AI_시장 분석 Master Version (원본파일 점검용 재공유 2026.05.18).xlsx
sp_006_00818_001,ingested_at,2026-05-17T07:09:02.212513,2026-05-18T16:23:58
sp_006_00819_001,source_file_version,MI팀_시장분석 AI_시장 분석 Master Version (260422).xlsx,MI팀_시장분석 AI_시장 분석 Master Version (원본파일 점검용 재공유 2026.05.18).xlsx
sp_006_00819_001,ingested_at,2026-05-17T07:09:02.212513,2026-05-18T16:23:58
sp_006_00820_001,source_file_version,MI팀_시장분석 AI_시장 분석 Master Version (260422).xlsx,MI팀_시장분석 AI_시장 분석 Master Version (원본파일 점검용 재공유 2026.05.18).xlsx
sp_006_00820_001,ingested_at,2026-05-17T07:09:02.212513,2026-05-18T16:23:58
sp_006_00821_001,source_file_version,MI팀_시장분석 AI_시장 분석 Master Version (260422).xlsx,MI팀_시장분석 AI_시장 분석 Master Version (원본파일 점검용 재공유 2026.05.18).xlsx
sp_006_00821_001,ingested_at,2026-05-17T07:09:02.212513,2026-05-18T16:23:58
sp_006_00822_001,source_file_version,MI팀_시장분석 AI_시장 분석 Master Version (260422).xlsx,MI팀_시장분석 AI_시장 분석 Master Version (원본파일 점검용 재공유 2026.05.18).xlsx
sp_006_00822_001,ingested_at,2026-05-17T07:09:02.212513,2026-05-18T16:23:58
sp_006_00823_001,source_file_version,MI팀_시장분석 AI_시장 분석 Master Version (260422).xlsx,MI팀_시장분석 AI_시장 분석 Master Version (원본파일 점검용 재공유 2026.05.18).xlsx
sp_006_00823_001,ingested_at,2026-05-17T07:09:02.212513,2026-05-18T16:23:58
sp_006_00824_001,source_file_version,MI팀_시장분석 AI_시장 분석 Master Version (260422).xlsx,MI팀_시장분석 AI_시장 분석 Master Version (원본파일 점검용 재공유 2026.05.18).xlsx
sp_006_00824_001,ingested_at,2026-05-17T07:09:02.212513,2026-05-18T16:23:58
sp_006_00825_001,source_file_version,MI팀_시장분석 AI_시장 분석 Master Version (260422).xlsx,MI팀_시장분석 AI_시장 분석 Master Version (원본파일 점검용 재공유 2026.05.18).xlsx
sp_006_00825_001,ingested_at,2026-05-17T07:09:02.212513,2026-05-18T16:23:58
sp_006_00826_001,source_file_version,MI팀_시장분석 AI_시장 분석 Master Version (260422).xlsx,MI팀_시장분석 AI_시장 분석 Master Version (원본파일 점검용 재공유 2026.05.18).xlsx
sp_006_00826_001,ingested_at,2026-05-17T07:09:02.212513,2026-05-18T16:23:58
sp_006_00827_001,source_file_version,MI팀_시장분석 AI_시장 분석 Master Version (260422).xlsx,MI팀_시장분석 AI_시장 분석 Master Version (원본파일 점검용 재공유 2026.05.18).xlsx
sp_006_00827_001,ingested_at,2026-05-17T07:09:02.212513,2026-05-18T16:23:58
sp_006_00828_001,source_file_version,MI팀_시장분석 AI_시장 분석 Master Version (260422).xlsx,MI팀_시장분석 AI_시장 분석 Master Version (원본파일 점검용 재공유 2026.05.18).xlsx
sp_006_00828_001,ingested_at,2026-05-17T07:09:02.212513,2026-05-18T16:23:58
sp_006_00829_001,source_file_version,MI팀_시장분석 AI_시장 분석 Master Version (260422).xlsx,MI팀_시장분석 AI_시장 분석 Master Version (원본파일 점검용 재공유 2026.05.18).xlsx
sp_006_00829_001,ingested_at,2026-05-17T07:09:02.212513,2026-05-18T16:23:58
sp_006_00830_001,source_file_version,MI팀_시장분석 AI_시장 분석 Master Version (260422).xlsx,MI팀_시장분석 AI_시장 분석 Master Version (원본파일 점검용 재공유 2026.05.18).xlsx
sp_006_00830_001,ingested_at,2026-05-17T07:09:02.212513,2026-05-18T16:23:58
sp_006_00831_001,source_file_version,MI팀_시장분석 AI_시장 분석 Master Version (260422).xlsx,MI팀_시장분석 AI_시장 분석 Master Version (원본파일 점검용 재공유 2026.05.18).xlsx
sp_006_00831_001,ingested_at,2026-05-17T07:09:02.212513,2026-05-18T16:23:58
sp_006_00832_001,source_file_version,MI팀_시장분석 AI_시장 분석 Master Version (260422).xlsx,MI팀_시장분석 AI_시장 분석 Master Version (원본파일 점검용 재공유 2026.05.18).xlsx
sp_006_00832_001,ingested_at,2026-05-17T07:09:02.212513,2026-05-18T16:23:58
sp_006_00833_001,source_file_version,MI팀_시장분석 AI_시장 분석 Master Version (260422).xlsx,MI팀_시장분석 AI_시장 분석 Master Version (원본파일 점검용 재공유 2026.05.18).xlsx
sp_006_00833_001,ingested_at,2026-05-17T07:09:02.212513,2026-05-18T16:23:58
sp_006_00834_001,source_file_version,MI팀_시장분석 AI_시장 분석 Master Version (260422).xlsx,MI팀_시장분석 AI_시장 분석 Master Version (원본파일 점검용 재공유 2026.05.18).xlsx
sp_006_00834_001,ingested_at,2026-05-17T07:09:02.212513,2026-05-18T16:23:58
sp_006_00835_001,source_file_version,MI팀_시장분석 AI_시장 분석 Master Version (260422).xlsx,MI팀_시장분석 AI_시장 분석 Master Version (원본파일 점검용 재공유 2026.05.18).xlsx
sp_006_00835_001,ingested_at,2026-05-17T07:09:02.212513,2026-05-18T16:23:58
sp_006_00836_001,source_file_version,MI팀_시장분석 AI_시장 분석 Master Version (260422).xlsx,MI팀_시장분석 AI_시장 분석 Master Version (원본파일 점검용 재공유 2026.05.18).xlsx
sp_006_00836_001,ingested_at,2026-05-17T07:09:02.212513,2026-05-18T16:23:58
sp_006_00837_001,source_file_version,MI팀_시장분석 AI_시장 분석 Master Version (260422).xlsx,MI팀_시장분석 AI_시장 분석 Master Version (원본파일 점검용 재공유 2026.05.18).xlsx
sp_006_00837_001,ingested_at,2026-05-17T07:09:02.212513,2026-05-18T16:23:58
sp_006_00838_001,source_file_version,MI팀_시장분석 AI_시장 분석 Master Version (260422).xlsx,MI팀_시장분석 AI_시장 분석 Master Version (원본파일 점검용 재공유 2026.05.18).xlsx
sp_006_00838_001,ingested_at,2026-05-17T07:09:02.212513,2026-05-18T16:23:58
sp_006_00839_001,source_file_version,MI팀_시장분석 AI_시장 분석 Master Version (260422).xlsx,MI팀_시장분석 AI_시장 분석 Master Version (원본파일 점검용 재공유 2026.05.18).xlsx
sp_006_00839_001,ingested_at,2026-05-17T07:09:02.212513,2026-05-18T16:23:58
sp_006_00840_001,source_file_version,MI팀_시장분석 AI_시장 분석 Master Version (260422).xlsx,MI팀_시장분석 AI_시장 분석 Master Version (원본파일 점검용 재공유 2026.05.18).xlsx
sp_006_00840_001,ingested_at,2026-05-17T07:09:02.212513,2026-05-18T16:23:58
sp_006_00841_001,source_file_version,MI팀_시장분석 AI_시장 분석 Master Version (260422).xlsx,MI팀_시장분석 AI_시장 분석 Master Version (원본파일 점검용 재공유 2026.05.18).xlsx
sp_006_00841_001,ingested_at,2026-05-17T07:09:02.212513,2026-05-18T16:23:58
sp_006_00842_001,source_file_version,MI팀_시장분석 AI_시장 분석 Master Version (260422).xlsx,MI팀_시장분석 AI_시장 분석 Master Version (원본파일 점검용 재공유 2026.05.18).xlsx
sp_006_00842_001,ingested_at,2026-05-17T07:09:02.212513,2026-05-18T16:23:58
sp_006_00843_001,source_file_version,MI팀_시장분석 AI_시장 분석 Master Version (260422).xlsx,MI팀_시장분석 AI_시장 분석 Master Version (원본파일 점검용 재공유 2026.05.18).xlsx
sp_006_00843_001,ingested_at,2026-05-17T07:09:02.212513,2026-05-18T16:23:58
sp_006_00844_001,source_file_version,MI팀_시장분석 AI_시장 분석 Master Version (260422).xlsx,MI팀_시장분석 AI_시장 분석 Master Version (원본파일 점검용 재공유 2026.05.18).xlsx
sp_006_00844_001,ingested_at,2026-05-17T07:09:02.212513,2026-05-18T16:23:58
sp_006_00845_001,source_file_version,MI팀_시장분석 AI_시장 분석 Master Version (260422).xlsx,MI팀_시장분석 AI_시장 분석 Master Version (원본파일 점검용 재공유 2026.05.18).xlsx
sp_006_00845_001,ingested_at,2026-05-17T07:09:02.212513,2026-05-18T16:23:58
sp_006_00846_001,source_file_version,MI팀_시장분석 AI_시장 분석 Master Version (260422).xlsx,MI팀_시장분석 AI_시장 분석 Master Version (원본파일 점검용 재공유 2026.05.18).xlsx
sp_006_00846_001,ingested_at,2026-05-17T07:09:02.212513,2026-05-18T16:23:58
sp_006_00847_001,source_file_version,MI팀_시장분석 AI_시장 분석 Master Version (260422).xlsx,MI팀_시장분석 AI_시장 분석 Master Version (원본파일 점검용 재공유 2026.05.18).xlsx
sp_006_00847_001,ingested_at,2026-05-17T07:09:02.212513,2026-05-18T16:23:58
sp_006_00848_001,source_file_version,MI팀_시장분석 AI_시장 분석 Master Version (260422).xlsx,MI팀_시장분석 AI_시장 분석 Master Version (원본파일 점검용 재공유 2026.05.18).xlsx
sp_006_00848_001,ingested_at,2026-05-17T07:09:02.212513,2026-05-18T16:23:58
sp_006_00849_001,source_file_version,MI팀_시장분석 AI_시장 분석 Master Version (260422).xlsx,MI팀_시장분석 AI_시장 분석 Master Version (원본파일 점검용 재공유 2026.05.18).xlsx
sp_006_00849_001,ingested_at,2026-05-17T07:09:02.212513,2026-05-18T16:23:58
sp_006_00850_001,source_file_version,MI팀_시장분석 AI_시장 분석 Master Version (260422).xlsx,MI팀_시장분석 AI_시장 분석 Master Version (원본파일 점검용 재공유 2026.05.18).xlsx
sp_006_00850_001,ingested_at,2026-05-17T07:09:02.212513,2026-05-18T16:23:58
sp_006_00851_001,source_file_version,MI팀_시장분석 AI_시장 분석 Master Version (260422).xlsx,MI팀_시장분석 AI_시장 분석 Master Version (원본파일 점검용 재공유 2026.05.18).xlsx
sp_006_00851_001,ingested_at,2026-05-17T07:09:02.212513,2026-05-18T16:23:58
sp_006_00852_001,source_file_version,MI팀_시장분석 AI_시장 분석 Master Version (260422).xlsx,MI팀_시장분석 AI_시장 분석 Master Version (원본파일 점검용 재공유 2026.05.18).xlsx
sp_006_00852_001,ingested_at,2026-05-17T07:09:02.212513,2026-05-18T16:23:58
sp_006_00853_001,source_file_version,MI팀_시장분석 AI_시장 분석 Master Version (260422).xlsx,MI팀_시장분석 AI_시장 분석 Master Version (원본파일 점검용 재공유 2026.05.18).xlsx
sp_006_00853_001,ingested_at,2026-05-17T07:09:02.212513,2026-05-18T16:23:58
sp_006_00854_001,source_file_version,MI팀_시장분석 AI_시장 분석 Master Version (260422).xlsx,MI팀_시장분석 AI_시장 분석 Master Version (원본파일 점검용 재공유 2026.05.18).xlsx
sp_006_00854_001,ingested_at,2026-05-17T07:09:02.212513,2026-05-18T16:23:58
sp_006_00855_001,source_file_version,MI팀_시장분석 AI_시장 분석 Master Version (260422).xlsx,MI팀_시장분석 AI_시장 분석 Master Version (원본파일 점검용 재공유 2026.05.18).xlsx
sp_006_00855_001,ingested_at,2026-05-17T07:09:02.212513,2026-05-18T16:23:58
sp_006_00856_001,source_file_version,MI팀_시장분석 AI_시장 분석 Master Version (260422).xlsx,MI팀_시장분석 AI_시장 분석 Master Version (원본파일 점검용 재공유 2026.05.18).xlsx
sp_006_00856_001,ingested_at,2026-05-17T07:09:02.212513,2026-05-18T16:23:58
sp_006_00857_001,source_file_version,MI팀_시장분석 AI_시장 분석 Master Version (260422).xlsx,MI팀_시장분석 AI_시장 분석 Master Version (원본파일 점검용 재공유 2026.05.18).xlsx
sp_006_00857_001,ingested_at,2026-05-17T07:09:02.212513,2026-05-18T16:23:58
sp_006_00858_001,source_file_version,MI팀_시장분석 AI_시장 분석 Master Version (260422).xlsx,MI팀_시장분석 AI_시장 분석 Master Version (원본파일 점검용 재공유 2026.05.18).xlsx
sp_006_00858_001,ingested_at,2026-05-17T07:09:02.212513,2026-05-18T16:23:58
sp_006_00859_001,source_file_version,MI팀_시장분석 AI_시장 분석 Master Version (260422).xlsx,MI팀_시장분석 AI_시장 분석 Master Version (원본파일 점검용 재공유 2026.05.18).xlsx
sp_006_00859_001,ingested_at,2026-05-17T07:09:02.212513,2026-05-18T16:23:58
sp_006_00860_001,source_file_version,MI팀_시장분석 AI_시장 분석 Master Version (260422).xlsx,MI팀_시장분석 AI_시장 분석 Master Version (원본파일 점검용 재공유 2026.05.18).xlsx
sp_006_00860_001,ingested_at,2026-05-17T07:09:02.212513,2026-05-18T16:23:58
sp_006_00861_001,source_file_version,MI팀_시장분석 AI_시장 분석 Master Version (260422).xlsx,MI팀_시장분석 AI_시장 분석 Master Version (원본파일 점검용 재공유 2026.05.18).xlsx
sp_006_00861_001,ingested_at,2026-05-17T07:09:02.212513,2026-05-18T16:23:58
sp_006_00862_001,source_file_version,MI팀_시장분석 AI_시장 분석 Master Version (260422).xlsx,MI팀_시장분석 AI_시장 분석 Master Version (원본파일 점검용 재공유 2026.05.18).xlsx
sp_006_00862_001,ingested_at,2026-05-17T07:09:02.212513,2026-05-18T16:23:58
sp_006_00863_001,source_file_version,MI팀_시장분석 AI_시장 분석 Master Version (260422).xlsx,MI팀_시장분석 AI_시장 분석 Master Version (원본파일 점검용 재공유 2026.05.18).xlsx
sp_006_00863_001,ingested_at,2026-05-17T07:09:02.212513,2026-05-18T16:23:58
sp_006_00864_001,source_file_version,MI팀_시장분석 AI_시장 분석 Master Version (260422).xlsx,MI팀_시장분석 AI_시장 분석 Master Version (원본파일 점검용 재공유 2026.05.18).xlsx
sp_006_00864_001,ingested_at,2026-05-17T07:09:02.212513,2026-05-18T16:23:58
sp_006_00865_001,source_file_version,MI팀_시장분석 AI_시장 분석 Master Version (260422).xlsx,MI팀_시장분석 AI_시장 분석 Master Version (원본파일 점검용 재공유 2026.05.18).xlsx
sp_006_00865_001,ingested_at,2026-05-17T07:09:02.212513,2026-05-18T16:23:58
sp_006_00866_001,source_file_version,MI팀_시장분석 AI_시장 분석 Master Version (260422).xlsx,MI팀_시장분석 AI_시장 분석 Master Version (원본파일 점검용 재공유 2026.05.18).xlsx
sp_006_00866_001,ingested_at,2026-05-17T07:09:02.212513,2026-05-18T16:23:58
sp_006_00867_001,source_file_version,MI팀_시장분석 AI_시장 분석 Master Version (260422).xlsx,MI팀_시장분석 AI_시장 분석 Master Version (원본파일 점검용 재공유 2026.05.18).xlsx
sp_006_00867_001,ingested_at,2026-05-17T07:09:02.212513,2026-05-18T16:23:58
sp_006_00868_001,source_file_version,MI팀_시장분석 AI_시장 분석 Master Version (260422).xlsx,MI팀_시장분석 AI_시장 분석 Master Version (원본파일 점검용 재공유 2026.05.18).xlsx
sp_006_00868_001,ingested_at,2026-05-17T07:09:02.212513,2026-05-18T16:23:58
sp_006_00869_001,source_file_version,MI팀_시장분석 AI_시장 분석 Master Version (260422).xlsx,MI팀_시장분석 AI_시장 분석 Master Version (원본파일 점검용 재공유 2026.05.18).xlsx
sp_006_00869_001,ingested_at,2026-05-17T07:09:02.212513,2026-05-18T16:23:58
sp_006_00870_001,source_file_version,MI팀_시장분석 AI_시장 분석 Master Version (260422).xlsx,MI팀_시장분석 AI_시장 분석 Master Version (원본파일 점검용 재공유 2026.05.18).xlsx
sp_006_00870_001,ingested_at,2026-05-17T07:09:02.212513,2026-05-18T16:23:58
sp_006_00871_001,source_file_version,MI팀_시장분석 AI_시장 분석 Master Version (260422).xlsx,MI팀_시장분석 AI_시장 분석 Master Version (원본파일 점검용 재공유 2026.05.18).xlsx
sp_006_00871_001,ingested_at,2026-05-17T07:09:02.212513,2026-05-18T16:23:58
sp_006_00872_001,source_file_version,MI팀_시장분석 AI_시장 분석 Master Version (260422).xlsx,MI팀_시장분석 AI_시장 분석 Master Version (원본파일 점검용 재공유 2026.05.18).xlsx
sp_006_00872_001,ingested_at,2026-05-17T07:09:02.212513,2026-05-18T16:23:58
sp_006_00873_001,source_file_version,MI팀_시장분석 AI_시장 분석 Master Version (260422).xlsx,MI팀_시장분석 AI_시장 분석 Master Version (원본파일 점검용 재공유 2026.05.18).xlsx
sp_006_00873_001,ingested_at,2026-05-17T07:09:02.212513,2026-05-18T16:23:58
sp_006_00874_001,source_file_version,MI팀_시장분석 AI_시장 분석 Master Version (260422).xlsx,MI팀_시장분석 AI_시장 분석 Master Version (원본파일 점검용 재공유 2026.05.18).xlsx
sp_006_00874_001,ingested_at,2026-05-17T07:09:02.212513,2026-05-18T16:23:58
sp_006_00875_001,source_file_version,MI팀_시장분석 AI_시장 분석 Master Version (260422).xlsx,MI팀_시장분석 AI_시장 분석 Master Version (원본파일 점검용 재공유 2026.05.18).xlsx
sp_006_00875_001,ingested_at,2026-05-17T07:09:02.212513,2026-05-18T16:23:58
sp_006_00876_001,source_file_version,MI팀_시장분석 AI_시장 분석 Master Version (260422).xlsx,MI팀_시장분석 AI_시장 분석 Master Version (원본파일 점검용 재공유 2026.05.18).xlsx
sp_006_00876_001,ingested_at,2026-05-17T07:09:02.212513,2026-05-18T16:23:58
sp_006_00877_001,source_file_version,MI팀_시장분석 AI_시장 분석 Master Version (260422).xlsx,MI팀_시장분석 AI_시장 분석 Master Version (원본파일 점검용 재공유 2026.05.18).xlsx
sp_006_00877_001,ingested_at,2026-05-17T07:09:02.212513,2026-05-18T16:23:58
sp_006_00878_001,source_file_version,MI팀_시장분석 AI_시장 분석 Master Version (260422).xlsx,MI팀_시장분석 AI_시장 분석 Master Version (원본파일 점검용 재공유 2026.05.18).xlsx
sp_006_00878_001,ingested_at,2026-05-17T07:09:02.212513,2026-05-18T16:23:58
sp_006_00879_001,source_file_version,MI팀_시장분석 AI_시장 분석 Master Version (260422).xlsx,MI팀_시장분석 AI_시장 분석 Master Version (원본파일 점검용 재공유 2026.05.18).xlsx
sp_006_00879_001,ingested_at,2026-05-17T07:09:02.212513,2026-05-18T16:23:58
sp_006_00880_001,source_file_version,MI팀_시장분석 AI_시장 분석 Master Version (260422).xlsx,MI팀_시장분석 AI_시장 분석 Master Version (원본파일 점검용 재공유 2026.05.18).xlsx
sp_006_00880_001,ingested_at,2026-05-17T07:09:02.212513,2026-05-18T16:23:58
sp_006_00881_001,source_file_version,MI팀_시장분석 AI_시장 분석 Master Version (260422).xlsx,MI팀_시장분석 AI_시장 분석 Master Version (원본파일 점검용 재공유 2026.05.18).xlsx
sp_006_00881_001,ingested_at,2026-05-17T07:09:02.212513,2026-05-18T16:23:58
sp_006_00882_001,source_file_version,MI팀_시장분석 AI_시장 분석 Master Version (260422).xlsx,MI팀_시장분석 AI_시장 분석 Master Version (원본파일 점검용 재공유 2026.05.18).xlsx
sp_006_00882_001,ingested_at,2026-05-17T07:09:02.212513,2026-05-18T16:23:58
sp_006_00883_001,source_file_version,MI팀_시장분석 AI_시장 분석 Master Version (260422).xlsx,MI팀_시장분석 AI_시장 분석 Master Version (원본파일 점검용 재공유 2026.05.18).xlsx
sp_006_00883_001,ingested_at,2026-05-17T07:09:02.212513,2026-05-18T16:23:58
sp_006_00884_001,source_file_version,MI팀_시장분석 AI_시장 분석 Master Version (260422).xlsx,MI팀_시장분석 AI_시장 분석 Master Version (원본파일 점검용 재공유 2026.05.18).xlsx
sp_006_00884_001,ingested_at,2026-05-17T07:09:02.212513,2026-05-18T16:23:58
sp_006_00885_001,source_file_version,MI팀_시장분석 AI_시장 분석 Master Version (260422).xlsx,MI팀_시장분석 AI_시장 분석 Master Version (원본파일 점검용 재공유 2026.05.18).xlsx
sp_006_00885_001,ingested_at,2026-05-17T07:09:02.212513,2026-05-18T16:23:58
sp_006_00886_001,source_file_version,MI팀_시장분석 AI_시장 분석 Master Version (260422).xlsx,MI팀_시장분석 AI_시장 분석 Master Version (원본파일 점검용 재공유 2026.05.18).xlsx
sp_006_00886_001,ingested_at,2026-05-17T07:09:02.212513,2026-05-18T16:23:58
sp_006_00887_001,source_file_version,MI팀_시장분석 AI_시장 분석 Master Version (260422).xlsx,MI팀_시장분석 AI_시장 분석 Master Version (원본파일 점검용 재공유 2026.05.18).xlsx
sp_006_00887_001,ingested_at,2026-05-17T07:09:02.212513,2026-05-18T16:23:58
sp_006_00888_001,source_file_version,MI팀_시장분석 AI_시장 분석 Master Version (260422).xlsx,MI팀_시장분석 AI_시장 분석 Master Version (원본파일 점검용 재공유 2026.05.18).xlsx
sp_006_00888_001,ingested_at,2026-05-17T07:09:02.212513,2026-05-18T16:23:58
sp_006_00889_001,source_file_version,MI팀_시장분석 AI_시장 분석 Master Version (260422).xlsx,MI팀_시장분석 AI_시장 분석 Master Version (원본파일 점검용 재공유 2026.05.18).xlsx
sp_006_00889_001,ingested_at,2026-05-17T07:09:02.212513,2026-05-18T16:23:58
sp_006_00890_001,source_file_version,MI팀_시장분석 AI_시장 분석 Master Version (260422).xlsx,MI팀_시장분석 AI_시장 분석 Master Version (원본파일 점검용 재공유 2026.05.18).xlsx
sp_006_00890_001,ingested_at,2026-05-17T07:09:02.212513,2026-05-18T16:23:58
sp_006_00891_001,source_file_version,MI팀_시장분석 AI_시장 분석 Master Version (260422).xlsx,MI팀_시장분석 AI_시장 분석 Master Version (원본파일 점검용 재공유 2026.05.18).xlsx
sp_006_00891_001,ingested_at,2026-05-17T07:09:02.212513,2026-05-18T16:23:58
sp_006_00892_001,source_file_version,MI팀_시장분석 AI_시장 분석 Master Version (260422).xlsx,MI팀_시장분석 AI_시장 분석 Master Version (원본파일 점검용 재공유 2026.05.18).xlsx
sp_006_00892_001,ingested_at,2026-05-17T07:09:02.212513,2026-05-18T16:23:58
sp_006_00893_001,source_file_version,MI팀_시장분석 AI_시장 분석 Master Version (260422).xlsx,MI팀_시장분석 AI_시장 분석 Master Version (원본파일 점검용 재공유 2026.05.18).xlsx
sp_006_00893_001,ingested_at,2026-05-17T07:09:02.212513,2026-05-18T16:23:58
sp_006_00894_001,source_file_version,MI팀_시장분석 AI_시장 분석 Master Version (260422).xlsx,MI팀_시장분석 AI_시장 분석 Master Version (원본파일 점검용 재공유 2026.05.18).xlsx
sp_006_00894_001,ingested_at,2026-05-17T07:09:02.212513,2026-05-18T16:23:58
sp_006_00895_001,source_file_version,MI팀_시장분석 AI_시장 분석 Master Version (260422).xlsx,MI팀_시장분석 AI_시장 분석 Master Version (원본파일 점검용 재공유 2026.05.18).xlsx
sp_006_00895_001,ingested_at,2026-05-17T07:09:02.212513,2026-05-18T16:23:58
sp_006_00896_001,source_file_version,MI팀_시장분석 AI_시장 분석 Master Version (260422).xlsx,MI팀_시장분석 AI_시장 분석 Master Version (원본파일 점검용 재공유 2026.05.18).xlsx
sp_006_00896_001,ingested_at,2026-05-17T07:09:02.212513,2026-05-18T16:23:58
sp_006_00897_001,source_file_version,MI팀_시장분석 AI_시장 분석 Master Version (260422).xlsx,MI팀_시장분석 AI_시장 분석 Master Version (원본파일 점검용 재공유 2026.05.18).xlsx
sp_006_00897_001,ingested_at,2026-05-17T07:09:02.212513,2026-05-18T16:23:58
sp_006_00898_001,source_file_version,MI팀_시장분석 AI_시장 분석 Master Version (260422).xlsx,MI팀_시장분석 AI_시장 분석 Master Version (원본파일 점검용 재공유 2026.05.18).xlsx
sp_006_00898_001,ingested_at,2026-05-17T07:09:02.212513,2026-05-18T16:23:58
sp_006_00899_001,source_file_version,MI팀_시장분석 AI_시장 분석 Master Version (260422).xlsx,MI팀_시장분석 AI_시장 분석 Master Version (원본파일 점검용 재공유 2026.05.18).xlsx
sp_006_00899_001,ingested_at,2026-05-17T07:09:02.212513,2026-05-18T16:23:58
sp_006_00900_001,source_file_version,MI팀_시장분석 AI_시장 분석 Master Version (260422).xlsx,MI팀_시장분석 AI_시장 분석 Master Version (원본파일 점검용 재공유 2026.05.18).xlsx
sp_006_00900_001,ingested_at,2026-05-17T07:09:02.212513,2026-05-18T16:23:58
sp_006_00901_001,source_file_version,MI팀_시장분석 AI_시장 분석 Master Version (260422).xlsx,MI팀_시장분석 AI_시장 분석 Master Version (원본파일 점검용 재공유 2026.05.18).xlsx
sp_006_00901_001,ingested_at,2026-05-17T07:09:02.212513,2026-05-18T16:23:58
sp_006_00902_001,source_file_version,MI팀_시장분석 AI_시장 분석 Master Version (260422).xlsx,MI팀_시장분석 AI_시장 분석 Master Version (원본파일 점검용 재공유 2026.05.18).xlsx
sp_006_00902_001,ingested_at,2026-05-17T07:09:02.212513,2026-05-18T16:23:58
sp_006_00903_001,source_file_version,MI팀_시장분석 AI_시장 분석 Master Version (260422).xlsx,MI팀_시장분석 AI_시장 분석 Master Version (원본파일 점검용 재공유 2026.05.18).xlsx
sp_006_00903_001,ingested_at,2026-05-17T07:09:02.212513,2026-05-18T16:23:58
sp_006_00904_001,source_file_version,MI팀_시장분석 AI_시장 분석 Master Version (260422).xlsx,MI팀_시장분석 AI_시장 분석 Master Version (원본파일 점검용 재공유 2026.05.18).xlsx
sp_006_00904_001,ingested_at,2026-05-17T07:09:02.212513,2026-05-18T16:23:58
sp_006_00905_001,source_file_version,MI팀_시장분석 AI_시장 분석 Master Version (260422).xlsx,MI팀_시장분석 AI_시장 분석 Master Version (원본파일 점검용 재공유 2026.05.18).xlsx
sp_006_00905_001,ingested_at,2026-05-17T07:09:02.212513,2026-05-18T16:23:58
sp_006_00906_001,source_file_version,MI팀_시장분석 AI_시장 분석 Master Version (260422).xlsx,MI팀_시장분석 AI_시장 분석 Master Version (원본파일 점검용 재공유 2026.05.18).xlsx
sp_006_00906_001,ingested_at,2026-05-17T07:09:02.212513,2026-05-18T16:23:58
sp_006_00907_001,source_file_version,MI팀_시장분석 AI_시장 분석 Master Version (260422).xlsx,MI팀_시장분석 AI_시장 분석 Master Version (원본파일 점검용 재공유 2026.05.18).xlsx
sp_006_00907_001,ingested_at,2026-05-17T07:09:02.212513,2026-05-18T16:23:58
sp_006_00908_001,source_file_version,MI팀_시장분석 AI_시장 분석 Master Version (260422).xlsx,MI팀_시장분석 AI_시장 분석 Master Version (원본파일 점검용 재공유 2026.05.18).xlsx
sp_006_00908_001,ingested_at,2026-05-17T07:09:02.212513,2026-05-18T16:23:58
sp_006_00909_001,source_file_version,MI팀_시장분석 AI_시장 분석 Master Version (260422).xlsx,MI팀_시장분석 AI_시장 분석 Master Version (원본파일 점검용 재공유 2026.05.18).xlsx
sp_006_00909_001,ingested_at,2026-05-17T07:09:02.212513,2026-05-18T16:23:58
sp_006_00910_001,source_file_version,MI팀_시장분석 AI_시장 분석 Master Version (260422).xlsx,MI팀_시장분석 AI_시장 분석 Master Version (원본파일 점검용 재공유 2026.05.18).xlsx
sp_006_00910_001,ingested_at,2026-05-17T07:09:02.212513,2026-05-18T16:23:58
sp_006_00911_001,source_file_version,MI팀_시장분석 AI_시장 분석 Master Version (260422).xlsx,MI팀_시장분석 AI_시장 분석 Master Version (원본파일 점검용 재공유 2026.05.18).xlsx
sp_006_00911_001,ingested_at,2026-05-17T07:09:02.212513,2026-05-18T16:23:58
sp_006_00912_001,source_file_version,MI팀_시장분석 AI_시장 분석 Master Version (260422).xlsx,MI팀_시장분석 AI_시장 분석 Master Version (원본파일 점검용 재공유 2026.05.18).xlsx
sp_006_00912_001,ingested_at,2026-05-17T07:09:02.212513,2026-05-18T16:23:58
sp_006_00913_001,source_file_version,MI팀_시장분석 AI_시장 분석 Master Version (260422).xlsx,MI팀_시장분석 AI_시장 분석 Master Version (원본파일 점검용 재공유 2026.05.18).xlsx
sp_006_00913_001,ingested_at,2026-05-17T07:09:02.212513,2026-05-18T16:23:58
sp_006_00914_001,source_file_version,MI팀_시장분석 AI_시장 분석 Master Version (260422).xlsx,MI팀_시장분석 AI_시장 분석 Master Version (원본파일 점검용 재공유 2026.05.18).xlsx
sp_006_00914_001,ingested_at,2026-05-17T07:09:02.212513,2026-05-18T16:23:58
sp_006_00915_001,source_file_version,MI팀_시장분석 AI_시장 분석 Master Version (260422).xlsx,MI팀_시장분석 AI_시장 분석 Master Version (원본파일 점검용 재공유 2026.05.18).xlsx
sp_006_00915_001,ingested_at,2026-05-17T07:09:02.212513,2026-05-18T16:23:58
sp_006_00916_001,source_file_version,MI팀_시장분석 AI_시장 분석 Master Version (260422).xlsx,MI팀_시장분석 AI_시장 분석 Master Version (원본파일 점검용 재공유 2026.05.18).xlsx
sp_006_00916_001,ingested_at,2026-05-17T07:09:02.212513,2026-05-18T16:23:58
sp_006_00917_001,source_file_version,MI팀_시장분석 AI_시장 분석 Master Version (260422).xlsx,MI팀_시장분석 AI_시장 분석 Master Version (원본파일 점검용 재공유 2026.05.18).xlsx
sp_006_00917_001,ingested_at,2026-05-17T07:09:02.212513,2026-05-18T16:23:58
sp_006_00918_001,source_file_version,MI팀_시장분석 AI_시장 분석 Master Version (260422).xlsx,MI팀_시장분석 AI_시장 분석 Master Version (원본파일 점검용 재공유 2026.05.18).xlsx
sp_006_00918_001,ingested_at,2026-05-17T07:09:02.212513,2026-05-18T16:23:58
sp_006_00919_001,source_file_version,MI팀_시장분석 AI_시장 분석 Master Version (260422).xlsx,MI팀_시장분석 AI_시장 분석 Master Version (원본파일 점검용 재공유 2026.05.18).xlsx
sp_006_00919_001,ingested_at,2026-05-17T07:09:02.212513,2026-05-18T16:23:58
sp_006_00920_001,source_file_version,MI팀_시장분석 AI_시장 분석 Master Version (260422).xlsx,MI팀_시장분석 AI_시장 분석 Master Version (원본파일 점검용 재공유 2026.05.18).xlsx
sp_006_00920_001,ingested_at,2026-05-17T07:09:02.212513,2026-05-18T16:23:58
sp_006_00921_001,source_file_version,MI팀_시장분석 AI_시장 분석 Master Version (260422).xlsx,MI팀_시장분석 AI_시장 분석 Master Version (원본파일 점검용 재공유 2026.05.18).xlsx
sp_006_00921_001,ingested_at,2026-05-17T07:09:02.212513,2026-05-18T16:23:58
sp_006_00922_001,source_file_version,MI팀_시장분석 AI_시장 분석 Master Version (260422).xlsx,MI팀_시장분석 AI_시장 분석 Master Version (원본파일 점검용 재공유 2026.05.18).xlsx
sp_006_00922_001,ingested_at,2026-05-17T07:09:02.212513,2026-05-18T16:23:58
sp_006_00923_001,source_file_version,MI팀_시장분석 AI_시장 분석 Master Version (260422).xlsx,MI팀_시장분석 AI_시장 분석 Master Version (원본파일 점검용 재공유 2026.05.18).xlsx
sp_006_00923_001,ingested_at,2026-05-17T07:09:02.212513,2026-05-18T16:23:58
sp_006_00924_001,source_file_version,MI팀_시장분석 AI_시장 분석 Master Version (260422).xlsx,MI팀_시장분석 AI_시장 분석 Master Version (원본파일 점검용 재공유 2026.05.18).xlsx
sp_006_00924_001,ingested_at,2026-05-17T07:09:02.212513,2026-05-18T16:23:58
sp_006_00925_001,source_file_version,MI팀_시장분석 AI_시장 분석 Master Version (260422).xlsx,MI팀_시장분석 AI_시장 분석 Master Version (원본파일 점검용 재공유 2026.05.18).xlsx
sp_006_00925_001,ingested_at,2026-05-17T07:09:02.212513,2026-05-18T16:23:58
sp_006_00926_001,source_file_version,MI팀_시장분석 AI_시장 분석 Master Version (260422).xlsx,MI팀_시장분석 AI_시장 분석 Master Version (원본파일 점검용 재공유 2026.05.18).xlsx
sp_006_00926_001,ingested_at,2026-05-17T07:09:02.212513,2026-05-18T16:23:58
sp_006_00927_001,source_file_version,MI팀_시장분석 AI_시장 분석 Master Version (260422).xlsx,MI팀_시장분석 AI_시장 분석 Master Version (원본파일 점검용 재공유 2026.05.18).xlsx
sp_006_00927_001,ingested_at,2026-05-17T07:09:02.212513,2026-05-18T16:23:58
sp_006_00928_001,source_file_version,MI팀_시장분석 AI_시장 분석 Master Version (260422).xlsx,MI팀_시장분석 AI_시장 분석 Master Version (원본파일 점검용 재공유 2026.05.18).xlsx
sp_006_00928_001,ingested_at,2026-05-17T07:09:02.212513,2026-05-18T16:23:58
sp_006_00929_001,source_file_version,MI팀_시장분석 AI_시장 분석 Master Version (260422).xlsx,MI팀_시장분석 AI_시장 분석 Master Version (원본파일 점검용 재공유 2026.05.18).xlsx
sp_006_00929_001,ingested_at,2026-05-17T07:09:02.212513,2026-05-18T16:23:58
sp_006_00930_001,source_file_version,MI팀_시장분석 AI_시장 분석 Master Version (260422).xlsx,MI팀_시장분석 AI_시장 분석 Master Version (원본파일 점검용 재공유 2026.05.18).xlsx
sp_006_00930_001,ingested_at,2026-05-17T07:09:02.212513,2026-05-18T16:23:58
sp_006_00931_001,source_file_version,MI팀_시장분석 AI_시장 분석 Master Version (260422).xlsx,MI팀_시장분석 AI_시장 분석 Master Version (원본파일 점검용 재공유 2026.05.18).xlsx
sp_006_00931_001,ingested_at,2026-05-17T07:09:02.212513,2026-05-18T16:23:58
sp_006_00932_001,source_file_version,MI팀_시장분석 AI_시장 분석 Master Version (260422).xlsx,MI팀_시장분석 AI_시장 분석 Master Version (원본파일 점검용 재공유 2026.05.18).xlsx
sp_006_00932_001,ingested_at,2026-05-17T07:09:02.212513,2026-05-18T16:23:58
sp_006_00933_001,source_file_version,MI팀_시장분석 AI_시장 분석 Master Version (260422).xlsx,MI팀_시장분석 AI_시장 분석 Master Version (원본파일 점검용 재공유 2026.05.18).xlsx
sp_006_00933_001,ingested_at,2026-05-17T07:09:02.212513,2026-05-18T16:23:58
sp_006_00934_001,source_file_version,MI팀_시장분석 AI_시장 분석 Master Version (260422).xlsx,MI팀_시장분석 AI_시장 분석 Master Version (원본파일 점검용 재공유 2026.05.18).xlsx
sp_006_00934_001,ingested_at,2026-05-17T07:09:02.212513,2026-05-18T16:23:58
sp_006_00935_001,source_file_version,MI팀_시장분석 AI_시장 분석 Master Version (260422).xlsx,MI팀_시장분석 AI_시장 분석 Master Version (원본파일 점검용 재공유 2026.05.18).xlsx
sp_006_00935_001,ingested_at,2026-05-17T07:09:02.212513,2026-05-18T16:23:58
sp_006_00936_001,source_file_version,MI팀_시장분석 AI_시장 분석 Master Version (260422).xlsx,MI팀_시장분석 AI_시장 분석 Master Version (원본파일 점검용 재공유 2026.05.18).xlsx
sp_006_00936_001,ingested_at,2026-05-17T07:09:02.212513,2026-05-18T16:23:58
sp_006_00937_001,source_file_version,MI팀_시장분석 AI_시장 분석 Master Version (260422).xlsx,MI팀_시장분석 AI_시장 분석 Master Version (원본파일 점검용 재공유 2026.05.18).xlsx
sp_006_00937_001,ingested_at,2026-05-17T07:09:02.212513,2026-05-18T16:23:58
sp_006_00938_001,source_file_version,MI팀_시장분석 AI_시장 분석 Master Version (260422).xlsx,MI팀_시장분석 AI_시장 분석 Master Version (원본파일 점검용 재공유 2026.05.18).xlsx
sp_006_00938_001,ingested_at,2026-05-17T07:09:02.212513,2026-05-18T16:23:58
sp_006_00939_001,source_file_version,MI팀_시장분석 AI_시장 분석 Master Version (260422).xlsx,MI팀_시장분석 AI_시장 분석 Master Version (원본파일 점검용 재공유 2026.05.18).xlsx
sp_006_00939_001,ingested_at,2026-05-17T07:09:02.212513,2026-05-18T16:23:58
sp_006_00940_001,source_file_version,MI팀_시장분석 AI_시장 분석 Master Version (260422).xlsx,MI팀_시장분석 AI_시장 분석 Master Version (원본파일 점검용 재공유 2026.05.18).xlsx
sp_006_00940_001,ingested_at,2026-05-17T07:09:02.212513,2026-05-18T16:23:58
sp_006_00941_001,source_file_version,MI팀_시장분석 AI_시장 분석 Master Version (260422).xlsx,MI팀_시장분석 AI_시장 분석 Master Version (원본파일 점검용 재공유 2026.05.18).xlsx
sp_006_00941_001,ingested_at,2026-05-17T07:09:02.212513,2026-05-18T16:23:58
sp_006_00942_001,source_file_version,MI팀_시장분석 AI_시장 분석 Master Version (260422).xlsx,MI팀_시장분석 AI_시장 분석 Master Version (원본파일 점검용 재공유 2026.05.18).xlsx
sp_006_00942_001,ingested_at,2026-05-17T07:09:02.212513,2026-05-18T16:23:58
sp_006_00943_001,source_file_version,MI팀_시장분석 AI_시장 분석 Master Version (260422).xlsx,MI팀_시장분석 AI_시장 분석 Master Version (원본파일 점검용 재공유 2026.05.18).xlsx
sp_006_00943_001,ingested_at,2026-05-17T07:09:02.212513,2026-05-18T16:23:58
sp_006_00944_001,source_file_version,MI팀_시장분석 AI_시장 분석 Master Version (260422).xlsx,MI팀_시장분석 AI_시장 분석 Master Version (원본파일 점검용 재공유 2026.05.18).xlsx
sp_006_00944_001,ingested_at,2026-05-17T07:09:02.212513,2026-05-18T16:23:58
sp_006_00945_001,source_file_version,MI팀_시장분석 AI_시장 분석 Master Version (260422).xlsx,MI팀_시장분석 AI_시장 분석 Master Version (원본파일 점검용 재공유 2026.05.18).xlsx
sp_006_00945_001,ingested_at,2026-05-17T07:09:02.212513,2026-05-18T16:23:58
sp_006_00946_001,source_file_version,MI팀_시장분석 AI_시장 분석 Master Version (260422).xlsx,MI팀_시장분석 AI_시장 분석 Master Version (원본파일 점검용 재공유 2026.05.18).xlsx
sp_006_00946_001,ingested_at,2026-05-17T07:09:02.212513,2026-05-18T16:23:58
sp_006_00947_001,source_file_version,MI팀_시장분석 AI_시장 분석 Master Version (260422).xlsx,MI팀_시장분석 AI_시장 분석 Master Version (원본파일 점검용 재공유 2026.05.18).xlsx
sp_006_00947_001,ingested_at,2026-05-17T07:09:02.212513,2026-05-18T16:23:58
sp_006_00948_001,source_file_version,MI팀_시장분석 AI_시장 분석 Master Version (260422).xlsx,MI팀_시장분석 AI_시장 분석 Master Version (원본파일 점검용 재공유 2026.05.18).xlsx
sp_006_00948_001,ingested_at,2026-05-17T07:09:02.212513,2026-05-18T16:23:58
sp_006_00949_001,source_file_version,MI팀_시장분석 AI_시장 분석 Master Version (260422).xlsx,MI팀_시장분석 AI_시장 분석 Master Version (원본파일 점검용 재공유 2026.05.18).xlsx
sp_006_00949_001,ingested_at,2026-05-17T07:09:02.212513,2026-05-18T16:23:58
sp_006_00950_001,source_file_version,MI팀_시장분석 AI_시장 분석 Master Version (260422).xlsx,MI팀_시장분석 AI_시장 분석 Master Version (원본파일 점검용 재공유 2026.05.18).xlsx
sp_006_00950_001,ingested_at,2026-05-17T07:09:02.212513,2026-05-18T16:23:58
sp_006_00951_001,source_file_version,MI팀_시장분석 AI_시장 분석 Master Version (260422).xlsx,MI팀_시장분석 AI_시장 분석 Master Version (원본파일 점검용 재공유 2026.05.18).xlsx
sp_006_00951_001,ingested_at,2026-05-17T07:09:02.212513,2026-05-18T16:23:58
sp_006_00952_001,source_file_version,MI팀_시장분석 AI_시장 분석 Master Version (260422).xlsx,MI팀_시장분석 AI_시장 분석 Master Version (원본파일 점검용 재공유 2026.05.18).xlsx
sp_006_00952_001,ingested_at,2026-05-17T07:09:02.212513,2026-05-18T16:23:58
sp_006_00953_001,source_file_version,MI팀_시장분석 AI_시장 분석 Master Version (260422).xlsx,MI팀_시장분석 AI_시장 분석 Master Version (원본파일 점검용 재공유 2026.05.18).xlsx
sp_006_00953_001,ingested_at,2026-05-17T07:09:02.212513,2026-05-18T16:23:58
sp_006_00954_001,source_file_version,MI팀_시장분석 AI_시장 분석 Master Version (260422).xlsx,MI팀_시장분석 AI_시장 분석 Master Version (원본파일 점검용 재공유 2026.05.18).xlsx
sp_006_00954_001,ingested_at,2026-05-17T07:09:02.212513,2026-05-18T16:23:58
sp_006_00955_001,source_file_version,MI팀_시장분석 AI_시장 분석 Master Version (260422).xlsx,MI팀_시장분석 AI_시장 분석 Master Version (원본파일 점검용 재공유 2026.05.18).xlsx
sp_006_00955_001,ingested_at,2026-05-17T07:09:02.212513,2026-05-18T16:23:58
sp_006_00956_001,source_file_version,MI팀_시장분석 AI_시장 분석 Master Version (260422).xlsx,MI팀_시장분석 AI_시장 분석 Master Version (원본파일 점검용 재공유 2026.05.18).xlsx
sp_006_00956_001,ingested_at,2026-05-17T07:09:02.212513,2026-05-18T16:23:58
sp_006_00957_001,source_file_version,MI팀_시장분석 AI_시장 분석 Master Version (260422).xlsx,MI팀_시장분석 AI_시장 분석 Master Version (원본파일 점검용 재공유 2026.05.18).xlsx
sp_006_00957_001,ingested_at,2026-05-17T07:09:02.212513,2026-05-18T16:23:58
sp_006_00958_001,source_file_version,MI팀_시장분석 AI_시장 분석 Master Version (260422).xlsx,MI팀_시장분석 AI_시장 분석 Master Version (원본파일 점검용 재공유 2026.05.18).xlsx
sp_006_00958_001,ingested_at,2026-05-17T07:09:02.212513,2026-05-18T16:23:58
sp_006_00959_001,source_file_version,MI팀_시장분석 AI_시장 분석 Master Version (260422).xlsx,MI팀_시장분석 AI_시장 분석 Master Version (원본파일 점검용 재공유 2026.05.18).xlsx
sp_006_00959_001,ingested_at,2026-05-17T07:09:02.212513,2026-05-18T16:23:58
sp_006_00960_001,source_file_version,MI팀_시장분석 AI_시장 분석 Master Version (260422).xlsx,MI팀_시장분석 AI_시장 분석 Master Version (원본파일 점검용 재공유 2026.05.18).xlsx
sp_006_00960_001,ingested_at,2026-05-17T07:09:02.212513,2026-05-18T16:23:58
sp_006_00961_001,source_file_version,MI팀_시장분석 AI_시장 분석 Master Version (260422).xlsx,MI팀_시장분석 AI_시장 분석 Master Version (원본파일 점검용 재공유 2026.05.18).xlsx
sp_006_00961_001,ingested_at,2026-05-17T07:09:02.212513,2026-05-18T16:23:58
sp_006_00962_001,source_file_version,MI팀_시장분석 AI_시장 분석 Master Version (260422).xlsx,MI팀_시장분석 AI_시장 분석 Master Version (원본파일 점검용 재공유 2026.05.18).xlsx
sp_006_00962_001,ingested_at,2026-05-17T07:09:02.212513,2026-05-18T16:23:58
sp_006_00963_001,source_file_version,MI팀_시장분석 AI_시장 분석 Master Version (260422).xlsx,MI팀_시장분석 AI_시장 분석 Master Version (원본파일 점검용 재공유 2026.05.18).xlsx
sp_006_00963_001,ingested_at,2026-05-17T07:09:02.212513,2026-05-18T16:23:58
sp_006_00964_001,source_file_version,MI팀_시장분석 AI_시장 분석 Master Version (260422).xlsx,MI팀_시장분석 AI_시장 분석 Master Version (원본파일 점검용 재공유 2026.05.18).xlsx
sp_006_00964_001,ingested_at,2026-05-17T07:09:02.212513,2026-05-18T16:23:58
sp_006_00965_001,source_file_version,MI팀_시장분석 AI_시장 분석 Master Version (260422).xlsx,MI팀_시장분석 AI_시장 분석 Master Version (원본파일 점검용 재공유 2026.05.18).xlsx
sp_006_00965_001,ingested_at,2026-05-17T07:09:02.212513,2026-05-18T16:23:58
sp_006_00966_001,source_file_version,MI팀_시장분석 AI_시장 분석 Master Version (260422).xlsx,MI팀_시장분석 AI_시장 분석 Master Version (원본파일 점검용 재공유 2026.05.18).xlsx
sp_006_00966_001,ingested_at,2026-05-17T07:09:02.212513,2026-05-18T16:23:58
sp_006_00967_001,source_file_version,MI팀_시장분석 AI_시장 분석 Master Version (260422).xlsx,MI팀_시장분석 AI_시장 분석 Master Version (원본파일 점검용 재공유 2026.05.18).xlsx
sp_006_00967_001,ingested_at,2026-05-17T07:09:02.212513,2026-05-18T16:23:58
sp_006_00968_001,source_file_version,MI팀_시장분석 AI_시장 분석 Master Version (260422).xlsx,MI팀_시장분석 AI_시장 분석 Master Version (원본파일 점검용 재공유 2026.05.18).xlsx
sp_006_00968_001,ingested_at,2026-05-17T07:09:02.212513,2026-05-18T16:23:58
sp_006_00969_001,source_file_version,MI팀_시장분석 AI_시장 분석 Master Version (260422).xlsx,MI팀_시장분석 AI_시장 분석 Master Version (원본파일 점검용 재공유 2026.05.18).xlsx
sp_006_00969_001,ingested_at,2026-05-17T07:09:02.212513,2026-05-18T16:23:58
sp_006_00970_001,source_file_version,MI팀_시장분석 AI_시장 분석 Master Version (260422).xlsx,MI팀_시장분석 AI_시장 분석 Master Version (원본파일 점검용 재공유 2026.05.18).xlsx
sp_006_00970_001,ingested_at,2026-05-17T07:09:02.212513,2026-05-18T16:23:58
sp_006_00971_001,source_file_version,MI팀_시장분석 AI_시장 분석 Master Version (260422).xlsx,MI팀_시장분석 AI_시장 분석 Master Version (원본파일 점검용 재공유 2026.05.18).xlsx
sp_006_00971_001,ingested_at,2026-05-17T07:09:02.212513,2026-05-18T16:23:58
sp_006_00972_001,source_file_version,MI팀_시장분석 AI_시장 분석 Master Version (260422).xlsx,MI팀_시장분석 AI_시장 분석 Master Version (원본파일 점검용 재공유 2026.05.18).xlsx
sp_006_00972_001,ingested_at,2026-05-17T07:09:02.212513,2026-05-18T16:23:58
sp_006_00973_001,source_file_version,MI팀_시장분석 AI_시장 분석 Master Version (260422).xlsx,MI팀_시장분석 AI_시장 분석 Master Version (원본파일 점검용 재공유 2026.05.18).xlsx
sp_006_00973_001,ingested_at,2026-05-17T07:09:02.212513,2026-05-18T16:23:58
sp_006_00974_001,source_file_version,MI팀_시장분석 AI_시장 분석 Master Version (260422).xlsx,MI팀_시장분석 AI_시장 분석 Master Version (원본파일 점검용 재공유 2026.05.18).xlsx
sp_006_00974_001,ingested_at,2026-05-17T07:09:02.212513,2026-05-18T16:23:58
sp_006_00975_001,source_file_version,MI팀_시장분석 AI_시장 분석 Master Version (260422).xlsx,MI팀_시장분석 AI_시장 분석 Master Version (원본파일 점검용 재공유 2026.05.18).xlsx
sp_006_00975_001,ingested_at,2026-05-17T07:09:02.212513,2026-05-18T16:23:58
sp_006_00976_001,source_file_version,MI팀_시장분석 AI_시장 분석 Master Version (260422).xlsx,MI팀_시장분석 AI_시장 분석 Master Version (원본파일 점검용 재공유 2026.05.18).xlsx
sp_006_00976_001,ingested_at,2026-05-17T07:09:02.212513,2026-05-18T16:23:58
sp_006_00977_001,source_file_version,MI팀_시장분석 AI_시장 분석 Master Version (260422).xlsx,MI팀_시장분석 AI_시장 분석 Master Version (원본파일 점검용 재공유 2026.05.18).xlsx
sp_006_00977_001,ingested_at,2026-05-17T07:09:02.212513,2026-05-18T16:23:58
sp_006_00978_001,source_file_version,MI팀_시장분석 AI_시장 분석 Master Version (260422).xlsx,MI팀_시장분석 AI_시장 분석 Master Version (원본파일 점검용 재공유 2026.05.18).xlsx
sp_006_00978_001,ingested_at,2026-05-17T07:09:02.212513,2026-05-18T16:23:58
sp_006_00979_001,source_file_version,MI팀_시장분석 AI_시장 분석 Master Version (260422).xlsx,MI팀_시장분석 AI_시장 분석 Master Version (원본파일 점검용 재공유 2026.05.18).xlsx
sp_006_00979_001,ingested_at,2026-05-17T07:09:02.212513,2026-05-18T16:23:58
sp_006_00980_001,source_file_version,MI팀_시장분석 AI_시장 분석 Master Version (260422).xlsx,MI팀_시장분석 AI_시장 분석 Master Version (원본파일 점검용 재공유 2026.05.18).xlsx
sp_006_00980_001,ingested_at,2026-05-17T07:09:02.212513,2026-05-18T16:23:58
sp_006_00981_001,source_file_version,MI팀_시장분석 AI_시장 분석 Master Version (260422).xlsx,MI팀_시장분석 AI_시장 분석 Master Version (원본파일 점검용 재공유 2026.05.18).xlsx
sp_006_00981_001,ingested_at,2026-05-17T07:09:02.212513,2026-05-18T16:23:58
sp_006_00982_001,source_file_version,MI팀_시장분석 AI_시장 분석 Master Version (260422).xlsx,MI팀_시장분석 AI_시장 분석 Master Version (원본파일 점검용 재공유 2026.05.18).xlsx
sp_006_00982_001,ingested_at,2026-05-17T07:09:02.212513,2026-05-18T16:23:58
sp_006_00983_001,source_file_version,MI팀_시장분석 AI_시장 분석 Master Version (260422).xlsx,MI팀_시장분석 AI_시장 분석 Master Version (원본파일 점검용 재공유 2026.05.18).xlsx
sp_006_00983_001,ingested_at,2026-05-17T07:09:02.212513,2026-05-18T16:23:58
sp_006_00984_001,source_file_version,MI팀_시장분석 AI_시장 분석 Master Version (260422).xlsx,MI팀_시장분석 AI_시장 분석 Master Version (원본파일 점검용 재공유 2026.05.18).xlsx
sp_006_00984_001,ingested_at,2026-05-17T07:09:02.212513,2026-05-18T16:23:58
sp_006_00985_001,source_file_version,MI팀_시장분석 AI_시장 분석 Master Version (260422).xlsx,MI팀_시장분석 AI_시장 분석 Master Version (원본파일 점검용 재공유 2026.05.18).xlsx
sp_006_00985_001,ingested_at,2026-05-17T07:09:02.212513,2026-05-18T16:23:58
sp_006_00986_001,source_file_version,MI팀_시장분석 AI_시장 분석 Master Version (260422).xlsx,MI팀_시장분석 AI_시장 분석 Master Version (원본파일 점검용 재공유 2026.05.18).xlsx
sp_006_00986_001,ingested_at,2026-05-17T07:09:02.212513,2026-05-18T16:23:58
sp_006_00987_001,source_file_version,MI팀_시장분석 AI_시장 분석 Master Version (260422).xlsx,MI팀_시장분석 AI_시장 분석 Master Version (원본파일 점검용 재공유 2026.05.18).xlsx
sp_006_00987_001,ingested_at,2026-05-17T07:09:02.212513,2026-05-18T16:23:58
sp_006_00988_001,source_file_version,MI팀_시장분석 AI_시장 분석 Master Version (260422).xlsx,MI팀_시장분석 AI_시장 분석 Master Version (원본파일 점검용 재공유 2026.05.18).xlsx
sp_006_00988_001,ingested_at,2026-05-17T07:09:02.212513,2026-05-18T16:23:58
sp_006_00989_001,source_file_version,MI팀_시장분석 AI_시장 분석 Master Version (260422).xlsx,MI팀_시장분석 AI_시장 분석 Master Version (원본파일 점검용 재공유 2026.05.18).xlsx
sp_006_00989_001,ingested_at,2026-05-17T07:09:02.212513,2026-05-18T16:23:58
sp_006_00990_001,source_file_version,MI팀_시장분석 AI_시장 분석 Master Version (260422).xlsx,MI팀_시장분석 AI_시장 분석 Master Version (원본파일 점검용 재공유 2026.05.18).xlsx
sp_006_00990_001,ingested_at,2026-05-17T07:09:02.212513,2026-05-18T16:23:58
sp_006_00991_001,source_file_version,MI팀_시장분석 AI_시장 분석 Master Version (260422).xlsx,MI팀_시장분석 AI_시장 분석 Master Version (원본파일 점검용 재공유 2026.05.18).xlsx
sp_006_00991_001,ingested_at,2026-05-17T07:09:02.212513,2026-05-18T16:23:58
sp_006_00992_001,source_file_version,MI팀_시장분석 AI_시장 분석 Master Version (260422).xlsx,MI팀_시장분석 AI_시장 분석 Master Version (원본파일 점검용 재공유 2026.05.18).xlsx
sp_006_00992_001,ingested_at,2026-05-17T07:09:02.212513,2026-05-18T16:23:58
sp_006_00993_001,source_file_version,MI팀_시장분석 AI_시장 분석 Master Version (260422).xlsx,MI팀_시장분석 AI_시장 분석 Master Version (원본파일 점검용 재공유 2026.05.18).xlsx
sp_006_00993_001,ingested_at,2026-05-17T07:09:02.212513,2026-05-18T16:23:58
sp_006_00994_001,source_file_version,MI팀_시장분석 AI_시장 분석 Master Version (260422).xlsx,MI팀_시장분석 AI_시장 분석 Master Version (원본파일 점검용 재공유 2026.05.18).xlsx
sp_006_00994_001,ingested_at,2026-05-17T07:09:02.212513,2026-05-18T16:23:58
sp_006_00995_001,source_file_version,MI팀_시장분석 AI_시장 분석 Master Version (260422).xlsx,MI팀_시장분석 AI_시장 분석 Master Version (원본파일 점검용 재공유 2026.05.18).xlsx
sp_006_00995_001,ingested_at,2026-05-17T07:09:02.212513,2026-05-18T16:23:58
sp_006_00996_001,source_file_version,MI팀_시장분석 AI_시장 분석 Master Version (260422).xlsx,MI팀_시장분석 AI_시장 분석 Master Version (원본파일 점검용 재공유 2026.05.18).xlsx
sp_006_00996_001,ingested_at,2026-05-17T07:09:02.212513,2026-05-18T16:23:58
sp_006_00997_001,source_file_version,MI팀_시장분석 AI_시장 분석 Master Version (260422).xlsx,MI팀_시장분석 AI_시장 분석 Master Version (원본파일 점검용 재공유 2026.05.18).xlsx
sp_006_00997_001,ingested_at,2026-05-17T07:09:02.212513,2026-05-18T16:23:58
sp_006_00998_001,source_file_version,MI팀_시장분석 AI_시장 분석 Master Version (260422).xlsx,MI팀_시장분석 AI_시장 분석 Master Version (원본파일 점검용 재공유 2026.05.18).xlsx
sp_006_00998_001,ingested_at,2026-05-17T07:09:02.212513,2026-05-18T16:23:58
sp_006_00999_001,source_file_version,MI팀_시장분석 AI_시장 분석 Master Version (260422).xlsx,MI팀_시장분석 AI_시장 분석 Master Version (원본파일 점검용 재공유 2026.05.18).xlsx
sp_006_00999_001,ingested_at,2026-05-17T07:09:02.212513,2026-05-18T16:23:58
sp_006_01000_001,source_file_version,MI팀_시장분석 AI_시장 분석 Master Version (260422).xlsx,MI팀_시장분석 AI_시장 분석 Master Version (원본파일 점검용 재공유 2026.05.18).xlsx
sp_006_01000_001,ingested_at,2026-05-17T07:09:02.212513,2026-05-18T16:23:58
sp_006_01001_001,source_file_version,MI팀_시장분석 AI_시장 분석 Master Version (260422).xlsx,MI팀_시장분석 AI_시장 분석 Master Version (원본파일 점검용 재공유 2026.05.18).xlsx
sp_006_01001_001,ingested_at,2026-05-17T07:09:02.212513,2026-05-18T16:23:58
sp_006_01002_001,source_file_version,MI팀_시장분석 AI_시장 분석 Master Version (260422).xlsx,MI팀_시장분석 AI_시장 분석 Master Version (원본파일 점검용 재공유 2026.05.18).xlsx
sp_006_01002_001,ingested_at,2026-05-17T07:09:02.212513,2026-05-18T16:23:58
sp_006_01003_001,source_file_version,MI팀_시장분석 AI_시장 분석 Master Version (260422).xlsx,MI팀_시장분석 AI_시장 분석 Master Version (원본파일 점검용 재공유 2026.05.18).xlsx
sp_006_01003_001,ingested_at,2026-05-17T07:09:02.212513,2026-05-18T16:23:58
sp_006_01004_001,source_file_version,MI팀_시장분석 AI_시장 분석 Master Version (260422).xlsx,MI팀_시장분석 AI_시장 분석 Master Version (원본파일 점검용 재공유 2026.05.18).xlsx
sp_006_01004_001,ingested_at,2026-05-17T07:09:02.212513,2026-05-18T16:23:58
sp_006_01005_001,source_file_version,MI팀_시장분석 AI_시장 분석 Master Version (260422).xlsx,MI팀_시장분석 AI_시장 분석 Master Version (원본파일 점검용 재공유 2026.05.18).xlsx
sp_006_01005_001,ingested_at,2026-05-17T07:09:02.212513,2026-05-18T16:23:58
sp_006_01006_001,source_file_version,MI팀_시장분석 AI_시장 분석 Master Version (260422).xlsx,MI팀_시장분석 AI_시장 분석 Master Version (원본파일 점검용 재공유 2026.05.18).xlsx
sp_006_01006_001,ingested_at,2026-05-17T07:09:02.212513,2026-05-18T16:23:58
sp_006_01007_001,source_file_version,MI팀_시장분석 AI_시장 분석 Master Version (260422).xlsx,MI팀_시장분석 AI_시장 분석 Master Version (원본파일 점검용 재공유 2026.05.18).xlsx
sp_006_01007_001,ingested_at,2026-05-17T07:09:02.212513,2026-05-18T16:23:58
sp_006_01008_001,source_file_version,MI팀_시장분석 AI_시장 분석 Master Version (260422).xlsx,MI팀_시장분석 AI_시장 분석 Master Version (원본파일 점검용 재공유 2026.05.18).xlsx
sp_006_01008_001,ingested_at,2026-05-17T07:09:02.212513,2026-05-18T16:23:58
sp_006_01009_001,source_file_version,MI팀_시장분석 AI_시장 분석 Master Version (260422).xlsx,MI팀_시장분석 AI_시장 분석 Master Version (원본파일 점검용 재공유 2026.05.18).xlsx
sp_006_01009_001,ingested_at,2026-05-17T07:09:02.212513,2026-05-18T16:23:58
sp_006_01010_001,source_file_version,MI팀_시장분석 AI_시장 분석 Master Version (260422).xlsx,MI팀_시장분석 AI_시장 분석 Master Version (원본파일 점검용 재공유 2026.05.18).xlsx
sp_006_01010_001,ingested_at,2026-05-17T07:09:02.212513,2026-05-18T16:23:58
sp_006_01011_001,source_file_version,MI팀_시장분석 AI_시장 분석 Master Version (260422).xlsx,MI팀_시장분석 AI_시장 분석 Master Version (원본파일 점검용 재공유 2026.05.18).xlsx
sp_006_01011_001,ingested_at,2026-05-17T07:09:02.212513,2026-05-18T16:23:58
sp_006_01012_001,source_file_version,MI팀_시장분석 AI_시장 분석 Master Version (260422).xlsx,MI팀_시장분석 AI_시장 분석 Master Version (원본파일 점검용 재공유 2026.05.18).xlsx
sp_006_01012_001,ingested_at,2026-05-17T07:09:02.212513,2026-05-18T16:23:58
sp_006_01013_001,source_file_version,MI팀_시장분석 AI_시장 분석 Master Version (260422).xlsx,MI팀_시장분석 AI_시장 분석 Master Version (원본파일 점검용 재공유 2026.05.18).xlsx
sp_006_01013_001,ingested_at,2026-05-17T07:09:02.212513,2026-05-18T16:23:58
sp_006_01014_001,source_file_version,MI팀_시장분석 AI_시장 분석 Master Version (260422).xlsx,MI팀_시장분석 AI_시장 분석 Master Version (원본파일 점검용 재공유 2026.05.18).xlsx
sp_006_01014_001,ingested_at,2026-05-17T07:09:02.212513,2026-05-18T16:23:58
sp_006_01015_001,source_file_version,MI팀_시장분석 AI_시장 분석 Master Version (260422).xlsx,MI팀_시장분석 AI_시장 분석 Master Version (원본파일 점검용 재공유 2026.05.18).xlsx
sp_006_01015_001,ingested_at,2026-05-17T07:09:02.212513,2026-05-18T16:23:58
sp_006_01016_001,source_file_version,MI팀_시장분석 AI_시장 분석 Master Version (260422).xlsx,MI팀_시장분석 AI_시장 분석 Master Version (원본파일 점검용 재공유 2026.05.18).xlsx
sp_006_01016_001,ingested_at,2026-05-17T07:09:02.212513,2026-05-18T16:23:58
sp_006_01017_001,source_file_version,MI팀_시장분석 AI_시장 분석 Master Version (260422).xlsx,MI팀_시장분석 AI_시장 분석 Master Version (원본파일 점검용 재공유 2026.05.18).xlsx
sp_006_01017_001,ingested_at,2026-05-17T07:09:02.212513,2026-05-18T16:23:58
sp_006_01018_001,source_file_version,MI팀_시장분석 AI_시장 분석 Master Version (260422).xlsx,MI팀_시장분석 AI_시장 분석 Master Version (원본파일 점검용 재공유 2026.05.18).xlsx
sp_006_01018_001,ingested_at,2026-05-17T07:09:02.212513,2026-05-18T16:23:58
sp_006_01019_001,source_file_version,MI팀_시장분석 AI_시장 분석 Master Version (260422).xlsx,MI팀_시장분석 AI_시장 분석 Master Version (원본파일 점검용 재공유 2026.05.18).xlsx
sp_006_01019_001,ingested_at,2026-05-17T07:09:02.212513,2026-05-18T16:23:58
sp_006_01020_001,source_file_version,MI팀_시장분석 AI_시장 분석 Master Version (260422).xlsx,MI팀_시장분석 AI_시장 분석 Master Version (원본파일 점검용 재공유 2026.05.18).xlsx
sp_006_01020_001,ingested_at,2026-05-17T07:09:02.212513,2026-05-18T16:23:58
sp_006_01021_001,source_file_version,MI팀_시장분석 AI_시장 분석 Master Version (260422).xlsx,MI팀_시장분석 AI_시장 분석 Master Version (원본파일 점검용 재공유 2026.05.18).xlsx
sp_006_01021_001,ingested_at,2026-05-17T07:09:02.212513,2026-05-18T16:23:58
sp_006_01022_001,source_file_version,MI팀_시장분석 AI_시장 분석 Master Version (260422).xlsx,MI팀_시장분석 AI_시장 분석 Master Version (원본파일 점검용 재공유 2026.05.18).xlsx
sp_006_01022_001,ingested_at,2026-05-17T07:09:02.212513,2026-05-18T16:23:58
sp_006_01023_001,source_file_version,MI팀_시장분석 AI_시장 분석 Master Version (260422).xlsx,MI팀_시장분석 AI_시장 분석 Master Version (원본파일 점검용 재공유 2026.05.18).xlsx
sp_006_01023_001,ingested_at,2026-05-17T07:09:02.212513,2026-05-18T16:23:58
sp_006_01024_001,source_file_version,MI팀_시장분석 AI_시장 분석 Master Version (260422).xlsx,MI팀_시장분석 AI_시장 분석 Master Version (원본파일 점검용 재공유 2026.05.18).xlsx
sp_006_01024_001,ingested_at,2026-05-17T07:09:02.212513,2026-05-18T16:23:58
sp_006_01025_001,source_file_version,MI팀_시장분석 AI_시장 분석 Master Version (260422).xlsx,MI팀_시장분석 AI_시장 분석 Master Version (원본파일 점검용 재공유 2026.05.18).xlsx
sp_006_01025_001,ingested_at,2026-05-17T07:09:02.212513,2026-05-18T16:23:58
sp_006_01026_001,source_file_version,MI팀_시장분석 AI_시장 분석 Master Version (260422).xlsx,MI팀_시장분석 AI_시장 분석 Master Version (원본파일 점검용 재공유 2026.05.18).xlsx
sp_006_01026_001,ingested_at,2026-05-17T07:09:02.212513,2026-05-18T16:23:58
sp_006_01027_001,source_file_version,MI팀_시장분석 AI_시장 분석 Master Version (260422).xlsx,MI팀_시장분석 AI_시장 분석 Master Version (원본파일 점검용 재공유 2026.05.18).xlsx
sp_006_01027_001,ingested_at,2026-05-17T07:09:02.212513,2026-05-18T16:23:58
sp_006_01028_001,source_file_version,MI팀_시장분석 AI_시장 분석 Master Version (260422).xlsx,MI팀_시장분석 AI_시장 분석 Master Version (원본파일 점검용 재공유 2026.05.18).xlsx
sp_006_01028_001,ingested_at,2026-05-17T07:09:02.212513,2026-05-18T16:23:58
sp_006_01029_001,source_file_version,MI팀_시장분석 AI_시장 분석 Master Version (260422).xlsx,MI팀_시장분석 AI_시장 분석 Master Version (원본파일 점검용 재공유 2026.05.18).xlsx
sp_006_01029_001,ingested_at,2026-05-17T07:09:02.212513,2026-05-18T16:23:58
sp_006_01030_001,source_file_version,MI팀_시장분석 AI_시장 분석 Master Version (260422).xlsx,MI팀_시장분석 AI_시장 분석 Master Version (원본파일 점검용 재공유 2026.05.18).xlsx
sp_006_01030_001,ingested_at,2026-05-17T07:09:02.212513,2026-05-18T16:23:58
sp_006_01031_001,source_file_version,MI팀_시장분석 AI_시장 분석 Master Version (260422).xlsx,MI팀_시장분석 AI_시장 분석 Master Version (원본파일 점검용 재공유 2026.05.18).xlsx
sp_006_01031_001,ingested_at,2026-05-17T07:09:02.212513,2026-05-18T16:23:58
sp_006_01032_001,source_file_version,MI팀_시장분석 AI_시장 분석 Master Version (260422).xlsx,MI팀_시장분석 AI_시장 분석 Master Version (원본파일 점검용 재공유 2026.05.18).xlsx
sp_006_01032_001,ingested_at,2026-05-17T07:09:02.212513,2026-05-18T16:23:58
sp_006_01033_001,source_file_version,MI팀_시장분석 AI_시장 분석 Master Version (260422).xlsx,MI팀_시장분석 AI_시장 분석 Master Version (원본파일 점검용 재공유 2026.05.18).xlsx
sp_006_01033_001,ingested_at,2026-05-17T07:09:02.212513,2026-05-18T16:23:58
sp_006_01034_001,source_file_version,MI팀_시장분석 AI_시장 분석 Master Version (260422).xlsx,MI팀_시장분석 AI_시장 분석 Master Version (원본파일 점검용 재공유 2026.05.18).xlsx
sp_006_01034_001,ingested_at,2026-05-17T07:09:02.212513,2026-05-18T16:23:58
sp_006_01035_001,source_file_version,MI팀_시장분석 AI_시장 분석 Master Version (260422).xlsx,MI팀_시장분석 AI_시장 분석 Master Version (원본파일 점검용 재공유 2026.05.18).xlsx
sp_006_01035_001,ingested_at,2026-05-17T07:09:02.212513,2026-05-18T16:23:58
sp_006_01036_001,source_file_version,MI팀_시장분석 AI_시장 분석 Master Version (260422).xlsx,MI팀_시장분석 AI_시장 분석 Master Version (원본파일 점검용 재공유 2026.05.18).xlsx
sp_006_01036_001,ingested_at,2026-05-17T07:09:02.212513,2026-05-18T16:23:58
sp_006_01037_001,source_file_version,MI팀_시장분석 AI_시장 분석 Master Version (260422).xlsx,MI팀_시장분석 AI_시장 분석 Master Version (원본파일 점검용 재공유 2026.05.18).xlsx
sp_006_01037_001,ingested_at,2026-05-17T07:09:02.212513,2026-05-18T16:23:58
sp_006_01038_001,source_file_version,MI팀_시장분석 AI_시장 분석 Master Version (260422).xlsx,MI팀_시장분석 AI_시장 분석 Master Version (원본파일 점검용 재공유 2026.05.18).xlsx
sp_006_01038_001,ingested_at,2026-05-17T07:09:02.212513,2026-05-18T16:23:58
sp_006_01039_001,source_file_version,MI팀_시장분석 AI_시장 분석 Master Version (260422).xlsx,MI팀_시장분석 AI_시장 분석 Master Version (원본파일 점검용 재공유 2026.05.18).xlsx
sp_006_01039_001,ingested_at,2026-05-17T07:09:02.212513,2026-05-18T16:23:58
sp_006_01040_001,source_file_version,MI팀_시장분석 AI_시장 분석 Master Version (260422).xlsx,MI팀_시장분석 AI_시장 분석 Master Version (원본파일 점검용 재공유 2026.05.18).xlsx
sp_006_01040_001,ingested_at,2026-05-17T07:09:02.212513,2026-05-18T16:23:58
sp_006_01041_001,source_file_version,MI팀_시장분석 AI_시장 분석 Master Version (260422).xlsx,MI팀_시장분석 AI_시장 분석 Master Version (원본파일 점검용 재공유 2026.05.18).xlsx
sp_006_01041_001,ingested_at,2026-05-17T07:09:02.212513,2026-05-18T16:23:58
sp_006_01042_001,source_file_version,MI팀_시장분석 AI_시장 분석 Master Version (260422).xlsx,MI팀_시장분석 AI_시장 분석 Master Version (원본파일 점검용 재공유 2026.05.18).xlsx
sp_006_01042_001,ingested_at,2026-05-17T07:09:02.212513,2026-05-18T16:23:58
sp_006_01043_001,source_file_version,MI팀_시장분석 AI_시장 분석 Master Version (260422).xlsx,MI팀_시장분석 AI_시장 분석 Master Version (원본파일 점검용 재공유 2026.05.18).xlsx
sp_006_01043_001,ingested_at,2026-05-17T07:09:02.212513,2026-05-18T16:23:58
sp_006_01044_001,source_file_version,MI팀_시장분석 AI_시장 분석 Master Version (260422).xlsx,MI팀_시장분석 AI_시장 분석 Master Version (원본파일 점검용 재공유 2026.05.18).xlsx
sp_006_01044_001,ingested_at,2026-05-17T07:09:02.212513,2026-05-18T16:23:58
sp_006_01045_001,source_file_version,MI팀_시장분석 AI_시장 분석 Master Version (260422).xlsx,MI팀_시장분석 AI_시장 분석 Master Version (원본파일 점검용 재공유 2026.05.18).xlsx
sp_006_01045_001,ingested_at,2026-05-17T07:09:02.212513,2026-05-18T16:23:58
sp_006_01046_001,source_file_version,MI팀_시장분석 AI_시장 분석 Master Version (260422).xlsx,MI팀_시장분석 AI_시장 분석 Master Version (원본파일 점검용 재공유 2026.05.18).xlsx
sp_006_01046_001,ingested_at,2026-05-17T07:09:02.212513,2026-05-18T16:23:58
sp_006_01047_001,source_file_version,MI팀_시장분석 AI_시장 분석 Master Version (260422).xlsx,MI팀_시장분석 AI_시장 분석 Master Version (원본파일 점검용 재공유 2026.05.18).xlsx
sp_006_01047_001,ingested_at,2026-05-17T07:09:02.212513,2026-05-18T16:23:58
sp_006_01048_001,source_file_version,MI팀_시장분석 AI_시장 분석 Master Version (260422).xlsx,MI팀_시장분석 AI_시장 분석 Master Version (원본파일 점검용 재공유 2026.05.18).xlsx
sp_006_01048_001,ingested_at,2026-05-17T07:09:02.212513,2026-05-18T16:23:58
sp_006_01049_001,source_file_version,MI팀_시장분석 AI_시장 분석 Master Version (260422).xlsx,MI팀_시장분석 AI_시장 분석 Master Version (원본파일 점검용 재공유 2026.05.18).xlsx
sp_006_01049_001,ingested_at,2026-05-17T07:09:02.212513,2026-05-18T16:23:58
sp_006_01050_001,source_file_version,MI팀_시장분석 AI_시장 분석 Master Version (260422).xlsx,MI팀_시장분석 AI_시장 분석 Master Version (원본파일 점검용 재공유 2026.05.18).xlsx
sp_006_01050_001,ingested_at,2026-05-17T07:09:02.212513,2026-05-18T16:23:58
sp_006_01051_001,source_file_version,MI팀_시장분석 AI_시장 분석 Master Version (260422).xlsx,MI팀_시장분석 AI_시장 분석 Master Version (원본파일 점검용 재공유 2026.05.18).xlsx
sp_006_01051_001,ingested_at,2026-05-17T07:09:02.212513,2026-05-18T16:23:58
sp_006_01052_001,source_file_version,MI팀_시장분석 AI_시장 분석 Master Version (260422).xlsx,MI팀_시장분석 AI_시장 분석 Master Version (원본파일 점검용 재공유 2026.05.18).xlsx
sp_006_01052_001,ingested_at,2026-05-17T07:09:02.212513,2026-05-18T16:23:58
sp_006_01053_001,source_file_version,MI팀_시장분석 AI_시장 분석 Master Version (260422).xlsx,MI팀_시장분석 AI_시장 분석 Master Version (원본파일 점검용 재공유 2026.05.18).xlsx
sp_006_01053_001,ingested_at,2026-05-17T07:09:02.212513,2026-05-18T16:23:58
sp_006_01054_001,source_file_version,MI팀_시장분석 AI_시장 분석 Master Version (260422).xlsx,MI팀_시장분석 AI_시장 분석 Master Version (원본파일 점검용 재공유 2026.05.18).xlsx
sp_006_01054_001,ingested_at,2026-05-17T07:09:02.212513,2026-05-18T16:23:58
sp_006_01055_001,source_file_version,MI팀_시장분석 AI_시장 분석 Master Version (260422).xlsx,MI팀_시장분석 AI_시장 분석 Master Version (원본파일 점검용 재공유 2026.05.18).xlsx
sp_006_01055_001,ingested_at,2026-05-17T07:09:02.212513,2026-05-18T16:23:58
sp_006_01056_001,source_file_version,MI팀_시장분석 AI_시장 분석 Master Version (260422).xlsx,MI팀_시장분석 AI_시장 분석 Master Version (원본파일 점검용 재공유 2026.05.18).xlsx
sp_006_01056_001,ingested_at,2026-05-17T07:09:02.212513,2026-05-18T16:23:58
sp_006_01057_001,source_file_version,MI팀_시장분석 AI_시장 분석 Master Version (260422).xlsx,MI팀_시장분석 AI_시장 분석 Master Version (원본파일 점검용 재공유 2026.05.18).xlsx
sp_006_01057_001,ingested_at,2026-05-17T07:09:02.212513,2026-05-18T16:23:58
sp_006_01058_001,source_file_version,MI팀_시장분석 AI_시장 분석 Master Version (260422).xlsx,MI팀_시장분석 AI_시장 분석 Master Version (원본파일 점검용 재공유 2026.05.18).xlsx
sp_006_01058_001,ingested_at,2026-05-17T07:09:02.212513,2026-05-18T16:23:58
sp_006_01059_001,source_file_version,MI팀_시장분석 AI_시장 분석 Master Version (260422).xlsx,MI팀_시장분석 AI_시장 분석 Master Version (원본파일 점검용 재공유 2026.05.18).xlsx
sp_006_01059_001,ingested_at,2026-05-17T07:09:02.212513,2026-05-18T16:23:58
sp_006_01060_001,source_file_version,MI팀_시장분석 AI_시장 분석 Master Version (260422).xlsx,MI팀_시장분석 AI_시장 분석 Master Version (원본파일 점검용 재공유 2026.05.18).xlsx
sp_006_01060_001,ingested_at,2026-05-17T07:09:02.212513,2026-05-18T16:23:58
sp_006_01061_001,source_file_version,MI팀_시장분석 AI_시장 분석 Master Version (260422).xlsx,MI팀_시장분석 AI_시장 분석 Master Version (원본파일 점검용 재공유 2026.05.18).xlsx
sp_006_01061_001,ingested_at,2026-05-17T07:09:02.212513,2026-05-18T16:23:58
sp_006_01062_001,source_file_version,MI팀_시장분석 AI_시장 분석 Master Version (260422).xlsx,MI팀_시장분석 AI_시장 분석 Master Version (원본파일 점검용 재공유 2026.05.18).xlsx
sp_006_01062_001,ingested_at,2026-05-17T07:09:02.212513,2026-05-18T16:23:58
sp_006_01063_001,source_file_version,MI팀_시장분석 AI_시장 분석 Master Version (260422).xlsx,MI팀_시장분석 AI_시장 분석 Master Version (원본파일 점검용 재공유 2026.05.18).xlsx
sp_006_01063_001,ingested_at,2026-05-17T07:09:02.212513,2026-05-18T16:23:58
sp_006_01064_001,source_file_version,MI팀_시장분석 AI_시장 분석 Master Version (260422).xlsx,MI팀_시장분석 AI_시장 분석 Master Version (원본파일 점검용 재공유 2026.05.18).xlsx
sp_006_01064_001,ingested_at,2026-05-17T07:09:02.212513,2026-05-18T16:23:58
sp_006_01065_001,source_file_version,MI팀_시장분석 AI_시장 분석 Master Version (260422).xlsx,MI팀_시장분석 AI_시장 분석 Master Version (원본파일 점검용 재공유 2026.05.18).xlsx
sp_006_01065_001,ingested_at,2026-05-17T07:09:02.212513,2026-05-18T16:23:58
sp_006_01066_001,source_file_version,MI팀_시장분석 AI_시장 분석 Master Version (260422).xlsx,MI팀_시장분석 AI_시장 분석 Master Version (원본파일 점검용 재공유 2026.05.18).xlsx
sp_006_01066_001,ingested_at,2026-05-17T07:09:02.212513,2026-05-18T16:23:58
sp_006_01067_001,source_file_version,MI팀_시장분석 AI_시장 분석 Master Version (260422).xlsx,MI팀_시장분석 AI_시장 분석 Master Version (원본파일 점검용 재공유 2026.05.18).xlsx
sp_006_01067_001,ingested_at,2026-05-17T07:09:02.212513,2026-05-18T16:23:58
sp_006_01068_001,source_file_version,MI팀_시장분석 AI_시장 분석 Master Version (260422).xlsx,MI팀_시장분석 AI_시장 분석 Master Version (원본파일 점검용 재공유 2026.05.18).xlsx
sp_006_01068_001,ingested_at,2026-05-17T07:09:02.212513,2026-05-18T16:23:58
sp_006_01069_001,source_file_version,MI팀_시장분석 AI_시장 분석 Master Version (260422).xlsx,MI팀_시장분석 AI_시장 분석 Master Version (원본파일 점검용 재공유 2026.05.18).xlsx
sp_006_01069_001,ingested_at,2026-05-17T07:09:02.212513,2026-05-18T16:23:58
sp_006_01070_001,source_file_version,MI팀_시장분석 AI_시장 분석 Master Version (260422).xlsx,MI팀_시장분석 AI_시장 분석 Master Version (원본파일 점검용 재공유 2026.05.18).xlsx
sp_006_01070_001,ingested_at,2026-05-17T07:09:02.212513,2026-05-18T16:23:58
sp_006_01071_001,source_file_version,MI팀_시장분석 AI_시장 분석 Master Version (260422).xlsx,MI팀_시장분석 AI_시장 분석 Master Version (원본파일 점검용 재공유 2026.05.18).xlsx
sp_006_01071_001,ingested_at,2026-05-17T07:09:02.212513,2026-05-18T16:23:58
sp_006_01072_001,source_file_version,MI팀_시장분석 AI_시장 분석 Master Version (260422).xlsx,MI팀_시장분석 AI_시장 분석 Master Version (원본파일 점검용 재공유 2026.05.18).xlsx
sp_006_01072_001,ingested_at,2026-05-17T07:09:02.212513,2026-05-18T16:23:58
sp_006_01073_001,source_file_version,MI팀_시장분석 AI_시장 분석 Master Version (260422).xlsx,MI팀_시장분석 AI_시장 분석 Master Version (원본파일 점검용 재공유 2026.05.18).xlsx
sp_006_01073_001,ingested_at,2026-05-17T07:09:02.212513,2026-05-18T16:23:58
sp_006_01074_001,source_file_version,MI팀_시장분석 AI_시장 분석 Master Version (260422).xlsx,MI팀_시장분석 AI_시장 분석 Master Version (원본파일 점검용 재공유 2026.05.18).xlsx
sp_006_01074_001,ingested_at,2026-05-17T07:09:02.212513,2026-05-18T16:23:58
sp_006_01075_001,source_file_version,MI팀_시장분석 AI_시장 분석 Master Version (260422).xlsx,MI팀_시장분석 AI_시장 분석 Master Version (원본파일 점검용 재공유 2026.05.18).xlsx
sp_006_01075_001,ingested_at,2026-05-17T07:09:02.212513,2026-05-18T16:23:58
sp_006_01076_001,source_file_version,MI팀_시장분석 AI_시장 분석 Master Version (260422).xlsx,MI팀_시장분석 AI_시장 분석 Master Version (원본파일 점검용 재공유 2026.05.18).xlsx
sp_006_01076_001,ingested_at,2026-05-17T07:09:02.212513,2026-05-18T16:23:58
sp_006_01077_001,source_file_version,MI팀_시장분석 AI_시장 분석 Master Version (260422).xlsx,MI팀_시장분석 AI_시장 분석 Master Version (원본파일 점검용 재공유 2026.05.18).xlsx
sp_006_01077_001,ingested_at,2026-05-17T07:09:02.212513,2026-05-18T16:23:58
sp_006_01078_001,source_file_version,MI팀_시장분석 AI_시장 분석 Master Version (260422).xlsx,MI팀_시장분석 AI_시장 분석 Master Version (원본파일 점검용 재공유 2026.05.18).xlsx
sp_006_01078_001,ingested_at,2026-05-17T07:09:02.212513,2026-05-18T16:23:58
sp_006_01079_001,source_file_version,MI팀_시장분석 AI_시장 분석 Master Version (260422).xlsx,MI팀_시장분석 AI_시장 분석 Master Version (원본파일 점검용 재공유 2026.05.18).xlsx
sp_006_01079_001,ingested_at,2026-05-17T07:09:02.212513,2026-05-18T16:23:58
sp_006_01080_001,source_file_version,MI팀_시장분석 AI_시장 분석 Master Version (260422).xlsx,MI팀_시장분석 AI_시장 분석 Master Version (원본파일 점검용 재공유 2026.05.18).xlsx
sp_006_01080_001,ingested_at,2026-05-17T07:09:02.212513,2026-05-18T16:23:58
sp_006_01081_001,source_file_version,MI팀_시장분석 AI_시장 분석 Master Version (260422).xlsx,MI팀_시장분석 AI_시장 분석 Master Version (원본파일 점검용 재공유 2026.05.18).xlsx
sp_006_01081_001,ingested_at,2026-05-17T07:09:02.212513,2026-05-18T16:23:58
sp_006_01082_001,source_file_version,MI팀_시장분석 AI_시장 분석 Master Version (260422).xlsx,MI팀_시장분석 AI_시장 분석 Master Version (원본파일 점검용 재공유 2026.05.18).xlsx
sp_006_01082_001,ingested_at,2026-05-17T07:09:02.212513,2026-05-18T16:23:58
sp_006_01083_001,source_file_version,MI팀_시장분석 AI_시장 분석 Master Version (260422).xlsx,MI팀_시장분석 AI_시장 분석 Master Version (원본파일 점검용 재공유 2026.05.18).xlsx
sp_006_01083_001,ingested_at,2026-05-17T07:09:02.212513,2026-05-18T16:23:58
sp_006_01084_001,source_file_version,MI팀_시장분석 AI_시장 분석 Master Version (260422).xlsx,MI팀_시장분석 AI_시장 분석 Master Version (원본파일 점검용 재공유 2026.05.18).xlsx
sp_006_01084_001,ingested_at,2026-05-17T07:09:02.212513,2026-05-18T16:23:58
sp_006_01085_001,source_file_version,MI팀_시장분석 AI_시장 분석 Master Version (260422).xlsx,MI팀_시장분석 AI_시장 분석 Master Version (원본파일 점검용 재공유 2026.05.18).xlsx
sp_006_01085_001,ingested_at,2026-05-17T07:09:02.212513,2026-05-18T16:23:58
sp_006_01086_001,source_file_version,MI팀_시장분석 AI_시장 분석 Master Version (260422).xlsx,MI팀_시장분석 AI_시장 분석 Master Version (원본파일 점검용 재공유 2026.05.18).xlsx
sp_006_01086_001,ingested_at,2026-05-17T07:09:02.212513,2026-05-18T16:23:58
sp_006_01087_001,source_file_version,MI팀_시장분석 AI_시장 분석 Master Version (260422).xlsx,MI팀_시장분석 AI_시장 분석 Master Version (원본파일 점검용 재공유 2026.05.18).xlsx
sp_006_01087_001,ingested_at,2026-05-17T07:09:02.212513,2026-05-18T16:23:58
sp_006_01088_001,source_file_version,MI팀_시장분석 AI_시장 분석 Master Version (260422).xlsx,MI팀_시장분석 AI_시장 분석 Master Version (원본파일 점검용 재공유 2026.05.18).xlsx
sp_006_01088_001,ingested_at,2026-05-17T07:09:02.212513,2026-05-18T16:23:58
sp_006_01089_001,source_file_version,MI팀_시장분석 AI_시장 분석 Master Version (260422).xlsx,MI팀_시장분석 AI_시장 분석 Master Version (원본파일 점검용 재공유 2026.05.18).xlsx
sp_006_01089_001,ingested_at,2026-05-17T07:09:02.212513,2026-05-18T16:23:58
sp_006_01090_001,source_file_version,MI팀_시장분석 AI_시장 분석 Master Version (260422).xlsx,MI팀_시장분석 AI_시장 분석 Master Version (원본파일 점검용 재공유 2026.05.18).xlsx
sp_006_01090_001,ingested_at,2026-05-17T07:09:02.212513,2026-05-18T16:23:58
sp_006_01091_001,source_file_version,MI팀_시장분석 AI_시장 분석 Master Version (260422).xlsx,MI팀_시장분석 AI_시장 분석 Master Version (원본파일 점검용 재공유 2026.05.18).xlsx
sp_006_01091_001,ingested_at,2026-05-17T07:09:02.212513,2026-05-18T16:23:58
sp_006_01092_001,source_file_version,MI팀_시장분석 AI_시장 분석 Master Version (260422).xlsx,MI팀_시장분석 AI_시장 분석 Master Version (원본파일 점검용 재공유 2026.05.18).xlsx
sp_006_01092_001,ingested_at,2026-05-17T07:09:02.212513,2026-05-18T16:23:58
sp_006_01093_001,source_file_version,MI팀_시장분석 AI_시장 분석 Master Version (260422).xlsx,MI팀_시장분석 AI_시장 분석 Master Version (원본파일 점검용 재공유 2026.05.18).xlsx
sp_006_01093_001,ingested_at,2026-05-17T07:09:02.212513,2026-05-18T16:23:58
sp_006_01094_001,source_file_version,MI팀_시장분석 AI_시장 분석 Master Version (260422).xlsx,MI팀_시장분석 AI_시장 분석 Master Version (원본파일 점검용 재공유 2026.05.18).xlsx
sp_006_01094_001,ingested_at,2026-05-17T07:09:02.212513,2026-05-18T16:23:58
sp_006_01095_001,source_file_version,MI팀_시장분석 AI_시장 분석 Master Version (260422).xlsx,MI팀_시장분석 AI_시장 분석 Master Version (원본파일 점검용 재공유 2026.05.18).xlsx
sp_006_01095_001,ingested_at,2026-05-17T07:09:02.212513,2026-05-18T16:23:58
sp_006_01096_001,source_file_version,MI팀_시장분석 AI_시장 분석 Master Version (260422).xlsx,MI팀_시장분석 AI_시장 분석 Master Version (원본파일 점검용 재공유 2026.05.18).xlsx
sp_006_01096_001,ingested_at,2026-05-17T07:09:02.212513,2026-05-18T16:23:58
sp_006_01097_001,source_file_version,MI팀_시장분석 AI_시장 분석 Master Version (260422).xlsx,MI팀_시장분석 AI_시장 분석 Master Version (원본파일 점검용 재공유 2026.05.18).xlsx
sp_006_01097_001,ingested_at,2026-05-17T07:09:02.212513,2026-05-18T16:23:58
sp_006_01098_001,source_file_version,MI팀_시장분석 AI_시장 분석 Master Version (260422).xlsx,MI팀_시장분석 AI_시장 분석 Master Version (원본파일 점검용 재공유 2026.05.18).xlsx
sp_006_01098_001,ingested_at,2026-05-17T07:09:02.212513,2026-05-18T16:23:58
sp_006_01099_001,source_file_version,MI팀_시장분석 AI_시장 분석 Master Version (260422).xlsx,MI팀_시장분석 AI_시장 분석 Master Version (원본파일 점검용 재공유 2026.05.18).xlsx
sp_006_01099_001,ingested_at,2026-05-17T07:09:02.212513,2026-05-18T16:23:58
sp_010_00006_001,source_file_version,MI팀_시장분석 AI_시장 분석 Master Version (260422).xlsx,MI팀_시장분석 AI_시장 분석 Master Version (원본파일 점검용 재공유 2026.05.18).xlsx
sp_010_00006_001,ingested_at,2026-05-17T07:09:02.212513,2026-05-18T16:23:58
sp_010_00007_001,source_file_version,MI팀_시장분석 AI_시장 분석 Master Version (260422).xlsx,MI팀_시장분석 AI_시장 분석 Master Version (원본파일 점검용 재공유 2026.05.18).xlsx
sp_010_00007_001,ingested_at,2026-05-17T07:09:02.212513,2026-05-18T16:23:58
sp_010_00007_002,source_file_version,MI팀_시장분석 AI_시장 분석 Master Version (260422).xlsx,MI팀_시장분석 AI_시장 분석 Master Version (원본파일 점검용 재공유 2026.05.18).xlsx
sp_010_00007_002,ingested_at,2026-05-17T07:09:02.212513,2026-05-18T16:23:58
sp_010_00007_003,source_file_version,MI팀_시장분석 AI_시장 분석 Master Version (260422).xlsx,MI팀_시장분석 AI_시장 분석 Master Version (원본파일 점검용 재공유 2026.05.18).xlsx
sp_010_00007_003,ingested_at,2026-05-17T07:09:02.212513,2026-05-18T16:23:58
sp_010_00007_004,source_file_version,MI팀_시장분석 AI_시장 분석 Master Version (260422).xlsx,MI팀_시장분석 AI_시장 분석 Master Version (원본파일 점검용 재공유 2026.05.18).xlsx
sp_010_00007_004,ingested_at,2026-05-17T07:09:02.212513,2026-05-18T16:23:58
sp_010_00007_005,source_file_version,MI팀_시장분석 AI_시장 분석 Master Version (260422).xlsx,MI팀_시장분석 AI_시장 분석 Master Version (원본파일 점검용 재공유 2026.05.18).xlsx
sp_010_00007_005,ingested_at,2026-05-17T07:09:02.212513,2026-05-18T16:23:58
sp_010_00007_006,source_file_version,MI팀_시장분석 AI_시장 분석 Master Version (260422).xlsx,MI팀_시장분석 AI_시장 분석 Master Version (원본파일 점검용 재공유 2026.05.18).xlsx
sp_010_00007_006,ingested_at,2026-05-17T07:09:02.212513,2026-05-18T16:23:58
sp_010_00007_007,source_file_version,MI팀_시장분석 AI_시장 분석 Master Version (260422).xlsx,MI팀_시장분석 AI_시장 분석 Master Version (원본파일 점검용 재공유 2026.05.18).xlsx
sp_010_00007_007,ingested_at,2026-05-17T07:09:02.212513,2026-05-18T16:23:58
sp_010_00008_001,source_file_version,MI팀_시장분석 AI_시장 분석 Master Version (260422).xlsx,MI팀_시장분석 AI_시장 분석 Master Version (원본파일 점검용 재공유 2026.05.18).xlsx
sp_010_00008_001,ingested_at,2026-05-17T07:09:02.212513,2026-05-18T16:23:58
sp_010_00008_002,source_file_version,MI팀_시장분석 AI_시장 분석 Master Version (260422).xlsx,MI팀_시장분석 AI_시장 분석 Master Version (원본파일 점검용 재공유 2026.05.18).xlsx
sp_010_00008_002,ingested_at,2026-05-17T07:09:02.212513,2026-05-18T16:23:58
sp_010_00008_003,source_file_version,MI팀_시장분석 AI_시장 분석 Master Version (260422).xlsx,MI팀_시장분석 AI_시장 분석 Master Version (원본파일 점검용 재공유 2026.05.18).xlsx
sp_010_00008_003,ingested_at,2026-05-17T07:09:02.212513,2026-05-18T16:23:58
sp_010_00009_001,source_file_version,MI팀_시장분석 AI_시장 분석 Master Version (260422).xlsx,MI팀_시장분석 AI_시장 분석 Master Version (원본파일 점검용 재공유 2026.05.18).xlsx
sp_010_00009_001,ingested_at,2026-05-17T07:09:02.212513,2026-05-18T16:23:58
sp_010_00009_002,source_file_version,MI팀_시장분석 AI_시장 분석 Master Version (260422).xlsx,MI팀_시장분석 AI_시장 분석 Master Version (원본파일 점검용 재공유 2026.05.18).xlsx
sp_010_00009_002,ingested_at,2026-05-17T07:09:02.212513,2026-05-18T16:23:58
sp_010_00009_003,source_file_version,MI팀_시장분석 AI_시장 분석 Master Version (260422).xlsx,MI팀_시장분석 AI_시장 분석 Master Version (원본파일 점검용 재공유 2026.05.18).xlsx
sp_010_00009_003,ingested_at,2026-05-17T07:09:02.212513,2026-05-18T16:23:58
sp_010_00010_001,source_file_version,MI팀_시장분석 AI_시장 분석 Master Version (260422).xlsx,MI팀_시장분석 AI_시장 분석 Master Version (원본파일 점검용 재공유 2026.05.18).xlsx
sp_010_00010_001,ingested_at,2026-05-17T07:09:02.212513,2026-05-18T16:23:58
sp_010_00011_001,source_file_version,MI팀_시장분석 AI_시장 분석 Master Version (260422).xlsx,MI팀_시장분석 AI_시장 분석 Master Version (원본파일 점검용 재공유 2026.05.18).xlsx
sp_010_00011_001,ingested_at,2026-05-17T07:09:02.212513,2026-05-18T16:23:58
sp_010_00012_001,source_file_version,MI팀_시장분석 AI_시장 분석 Master Version (260422).xlsx,MI팀_시장분석 AI_시장 분석 Master Version (원본파일 점검용 재공유 2026.05.18).xlsx
sp_010_00012_001,ingested_at,2026-05-17T07:09:02.212513,2026-05-18T16:23:58
sp_010_00013_001,source_file_version,MI팀_시장분석 AI_시장 분석 Master Version (260422).xlsx,MI팀_시장분석 AI_시장 분석 Master Version (원본파일 점검용 재공유 2026.05.18).xlsx
sp_010_00013_001,ingested_at,2026-05-17T07:09:02.212513,2026-05-18T16:23:58
sp_010_00014_001,source_file_version,MI팀_시장분석 AI_시장 분석 Master Version (260422).xlsx,MI팀_시장분석 AI_시장 분석 Master Version (원본파일 점검용 재공유 2026.05.18).xlsx
sp_010_00014_001,ingested_at,2026-05-17T07:09:02.212513,2026-05-18T16:23:58
sp_010_00015_001,source_file_version,MI팀_시장분석 AI_시장 분석 Master Version (260422).xlsx,MI팀_시장분석 AI_시장 분석 Master Version (원본파일 점검용 재공유 2026.05.18).xlsx
sp_010_00015_001,ingested_at,2026-05-17T07:09:02.212513,2026-05-18T16:23:58
sp_012_00006_001,source_file_version,MI팀_시장분석 AI_시장 분석 Master Version (260422).xlsx,MI팀_시장분석 AI_시장 분석 Master Version (원본파일 점검용 재공유 2026.05.18).xlsx
sp_012_00006_001,ingested_at,2026-05-17T07:09:02.212513,2026-05-18T16:23:58
sp_012_00007_001,source_file_version,MI팀_시장분석 AI_시장 분석 Master Version (260422).xlsx,MI팀_시장분석 AI_시장 분석 Master Version (원본파일 점검용 재공유 2026.05.18).xlsx
sp_012_00007_001,ingested_at,2026-05-17T07:09:02.212513,2026-05-18T16:23:58
sp_012_00008_001,source_file_version,MI팀_시장분석 AI_시장 분석 Master Version (260422).xlsx,MI팀_시장분석 AI_시장 분석 Master Version (원본파일 점검용 재공유 2026.05.18).xlsx
sp_012_00008_001,ingested_at,2026-05-17T07:09:02.212513,2026-05-18T16:23:58
sp_012_00009_001,source_file_version,MI팀_시장분석 AI_시장 분석 Master Version (260422).xlsx,MI팀_시장분석 AI_시장 분석 Master Version (원본파일 점검용 재공유 2026.05.18).xlsx
sp_012_00009_001,ingested_at,2026-05-17T07:09:02.212513,2026-05-18T16:23:58
sp_012_00010_001,source_file_version,MI팀_시장분석 AI_시장 분석 Master Version (260422).xlsx,MI팀_시장분석 AI_시장 분석 Master Version (원본파일 점검용 재공유 2026.05.18).xlsx
sp_012_00010_001,ingested_at,2026-05-17T07:09:02.212513,2026-05-18T16:23:58
sp_012_00011_001,source_file_version,MI팀_시장분석 AI_시장 분석 Master Version (260422).xlsx,MI팀_시장분석 AI_시장 분석 Master Version (원본파일 점검용 재공유 2026.05.18).xlsx
sp_012_00011_001,ingested_at,2026-05-17T07:09:02.212513,2026-05-18T16:23:58
sp_012_00012_001,source_file_version,MI팀_시장분석 AI_시장 분석 Master Version (260422).xlsx,MI팀_시장분석 AI_시장 분석 Master Version (원본파일 점검용 재공유 2026.05.18).xlsx
sp_012_00012_001,ingested_at,2026-05-17T07:09:02.212513,2026-05-18T16:23:58
sp_012_00013_001,source_file_version,MI팀_시장분석 AI_시장 분석 Master Version (260422).xlsx,MI팀_시장분석 AI_시장 분석 Master Version (원본파일 점검용 재공유 2026.05.18).xlsx
sp_012_00013_001,ingested_at,2026-05-17T07:09:02.212513,2026-05-18T16:23:58
sp_012_00014_001,source_file_version,MI팀_시장분석 AI_시장 분석 Master Version (260422).xlsx,MI팀_시장분석 AI_시장 분석 Master Version (원본파일 점검용 재공유 2026.05.18).xlsx
sp_012_00014_001,ingested_at,2026-05-17T07:09:02.212513,2026-05-18T16:23:58
sp_012_00015_001,source_file_version,MI팀_시장분석 AI_시장 분석 Master Version (260422).xlsx,MI팀_시장분석 AI_시장 분석 Master Version (원본파일 점검용 재공유 2026.05.18).xlsx
sp_012_00015_001,ingested_at,2026-05-17T07:09:02.212513,2026-05-18T16:23:58
sp_012_00016_001,source_file_version,MI팀_시장분석 AI_시장 분석 Master Version (260422).xlsx,MI팀_시장분석 AI_시장 분석 Master Version (원본파일 점검용 재공유 2026.05.18).xlsx
sp_012_00016_001,ingested_at,2026-05-17T07:09:02.212513,2026-05-18T16:23:58
sp_012_00017_001,source_file_version,MI팀_시장분석 AI_시장 분석 Master Version (260422).xlsx,MI팀_시장분석 AI_시장 분석 Master Version (원본파일 점검용 재공유 2026.05.18).xlsx
sp_012_00017_001,ingested_at,2026-05-17T07:09:02.212513,2026-05-18T16:23:58
sp_012_00018_001,source_file_version,MI팀_시장분석 AI_시장 분석 Master Version (260422).xlsx,MI팀_시장분석 AI_시장 분석 Master Version (원본파일 점검용 재공유 2026.05.18).xlsx
sp_012_00018_001,ingested_at,2026-05-17T07:09:02.212513,2026-05-18T16:23:58
sp_012_00019_001,source_file_version,MI팀_시장분석 AI_시장 분석 Master Version (260422).xlsx,MI팀_시장분석 AI_시장 분석 Master Version (원본파일 점검용 재공유 2026.05.18).xlsx
sp_012_00019_001,ingested_at,2026-05-17T07:09:02.212513,2026-05-18T16:23:58
sp_012_00020_001,source_file_version,MI팀_시장분석 AI_시장 분석 Master Version (260422).xlsx,MI팀_시장분석 AI_시장 분석 Master Version (원본파일 점검용 재공유 2026.05.18).xlsx
sp_012_00020_001,ingested_at,2026-05-17T07:09:02.212513,2026-05-18T16:23:58
sp_012_00021_001,source_file_version,MI팀_시장분석 AI_시장 분석 Master Version (260422).xlsx,MI팀_시장분석 AI_시장 분석 Master Version (원본파일 점검용 재공유 2026.05.18).xlsx
sp_012_00021_001,ingested_at,2026-05-17T07:09:02.212513,2026-05-18T16:23:58
sp_012_00022_001,source_file_version,MI팀_시장분석 AI_시장 분석 Master Version (260422).xlsx,MI팀_시장분석 AI_시장 분석 Master Version (원본파일 점검용 재공유 2026.05.18).xlsx
sp_012_00022_001,ingested_at,2026-05-17T07:09:02.212513,2026-05-18T16:23:58
sp_012_00023_001,source_file_version,MI팀_시장분석 AI_시장 분석 Master Version (260422).xlsx,MI팀_시장분석 AI_시장 분석 Master Version (원본파일 점검용 재공유 2026.05.18).xlsx
sp_012_00023_001,ingested_at,2026-05-17T07:09:02.212513,2026-05-18T16:23:58
sp_012_00024_001,source_file_version,MI팀_시장분석 AI_시장 분석 Master Version (260422).xlsx,MI팀_시장분석 AI_시장 분석 Master Version (원본파일 점검용 재공유 2026.05.18).xlsx
sp_012_00024_001,ingested_at,2026-05-17T07:09:02.212513,2026-05-18T16:23:58
sp_012_00025_001,source_file_version,MI팀_시장분석 AI_시장 분석 Master Version (260422).xlsx,MI팀_시장분석 AI_시장 분석 Master Version (원본파일 점검용 재공유 2026.05.18).xlsx
sp_012_00025_001,ingested_at,2026-05-17T07:09:02.212513,2026-05-18T16:23:58
sp_012_00026_001,source_file_version,MI팀_시장분석 AI_시장 분석 Master Version (260422).xlsx,MI팀_시장분석 AI_시장 분석 Master Version (원본파일 점검용 재공유 2026.05.18).xlsx
sp_012_00026_001,ingested_at,2026-05-17T07:09:02.212513,2026-05-18T16:23:58
sp_012_00027_001,source_file_version,MI팀_시장분석 AI_시장 분석 Master Version (260422).xlsx,MI팀_시장분석 AI_시장 분석 Master Version (원본파일 점검용 재공유 2026.05.18).xlsx
sp_012_00027_001,ingested_at,2026-05-17T07:09:02.212513,2026-05-18T16:23:58
sp_012_00028_001,source_file_version,MI팀_시장분석 AI_시장 분석 Master Version (260422).xlsx,MI팀_시장분석 AI_시장 분석 Master Version (원본파일 점검용 재공유 2026.05.18).xlsx
sp_012_00028_001,ingested_at,2026-05-17T07:09:02.212513,2026-05-18T16:23:58
sp_012_00029_001,source_file_version,MI팀_시장분석 AI_시장 분석 Master Version (260422).xlsx,MI팀_시장분석 AI_시장 분석 Master Version (원본파일 점검용 재공유 2026.05.18).xlsx
sp_012_00029_001,ingested_at,2026-05-17T07:09:02.212513,2026-05-18T16:23:58
sp_012_00030_001,source_file_version,MI팀_시장분석 AI_시장 분석 Master Version (260422).xlsx,MI팀_시장분석 AI_시장 분석 Master Version (원본파일 점검용 재공유 2026.05.18).xlsx
sp_012_00030_001,ingested_at,2026-05-17T07:09:02.212513,2026-05-18T16:23:58
sp_012_00031_001,source_file_version,MI팀_시장분석 AI_시장 분석 Master Version (260422).xlsx,MI팀_시장분석 AI_시장 분석 Master Version (원본파일 점검용 재공유 2026.05.18).xlsx
sp_012_00031_001,ingested_at,2026-05-17T07:09:02.212513,2026-05-18T16:23:58
sp_012_00032_001,source_file_version,MI팀_시장분석 AI_시장 분석 Master Version (260422).xlsx,MI팀_시장분석 AI_시장 분석 Master Version (원본파일 점검용 재공유 2026.05.18).xlsx
sp_012_00032_001,ingested_at,2026-05-17T07:09:02.212513,2026-05-18T16:23:58
sp_012_00033_001,source_file_version,MI팀_시장분석 AI_시장 분석 Master Version (260422).xlsx,MI팀_시장분석 AI_시장 분석 Master Version (원본파일 점검용 재공유 2026.05.18).xlsx
sp_012_00033_001,ingested_at,2026-05-17T07:09:02.212513,2026-05-18T16:23:58
sp_012_00034_001,source_file_version,MI팀_시장분석 AI_시장 분석 Master Version (260422).xlsx,MI팀_시장분석 AI_시장 분석 Master Version (원본파일 점검용 재공유 2026.05.18).xlsx
sp_012_00034_001,ingested_at,2026-05-17T07:09:02.212513,2026-05-18T16:23:58
sp_012_00035_001,source_file_version,MI팀_시장분석 AI_시장 분석 Master Version (260422).xlsx,MI팀_시장분석 AI_시장 분석 Master Version (원본파일 점검용 재공유 2026.05.18).xlsx
sp_012_00035_001,ingested_at,2026-05-17T07:09:02.212513,2026-05-18T16:23:58
sp_012_00036_001,source_file_version,MI팀_시장분석 AI_시장 분석 Master Version (260422).xlsx,MI팀_시장분석 AI_시장 분석 Master Version (원본파일 점검용 재공유 2026.05.18).xlsx
sp_012_00036_001,ingested_at,2026-05-17T07:09:02.212513,2026-05-18T16:23:58
sp_012_00037_001,source_file_version,MI팀_시장분석 AI_시장 분석 Master Version (260422).xlsx,MI팀_시장분석 AI_시장 분석 Master Version (원본파일 점검용 재공유 2026.05.18).xlsx
sp_012_00037_001,ingested_at,2026-05-17T07:09:02.212513,2026-05-18T16:23:58
sp_012_00038_001,source_file_version,MI팀_시장분석 AI_시장 분석 Master Version (260422).xlsx,MI팀_시장분석 AI_시장 분석 Master Version (원본파일 점검용 재공유 2026.05.18).xlsx
sp_012_00038_001,ingested_at,2026-05-17T07:09:02.212513,2026-05-18T16:23:58
sp_012_00039_001,source_file_version,MI팀_시장분석 AI_시장 분석 Master Version (260422).xlsx,MI팀_시장분석 AI_시장 분석 Master Version (원본파일 점검용 재공유 2026.05.18).xlsx
sp_012_00039_001,ingested_at,2026-05-17T07:09:02.212513,2026-05-18T16:23:58
sp_012_00040_001,source_file_version,MI팀_시장분석 AI_시장 분석 Master Version (260422).xlsx,MI팀_시장분석 AI_시장 분석 Master Version (원본파일 점검용 재공유 2026.05.18).xlsx
sp_012_00040_001,ingested_at,2026-05-17T07:09:02.212513,2026-05-18T16:23:58
sp_012_00041_001,source_file_version,MI팀_시장분석 AI_시장 분석 Master Version (260422).xlsx,MI팀_시장분석 AI_시장 분석 Master Version (원본파일 점검용 재공유 2026.05.18).xlsx
sp_012_00041_001,ingested_at,2026-05-17T07:09:02.212513,2026-05-18T16:23:58
sp_012_00042_001,source_file_version,MI팀_시장분석 AI_시장 분석 Master Version (260422).xlsx,MI팀_시장분석 AI_시장 분석 Master Version (원본파일 점검용 재공유 2026.05.18).xlsx
sp_012_00042_001,ingested_at,2026-05-17T07:09:02.212513,2026-05-18T16:23:58
sp_012_00043_001,source_file_version,MI팀_시장분석 AI_시장 분석 Master Version (260422).xlsx,MI팀_시장분석 AI_시장 분석 Master Version (원본파일 점검용 재공유 2026.05.18).xlsx
sp_012_00043_001,ingested_at,2026-05-17T07:09:02.212513,2026-05-18T16:23:58
sp_012_00044_001,source_file_version,MI팀_시장분석 AI_시장 분석 Master Version (260422).xlsx,MI팀_시장분석 AI_시장 분석 Master Version (원본파일 점검용 재공유 2026.05.18).xlsx
sp_012_00044_001,ingested_at,2026-05-17T07:09:02.212513,2026-05-18T16:23:58
sp_012_00045_001,source_file_version,MI팀_시장분석 AI_시장 분석 Master Version (260422).xlsx,MI팀_시장분석 AI_시장 분석 Master Version (원본파일 점검용 재공유 2026.05.18).xlsx
sp_012_00045_001,ingested_at,2026-05-17T07:09:02.212513,2026-05-18T16:23:58
sp_012_00046_001,source_file_version,MI팀_시장분석 AI_시장 분석 Master Version (260422).xlsx,MI팀_시장분석 AI_시장 분석 Master Version (원본파일 점검용 재공유 2026.05.18).xlsx
sp_012_00046_001,ingested_at,2026-05-17T07:09:02.212513,2026-05-18T16:23:58
sp_012_00047_001,source_file_version,MI팀_시장분석 AI_시장 분석 Master Version (260422).xlsx,MI팀_시장분석 AI_시장 분석 Master Version (원본파일 점검용 재공유 2026.05.18).xlsx
sp_012_00047_001,ingested_at,2026-05-17T07:09:02.212513,2026-05-18T16:23:58
sp_012_00048_001,source_file_version,MI팀_시장분석 AI_시장 분석 Master Version (260422).xlsx,MI팀_시장분석 AI_시장 분석 Master Version (원본파일 점검용 재공유 2026.05.18).xlsx
sp_012_00048_001,ingested_at,2026-05-17T07:09:02.212513,2026-05-18T16:23:58
sp_012_00049_001,source_file_version,MI팀_시장분석 AI_시장 분석 Master Version (260422).xlsx,MI팀_시장분석 AI_시장 분석 Master Version (원본파일 점검용 재공유 2026.05.18).xlsx
sp_012_00049_001,ingested_at,2026-05-17T07:09:02.212513,2026-05-18T16:23:58
sp_012_00050_001,source_file_version,MI팀_시장분석 AI_시장 분석 Master Version (260422).xlsx,MI팀_시장분석 AI_시장 분석 Master Version (원본파일 점검용 재공유 2026.05.18).xlsx
sp_012_00050_001,ingested_at,2026-05-17T07:09:02.212513,2026-05-18T16:23:58
sp_012_00051_001,source_file_version,MI팀_시장분석 AI_시장 분석 Master Version (260422).xlsx,MI팀_시장분석 AI_시장 분석 Master Version (원본파일 점검용 재공유 2026.05.18).xlsx
sp_012_00051_001,ingested_at,2026-05-17T07:09:02.212513,2026-05-18T16:23:58
sp_012_00052_001,source_file_version,MI팀_시장분석 AI_시장 분석 Master Version (260422).xlsx,MI팀_시장분석 AI_시장 분석 Master Version (원본파일 점검용 재공유 2026.05.18).xlsx
sp_012_00052_001,ingested_at,2026-05-17T07:09:02.212513,2026-05-18T16:23:58
sp_012_00053_001,source_file_version,MI팀_시장분석 AI_시장 분석 Master Version (260422).xlsx,MI팀_시장분석 AI_시장 분석 Master Version (원본파일 점검용 재공유 2026.05.18).xlsx
sp_012_00053_001,ingested_at,2026-05-17T07:09:02.212513,2026-05-18T16:23:58
sp_012_00054_001,source_file_version,MI팀_시장분석 AI_시장 분석 Master Version (260422).xlsx,MI팀_시장분석 AI_시장 분석 Master Version (원본파일 점검용 재공유 2026.05.18).xlsx
sp_012_00054_001,ingested_at,2026-05-17T07:09:02.212513,2026-05-18T16:23:58
sp_012_00055_001,source_file_version,MI팀_시장분석 AI_시장 분석 Master Version (260422).xlsx,MI팀_시장분석 AI_시장 분석 Master Version (원본파일 점검용 재공유 2026.05.18).xlsx
sp_012_00055_001,ingested_at,2026-05-17T07:09:02.212513,2026-05-18T16:23:58
sp_012_00056_001,source_file_version,MI팀_시장분석 AI_시장 분석 Master Version (260422).xlsx,MI팀_시장분석 AI_시장 분석 Master Version (원본파일 점검용 재공유 2026.05.18).xlsx
sp_012_00056_001,ingested_at,2026-05-17T07:09:02.212513,2026-05-18T16:23:58
sp_012_00057_001,source_file_version,MI팀_시장분석 AI_시장 분석 Master Version (260422).xlsx,MI팀_시장분석 AI_시장 분석 Master Version (원본파일 점검용 재공유 2026.05.18).xlsx
sp_012_00057_001,ingested_at,2026-05-17T07:09:02.212513,2026-05-18T16:23:58
sp_012_00058_001,source_file_version,MI팀_시장분석 AI_시장 분석 Master Version (260422).xlsx,MI팀_시장분석 AI_시장 분석 Master Version (원본파일 점검용 재공유 2026.05.18).xlsx
sp_012_00058_001,ingested_at,2026-05-17T07:09:02.212513,2026-05-18T16:23:58
sp_012_00059_001,source_file_version,MI팀_시장분석 AI_시장 분석 Master Version (260422).xlsx,MI팀_시장분석 AI_시장 분석 Master Version (원본파일 점검용 재공유 2026.05.18).xlsx
sp_012_00059_001,ingested_at,2026-05-17T07:09:02.212513,2026-05-18T16:23:58
sp_012_00060_001,source_file_version,MI팀_시장분석 AI_시장 분석 Master Version (260422).xlsx,MI팀_시장분석 AI_시장 분석 Master Version (원본파일 점검용 재공유 2026.05.18).xlsx
sp_012_00060_001,ingested_at,2026-05-17T07:09:02.212513,2026-05-18T16:23:58
sp_012_00061_001,source_file_version,MI팀_시장분석 AI_시장 분석 Master Version (260422).xlsx,MI팀_시장분석 AI_시장 분석 Master Version (원본파일 점검용 재공유 2026.05.18).xlsx
sp_012_00061_001,ingested_at,2026-05-17T07:09:02.212513,2026-05-18T16:23:58
sp_012_00062_001,source_file_version,MI팀_시장분석 AI_시장 분석 Master Version (260422).xlsx,MI팀_시장분석 AI_시장 분석 Master Version (원본파일 점검용 재공유 2026.05.18).xlsx
sp_012_00062_001,ingested_at,2026-05-17T07:09:02.212513,2026-05-18T16:23:58
sp_012_00063_001,source_file_version,MI팀_시장분석 AI_시장 분석 Master Version (260422).xlsx,MI팀_시장분석 AI_시장 분석 Master Version (원본파일 점검용 재공유 2026.05.18).xlsx
sp_012_00063_001,ingested_at,2026-05-17T07:09:02.212513,2026-05-18T16:23:58
sp_012_00064_001,source_file_version,MI팀_시장분석 AI_시장 분석 Master Version (260422).xlsx,MI팀_시장분석 AI_시장 분석 Master Version (원본파일 점검용 재공유 2026.05.18).xlsx
sp_012_00064_001,ingested_at,2026-05-17T07:09:02.212513,2026-05-18T16:23:58
sp_012_00065_001,source_file_version,MI팀_시장분석 AI_시장 분석 Master Version (260422).xlsx,MI팀_시장분석 AI_시장 분석 Master Version (원본파일 점검용 재공유 2026.05.18).xlsx
sp_012_00065_001,ingested_at,2026-05-17T07:09:02.212513,2026-05-18T16:23:58
sp_012_00066_001,source_file_version,MI팀_시장분석 AI_시장 분석 Master Version (260422).xlsx,MI팀_시장분석 AI_시장 분석 Master Version (원본파일 점검용 재공유 2026.05.18).xlsx
sp_012_00066_001,ingested_at,2026-05-17T07:09:02.212513,2026-05-18T16:23:58
sp_012_00067_001,source_file_version,MI팀_시장분석 AI_시장 분석 Master Version (260422).xlsx,MI팀_시장분석 AI_시장 분석 Master Version (원본파일 점검용 재공유 2026.05.18).xlsx
sp_012_00067_001,ingested_at,2026-05-17T07:09:02.212513,2026-05-18T16:23:58
sp_012_00068_001,source_file_version,MI팀_시장분석 AI_시장 분석 Master Version (260422).xlsx,MI팀_시장분석 AI_시장 분석 Master Version (원본파일 점검용 재공유 2026.05.18).xlsx
sp_012_00068_001,ingested_at,2026-05-17T07:09:02.212513,2026-05-18T16:23:58
sp_012_00069_001,source_file_version,MI팀_시장분석 AI_시장 분석 Master Version (260422).xlsx,MI팀_시장분석 AI_시장 분석 Master Version (원본파일 점검용 재공유 2026.05.18).xlsx
sp_012_00069_001,ingested_at,2026-05-17T07:09:02.212513,2026-05-18T16:23:58
sp_012_00070_001,source_file_version,MI팀_시장분석 AI_시장 분석 Master Version (260422).xlsx,MI팀_시장분석 AI_시장 분석 Master Version (원본파일 점검용 재공유 2026.05.18).xlsx
sp_012_00070_001,ingested_at,2026-05-17T07:09:02.212513,2026-05-18T16:23:58
sp_012_00071_001,source_file_version,MI팀_시장분석 AI_시장 분석 Master Version (260422).xlsx,MI팀_시장분석 AI_시장 분석 Master Version (원본파일 점검용 재공유 2026.05.18).xlsx
sp_012_00071_001,ingested_at,2026-05-17T07:09:02.212513,2026-05-18T16:23:58
sp_012_00072_001,source_file_version,MI팀_시장분석 AI_시장 분석 Master Version (260422).xlsx,MI팀_시장분석 AI_시장 분석 Master Version (원본파일 점검용 재공유 2026.05.18).xlsx
sp_012_00072_001,ingested_at,2026-05-17T07:09:02.212513,2026-05-18T16:23:58
sp_012_00073_001,source_file_version,MI팀_시장분석 AI_시장 분석 Master Version (260422).xlsx,MI팀_시장분석 AI_시장 분석 Master Version (원본파일 점검용 재공유 2026.05.18).xlsx
sp_012_00073_001,ingested_at,2026-05-17T07:09:02.212513,2026-05-18T16:23:58
sp_012_00074_001,source_file_version,MI팀_시장분석 AI_시장 분석 Master Version (260422).xlsx,MI팀_시장분석 AI_시장 분석 Master Version (원본파일 점검용 재공유 2026.05.18).xlsx
sp_012_00074_001,ingested_at,2026-05-17T07:09:02.212513,2026-05-18T16:23:58
sp_012_00075_001,source_file_version,MI팀_시장분석 AI_시장 분석 Master Version (260422).xlsx,MI팀_시장분석 AI_시장 분석 Master Version (원본파일 점검용 재공유 2026.05.18).xlsx
sp_012_00075_001,ingested_at,2026-05-17T07:09:02.212513,2026-05-18T16:23:58
sp_012_00076_001,source_file_version,MI팀_시장분석 AI_시장 분석 Master Version (260422).xlsx,MI팀_시장분석 AI_시장 분석 Master Version (원본파일 점검용 재공유 2026.05.18).xlsx
sp_012_00076_001,ingested_at,2026-05-17T07:09:02.212513,2026-05-18T16:23:58
sp_012_00077_001,source_file_version,MI팀_시장분석 AI_시장 분석 Master Version (260422).xlsx,MI팀_시장분석 AI_시장 분석 Master Version (원본파일 점검용 재공유 2026.05.18).xlsx
sp_012_00077_001,ingested_at,2026-05-17T07:09:02.212513,2026-05-18T16:23:58
sp_012_00078_001,source_file_version,MI팀_시장분석 AI_시장 분석 Master Version (260422).xlsx,MI팀_시장분석 AI_시장 분석 Master Version (원본파일 점검용 재공유 2026.05.18).xlsx
sp_012_00078_001,ingested_at,2026-05-17T07:09:02.212513,2026-05-18T16:23:58
sp_012_00079_001,source_file_version,MI팀_시장분석 AI_시장 분석 Master Version (260422).xlsx,MI팀_시장분석 AI_시장 분석 Master Version (원본파일 점검용 재공유 2026.05.18).xlsx
sp_012_00079_001,ingested_at,2026-05-17T07:09:02.212513,2026-05-18T16:23:58
sp_012_00080_001,source_file_version,MI팀_시장분석 AI_시장 분석 Master Version (260422).xlsx,MI팀_시장분석 AI_시장 분석 Master Version (원본파일 점검용 재공유 2026.05.18).xlsx
sp_012_00080_001,ingested_at,2026-05-17T07:09:02.212513,2026-05-18T16:23:58
sp_012_00081_001,source_file_version,MI팀_시장분석 AI_시장 분석 Master Version (260422).xlsx,MI팀_시장분석 AI_시장 분석 Master Version (원본파일 점검용 재공유 2026.05.18).xlsx
sp_012_00081_001,ingested_at,2026-05-17T07:09:02.212513,2026-05-18T16:23:58
