brand_id,column,before,after
sb_002_00006,source_file_version,MI팀_시장분석 AI_시장 분석 Master Version (260422).xlsx,MI팀_시장분석 AI_시장 분석 Master Version (원본파일 점검용 재공유 2026.05.18).xlsx
sb_002_00006,ingested_at,2026-05-17T07:07:25.045131,2026-05-18T16:21:40
sb_002_00007,source_file_version,MI팀_시장분석 AI_시장 분석 Master Version (260422).xlsx,MI팀_시장분석 AI_시장 분석 Master Version (원본파일 점검용 재공유 2026.05.18).xlsx
sb_002_00007,ingested_at,2026-05-17T07:07:25.045131,2026-05-18T16:21:40
sb_002_00008,source_file_version,MI팀_시장분석 AI_시장 분석 Master Version (260422).xlsx,MI팀_시장분석 AI_시장 분석 Master Version (원본파일 점검용 재공유 2026.05.18).xlsx
sb_002_00008,ingested_at,2026-05-17T07:07:25.045131,2026-05-18T16:21:40
sb_002_00009,source_file_version,MI팀_시장분석 AI_시장 분석 Master Version (260422).xlsx,MI팀_시장분석 AI_시장 분석 Master Version (원본파일 점검용 재공유 2026.05.18).xlsx
sb_002_00009,ingested_at,2026-05-17T07:07:25.045131,2026-05-18T16:21:40
sb_002_00010,source_file_version,MI팀_시장분석 AI_시장 분석 Master Version (260422).xlsx,MI팀_시장분석 AI_시장 분석 Master Version (원본파일 점검용 재공유 2026.05.18).xlsx
sb_002_00010,ingested_at,2026-05-17T07:07:25.045131,2026-05-18T16:21:40
sb_002_00011,source_file_version,MI팀_시장분석 AI_시장 분석 Master Version (260422).xlsx,MI팀_시장분석 AI_시장 분석 Master Version (원본파일 점검용 재공유 2026.05.18).xlsx
sb_002_00011,ingested_at,2026-05-17T07:07:25.045131,2026-05-18T16:21:40
sb_002_00012,source_file_version,MI팀_시장분석 AI_시장 분석 Master Version (260422).xlsx,MI팀_시장분석 AI_시장 분석 Master Version (원본파일 점검용 재공유 2026.05.18).xlsx
sb_002_00012,ingested_at,2026-05-17T07:07:25.045131,2026-05-18T16:21:40
sb_002_00013,source_file_version,MI팀_시장분석 AI_시장 분석 Master Version (260422).xlsx,MI팀_시장분석 AI_시장 분석 Master Version (원본파일 점검용 재공유 2026.05.18).xlsx
sb_002_00013,ingested_at,2026-05-17T07:07:25.045131,2026-05-18T16:21:40
sb_002_00014,source_file_version,MI팀_시장분석 AI_시장 분석 Master Version (260422).xlsx,MI팀_시장분석 AI_시장 분석 Master Version (원본파일 점검용 재공유 2026.05.18).xlsx
sb_002_00014,ingested_at,2026-05-17T07:07:25.045131,2026-05-18T16:21:40
sb_002_00015,source_file_version,MI팀_시장분석 AI_시장 분석 Master Version (260422).xlsx,MI팀_시장분석 AI_시장 분석 Master Version (원본파일 점검용 재공유 2026.05.18).xlsx
sb_002_00015,ingested_at,2026-05-17T07:07:25.045131,2026-05-18T16:21:40
sb_002_00016,source_file_version,MI팀_시장분석 AI_시장 분석 Master Version (260422).xlsx,MI팀_시장분석 AI_시장 분석 Master Version (원본파일 점검용 재공유 2026.05.18).xlsx
sb_002_00016,ingested_at,2026-05-17T07:07:25.045131,2026-05-18T16:21:40
sb_002_00017,source_file_version,MI팀_시장분석 AI_시장 분석 Master Version (260422).xlsx,MI팀_시장분석 AI_시장 분석 Master Version (원본파일 점검용 재공유 2026.05.18).xlsx
sb_002_00017,ingested_at,2026-05-17T07:07:25.045131,2026-05-18T16:21:40
sb_002_00018,source_file_version,MI팀_시장분석 AI_시장 분석 Master Version (260422).xlsx,MI팀_시장분석 AI_시장 분석 Master Version (원본파일 점검용 재공유 2026.05.18).xlsx
sb_002_00018,ingested_at,2026-05-17T07:07:25.045131,2026-05-18T16:21:40
sb_002_00019,source_file_version,MI팀_시장분석 AI_시장 분석 Master Version (260422).xlsx,MI팀_시장분석 AI_시장 분석 Master Version (원본파일 점검용 재공유 2026.05.18).xlsx
sb_002_00019,ingested_at,2026-05-17T07:07:25.045131,2026-05-18T16:21:40
sb_002_00020,source_file_version,MI팀_시장분석 AI_시장 분석 Master Version (260422).xlsx,MI팀_시장분석 AI_시장 분석 Master Version (원본파일 점검용 재공유 2026.05.18).xlsx
sb_002_00020,ingested_at,2026-05-17T07:07:25.045131,2026-05-18T16:21:40
sb_002_00021,source_file_version,MI팀_시장분석 AI_시장 분석 Master Version (260422).xlsx,MI팀_시장분석 AI_시장 분석 Master Version (원본파일 점검용 재공유 2026.05.18).xlsx
sb_002_00021,ingested_at,2026-05-17T07:07:25.045131,2026-05-18T16:21:40
sb_002_00022,source_file_version,MI팀_시장분석 AI_시장 분석 Master Version (260422).xlsx,MI팀_시장분석 AI_시장 분석 Master Version (원본파일 점검용 재공유 2026.05.18).xlsx
sb_002_00022,ingested_at,2026-05-17T07:07:25.045131,2026-05-18T16:21:40
sb_002_00023,source_file_version,MI팀_시장분석 AI_시장 분석 Master Version (260422).xlsx,MI팀_시장분석 AI_시장 분석 Master Version (원본파일 점검용 재공유 2026.05.18).xlsx
sb_002_00023,ingested_at,2026-05-17T07:07:25.045131,2026-05-18T16:21:40
sb_002_00024,source_file_version,MI팀_시장분석 AI_시장 분석 Master Version (260422).xlsx,MI팀_시장분석 AI_시장 분석 Master Version (원본파일 점검용 재공유 2026.05.18).xlsx
sb_002_00024,ingested_at,2026-05-17T07:07:25.045131,2026-05-18T16:21:40
sb_002_00025,source_file_version,MI팀_시장분석 AI_시장 분석 Master Version (260422).xlsx,MI팀_시장분석 AI_시장 분석 Master Version (원본파일 점검용 재공유 2026.05.18).xlsx
sb_002_00025,ingested_at,2026-05-17T07:07:25.045131,2026-05-18T16:21:40
sb_002_00026,source_file_version,MI팀_시장분석 AI_시장 분석 Master Version (260422).xlsx,MI팀_시장분석 AI_시장 분석 Master Version (원본파일 점검용 재공유 2026.05.18).xlsx
sb_002_00026,ingested_at,2026-05-17T07:07:25.045131,2026-05-18T16:21:40
sb_002_00027,source_file_version,MI팀_시장분석 AI_시장 분석 Master Version (260422).xlsx,MI팀_시장분석 AI_시장 분석 Master Version (원본파일 점검용 재공유 2026.05.18).xlsx
sb_002_00027,ingested_at,2026-05-17T07:07:25.045131,2026-05-18T16:21:40
sb_002_00028,source_file_version,MI팀_시장분석 AI_시장 분석 Master Version (260422).xlsx,MI팀_시장분석 AI_시장 분석 Master Version (원본파일 점검용 재공유 2026.05.18).xlsx
sb_002_00028,ingested_at,2026-05-17T07:07:25.045131,2026-05-18T16:21:40
sb_002_00029,source_file_version,MI팀_시장분석 AI_시장 분석 Master Version (260422).xlsx,MI팀_시장분석 AI_시장 분석 Master Version (원본파일 점검용 재공유 2026.05.18).xlsx
sb_002_00029,ingested_at,2026-05-17T07:07:25.045131,2026-05-18T16:21:40
sb_002_00030,source_file_version,MI팀_시장분석 AI_시장 분석 Master Version (260422).xlsx,MI팀_시장분석 AI_시장 분석 Master Version (원본파일 점검용 재공유 2026.05.18).xlsx
sb_002_00030,ingested_at,2026-05-17T07:07:25.045131,2026-05-18T16:21:40
sb_002_00031,source_file_version,MI팀_시장분석 AI_시장 분석 Master Version (260422).xlsx,MI팀_시장분석 AI_시장 분석 Master Version (원본파일 점검용 재공유 2026.05.18).xlsx
sb_002_00031,ingested_at,2026-05-17T07:07:25.045131,2026-05-18T16:21:40
sb_002_00032,source_file_version,MI팀_시장분석 AI_시장 분석 Master Version (260422).xlsx,MI팀_시장분석 AI_시장 분석 Master Version (원본파일 점검용 재공유 2026.05.18).xlsx
sb_002_00032,ingested_at,2026-05-17T07:07:25.045131,2026-05-18T16:21:40
sb_002_00033,source_file_version,MI팀_시장분석 AI_시장 분석 Master Version (260422).xlsx,MI팀_시장분석 AI_시장 분석 Master Version (원본파일 점검용 재공유 2026.05.18).xlsx
sb_002_00033,ingested_at,2026-05-17T07:07:25.045131,2026-05-18T16:21:40
sb_002_00034,source_file_version,MI팀_시장분석 AI_시장 분석 Master Version (260422).xlsx,MI팀_시장분석 AI_시장 분석 Master Version (원본파일 점검용 재공유 2026.05.18).xlsx
sb_002_00034,ingested_at,2026-05-17T07:07:25.045131,2026-05-18T16:21:40
sb_002_00035,source_file_version,MI팀_시장분석 AI_시장 분석 Master Version (260422).xlsx,MI팀_시장분석 AI_시장 분석 Master Version (원본파일 점검용 재공유 2026.05.18).xlsx
sb_002_00035,ingested_at,2026-05-17T07:07:25.045131,2026-05-18T16:21:40
sb_002_00036,source_file_version,MI팀_시장분석 AI_시장 분석 Master Version (260422).xlsx,MI팀_시장분석 AI_시장 분석 Master Version (원본파일 점검용 재공유 2026.05.18).xlsx
sb_002_00036,ingested_at,2026-05-17T07:07:25.045131,2026-05-18T16:21:40
sb_002_00037,source_file_version,MI팀_시장분석 AI_시장 분석 Master Version (260422).xlsx,MI팀_시장분석 AI_시장 분석 Master Version (원본파일 점검용 재공유 2026.05.18).xlsx
sb_002_00037,ingested_at,2026-05-17T07:07:25.045131,2026-05-18T16:21:40
sb_002_00038,source_file_version,MI팀_시장분석 AI_시장 분석 Master Version (260422).xlsx,MI팀_시장분석 AI_시장 분석 Master Version (원본파일 점검용 재공유 2026.05.18).xlsx
sb_002_00038,ingested_at,2026-05-17T07:07:25.045131,2026-05-18T16:21:40
sb_002_00039,source_file_version,MI팀_시장분석 AI_시장 분석 Master Version (260422).xlsx,MI팀_시장분석 AI_시장 분석 Master Version (원본파일 점검용 재공유 2026.05.18).xlsx
sb_002_00039,ingested_at,2026-05-17T07:07:25.045131,2026-05-18T16:21:40
sb_002_00040,source_file_version,MI팀_시장분석 AI_시장 분석 Master Version (260422).xlsx,MI팀_시장분석 AI_시장 분석 Master Version (원본파일 점검용 재공유 2026.05.18).xlsx
sb_002_00040,ingested_at,2026-05-17T07:07:25.045131,2026-05-18T16:21:40
sb_002_00041,source_file_version,MI팀_시장분석 AI_시장 분석 Master Version (260422).xlsx,MI팀_시장분석 AI_시장 분석 Master Version (원본파일 점검용 재공유 2026.05.18).xlsx
sb_002_00041,ingested_at,2026-05-17T07:07:25.045131,2026-05-18T16:21:40
sb_002_00042,source_file_version,MI팀_시장분석 AI_시장 분석 Master Version (260422).xlsx,MI팀_시장분석 AI_시장 분석 Master Version (원본파일 점검용 재공유 2026.05.18).xlsx
sb_002_00042,ingested_at,2026-05-17T07:07:25.045131,2026-05-18T16:21:40
sb_002_00043,source_file_version,MI팀_시장분석 AI_시장 분석 Master Version (260422).xlsx,MI팀_시장분석 AI_시장 분석 Master Version (원본파일 점검용 재공유 2026.05.18).xlsx
sb_002_00043,ingested_at,2026-05-17T07:07:25.045131,2026-05-18T16:21:40
sb_002_00044,source_file_version,MI팀_시장분석 AI_시장 분석 Master Version (260422).xlsx,MI팀_시장분석 AI_시장 분석 Master Version (원본파일 점검용 재공유 2026.05.18).xlsx
sb_002_00044,ingested_at,2026-05-17T07:07:25.045131,2026-05-18T16:21:40
sb_002_00045,source_file_version,MI팀_시장분석 AI_시장 분석 Master Version (260422).xlsx,MI팀_시장분석 AI_시장 분석 Master Version (원본파일 점검용 재공유 2026.05.18).xlsx
sb_002_00045,ingested_at,2026-05-17T07:07:25.045131,2026-05-18T16:21:40
sb_002_00046,source_file_version,MI팀_시장분석 AI_시장 분석 Master Version (260422).xlsx,MI팀_시장분석 AI_시장 분석 Master Version (원본파일 점검용 재공유 2026.05.18).xlsx
sb_002_00046,ingested_at,2026-05-17T07:07:25.045131,2026-05-18T16:21:40
sb_002_00047,source_file_version,MI팀_시장분석 AI_시장 분석 Master Version (260422).xlsx,MI팀_시장분석 AI_시장 분석 Master Version (원본파일 점검용 재공유 2026.05.18).xlsx
sb_002_00047,ingested_at,2026-05-17T07:07:25.045131,2026-05-18T16:21:40
sb_002_00048,source_file_version,MI팀_시장분석 AI_시장 분석 Master Version (260422).xlsx,MI팀_시장분석 AI_시장 분석 Master Version (원본파일 점검용 재공유 2026.05.18).xlsx
sb_002_00048,ingested_at,2026-05-17T07:07:25.045131,2026-05-18T16:21:40
sb_002_00049,source_file_version,MI팀_시장분석 AI_시장 분석 Master Version (260422).xlsx,MI팀_시장분석 AI_시장 분석 Master Version (원본파일 점검용 재공유 2026.05.18).xlsx
sb_002_00049,ingested_at,2026-05-17T07:07:25.045131,2026-05-18T16:21:40
sb_002_00050,source_file_version,MI팀_시장분석 AI_시장 분석 Master Version (260422).xlsx,MI팀_시장분석 AI_시장 분석 Master Version (원본파일 점검용 재공유 2026.05.18).xlsx
sb_002_00050,ingested_at,2026-05-17T07:07:25.045131,2026-05-18T16:21:40
sb_006_00005,source_file_version,MI팀_시장분석 AI_시장 분석 Master Version (260422).xlsx,MI팀_시장분석 AI_시장 분석 Master Version (원본파일 점검용 재공유 2026.05.18).xlsx
sb_006_00005,ingested_at,2026-05-17T07:07:25.045131,2026-05-18T16:21:40
sb_006_00006,source_file_version,MI팀_시장분석 AI_시장 분석 Master Version (260422).xlsx,MI팀_시장분석 AI_시장 분석 Master Version (원본파일 점검용 재공유 2026.05.18).xlsx
sb_006_00006,ingested_at,2026-05-17T07:07:25.045131,2026-05-18T16:21:40
sb_006_00007,source_file_version,MI팀_시장분석 AI_시장 분석 Master Version (260422).xlsx,MI팀_시장분석 AI_시장 분석 Master Version (원본파일 점검용 재공유 2026.05.18).xlsx
sb_006_00007,ingested_at,2026-05-17T07:07:25.045131,2026-05-18T16:21:40
sb_006_00008,source_file_version,MI팀_시장분석 AI_시장 분석 Master Version (260422).xlsx,MI팀_시장분석 AI_시장 분석 Master Version (원본파일 점검용 재공유 2026.05.18).xlsx
sb_006_00008,ingested_at,2026-05-17T07:07:25.045131,2026-05-18T16:21:40
sb_006_00009,source_file_version,MI팀_시장분석 AI_시장 분석 Master Version (260422).xlsx,MI팀_시장분석 AI_시장 분석 Master Version (원본파일 점검용 재공유 2026.05.18).xlsx
sb_006_00009,ingested_at,2026-05-17T07:07:25.045131,2026-05-18T16:21:40
sb_006_00010,source_file_version,MI팀_시장분석 AI_시장 분석 Master Version (260422).xlsx,MI팀_시장분석 AI_시장 분석 Master Version (원본파일 점검용 재공유 2026.05.18).xlsx
sb_006_00010,ingested_at,2026-05-17T07:07:25.045131,2026-05-18T16:21:40
sb_006_00011,source_file_version,MI팀_시장분석 AI_시장 분석 Master Version (260422).xlsx,MI팀_시장분석 AI_시장 분석 Master Version (원본파일 점검용 재공유 2026.05.18).xlsx
sb_006_00011,ingested_at,2026-05-17T07:07:25.045131,2026-05-18T16:21:40
sb_006_00012,source_file_version,MI팀_시장분석 AI_시장 분석 Master Version (260422).xlsx,MI팀_시장분석 AI_시장 분석 Master Version (원본파일 점검용 재공유 2026.05.18).xlsx
sb_006_00012,ingested_at,2026-05-17T07:07:25.045131,2026-05-18T16:21:40
sb_006_00013,source_file_version,MI팀_시장분석 AI_시장 분석 Master Version (260422).xlsx,MI팀_시장분석 AI_시장 분석 Master Version (원본파일 점검용 재공유 2026.05.18).xlsx
sb_006_00013,ingested_at,2026-05-17T07:07:25.045131,2026-05-18T16:21:40
sb_006_00014,source_file_version,MI팀_시장분석 AI_시장 분석 Master Version (260422).xlsx,MI팀_시장분석 AI_시장 분석 Master Version (원본파일 점검용 재공유 2026.05.18).xlsx
sb_006_00014,ingested_at,2026-05-17T07:07:25.045131,2026-05-18T16:21:40
sb_006_00015,source_file_version,MI팀_시장분석 AI_시장 분석 Master Version (260422).xlsx,MI팀_시장분석 AI_시장 분석 Master Version (원본파일 점검용 재공유 2026.05.18).xlsx
sb_006_00015,ingested_at,2026-05-17T07:07:25.045131,2026-05-18T16:21:40
sb_006_00016,source_file_version,MI팀_시장분석 AI_시장 분석 Master Version (260422).xlsx,MI팀_시장분석 AI_시장 분석 Master Version (원본파일 점검용 재공유 2026.05.18).xlsx
sb_006_00016,ingested_at,2026-05-17T07:07:25.045131,2026-05-18T16:21:40
sb_006_00017,source_file_version,MI팀_시장분석 AI_시장 분석 Master Version (260422).xlsx,MI팀_시장분석 AI_시장 분석 Master Version (원본파일 점검용 재공유 2026.05.18).xlsx
sb_006_00017,ingested_at,2026-05-17T07:07:25.045131,2026-05-18T16:21:40
sb_006_00018,source_file_version,MI팀_시장분석 AI_시장 분석 Master Version (260422).xlsx,MI팀_시장분석 AI_시장 분석 Master Version (원본파일 점검용 재공유 2026.05.18).xlsx
sb_006_00018,ingested_at,2026-05-17T07:07:25.045131,2026-05-18T16:21:40
sb_006_00019,source_file_version,MI팀_시장분석 AI_시장 분석 Master Version (260422).xlsx,MI팀_시장분석 AI_시장 분석 Master Version (원본파일 점검용 재공유 2026.05.18).xlsx
sb_006_00019,ingested_at,2026-05-17T07:07:25.045131,2026-05-18T16:21:40
sb_006_00020,source_file_version,MI팀_시장분석 AI_시장 분석 Master Version (260422).xlsx,MI팀_시장분석 AI_시장 분석 Master Version (원본파일 점검용 재공유 2026.05.18).xlsx
sb_006_00020,ingested_at,2026-05-17T07:07:25.045131,2026-05-18T16:21:40
sb_006_00021,source_file_version,MI팀_시장분석 AI_시장 분석 Master Version (260422).xlsx,MI팀_시장분석 AI_시장 분석 Master Version (원본파일 점검용 재공유 2026.05.18).xlsx
sb_006_00021,ingested_at,2026-05-17T07:07:25.045131,2026-05-18T16:21:40
sb_006_00022,source_file_version,MI팀_시장분석 AI_시장 분석 Master Version (260422).xlsx,MI팀_시장분석 AI_시장 분석 Master Version (원본파일 점검용 재공유 2026.05.18).xlsx
sb_006_00022,ingested_at,2026-05-17T07:07:25.045131,2026-05-18T16:21:40
sb_006_00023,source_file_version,MI팀_시장분석 AI_시장 분석 Master Version (260422).xlsx,MI팀_시장분석 AI_시장 분석 Master Version (원본파일 점검용 재공유 2026.05.18).xlsx
sb_006_00023,ingested_at,2026-05-17T07:07:25.045131,2026-05-18T16:21:40
sb_006_00024,source_file_version,MI팀_시장분석 AI_시장 분석 Master Version (260422).xlsx,MI팀_시장분석 AI_시장 분석 Master Version (원본파일 점검용 재공유 2026.05.18).xlsx
sb_006_00024,ingested_at,2026-05-17T07:07:25.045131,2026-05-18T16:21:40
sb_006_00025,source_file_version,MI팀_시장분석 AI_시장 분석 Master Version (260422).xlsx,MI팀_시장분석 AI_시장 분석 Master Version (원본파일 점검용 재공유 2026.05.18).xlsx
sb_006_00025,ingested_at,2026-05-17T07:07:25.045131,2026-05-18T16:21:40
sb_006_00026,source_file_version,MI팀_시장분석 AI_시장 분석 Master Version (260422).xlsx,MI팀_시장분석 AI_시장 분석 Master Version (원본파일 점검용 재공유 2026.05.18).xlsx
sb_006_00026,ingested_at,2026-05-17T07:07:25.045131,2026-05-18T16:21:40
sb_006_00027,source_file_version,MI팀_시장분석 AI_시장 분석 Master Version (260422).xlsx,MI팀_시장분석 AI_시장 분석 Master Version (원본파일 점검용 재공유 2026.05.18).xlsx
sb_006_00027,ingested_at,2026-05-17T07:07:25.045131,2026-05-18T16:21:40
sb_006_00028,source_file_version,MI팀_시장분석 AI_시장 분석 Master Version (260422).xlsx,MI팀_시장분석 AI_시장 분석 Master Version (원본파일 점검용 재공유 2026.05.18).xlsx
sb_006_00028,ingested_at,2026-05-17T07:07:25.045131,2026-05-18T16:21:40
sb_006_00029,source_file_version,MI팀_시장분석 AI_시장 분석 Master Version (260422).xlsx,MI팀_시장분석 AI_시장 분석 Master Version (원본파일 점검용 재공유 2026.05.18).xlsx
sb_006_00029,ingested_at,2026-05-17T07:07:25.045131,2026-05-18T16:21:40
sb_006_00030,source_file_version,MI팀_시장분석 AI_시장 분석 Master Version (260422).xlsx,MI팀_시장분석 AI_시장 분석 Master Version (원본파일 점검용 재공유 2026.05.18).xlsx
sb_006_00030,ingested_at,2026-05-17T07:07:25.045131,2026-05-18T16:21:40
sb_006_00031,source_file_version,MI팀_시장분석 AI_시장 분석 Master Version (260422).xlsx,MI팀_시장분석 AI_시장 분석 Master Version (원본파일 점검용 재공유 2026.05.18).xlsx
sb_006_00031,ingested_at,2026-05-17T07:07:25.045131,2026-05-18T16:21:40
sb_006_00032,source_file_version,MI팀_시장분석 AI_시장 분석 Master Version (260422).xlsx,MI팀_시장분석 AI_시장 분석 Master Version (원본파일 점검용 재공유 2026.05.18).xlsx
sb_006_00032,ingested_at,2026-05-17T07:07:25.045131,2026-05-18T16:21:40
sb_006_00033,source_file_version,MI팀_시장분석 AI_시장 분석 Master Version (260422).xlsx,MI팀_시장분석 AI_시장 분석 Master Version (원본파일 점검용 재공유 2026.05.18).xlsx
sb_006_00033,ingested_at,2026-05-17T07:07:25.045131,2026-05-18T16:21:40
sb_006_00034,source_file_version,MI팀_시장분석 AI_시장 분석 Master Version (260422).xlsx,MI팀_시장분석 AI_시장 분석 Master Version (원본파일 점검용 재공유 2026.05.18).xlsx
sb_006_00034,ingested_at,2026-05-17T07:07:25.045131,2026-05-18T16:21:40
sb_006_00035,source_file_version,MI팀_시장분석 AI_시장 분석 Master Version (260422).xlsx,MI팀_시장분석 AI_시장 분석 Master Version (원본파일 점검용 재공유 2026.05.18).xlsx
sb_006_00035,ingested_at,2026-05-17T07:07:25.045131,2026-05-18T16:21:40
sb_006_00036,source_file_version,MI팀_시장분석 AI_시장 분석 Master Version (260422).xlsx,MI팀_시장분석 AI_시장 분석 Master Version (원본파일 점검용 재공유 2026.05.18).xlsx
sb_006_00036,ingested_at,2026-05-17T07:07:25.045131,2026-05-18T16:21:40
sb_006_00037,source_file_version,MI팀_시장분석 AI_시장 분석 Master Version (260422).xlsx,MI팀_시장분석 AI_시장 분석 Master Version (원본파일 점검용 재공유 2026.05.18).xlsx
sb_006_00037,ingested_at,2026-05-17T07:07:25.045131,2026-05-18T16:21:40
sb_006_00038,source_file_version,MI팀_시장분석 AI_시장 분석 Master Version (260422).xlsx,MI팀_시장분석 AI_시장 분석 Master Version (원본파일 점검용 재공유 2026.05.18).xlsx
sb_006_00038,ingested_at,2026-05-17T07:07:25.045131,2026-05-18T16:21:40
sb_006_00039,source_file_version,MI팀_시장분석 AI_시장 분석 Master Version (260422).xlsx,MI팀_시장분석 AI_시장 분석 Master Version (원본파일 점검용 재공유 2026.05.18).xlsx
sb_006_00039,ingested_at,2026-05-17T07:07:25.045131,2026-05-18T16:21:40
sb_006_00040,source_file_version,MI팀_시장분석 AI_시장 분석 Master Version (260422).xlsx,MI팀_시장분석 AI_시장 분석 Master Version (원본파일 점검용 재공유 2026.05.18).xlsx
sb_006_00040,ingested_at,2026-05-17T07:07:25.045131,2026-05-18T16:21:40
sb_006_00041,source_file_version,MI팀_시장분석 AI_시장 분석 Master Version (260422).xlsx,MI팀_시장분석 AI_시장 분석 Master Version (원본파일 점검용 재공유 2026.05.18).xlsx
sb_006_00041,ingested_at,2026-05-17T07:07:25.045131,2026-05-18T16:21:40
sb_006_00042,source_file_version,MI팀_시장분석 AI_시장 분석 Master Version (260422).xlsx,MI팀_시장분석 AI_시장 분석 Master Version (원본파일 점검용 재공유 2026.05.18).xlsx
sb_006_00042,ingested_at,2026-05-17T07:07:25.045131,2026-05-18T16:21:40
sb_006_00043,source_file_version,MI팀_시장분석 AI_시장 분석 Master Version (260422).xlsx,MI팀_시장분석 AI_시장 분석 Master Version (원본파일 점검용 재공유 2026.05.18).xlsx
sb_006_00043,ingested_at,2026-05-17T07:07:25.045131,2026-05-18T16:21:40
sb_006_00044,source_file_version,MI팀_시장분석 AI_시장 분석 Master Version (260422).xlsx,MI팀_시장분석 AI_시장 분석 Master Version (원본파일 점검용 재공유 2026.05.18).xlsx
sb_006_00044,ingested_at,2026-05-17T07:07:25.045131,2026-05-18T16:21:40
sb_006_00045,source_file_version,MI팀_시장분석 AI_시장 분석 Master Version (260422).xlsx,MI팀_시장분석 AI_시장 분석 Master Version (원본파일 점검용 재공유 2026.05.18).xlsx
sb_006_00045,ingested_at,2026-05-17T07:07:25.045131,2026-05-18T16:21:40
sb_006_00046,source_file_version,MI팀_시장분석 AI_시장 분석 Master Version (260422).xlsx,MI팀_시장분석 AI_시장 분석 Master Version (원본파일 점검용 재공유 2026.05.18).xlsx
sb_006_00046,ingested_at,2026-05-17T07:07:25.045131,2026-05-18T16:21:40
sb_006_00047,source_file_version,MI팀_시장분석 AI_시장 분석 Master Version (260422).xlsx,MI팀_시장분석 AI_시장 분석 Master Version (원본파일 점검용 재공유 2026.05.18).xlsx
sb_006_00047,ingested_at,2026-05-17T07:07:25.045131,2026-05-18T16:21:40
sb_006_00048,source_file_version,MI팀_시장분석 AI_시장 분석 Master Version (260422).xlsx,MI팀_시장분석 AI_시장 분석 Master Version (원본파일 점검용 재공유 2026.05.18).xlsx
sb_006_00048,ingested_at,2026-05-17T07:07:25.045131,2026-05-18T16:21:40
sb_006_00049,source_file_version,MI팀_시장분석 AI_시장 분석 Master Version (260422).xlsx,MI팀_시장분석 AI_시장 분석 Master Version (원본파일 점검용 재공유 2026.05.18).xlsx
sb_006_00049,ingested_at,2026-05-17T07:07:25.045131,2026-05-18T16:21:40
sb_006_00050,source_file_version,MI팀_시장분석 AI_시장 분석 Master Version (260422).xlsx,MI팀_시장분석 AI_시장 분석 Master Version (원본파일 점검용 재공유 2026.05.18).xlsx
sb_006_00050,ingested_at,2026-05-17T07:07:25.045131,2026-05-18T16:21:40
sb_006_00051,source_file_version,MI팀_시장분석 AI_시장 분석 Master Version (260422).xlsx,MI팀_시장분석 AI_시장 분석 Master Version (원본파일 점검용 재공유 2026.05.18).xlsx
sb_006_00051,ingested_at,2026-05-17T07:07:25.045131,2026-05-18T16:21:40
sb_006_00052,source_file_version,MI팀_시장분석 AI_시장 분석 Master Version (260422).xlsx,MI팀_시장분석 AI_시장 분석 Master Version (원본파일 점검용 재공유 2026.05.18).xlsx
sb_006_00052,ingested_at,2026-05-17T07:07:25.045131,2026-05-18T16:21:40
sb_006_00053,source_file_version,MI팀_시장분석 AI_시장 분석 Master Version (260422).xlsx,MI팀_시장분석 AI_시장 분석 Master Version (원본파일 점검용 재공유 2026.05.18).xlsx
sb_006_00053,ingested_at,2026-05-17T07:07:25.045131,2026-05-18T16:21:40
sb_006_00054,source_file_version,MI팀_시장분석 AI_시장 분석 Master Version (260422).xlsx,MI팀_시장분석 AI_시장 분석 Master Version (원본파일 점검용 재공유 2026.05.18).xlsx
sb_006_00054,ingested_at,2026-05-17T07:07:25.045131,2026-05-18T16:21:40
sb_006_00055,source_file_version,MI팀_시장분석 AI_시장 분석 Master Version (260422).xlsx,MI팀_시장분석 AI_시장 분석 Master Version (원본파일 점검용 재공유 2026.05.18).xlsx
sb_006_00055,ingested_at,2026-05-17T07:07:25.045131,2026-05-18T16:21:40
sb_006_00056,source_file_version,MI팀_시장분석 AI_시장 분석 Master Version (260422).xlsx,MI팀_시장분석 AI_시장 분석 Master Version (원본파일 점검용 재공유 2026.05.18).xlsx
sb_006_00056,ingested_at,2026-05-17T07:07:25.045131,2026-05-18T16:21:40
sb_006_00057,source_file_version,MI팀_시장분석 AI_시장 분석 Master Version (260422).xlsx,MI팀_시장분석 AI_시장 분석 Master Version (원본파일 점검용 재공유 2026.05.18).xlsx
sb_006_00057,ingested_at,2026-05-17T07:07:25.045131,2026-05-18T16:21:40
sb_006_00058,source_file_version,MI팀_시장분석 AI_시장 분석 Master Version (260422).xlsx,MI팀_시장분석 AI_시장 분석 Master Version (원본파일 점검용 재공유 2026.05.18).xlsx
sb_006_00058,ingested_at,2026-05-17T07:07:25.045131,2026-05-18T16:21:40
sb_006_00059,source_file_version,MI팀_시장분석 AI_시장 분석 Master Version (260422).xlsx,MI팀_시장분석 AI_시장 분석 Master Version (원본파일 점검용 재공유 2026.05.18).xlsx
sb_006_00059,ingested_at,2026-05-17T07:07:25.045131,2026-05-18T16:21:40
sb_006_00060,source_file_version,MI팀_시장분석 AI_시장 분석 Master Version (260422).xlsx,MI팀_시장분석 AI_시장 분석 Master Version (원본파일 점검용 재공유 2026.05.18).xlsx
sb_006_00060,ingested_at,2026-05-17T07:07:25.045131,2026-05-18T16:21:40
sb_006_00061,source_file_version,MI팀_시장분석 AI_시장 분석 Master Version (260422).xlsx,MI팀_시장분석 AI_시장 분석 Master Version (원본파일 점검용 재공유 2026.05.18).xlsx
sb_006_00061,ingested_at,2026-05-17T07:07:25.045131,2026-05-18T16:21:40
sb_006_00062,source_file_version,MI팀_시장분석 AI_시장 분석 Master Version (260422).xlsx,MI팀_시장분석 AI_시장 분석 Master Version (원본파일 점검용 재공유 2026.05.18).xlsx
sb_006_00062,ingested_at,2026-05-17T07:07:25.045131,2026-05-18T16:21:40
sb_006_00063,source_file_version,MI팀_시장분석 AI_시장 분석 Master Version (260422).xlsx,MI팀_시장분석 AI_시장 분석 Master Version (원본파일 점검용 재공유 2026.05.18).xlsx
sb_006_00063,ingested_at,2026-05-17T07:07:25.045131,2026-05-18T16:21:40
sb_006_00064,source_file_version,MI팀_시장분석 AI_시장 분석 Master Version (260422).xlsx,MI팀_시장분석 AI_시장 분석 Master Version (원본파일 점검용 재공유 2026.05.18).xlsx
sb_006_00064,ingested_at,2026-05-17T07:07:25.045131,2026-05-18T16:21:40
sb_006_00065,source_file_version,MI팀_시장분석 AI_시장 분석 Master Version (260422).xlsx,MI팀_시장분석 AI_시장 분석 Master Version (원본파일 점검용 재공유 2026.05.18).xlsx
sb_006_00065,ingested_at,2026-05-17T07:07:25.045131,2026-05-18T16:21:40
sb_006_00066,source_file_version,MI팀_시장분석 AI_시장 분석 Master Version (260422).xlsx,MI팀_시장분석 AI_시장 분석 Master Version (원본파일 점검용 재공유 2026.05.18).xlsx
sb_006_00066,ingested_at,2026-05-17T07:07:25.045131,2026-05-18T16:21:40
sb_006_00067,source_file_version,MI팀_시장분석 AI_시장 분석 Master Version (260422).xlsx,MI팀_시장분석 AI_시장 분석 Master Version (원본파일 점검용 재공유 2026.05.18).xlsx
sb_006_00067,ingested_at,2026-05-17T07:07:25.045131,2026-05-18T16:21:40
sb_006_00068,source_file_version,MI팀_시장분석 AI_시장 분석 Master Version (260422).xlsx,MI팀_시장분석 AI_시장 분석 Master Version (원본파일 점검용 재공유 2026.05.18).xlsx
sb_006_00068,ingested_at,2026-05-17T07:07:25.045131,2026-05-18T16:21:40
sb_006_00069,source_file_version,MI팀_시장분석 AI_시장 분석 Master Version (260422).xlsx,MI팀_시장분석 AI_시장 분석 Master Version (원본파일 점검용 재공유 2026.05.18).xlsx
sb_006_00069,ingested_at,2026-05-17T07:07:25.045131,2026-05-18T16:21:40
sb_006_00070,source_file_version,MI팀_시장분석 AI_시장 분석 Master Version (260422).xlsx,MI팀_시장분석 AI_시장 분석 Master Version (원본파일 점검용 재공유 2026.05.18).xlsx
sb_006_00070,ingested_at,2026-05-17T07:07:25.045131,2026-05-18T16:21:40
sb_006_00071,source_file_version,MI팀_시장분석 AI_시장 분석 Master Version (260422).xlsx,MI팀_시장분석 AI_시장 분석 Master Version (원본파일 점검용 재공유 2026.05.18).xlsx
sb_006_00071,ingested_at,2026-05-17T07:07:25.045131,2026-05-18T16:21:40
sb_006_00072,source_file_version,MI팀_시장분석 AI_시장 분석 Master Version (260422).xlsx,MI팀_시장분석 AI_시장 분석 Master Version (원본파일 점검용 재공유 2026.05.18).xlsx
sb_006_00072,ingested_at,2026-05-17T07:07:25.045131,2026-05-18T16:21:40
sb_006_00073,source_file_version,MI팀_시장분석 AI_시장 분석 Master Version (260422).xlsx,MI팀_시장분석 AI_시장 분석 Master Version (원본파일 점검용 재공유 2026.05.18).xlsx
sb_006_00073,ingested_at,2026-05-17T07:07:25.045131,2026-05-18T16:21:40
sb_006_00074,source_file_version,MI팀_시장분석 AI_시장 분석 Master Version (260422).xlsx,MI팀_시장분석 AI_시장 분석 Master Version (원본파일 점검용 재공유 2026.05.18).xlsx
sb_006_00074,ingested_at,2026-05-17T07:07:25.045131,2026-05-18T16:21:40
sb_006_00075,source_file_version,MI팀_시장분석 AI_시장 분석 Master Version (260422).xlsx,MI팀_시장분석 AI_시장 분석 Master Version (원본파일 점검용 재공유 2026.05.18).xlsx
sb_006_00075,ingested_at,2026-05-17T07:07:25.045131,2026-05-18T16:21:40
sb_006_00076,source_file_version,MI팀_시장분석 AI_시장 분석 Master Version (260422).xlsx,MI팀_시장분석 AI_시장 분석 Master Version (원본파일 점검용 재공유 2026.05.18).xlsx
sb_006_00076,ingested_at,2026-05-17T07:07:25.045131,2026-05-18T16:21:40
sb_006_00077,source_file_version,MI팀_시장분석 AI_시장 분석 Master Version (260422).xlsx,MI팀_시장분석 AI_시장 분석 Master Version (원본파일 점검용 재공유 2026.05.18).xlsx
sb_006_00077,ingested_at,2026-05-17T07:07:25.045131,2026-05-18T16:21:40
sb_006_00078,source_file_version,MI팀_시장분석 AI_시장 분석 Master Version (260422).xlsx,MI팀_시장분석 AI_시장 분석 Master Version (원본파일 점검용 재공유 2026.05.18).xlsx
sb_006_00078,ingested_at,2026-05-17T07:07:25.045131,2026-05-18T16:21:40
sb_006_00079,source_file_version,MI팀_시장분석 AI_시장 분석 Master Version (260422).xlsx,MI팀_시장분석 AI_시장 분석 Master Version (원본파일 점검용 재공유 2026.05.18).xlsx
sb_006_00079,ingested_at,2026-05-17T07:07:25.045131,2026-05-18T16:21:40
sb_006_00080,source_file_version,MI팀_시장분석 AI_시장 분석 Master Version (260422).xlsx,MI팀_시장분석 AI_시장 분석 Master Version (원본파일 점검용 재공유 2026.05.18).xlsx
sb_006_00080,ingested_at,2026-05-17T07:07:25.045131,2026-05-18T16:21:40
sb_006_00081,source_file_version,MI팀_시장분석 AI_시장 분석 Master Version (260422).xlsx,MI팀_시장분석 AI_시장 분석 Master Version (원본파일 점검용 재공유 2026.05.18).xlsx
sb_006_00081,ingested_at,2026-05-17T07:07:25.045131,2026-05-18T16:21:40
sb_006_00082,source_file_version,MI팀_시장분석 AI_시장 분석 Master Version (260422).xlsx,MI팀_시장분석 AI_시장 분석 Master Version (원본파일 점검용 재공유 2026.05.18).xlsx
sb_006_00082,ingested_at,2026-05-17T07:07:25.045131,2026-05-18T16:21:40
sb_006_00083,source_file_version,MI팀_시장분석 AI_시장 분석 Master Version (260422).xlsx,MI팀_시장분석 AI_시장 분석 Master Version (원본파일 점검용 재공유 2026.05.18).xlsx
sb_006_00083,ingested_at,2026-05-17T07:07:25.045131,2026-05-18T16:21:40
sb_006_00084,source_file_version,MI팀_시장분석 AI_시장 분석 Master Version (260422).xlsx,MI팀_시장분석 AI_시장 분석 Master Version (원본파일 점검용 재공유 2026.05.18).xlsx
sb_006_00084,ingested_at,2026-05-17T07:07:25.045131,2026-05-18T16:21:40
sb_006_00085,source_file_version,MI팀_시장분석 AI_시장 분석 Master Version (260422).xlsx,MI팀_시장분석 AI_시장 분석 Master Version (원본파일 점검용 재공유 2026.05.18).xlsx
sb_006_00085,ingested_at,2026-05-17T07:07:25.045131,2026-05-18T16:21:40
sb_006_00086,source_file_version,MI팀_시장분석 AI_시장 분석 Master Version (260422).xlsx,MI팀_시장분석 AI_시장 분석 Master Version (원본파일 점검용 재공유 2026.05.18).xlsx
sb_006_00086,ingested_at,2026-05-17T07:07:25.045131,2026-05-18T16:21:40
sb_006_00087,source_file_version,MI팀_시장분석 AI_시장 분석 Master Version (260422).xlsx,MI팀_시장분석 AI_시장 분석 Master Version (원본파일 점검용 재공유 2026.05.18).xlsx
sb_006_00087,ingested_at,2026-05-17T07:07:25.045131,2026-05-18T16:21:40
sb_006_00088,source_file_version,MI팀_시장분석 AI_시장 분석 Master Version (260422).xlsx,MI팀_시장분석 AI_시장 분석 Master Version (원본파일 점검용 재공유 2026.05.18).xlsx
sb_006_00088,ingested_at,2026-05-17T07:07:25.045131,2026-05-18T16:21:40
sb_006_00089,source_file_version,MI팀_시장분석 AI_시장 분석 Master Version (260422).xlsx,MI팀_시장분석 AI_시장 분석 Master Version (원본파일 점검용 재공유 2026.05.18).xlsx
sb_006_00089,ingested_at,2026-05-17T07:07:25.045131,2026-05-18T16:21:40
sb_006_00090,source_file_version,MI팀_시장분석 AI_시장 분석 Master Version (260422).xlsx,MI팀_시장분석 AI_시장 분석 Master Version (원본파일 점검용 재공유 2026.05.18).xlsx
sb_006_00090,ingested_at,2026-05-17T07:07:25.045131,2026-05-18T16:21:40
sb_006_00091,source_file_version,MI팀_시장분석 AI_시장 분석 Master Version (260422).xlsx,MI팀_시장분석 AI_시장 분석 Master Version (원본파일 점검용 재공유 2026.05.18).xlsx
sb_006_00091,ingested_at,2026-05-17T07:07:25.045131,2026-05-18T16:21:40
sb_006_00092,source_file_version,MI팀_시장분석 AI_시장 분석 Master Version (260422).xlsx,MI팀_시장분석 AI_시장 분석 Master Version (원본파일 점검용 재공유 2026.05.18).xlsx
sb_006_00092,ingested_at,2026-05-17T07:07:25.045131,2026-05-18T16:21:40
sb_006_00093,source_file_version,MI팀_시장분석 AI_시장 분석 Master Version (260422).xlsx,MI팀_시장분석 AI_시장 분석 Master Version (원본파일 점검용 재공유 2026.05.18).xlsx
sb_006_00093,ingested_at,2026-05-17T07:07:25.045131,2026-05-18T16:21:40
sb_006_00094,source_file_version,MI팀_시장분석 AI_시장 분석 Master Version (260422).xlsx,MI팀_시장분석 AI_시장 분석 Master Version (원본파일 점검용 재공유 2026.05.18).xlsx
sb_006_00094,ingested_at,2026-05-17T07:07:25.045131,2026-05-18T16:21:40
sb_006_00095,source_file_version,MI팀_시장분석 AI_시장 분석 Master Version (260422).xlsx,MI팀_시장분석 AI_시장 분석 Master Version (원본파일 점검용 재공유 2026.05.18).xlsx
sb_006_00095,ingested_at,2026-05-17T07:07:25.045131,2026-05-18T16:21:40
sb_006_00096,source_file_version,MI팀_시장분석 AI_시장 분석 Master Version (260422).xlsx,MI팀_시장분석 AI_시장 분석 Master Version (원본파일 점검용 재공유 2026.05.18).xlsx
sb_006_00096,ingested_at,2026-05-17T07:07:25.045131,2026-05-18T16:21:40
sb_006_00097,source_file_version,MI팀_시장분석 AI_시장 분석 Master Version (260422).xlsx,MI팀_시장분석 AI_시장 분석 Master Version (원본파일 점검용 재공유 2026.05.18).xlsx
sb_006_00097,ingested_at,2026-05-17T07:07:25.045131,2026-05-18T16:21:40
sb_006_00098,source_file_version,MI팀_시장분석 AI_시장 분석 Master Version (260422).xlsx,MI팀_시장분석 AI_시장 분석 Master Version (원본파일 점검용 재공유 2026.05.18).xlsx
sb_006_00098,ingested_at,2026-05-17T07:07:25.045131,2026-05-18T16:21:40
sb_006_00099,source_file_version,MI팀_시장분석 AI_시장 분석 Master Version (260422).xlsx,MI팀_시장분석 AI_시장 분석 Master Version (원본파일 점검용 재공유 2026.05.18).xlsx
sb_006_00099,ingested_at,2026-05-17T07:07:25.045131,2026-05-18T16:21:40
sb_006_00100,source_file_version,MI팀_시장분석 AI_시장 분석 Master Version (260422).xlsx,MI팀_시장분석 AI_시장 분석 Master Version (원본파일 점검용 재공유 2026.05.18).xlsx
sb_006_00100,ingested_at,2026-05-17T07:07:25.045131,2026-05-18T16:21:40
sb_006_00101,source_file_version,MI팀_시장분석 AI_시장 분석 Master Version (260422).xlsx,MI팀_시장분석 AI_시장 분석 Master Version (원본파일 점검용 재공유 2026.05.18).xlsx
sb_006_00101,ingested_at,2026-05-17T07:07:25.045131,2026-05-18T16:21:40
sb_006_00102,source_file_version,MI팀_시장분석 AI_시장 분석 Master Version (260422).xlsx,MI팀_시장분석 AI_시장 분석 Master Version (원본파일 점검용 재공유 2026.05.18).xlsx
sb_006_00102,ingested_at,2026-05-17T07:07:25.045131,2026-05-18T16:21:40
sb_006_00103,source_file_version,MI팀_시장분석 AI_시장 분석 Master Version (260422).xlsx,MI팀_시장분석 AI_시장 분석 Master Version (원본파일 점검용 재공유 2026.05.18).xlsx
sb_006_00103,ingested_at,2026-05-17T07:07:25.045131,2026-05-18T16:21:40
sb_006_00104,source_file_version,MI팀_시장분석 AI_시장 분석 Master Version (260422).xlsx,MI팀_시장분석 AI_시장 분석 Master Version (원본파일 점검용 재공유 2026.05.18).xlsx
sb_006_00104,ingested_at,2026-05-17T07:07:25.045131,2026-05-18T16:21:40
sb_006_00105,source_file_version,MI팀_시장분석 AI_시장 분석 Master Version (260422).xlsx,MI팀_시장분석 AI_시장 분석 Master Version (원본파일 점검용 재공유 2026.05.18).xlsx
sb_006_00105,ingested_at,2026-05-17T07:07:25.045131,2026-05-18T16:21:40
sb_006_00106,source_file_version,MI팀_시장분석 AI_시장 분석 Master Version (260422).xlsx,MI팀_시장분석 AI_시장 분석 Master Version (원본파일 점검용 재공유 2026.05.18).xlsx
sb_006_00106,ingested_at,2026-05-17T07:07:25.045131,2026-05-18T16:21:40
sb_006_00107,source_file_version,MI팀_시장분석 AI_시장 분석 Master Version (260422).xlsx,MI팀_시장분석 AI_시장 분석 Master Version (원본파일 점검용 재공유 2026.05.18).xlsx
sb_006_00107,ingested_at,2026-05-17T07:07:25.045131,2026-05-18T16:21:40
sb_006_00108,source_file_version,MI팀_시장분석 AI_시장 분석 Master Version (260422).xlsx,MI팀_시장분석 AI_시장 분석 Master Version (원본파일 점검용 재공유 2026.05.18).xlsx
sb_006_00108,ingested_at,2026-05-17T07:07:25.045131,2026-05-18T16:21:40
sb_006_00109,source_file_version,MI팀_시장분석 AI_시장 분석 Master Version (260422).xlsx,MI팀_시장분석 AI_시장 분석 Master Version (원본파일 점검용 재공유 2026.05.18).xlsx
sb_006_00109,ingested_at,2026-05-17T07:07:25.045131,2026-05-18T16:21:40
sb_006_00110,source_file_version,MI팀_시장분석 AI_시장 분석 Master Version (260422).xlsx,MI팀_시장분석 AI_시장 분석 Master Version (원본파일 점검용 재공유 2026.05.18).xlsx
sb_006_00110,ingested_at,2026-05-17T07:07:25.045131,2026-05-18T16:21:40
sb_006_00111,source_file_version,MI팀_시장분석 AI_시장 분석 Master Version (260422).xlsx,MI팀_시장분석 AI_시장 분석 Master Version (원본파일 점검용 재공유 2026.05.18).xlsx
sb_006_00111,ingested_at,2026-05-17T07:07:25.045131,2026-05-18T16:21:40
sb_006_00112,source_file_version,MI팀_시장분석 AI_시장 분석 Master Version (260422).xlsx,MI팀_시장분석 AI_시장 분석 Master Version (원본파일 점검용 재공유 2026.05.18).xlsx
sb_006_00112,ingested_at,2026-05-17T07:07:25.045131,2026-05-18T16:21:40
sb_006_00113,source_file_version,MI팀_시장분석 AI_시장 분석 Master Version (260422).xlsx,MI팀_시장분석 AI_시장 분석 Master Version (원본파일 점검용 재공유 2026.05.18).xlsx
sb_006_00113,ingested_at,2026-05-17T07:07:25.045131,2026-05-18T16:21:40
sb_006_00114,source_file_version,MI팀_시장분석 AI_시장 분석 Master Version (260422).xlsx,MI팀_시장분석 AI_시장 분석 Master Version (원본파일 점검용 재공유 2026.05.18).xlsx
sb_006_00114,ingested_at,2026-05-17T07:07:25.045131,2026-05-18T16:21:40
sb_006_00115,source_file_version,MI팀_시장분석 AI_시장 분석 Master Version (260422).xlsx,MI팀_시장분석 AI_시장 분석 Master Version (원본파일 점검용 재공유 2026.05.18).xlsx
sb_006_00115,ingested_at,2026-05-17T07:07:25.045131,2026-05-18T16:21:40
sb_006_00116,source_file_version,MI팀_시장분석 AI_시장 분석 Master Version (260422).xlsx,MI팀_시장분석 AI_시장 분석 Master Version (원본파일 점검용 재공유 2026.05.18).xlsx
sb_006_00116,ingested_at,2026-05-17T07:07:25.045131,2026-05-18T16:21:40
sb_006_00117,source_file_version,MI팀_시장분석 AI_시장 분석 Master Version (260422).xlsx,MI팀_시장분석 AI_시장 분석 Master Version (원본파일 점검용 재공유 2026.05.18).xlsx
sb_006_00117,ingested_at,2026-05-17T07:07:25.045131,2026-05-18T16:21:40
sb_006_00118,source_file_version,MI팀_시장분석 AI_시장 분석 Master Version (260422).xlsx,MI팀_시장분석 AI_시장 분석 Master Version (원본파일 점검용 재공유 2026.05.18).xlsx
sb_006_00118,ingested_at,2026-05-17T07:07:25.045131,2026-05-18T16:21:40
sb_006_00119,source_file_version,MI팀_시장분석 AI_시장 분석 Master Version (260422).xlsx,MI팀_시장분석 AI_시장 분석 Master Version (원본파일 점검용 재공유 2026.05.18).xlsx
sb_006_00119,ingested_at,2026-05-17T07:07:25.045131,2026-05-18T16:21:40
sb_006_00120,source_file_version,MI팀_시장분석 AI_시장 분석 Master Version (260422).xlsx,MI팀_시장분석 AI_시장 분석 Master Version (원본파일 점검용 재공유 2026.05.18).xlsx
sb_006_00120,ingested_at,2026-05-17T07:07:25.045131,2026-05-18T16:21:40
sb_006_00121,source_file_version,MI팀_시장분석 AI_시장 분석 Master Version (260422).xlsx,MI팀_시장분석 AI_시장 분석 Master Version (원본파일 점검용 재공유 2026.05.18).xlsx
sb_006_00121,ingested_at,2026-05-17T07:07:25.045131,2026-05-18T16:21:40
sb_006_00122,source_file_version,MI팀_시장분석 AI_시장 분석 Master Version (260422).xlsx,MI팀_시장분석 AI_시장 분석 Master Version (원본파일 점검용 재공유 2026.05.18).xlsx
sb_006_00122,ingested_at,2026-05-17T07:07:25.045131,2026-05-18T16:21:40
sb_006_00123,source_file_version,MI팀_시장분석 AI_시장 분석 Master Version (260422).xlsx,MI팀_시장분석 AI_시장 분석 Master Version (원본파일 점검용 재공유 2026.05.18).xlsx
sb_006_00123,ingested_at,2026-05-17T07:07:25.045131,2026-05-18T16:21:40
sb_006_00124,source_file_version,MI팀_시장분석 AI_시장 분석 Master Version (260422).xlsx,MI팀_시장분석 AI_시장 분석 Master Version (원본파일 점검용 재공유 2026.05.18).xlsx
sb_006_00124,ingested_at,2026-05-17T07:07:25.045131,2026-05-18T16:21:40
sb_006_00125,source_file_version,MI팀_시장분석 AI_시장 분석 Master Version (260422).xlsx,MI팀_시장분석 AI_시장 분석 Master Version (원본파일 점검용 재공유 2026.05.18).xlsx
sb_006_00125,ingested_at,2026-05-17T07:07:25.045131,2026-05-18T16:21:40
sb_006_00126,source_file_version,MI팀_시장분석 AI_시장 분석 Master Version (260422).xlsx,MI팀_시장분석 AI_시장 분석 Master Version (원본파일 점검용 재공유 2026.05.18).xlsx
sb_006_00126,ingested_at,2026-05-17T07:07:25.045131,2026-05-18T16:21:40
sb_006_00127,source_file_version,MI팀_시장분석 AI_시장 분석 Master Version (260422).xlsx,MI팀_시장분석 AI_시장 분석 Master Version (원본파일 점검용 재공유 2026.05.18).xlsx
sb_006_00127,ingested_at,2026-05-17T07:07:25.045131,2026-05-18T16:21:40
sb_006_00128,source_file_version,MI팀_시장분석 AI_시장 분석 Master Version (260422).xlsx,MI팀_시장분석 AI_시장 분석 Master Version (원본파일 점검용 재공유 2026.05.18).xlsx
sb_006_00128,ingested_at,2026-05-17T07:07:25.045131,2026-05-18T16:21:40
sb_006_00129,source_file_version,MI팀_시장분석 AI_시장 분석 Master Version (260422).xlsx,MI팀_시장분석 AI_시장 분석 Master Version (원본파일 점검용 재공유 2026.05.18).xlsx
sb_006_00129,ingested_at,2026-05-17T07:07:25.045131,2026-05-18T16:21:40
sb_006_00130,source_file_version,MI팀_시장분석 AI_시장 분석 Master Version (260422).xlsx,MI팀_시장분석 AI_시장 분석 Master Version (원본파일 점검용 재공유 2026.05.18).xlsx
sb_006_00130,ingested_at,2026-05-17T07:07:25.045131,2026-05-18T16:21:40
sb_006_00131,source_file_version,MI팀_시장분석 AI_시장 분석 Master Version (260422).xlsx,MI팀_시장분석 AI_시장 분석 Master Version (원본파일 점검용 재공유 2026.05.18).xlsx
sb_006_00131,ingested_at,2026-05-17T07:07:25.045131,2026-05-18T16:21:40
sb_006_00132,source_file_version,MI팀_시장분석 AI_시장 분석 Master Version (260422).xlsx,MI팀_시장분석 AI_시장 분석 Master Version (원본파일 점검용 재공유 2026.05.18).xlsx
sb_006_00132,ingested_at,2026-05-17T07:07:25.045131,2026-05-18T16:21:40
sb_006_00133,source_file_version,MI팀_시장분석 AI_시장 분석 Master Version (260422).xlsx,MI팀_시장분석 AI_시장 분석 Master Version (원본파일 점검용 재공유 2026.05.18).xlsx
sb_006_00133,ingested_at,2026-05-17T07:07:25.045131,2026-05-18T16:21:40
sb_006_00134,source_file_version,MI팀_시장분석 AI_시장 분석 Master Version (260422).xlsx,MI팀_시장분석 AI_시장 분석 Master Version (원본파일 점검용 재공유 2026.05.18).xlsx
sb_006_00134,ingested_at,2026-05-17T07:07:25.045131,2026-05-18T16:21:40
sb_006_00135,source_file_version,MI팀_시장분석 AI_시장 분석 Master Version (260422).xlsx,MI팀_시장분석 AI_시장 분석 Master Version (원본파일 점검용 재공유 2026.05.18).xlsx
sb_006_00135,ingested_at,2026-05-17T07:07:25.045131,2026-05-18T16:21:40
sb_006_00136,source_file_version,MI팀_시장분석 AI_시장 분석 Master Version (260422).xlsx,MI팀_시장분석 AI_시장 분석 Master Version (원본파일 점검용 재공유 2026.05.18).xlsx
sb_006_00136,ingested_at,2026-05-17T07:07:25.045131,2026-05-18T16:21:40
sb_006_00137,source_file_version,MI팀_시장분석 AI_시장 분석 Master Version (260422).xlsx,MI팀_시장분석 AI_시장 분석 Master Version (원본파일 점검용 재공유 2026.05.18).xlsx
sb_006_00137,ingested_at,2026-05-17T07:07:25.045131,2026-05-18T16:21:40
sb_006_00138,source_file_version,MI팀_시장분석 AI_시장 분석 Master Version (260422).xlsx,MI팀_시장분석 AI_시장 분석 Master Version (원본파일 점검용 재공유 2026.05.18).xlsx
sb_006_00138,ingested_at,2026-05-17T07:07:25.045131,2026-05-18T16:21:40
sb_006_00139,source_file_version,MI팀_시장분석 AI_시장 분석 Master Version (260422).xlsx,MI팀_시장분석 AI_시장 분석 Master Version (원본파일 점검용 재공유 2026.05.18).xlsx
sb_006_00139,ingested_at,2026-05-17T07:07:25.045131,2026-05-18T16:21:40
sb_006_00140,source_file_version,MI팀_시장분석 AI_시장 분석 Master Version (260422).xlsx,MI팀_시장분석 AI_시장 분석 Master Version (원본파일 점검용 재공유 2026.05.18).xlsx
sb_006_00140,ingested_at,2026-05-17T07:07:25.045131,2026-05-18T16:21:40
sb_006_00141,source_file_version,MI팀_시장분석 AI_시장 분석 Master Version (260422).xlsx,MI팀_시장분석 AI_시장 분석 Master Version (원본파일 점검용 재공유 2026.05.18).xlsx
sb_006_00141,ingested_at,2026-05-17T07:07:25.045131,2026-05-18T16:21:40
sb_006_00142,source_file_version,MI팀_시장분석 AI_시장 분석 Master Version (260422).xlsx,MI팀_시장분석 AI_시장 분석 Master Version (원본파일 점검용 재공유 2026.05.18).xlsx
sb_006_00142,ingested_at,2026-05-17T07:07:25.045131,2026-05-18T16:21:40
sb_006_00143,source_file_version,MI팀_시장분석 AI_시장 분석 Master Version (260422).xlsx,MI팀_시장분석 AI_시장 분석 Master Version (원본파일 점검용 재공유 2026.05.18).xlsx
sb_006_00143,ingested_at,2026-05-17T07:07:25.045131,2026-05-18T16:21:40
sb_006_00144,source_file_version,MI팀_시장분석 AI_시장 분석 Master Version (260422).xlsx,MI팀_시장분석 AI_시장 분석 Master Version (원본파일 점검용 재공유 2026.05.18).xlsx
sb_006_00144,ingested_at,2026-05-17T07:07:25.045131,2026-05-18T16:21:40
sb_006_00145,source_file_version,MI팀_시장분석 AI_시장 분석 Master Version (260422).xlsx,MI팀_시장분석 AI_시장 분석 Master Version (원본파일 점검용 재공유 2026.05.18).xlsx
sb_006_00145,ingested_at,2026-05-17T07:07:25.045131,2026-05-18T16:21:40
sb_006_00146,source_file_version,MI팀_시장분석 AI_시장 분석 Master Version (260422).xlsx,MI팀_시장분석 AI_시장 분석 Master Version (원본파일 점검용 재공유 2026.05.18).xlsx
sb_006_00146,ingested_at,2026-05-17T07:07:25.045131,2026-05-18T16:21:40
sb_006_00147,source_file_version,MI팀_시장분석 AI_시장 분석 Master Version (260422).xlsx,MI팀_시장분석 AI_시장 분석 Master Version (원본파일 점검용 재공유 2026.05.18).xlsx
sb_006_00147,ingested_at,2026-05-17T07:07:25.045131,2026-05-18T16:21:40
sb_006_00148,source_file_version,MI팀_시장분석 AI_시장 분석 Master Version (260422).xlsx,MI팀_시장분석 AI_시장 분석 Master Version (원본파일 점검용 재공유 2026.05.18).xlsx
sb_006_00148,ingested_at,2026-05-17T07:07:25.045131,2026-05-18T16:21:40
sb_006_00149,source_file_version,MI팀_시장분석 AI_시장 분석 Master Version (260422).xlsx,MI팀_시장분석 AI_시장 분석 Master Version (원본파일 점검용 재공유 2026.05.18).xlsx
sb_006_00149,ingested_at,2026-05-17T07:07:25.045131,2026-05-18T16:21:40
sb_006_00150,source_file_version,MI팀_시장분석 AI_시장 분석 Master Version (260422).xlsx,MI팀_시장분석 AI_시장 분석 Master Version (원본파일 점검용 재공유 2026.05.18).xlsx
sb_006_00150,ingested_at,2026-05-17T07:07:25.045131,2026-05-18T16:21:40
sb_006_00151,source_file_version,MI팀_시장분석 AI_시장 분석 Master Version (260422).xlsx,MI팀_시장분석 AI_시장 분석 Master Version (원본파일 점검용 재공유 2026.05.18).xlsx
sb_006_00151,ingested_at,2026-05-17T07:07:25.045131,2026-05-18T16:21:40
sb_006_00152,source_file_version,MI팀_시장분석 AI_시장 분석 Master Version (260422).xlsx,MI팀_시장분석 AI_시장 분석 Master Version (원본파일 점검용 재공유 2026.05.18).xlsx
sb_006_00152,ingested_at,2026-05-17T07:07:25.045131,2026-05-18T16:21:40
sb_006_00153,source_file_version,MI팀_시장분석 AI_시장 분석 Master Version (260422).xlsx,MI팀_시장분석 AI_시장 분석 Master Version (원본파일 점검용 재공유 2026.05.18).xlsx
sb_006_00153,ingested_at,2026-05-17T07:07:25.045131,2026-05-18T16:21:40
sb_006_00154,source_file_version,MI팀_시장분석 AI_시장 분석 Master Version (260422).xlsx,MI팀_시장분석 AI_시장 분석 Master Version (원본파일 점검용 재공유 2026.05.18).xlsx
sb_006_00154,ingested_at,2026-05-17T07:07:25.045131,2026-05-18T16:21:40
sb_006_00155,source_file_version,MI팀_시장분석 AI_시장 분석 Master Version (260422).xlsx,MI팀_시장분석 AI_시장 분석 Master Version (원본파일 점검용 재공유 2026.05.18).xlsx
sb_006_00155,ingested_at,2026-05-17T07:07:25.045131,2026-05-18T16:21:40
sb_006_00156,source_file_version,MI팀_시장분석 AI_시장 분석 Master Version (260422).xlsx,MI팀_시장분석 AI_시장 분석 Master Version (원본파일 점검용 재공유 2026.05.18).xlsx
sb_006_00156,ingested_at,2026-05-17T07:07:25.045131,2026-05-18T16:21:40
sb_006_00157,source_file_version,MI팀_시장분석 AI_시장 분석 Master Version (260422).xlsx,MI팀_시장분석 AI_시장 분석 Master Version (원본파일 점검용 재공유 2026.05.18).xlsx
sb_006_00157,ingested_at,2026-05-17T07:07:25.045131,2026-05-18T16:21:40
sb_006_00158,source_file_version,MI팀_시장분석 AI_시장 분석 Master Version (260422).xlsx,MI팀_시장분석 AI_시장 분석 Master Version (원본파일 점검용 재공유 2026.05.18).xlsx
sb_006_00158,ingested_at,2026-05-17T07:07:25.045131,2026-05-18T16:21:40
sb_006_00159,source_file_version,MI팀_시장분석 AI_시장 분석 Master Version (260422).xlsx,MI팀_시장분석 AI_시장 분석 Master Version (원본파일 점검용 재공유 2026.05.18).xlsx
sb_006_00159,ingested_at,2026-05-17T07:07:25.045131,2026-05-18T16:21:40
sb_006_00160,source_file_version,MI팀_시장분석 AI_시장 분석 Master Version (260422).xlsx,MI팀_시장분석 AI_시장 분석 Master Version (원본파일 점검용 재공유 2026.05.18).xlsx
sb_006_00160,ingested_at,2026-05-17T07:07:25.045131,2026-05-18T16:21:40
sb_006_00161,source_file_version,MI팀_시장분석 AI_시장 분석 Master Version (260422).xlsx,MI팀_시장분석 AI_시장 분석 Master Version (원본파일 점검용 재공유 2026.05.18).xlsx
sb_006_00161,ingested_at,2026-05-17T07:07:25.045131,2026-05-18T16:21:40
sb_006_00162,source_file_version,MI팀_시장분석 AI_시장 분석 Master Version (260422).xlsx,MI팀_시장분석 AI_시장 분석 Master Version (원본파일 점검용 재공유 2026.05.18).xlsx
sb_006_00162,ingested_at,2026-05-17T07:07:25.045131,2026-05-18T16:21:40
sb_006_00163,source_file_version,MI팀_시장분석 AI_시장 분석 Master Version (260422).xlsx,MI팀_시장분석 AI_시장 분석 Master Version (원본파일 점검용 재공유 2026.05.18).xlsx
sb_006_00163,ingested_at,2026-05-17T07:07:25.045131,2026-05-18T16:21:40
sb_006_00164,source_file_version,MI팀_시장분석 AI_시장 분석 Master Version (260422).xlsx,MI팀_시장분석 AI_시장 분석 Master Version (원본파일 점검용 재공유 2026.05.18).xlsx
sb_006_00164,ingested_at,2026-05-17T07:07:25.045131,2026-05-18T16:21:40
sb_006_00165,source_file_version,MI팀_시장분석 AI_시장 분석 Master Version (260422).xlsx,MI팀_시장분석 AI_시장 분석 Master Version (원본파일 점검용 재공유 2026.05.18).xlsx
sb_006_00165,ingested_at,2026-05-17T07:07:25.045131,2026-05-18T16:21:40
sb_006_00166,source_file_version,MI팀_시장분석 AI_시장 분석 Master Version (260422).xlsx,MI팀_시장분석 AI_시장 분석 Master Version (원본파일 점검용 재공유 2026.05.18).xlsx
sb_006_00166,ingested_at,2026-05-17T07:07:25.045131,2026-05-18T16:21:40
sb_006_00167,source_file_version,MI팀_시장분석 AI_시장 분석 Master Version (260422).xlsx,MI팀_시장분석 AI_시장 분석 Master Version (원본파일 점검용 재공유 2026.05.18).xlsx
sb_006_00167,ingested_at,2026-05-17T07:07:25.045131,2026-05-18T16:21:40
sb_006_00168,source_file_version,MI팀_시장분석 AI_시장 분석 Master Version (260422).xlsx,MI팀_시장분석 AI_시장 분석 Master Version (원본파일 점검용 재공유 2026.05.18).xlsx
sb_006_00168,ingested_at,2026-05-17T07:07:25.045131,2026-05-18T16:21:40
sb_006_00169,source_file_version,MI팀_시장분석 AI_시장 분석 Master Version (260422).xlsx,MI팀_시장분석 AI_시장 분석 Master Version (원본파일 점검용 재공유 2026.05.18).xlsx
sb_006_00169,ingested_at,2026-05-17T07:07:25.045131,2026-05-18T16:21:40
sb_006_00170,source_file_version,MI팀_시장분석 AI_시장 분석 Master Version (260422).xlsx,MI팀_시장분석 AI_시장 분석 Master Version (원본파일 점검용 재공유 2026.05.18).xlsx
sb_006_00170,ingested_at,2026-05-17T07:07:25.045131,2026-05-18T16:21:40
sb_006_00171,source_file_version,MI팀_시장분석 AI_시장 분석 Master Version (260422).xlsx,MI팀_시장분석 AI_시장 분석 Master Version (원본파일 점검용 재공유 2026.05.18).xlsx
sb_006_00171,ingested_at,2026-05-17T07:07:25.045131,2026-05-18T16:21:40
sb_006_00172,source_file_version,MI팀_시장분석 AI_시장 분석 Master Version (260422).xlsx,MI팀_시장분석 AI_시장 분석 Master Version (원본파일 점검용 재공유 2026.05.18).xlsx
sb_006_00172,ingested_at,2026-05-17T07:07:25.045131,2026-05-18T16:21:40
sb_006_00173,source_file_version,MI팀_시장분석 AI_시장 분석 Master Version (260422).xlsx,MI팀_시장분석 AI_시장 분석 Master Version (원본파일 점검용 재공유 2026.05.18).xlsx
sb_006_00173,ingested_at,2026-05-17T07:07:25.045131,2026-05-18T16:21:40
sb_006_00174,source_file_version,MI팀_시장분석 AI_시장 분석 Master Version (260422).xlsx,MI팀_시장분석 AI_시장 분석 Master Version (원본파일 점검용 재공유 2026.05.18).xlsx
sb_006_00174,ingested_at,2026-05-17T07:07:25.045131,2026-05-18T16:21:40
sb_006_00175,source_file_version,MI팀_시장분석 AI_시장 분석 Master Version (260422).xlsx,MI팀_시장분석 AI_시장 분석 Master Version (원본파일 점검용 재공유 2026.05.18).xlsx
sb_006_00175,ingested_at,2026-05-17T07:07:25.045131,2026-05-18T16:21:40
sb_006_00176,source_file_version,MI팀_시장분석 AI_시장 분석 Master Version (260422).xlsx,MI팀_시장분석 AI_시장 분석 Master Version (원본파일 점검용 재공유 2026.05.18).xlsx
sb_006_00176,ingested_at,2026-05-17T07:07:25.045131,2026-05-18T16:21:40
sb_006_00177,source_file_version,MI팀_시장분석 AI_시장 분석 Master Version (260422).xlsx,MI팀_시장분석 AI_시장 분석 Master Version (원본파일 점검용 재공유 2026.05.18).xlsx
sb_006_00177,ingested_at,2026-05-17T07:07:25.045131,2026-05-18T16:21:40
sb_006_00178,source_file_version,MI팀_시장분석 AI_시장 분석 Master Version (260422).xlsx,MI팀_시장분석 AI_시장 분석 Master Version (원본파일 점검용 재공유 2026.05.18).xlsx
sb_006_00178,ingested_at,2026-05-17T07:07:25.045131,2026-05-18T16:21:40
sb_006_00179,source_file_version,MI팀_시장분석 AI_시장 분석 Master Version (260422).xlsx,MI팀_시장분석 AI_시장 분석 Master Version (원본파일 점검용 재공유 2026.05.18).xlsx
sb_006_00179,ingested_at,2026-05-17T07:07:25.045131,2026-05-18T16:21:40
sb_006_00180,source_file_version,MI팀_시장분석 AI_시장 분석 Master Version (260422).xlsx,MI팀_시장분석 AI_시장 분석 Master Version (원본파일 점검용 재공유 2026.05.18).xlsx
sb_006_00180,ingested_at,2026-05-17T07:07:25.045131,2026-05-18T16:21:40
sb_006_00181,source_file_version,MI팀_시장분석 AI_시장 분석 Master Version (260422).xlsx,MI팀_시장분석 AI_시장 분석 Master Version (원본파일 점검용 재공유 2026.05.18).xlsx
sb_006_00181,ingested_at,2026-05-17T07:07:25.045131,2026-05-18T16:21:40
sb_006_00182,source_file_version,MI팀_시장분석 AI_시장 분석 Master Version (260422).xlsx,MI팀_시장분석 AI_시장 분석 Master Version (원본파일 점검용 재공유 2026.05.18).xlsx
sb_006_00182,ingested_at,2026-05-17T07:07:25.045131,2026-05-18T16:21:40
sb_006_00183,source_file_version,MI팀_시장분석 AI_시장 분석 Master Version (260422).xlsx,MI팀_시장분석 AI_시장 분석 Master Version (원본파일 점검용 재공유 2026.05.18).xlsx
sb_006_00183,ingested_at,2026-05-17T07:07:25.045131,2026-05-18T16:21:40
sb_006_00184,source_file_version,MI팀_시장분석 AI_시장 분석 Master Version (260422).xlsx,MI팀_시장분석 AI_시장 분석 Master Version (원본파일 점검용 재공유 2026.05.18).xlsx
sb_006_00184,ingested_at,2026-05-17T07:07:25.045131,2026-05-18T16:21:40
sb_006_00185,source_file_version,MI팀_시장분석 AI_시장 분석 Master Version (260422).xlsx,MI팀_시장분석 AI_시장 분석 Master Version (원본파일 점검용 재공유 2026.05.18).xlsx
sb_006_00185,ingested_at,2026-05-17T07:07:25.045131,2026-05-18T16:21:40
sb_006_00186,source_file_version,MI팀_시장분석 AI_시장 분석 Master Version (260422).xlsx,MI팀_시장분석 AI_시장 분석 Master Version (원본파일 점검용 재공유 2026.05.18).xlsx
sb_006_00186,ingested_at,2026-05-17T07:07:25.045131,2026-05-18T16:21:40
sb_006_00187,source_file_version,MI팀_시장분석 AI_시장 분석 Master Version (260422).xlsx,MI팀_시장분석 AI_시장 분석 Master Version (원본파일 점검용 재공유 2026.05.18).xlsx
sb_006_00187,ingested_at,2026-05-17T07:07:25.045131,2026-05-18T16:21:40
sb_006_00188,source_file_version,MI팀_시장분석 AI_시장 분석 Master Version (260422).xlsx,MI팀_시장분석 AI_시장 분석 Master Version (원본파일 점검용 재공유 2026.05.18).xlsx
sb_006_00188,ingested_at,2026-05-17T07:07:25.045131,2026-05-18T16:21:40
sb_006_00189,source_file_version,MI팀_시장분석 AI_시장 분석 Master Version (260422).xlsx,MI팀_시장분석 AI_시장 분석 Master Version (원본파일 점검용 재공유 2026.05.18).xlsx
sb_006_00189,ingested_at,2026-05-17T07:07:25.045131,2026-05-18T16:21:40
sb_006_00190,source_file_version,MI팀_시장분석 AI_시장 분석 Master Version (260422).xlsx,MI팀_시장분석 AI_시장 분석 Master Version (원본파일 점검용 재공유 2026.05.18).xlsx
sb_006_00190,ingested_at,2026-05-17T07:07:25.045131,2026-05-18T16:21:40
sb_006_00191,source_file_version,MI팀_시장분석 AI_시장 분석 Master Version (260422).xlsx,MI팀_시장분석 AI_시장 분석 Master Version (원본파일 점검용 재공유 2026.05.18).xlsx
sb_006_00191,ingested_at,2026-05-17T07:07:25.045131,2026-05-18T16:21:40
sb_006_00192,source_file_version,MI팀_시장분석 AI_시장 분석 Master Version (260422).xlsx,MI팀_시장분석 AI_시장 분석 Master Version (원본파일 점검용 재공유 2026.05.18).xlsx
sb_006_00192,ingested_at,2026-05-17T07:07:25.045131,2026-05-18T16:21:40
sb_006_00193,source_file_version,MI팀_시장분석 AI_시장 분석 Master Version (260422).xlsx,MI팀_시장분석 AI_시장 분석 Master Version (원본파일 점검용 재공유 2026.05.18).xlsx
sb_006_00193,ingested_at,2026-05-17T07:07:25.045131,2026-05-18T16:21:40
sb_006_00194,source_file_version,MI팀_시장분석 AI_시장 분석 Master Version (260422).xlsx,MI팀_시장분석 AI_시장 분석 Master Version (원본파일 점검용 재공유 2026.05.18).xlsx
sb_006_00194,ingested_at,2026-05-17T07:07:25.045131,2026-05-18T16:21:40
sb_006_00195,source_file_version,MI팀_시장분석 AI_시장 분석 Master Version (260422).xlsx,MI팀_시장분석 AI_시장 분석 Master Version (원본파일 점검용 재공유 2026.05.18).xlsx
sb_006_00195,ingested_at,2026-05-17T07:07:25.045131,2026-05-18T16:21:40
sb_006_00196,source_file_version,MI팀_시장분석 AI_시장 분석 Master Version (260422).xlsx,MI팀_시장분석 AI_시장 분석 Master Version (원본파일 점검용 재공유 2026.05.18).xlsx
sb_006_00196,ingested_at,2026-05-17T07:07:25.045131,2026-05-18T16:21:40
sb_006_00197,source_file_version,MI팀_시장분석 AI_시장 분석 Master Version (260422).xlsx,MI팀_시장분석 AI_시장 분석 Master Version (원본파일 점검용 재공유 2026.05.18).xlsx
sb_006_00197,ingested_at,2026-05-17T07:07:25.045131,2026-05-18T16:21:40
sb_006_00198,source_file_version,MI팀_시장분석 AI_시장 분석 Master Version (260422).xlsx,MI팀_시장분석 AI_시장 분석 Master Version (원본파일 점검용 재공유 2026.05.18).xlsx
sb_006_00198,ingested_at,2026-05-17T07:07:25.045131,2026-05-18T16:21:40
sb_006_00199,source_file_version,MI팀_시장분석 AI_시장 분석 Master Version (260422).xlsx,MI팀_시장분석 AI_시장 분석 Master Version (원본파일 점검용 재공유 2026.05.18).xlsx
sb_006_00199,ingested_at,2026-05-17T07:07:25.045131,2026-05-18T16:21:40
sb_006_00200,source_file_version,MI팀_시장분석 AI_시장 분석 Master Version (260422).xlsx,MI팀_시장분석 AI_시장 분석 Master Version (원본파일 점검용 재공유 2026.05.18).xlsx
sb_006_00200,ingested_at,2026-05-17T07:07:25.045131,2026-05-18T16:21:40
sb_006_00201,source_file_version,MI팀_시장분석 AI_시장 분석 Master Version (260422).xlsx,MI팀_시장분석 AI_시장 분석 Master Version (원본파일 점검용 재공유 2026.05.18).xlsx
sb_006_00201,ingested_at,2026-05-17T07:07:25.045131,2026-05-18T16:21:40
sb_006_00202,source_file_version,MI팀_시장분석 AI_시장 분석 Master Version (260422).xlsx,MI팀_시장분석 AI_시장 분석 Master Version (원본파일 점검용 재공유 2026.05.18).xlsx
sb_006_00202,ingested_at,2026-05-17T07:07:25.045131,2026-05-18T16:21:40
sb_006_00203,source_file_version,MI팀_시장분석 AI_시장 분석 Master Version (260422).xlsx,MI팀_시장분석 AI_시장 분석 Master Version (원본파일 점검용 재공유 2026.05.18).xlsx
sb_006_00203,ingested_at,2026-05-17T07:07:25.045131,2026-05-18T16:21:40
sb_006_00204,source_file_version,MI팀_시장분석 AI_시장 분석 Master Version (260422).xlsx,MI팀_시장분석 AI_시장 분석 Master Version (원본파일 점검용 재공유 2026.05.18).xlsx
sb_006_00204,ingested_at,2026-05-17T07:07:25.045131,2026-05-18T16:21:40
sb_006_00205,source_file_version,MI팀_시장분석 AI_시장 분석 Master Version (260422).xlsx,MI팀_시장분석 AI_시장 분석 Master Version (원본파일 점검용 재공유 2026.05.18).xlsx
sb_006_00205,ingested_at,2026-05-17T07:07:25.045131,2026-05-18T16:21:40
sb_006_00206,source_file_version,MI팀_시장분석 AI_시장 분석 Master Version (260422).xlsx,MI팀_시장분석 AI_시장 분석 Master Version (원본파일 점검용 재공유 2026.05.18).xlsx
sb_006_00206,ingested_at,2026-05-17T07:07:25.045131,2026-05-18T16:21:40
sb_006_00207,source_file_version,MI팀_시장분석 AI_시장 분석 Master Version (260422).xlsx,MI팀_시장분석 AI_시장 분석 Master Version (원본파일 점검용 재공유 2026.05.18).xlsx
sb_006_00207,ingested_at,2026-05-17T07:07:25.045131,2026-05-18T16:21:40
sb_006_00208,source_file_version,MI팀_시장분석 AI_시장 분석 Master Version (260422).xlsx,MI팀_시장분석 AI_시장 분석 Master Version (원본파일 점검용 재공유 2026.05.18).xlsx
sb_006_00208,ingested_at,2026-05-17T07:07:25.045131,2026-05-18T16:21:40
sb_006_00209,source_file_version,MI팀_시장분석 AI_시장 분석 Master Version (260422).xlsx,MI팀_시장분석 AI_시장 분석 Master Version (원본파일 점검용 재공유 2026.05.18).xlsx
sb_006_00209,ingested_at,2026-05-17T07:07:25.045131,2026-05-18T16:21:40
sb_006_00210,source_file_version,MI팀_시장분석 AI_시장 분석 Master Version (260422).xlsx,MI팀_시장분석 AI_시장 분석 Master Version (원본파일 점검용 재공유 2026.05.18).xlsx
sb_006_00210,ingested_at,2026-05-17T07:07:25.045131,2026-05-18T16:21:40
sb_006_00211,source_file_version,MI팀_시장분석 AI_시장 분석 Master Version (260422).xlsx,MI팀_시장분석 AI_시장 분석 Master Version (원본파일 점검용 재공유 2026.05.18).xlsx
sb_006_00211,ingested_at,2026-05-17T07:07:25.045131,2026-05-18T16:21:40
sb_006_00212,source_file_version,MI팀_시장분석 AI_시장 분석 Master Version (260422).xlsx,MI팀_시장분석 AI_시장 분석 Master Version (원본파일 점검용 재공유 2026.05.18).xlsx
sb_006_00212,ingested_at,2026-05-17T07:07:25.045131,2026-05-18T16:21:40
sb_006_00213,source_file_version,MI팀_시장분석 AI_시장 분석 Master Version (260422).xlsx,MI팀_시장분석 AI_시장 분석 Master Version (원본파일 점검용 재공유 2026.05.18).xlsx
sb_006_00213,ingested_at,2026-05-17T07:07:25.045131,2026-05-18T16:21:40
sb_006_00214,source_file_version,MI팀_시장분석 AI_시장 분석 Master Version (260422).xlsx,MI팀_시장분석 AI_시장 분석 Master Version (원본파일 점검용 재공유 2026.05.18).xlsx
sb_006_00214,ingested_at,2026-05-17T07:07:25.045131,2026-05-18T16:21:40
sb_006_00215,source_file_version,MI팀_시장분석 AI_시장 분석 Master Version (260422).xlsx,MI팀_시장분석 AI_시장 분석 Master Version (원본파일 점검용 재공유 2026.05.18).xlsx
sb_006_00215,ingested_at,2026-05-17T07:07:25.045131,2026-05-18T16:21:40
sb_006_00216,source_file_version,MI팀_시장분석 AI_시장 분석 Master Version (260422).xlsx,MI팀_시장분석 AI_시장 분석 Master Version (원본파일 점검용 재공유 2026.05.18).xlsx
sb_006_00216,ingested_at,2026-05-17T07:07:25.045131,2026-05-18T16:21:40
sb_006_00217,source_file_version,MI팀_시장분석 AI_시장 분석 Master Version (260422).xlsx,MI팀_시장분석 AI_시장 분석 Master Version (원본파일 점검용 재공유 2026.05.18).xlsx
sb_006_00217,ingested_at,2026-05-17T07:07:25.045131,2026-05-18T16:21:40
sb_006_00218,source_file_version,MI팀_시장분석 AI_시장 분석 Master Version (260422).xlsx,MI팀_시장분석 AI_시장 분석 Master Version (원본파일 점검용 재공유 2026.05.18).xlsx
sb_006_00218,ingested_at,2026-05-17T07:07:25.045131,2026-05-18T16:21:40
sb_006_00219,source_file_version,MI팀_시장분석 AI_시장 분석 Master Version (260422).xlsx,MI팀_시장분석 AI_시장 분석 Master Version (원본파일 점검용 재공유 2026.05.18).xlsx
sb_006_00219,ingested_at,2026-05-17T07:07:25.045131,2026-05-18T16:21:40
sb_006_00220,source_file_version,MI팀_시장분석 AI_시장 분석 Master Version (260422).xlsx,MI팀_시장분석 AI_시장 분석 Master Version (원본파일 점검용 재공유 2026.05.18).xlsx
sb_006_00220,ingested_at,2026-05-17T07:07:25.045131,2026-05-18T16:21:40
sb_006_00221,source_file_version,MI팀_시장분석 AI_시장 분석 Master Version (260422).xlsx,MI팀_시장분석 AI_시장 분석 Master Version (원본파일 점검용 재공유 2026.05.18).xlsx
sb_006_00221,ingested_at,2026-05-17T07:07:25.045131,2026-05-18T16:21:40
sb_006_00222,source_file_version,MI팀_시장분석 AI_시장 분석 Master Version (260422).xlsx,MI팀_시장분석 AI_시장 분석 Master Version (원본파일 점검용 재공유 2026.05.18).xlsx
sb_006_00222,ingested_at,2026-05-17T07:07:25.045131,2026-05-18T16:21:40
sb_006_00223,source_file_version,MI팀_시장분석 AI_시장 분석 Master Version (260422).xlsx,MI팀_시장분석 AI_시장 분석 Master Version (원본파일 점검용 재공유 2026.05.18).xlsx
sb_006_00223,ingested_at,2026-05-17T07:07:25.045131,2026-05-18T16:21:40
sb_006_00224,source_file_version,MI팀_시장분석 AI_시장 분석 Master Version (260422).xlsx,MI팀_시장분석 AI_시장 분석 Master Version (원본파일 점검용 재공유 2026.05.18).xlsx
sb_006_00224,ingested_at,2026-05-17T07:07:25.045131,2026-05-18T16:21:40
sb_006_00225,source_file_version,MI팀_시장분석 AI_시장 분석 Master Version (260422).xlsx,MI팀_시장분석 AI_시장 분석 Master Version (원본파일 점검용 재공유 2026.05.18).xlsx
sb_006_00225,ingested_at,2026-05-17T07:07:25.045131,2026-05-18T16:21:40
sb_006_00226,source_file_version,MI팀_시장분석 AI_시장 분석 Master Version (260422).xlsx,MI팀_시장분석 AI_시장 분석 Master Version (원본파일 점검용 재공유 2026.05.18).xlsx
sb_006_00226,ingested_at,2026-05-17T07:07:25.045131,2026-05-18T16:21:40
sb_006_00227,source_file_version,MI팀_시장분석 AI_시장 분석 Master Version (260422).xlsx,MI팀_시장분석 AI_시장 분석 Master Version (원본파일 점검용 재공유 2026.05.18).xlsx
sb_006_00227,ingested_at,2026-05-17T07:07:25.045131,2026-05-18T16:21:40
sb_006_00228,source_file_version,MI팀_시장분석 AI_시장 분석 Master Version (260422).xlsx,MI팀_시장분석 AI_시장 분석 Master Version (원본파일 점검용 재공유 2026.05.18).xlsx
sb_006_00228,ingested_at,2026-05-17T07:07:25.045131,2026-05-18T16:21:40
sb_006_00229,source_file_version,MI팀_시장분석 AI_시장 분석 Master Version (260422).xlsx,MI팀_시장분석 AI_시장 분석 Master Version (원본파일 점검용 재공유 2026.05.18).xlsx
sb_006_00229,ingested_at,2026-05-17T07:07:25.045131,2026-05-18T16:21:40
sb_006_00230,source_file_version,MI팀_시장분석 AI_시장 분석 Master Version (260422).xlsx,MI팀_시장분석 AI_시장 분석 Master Version (원본파일 점검용 재공유 2026.05.18).xlsx
sb_006_00230,ingested_at,2026-05-17T07:07:25.045131,2026-05-18T16:21:40
sb_006_00231,source_file_version,MI팀_시장분석 AI_시장 분석 Master Version (260422).xlsx,MI팀_시장분석 AI_시장 분석 Master Version (원본파일 점검용 재공유 2026.05.18).xlsx
sb_006_00231,ingested_at,2026-05-17T07:07:25.045131,2026-05-18T16:21:40
sb_006_00232,source_file_version,MI팀_시장분석 AI_시장 분석 Master Version (260422).xlsx,MI팀_시장분석 AI_시장 분석 Master Version (원본파일 점검용 재공유 2026.05.18).xlsx
sb_006_00232,ingested_at,2026-05-17T07:07:25.045131,2026-05-18T16:21:40
sb_006_00233,source_file_version,MI팀_시장분석 AI_시장 분석 Master Version (260422).xlsx,MI팀_시장분석 AI_시장 분석 Master Version (원본파일 점검용 재공유 2026.05.18).xlsx
sb_006_00233,ingested_at,2026-05-17T07:07:25.045131,2026-05-18T16:21:40
sb_006_00234,source_file_version,MI팀_시장분석 AI_시장 분석 Master Version (260422).xlsx,MI팀_시장분석 AI_시장 분석 Master Version (원본파일 점검용 재공유 2026.05.18).xlsx
sb_006_00234,ingested_at,2026-05-17T07:07:25.045131,2026-05-18T16:21:40
sb_006_00235,source_file_version,MI팀_시장분석 AI_시장 분석 Master Version (260422).xlsx,MI팀_시장분석 AI_시장 분석 Master Version (원본파일 점검용 재공유 2026.05.18).xlsx
sb_006_00235,ingested_at,2026-05-17T07:07:25.045131,2026-05-18T16:21:40
sb_006_00236,source_file_version,MI팀_시장분석 AI_시장 분석 Master Version (260422).xlsx,MI팀_시장분석 AI_시장 분석 Master Version (원본파일 점검용 재공유 2026.05.18).xlsx
sb_006_00236,ingested_at,2026-05-17T07:07:25.045131,2026-05-18T16:21:40
sb_006_00237,source_file_version,MI팀_시장분석 AI_시장 분석 Master Version (260422).xlsx,MI팀_시장분석 AI_시장 분석 Master Version (원본파일 점검용 재공유 2026.05.18).xlsx
sb_006_00237,ingested_at,2026-05-17T07:07:25.045131,2026-05-18T16:21:40
sb_006_00238,source_file_version,MI팀_시장분석 AI_시장 분석 Master Version (260422).xlsx,MI팀_시장분석 AI_시장 분석 Master Version (원본파일 점검용 재공유 2026.05.18).xlsx
sb_006_00238,ingested_at,2026-05-17T07:07:25.045131,2026-05-18T16:21:40
sb_006_00239,source_file_version,MI팀_시장분석 AI_시장 분석 Master Version (260422).xlsx,MI팀_시장분석 AI_시장 분석 Master Version (원본파일 점검용 재공유 2026.05.18).xlsx
sb_006_00239,ingested_at,2026-05-17T07:07:25.045131,2026-05-18T16:21:40
sb_006_00240,source_file_version,MI팀_시장분석 AI_시장 분석 Master Version (260422).xlsx,MI팀_시장분석 AI_시장 분석 Master Version (원본파일 점검용 재공유 2026.05.18).xlsx
sb_006_00240,ingested_at,2026-05-17T07:07:25.045131,2026-05-18T16:21:40
sb_006_00241,source_file_version,MI팀_시장분석 AI_시장 분석 Master Version (260422).xlsx,MI팀_시장분석 AI_시장 분석 Master Version (원본파일 점검용 재공유 2026.05.18).xlsx
sb_006_00241,ingested_at,2026-05-17T07:07:25.045131,2026-05-18T16:21:40
sb_006_00242,source_file_version,MI팀_시장분석 AI_시장 분석 Master Version (260422).xlsx,MI팀_시장분석 AI_시장 분석 Master Version (원본파일 점검용 재공유 2026.05.18).xlsx
sb_006_00242,ingested_at,2026-05-17T07:07:25.045131,2026-05-18T16:21:40
sb_006_00243,source_file_version,MI팀_시장분석 AI_시장 분석 Master Version (260422).xlsx,MI팀_시장분석 AI_시장 분석 Master Version (원본파일 점검용 재공유 2026.05.18).xlsx
sb_006_00243,ingested_at,2026-05-17T07:07:25.045131,2026-05-18T16:21:40
sb_006_00244,source_file_version,MI팀_시장분석 AI_시장 분석 Master Version (260422).xlsx,MI팀_시장분석 AI_시장 분석 Master Version (원본파일 점검용 재공유 2026.05.18).xlsx
sb_006_00244,ingested_at,2026-05-17T07:07:25.045131,2026-05-18T16:21:40
sb_006_00245,source_file_version,MI팀_시장분석 AI_시장 분석 Master Version (260422).xlsx,MI팀_시장분석 AI_시장 분석 Master Version (원본파일 점검용 재공유 2026.05.18).xlsx
sb_006_00245,ingested_at,2026-05-17T07:07:25.045131,2026-05-18T16:21:40
sb_006_00246,source_file_version,MI팀_시장분석 AI_시장 분석 Master Version (260422).xlsx,MI팀_시장분석 AI_시장 분석 Master Version (원본파일 점검용 재공유 2026.05.18).xlsx
sb_006_00246,ingested_at,2026-05-17T07:07:25.045131,2026-05-18T16:21:40
sb_006_00247,source_file_version,MI팀_시장분석 AI_시장 분석 Master Version (260422).xlsx,MI팀_시장분석 AI_시장 분석 Master Version (원본파일 점검용 재공유 2026.05.18).xlsx
sb_006_00247,ingested_at,2026-05-17T07:07:25.045131,2026-05-18T16:21:40
sb_006_00248,source_file_version,MI팀_시장분석 AI_시장 분석 Master Version (260422).xlsx,MI팀_시장분석 AI_시장 분석 Master Version (원본파일 점검용 재공유 2026.05.18).xlsx
sb_006_00248,ingested_at,2026-05-17T07:07:25.045131,2026-05-18T16:21:40
sb_006_00249,source_file_version,MI팀_시장분석 AI_시장 분석 Master Version (260422).xlsx,MI팀_시장분석 AI_시장 분석 Master Version (원본파일 점검용 재공유 2026.05.18).xlsx
sb_006_00249,ingested_at,2026-05-17T07:07:25.045131,2026-05-18T16:21:40
sb_006_00250,source_file_version,MI팀_시장분석 AI_시장 분석 Master Version (260422).xlsx,MI팀_시장분석 AI_시장 분석 Master Version (원본파일 점검용 재공유 2026.05.18).xlsx
sb_006_00250,ingested_at,2026-05-17T07:07:25.045131,2026-05-18T16:21:40
sb_006_00251,source_file_version,MI팀_시장분석 AI_시장 분석 Master Version (260422).xlsx,MI팀_시장분석 AI_시장 분석 Master Version (원본파일 점검용 재공유 2026.05.18).xlsx
sb_006_00251,ingested_at,2026-05-17T07:07:25.045131,2026-05-18T16:21:40
sb_006_00252,source_file_version,MI팀_시장분석 AI_시장 분석 Master Version (260422).xlsx,MI팀_시장분석 AI_시장 분석 Master Version (원본파일 점검용 재공유 2026.05.18).xlsx
sb_006_00252,ingested_at,2026-05-17T07:07:25.045131,2026-05-18T16:21:40
sb_006_00253,source_file_version,MI팀_시장분석 AI_시장 분석 Master Version (260422).xlsx,MI팀_시장분석 AI_시장 분석 Master Version (원본파일 점검용 재공유 2026.05.18).xlsx
sb_006_00253,ingested_at,2026-05-17T07:07:25.045131,2026-05-18T16:21:40
sb_006_00254,source_file_version,MI팀_시장분석 AI_시장 분석 Master Version (260422).xlsx,MI팀_시장분석 AI_시장 분석 Master Version (원본파일 점검용 재공유 2026.05.18).xlsx
sb_006_00254,ingested_at,2026-05-17T07:07:25.045131,2026-05-18T16:21:40
sb_006_00255,source_file_version,MI팀_시장분석 AI_시장 분석 Master Version (260422).xlsx,MI팀_시장분석 AI_시장 분석 Master Version (원본파일 점검용 재공유 2026.05.18).xlsx
sb_006_00255,ingested_at,2026-05-17T07:07:25.045131,2026-05-18T16:21:40
sb_006_00256,source_file_version,MI팀_시장분석 AI_시장 분석 Master Version (260422).xlsx,MI팀_시장분석 AI_시장 분석 Master Version (원본파일 점검용 재공유 2026.05.18).xlsx
sb_006_00256,ingested_at,2026-05-17T07:07:25.045131,2026-05-18T16:21:40
sb_006_00257,source_file_version,MI팀_시장분석 AI_시장 분석 Master Version (260422).xlsx,MI팀_시장분석 AI_시장 분석 Master Version (원본파일 점검용 재공유 2026.05.18).xlsx
sb_006_00257,ingested_at,2026-05-17T07:07:25.045131,2026-05-18T16:21:40
sb_006_00258,source_file_version,MI팀_시장분석 AI_시장 분석 Master Version (260422).xlsx,MI팀_시장분석 AI_시장 분석 Master Version (원본파일 점검용 재공유 2026.05.18).xlsx
sb_006_00258,ingested_at,2026-05-17T07:07:25.045131,2026-05-18T16:21:40
sb_006_00259,source_file_version,MI팀_시장분석 AI_시장 분석 Master Version (260422).xlsx,MI팀_시장분석 AI_시장 분석 Master Version (원본파일 점검용 재공유 2026.05.18).xlsx
sb_006_00259,ingested_at,2026-05-17T07:07:25.045131,2026-05-18T16:21:40
sb_006_00260,source_file_version,MI팀_시장분석 AI_시장 분석 Master Version (260422).xlsx,MI팀_시장분석 AI_시장 분석 Master Version (원본파일 점검용 재공유 2026.05.18).xlsx
sb_006_00260,ingested_at,2026-05-17T07:07:25.045131,2026-05-18T16:21:40
sb_006_00261,source_file_version,MI팀_시장분석 AI_시장 분석 Master Version (260422).xlsx,MI팀_시장분석 AI_시장 분석 Master Version (원본파일 점검용 재공유 2026.05.18).xlsx
sb_006_00261,ingested_at,2026-05-17T07:07:25.045131,2026-05-18T16:21:40
sb_006_00262,source_file_version,MI팀_시장분석 AI_시장 분석 Master Version (260422).xlsx,MI팀_시장분석 AI_시장 분석 Master Version (원본파일 점검용 재공유 2026.05.18).xlsx
sb_006_00262,ingested_at,2026-05-17T07:07:25.045131,2026-05-18T16:21:40
sb_006_00263,source_file_version,MI팀_시장분석 AI_시장 분석 Master Version (260422).xlsx,MI팀_시장분석 AI_시장 분석 Master Version (원본파일 점검용 재공유 2026.05.18).xlsx
sb_006_00263,ingested_at,2026-05-17T07:07:25.045131,2026-05-18T16:21:40
sb_006_00264,source_file_version,MI팀_시장분석 AI_시장 분석 Master Version (260422).xlsx,MI팀_시장분석 AI_시장 분석 Master Version (원본파일 점검용 재공유 2026.05.18).xlsx
sb_006_00264,ingested_at,2026-05-17T07:07:25.045131,2026-05-18T16:21:40
sb_006_00265,source_file_version,MI팀_시장분석 AI_시장 분석 Master Version (260422).xlsx,MI팀_시장분석 AI_시장 분석 Master Version (원본파일 점검용 재공유 2026.05.18).xlsx
sb_006_00265,ingested_at,2026-05-17T07:07:25.045131,2026-05-18T16:21:40
sb_006_00266,source_file_version,MI팀_시장분석 AI_시장 분석 Master Version (260422).xlsx,MI팀_시장분석 AI_시장 분석 Master Version (원본파일 점검용 재공유 2026.05.18).xlsx
sb_006_00266,ingested_at,2026-05-17T07:07:25.045131,2026-05-18T16:21:40
sb_006_00267,source_file_version,MI팀_시장분석 AI_시장 분석 Master Version (260422).xlsx,MI팀_시장분석 AI_시장 분석 Master Version (원본파일 점검용 재공유 2026.05.18).xlsx
sb_006_00267,ingested_at,2026-05-17T07:07:25.045131,2026-05-18T16:21:40
sb_006_00268,source_file_version,MI팀_시장분석 AI_시장 분석 Master Version (260422).xlsx,MI팀_시장분석 AI_시장 분석 Master Version (원본파일 점검용 재공유 2026.05.18).xlsx
sb_006_00268,ingested_at,2026-05-17T07:07:25.045131,2026-05-18T16:21:40
sb_006_00269,source_file_version,MI팀_시장분석 AI_시장 분석 Master Version (260422).xlsx,MI팀_시장분석 AI_시장 분석 Master Version (원본파일 점검용 재공유 2026.05.18).xlsx
sb_006_00269,ingested_at,2026-05-17T07:07:25.045131,2026-05-18T16:21:40
sb_006_00270,source_file_version,MI팀_시장분석 AI_시장 분석 Master Version (260422).xlsx,MI팀_시장분석 AI_시장 분석 Master Version (원본파일 점검용 재공유 2026.05.18).xlsx
sb_006_00270,ingested_at,2026-05-17T07:07:25.045131,2026-05-18T16:21:40
sb_006_00271,source_file_version,MI팀_시장분석 AI_시장 분석 Master Version (260422).xlsx,MI팀_시장분석 AI_시장 분석 Master Version (원본파일 점검용 재공유 2026.05.18).xlsx
sb_006_00271,ingested_at,2026-05-17T07:07:25.045131,2026-05-18T16:21:40
sb_006_00272,source_file_version,MI팀_시장분석 AI_시장 분석 Master Version (260422).xlsx,MI팀_시장분석 AI_시장 분석 Master Version (원본파일 점검용 재공유 2026.05.18).xlsx
sb_006_00272,ingested_at,2026-05-17T07:07:25.045131,2026-05-18T16:21:40
sb_006_00273,source_file_version,MI팀_시장분석 AI_시장 분석 Master Version (260422).xlsx,MI팀_시장분석 AI_시장 분석 Master Version (원본파일 점검용 재공유 2026.05.18).xlsx
sb_006_00273,ingested_at,2026-05-17T07:07:25.045131,2026-05-18T16:21:40
sb_006_00274,source_file_version,MI팀_시장분석 AI_시장 분석 Master Version (260422).xlsx,MI팀_시장분석 AI_시장 분석 Master Version (원본파일 점검용 재공유 2026.05.18).xlsx
sb_006_00274,ingested_at,2026-05-17T07:07:25.045131,2026-05-18T16:21:40
sb_006_00275,source_file_version,MI팀_시장분석 AI_시장 분석 Master Version (260422).xlsx,MI팀_시장분석 AI_시장 분석 Master Version (원본파일 점검용 재공유 2026.05.18).xlsx
sb_006_00275,ingested_at,2026-05-17T07:07:25.045131,2026-05-18T16:21:40
sb_006_00276,source_file_version,MI팀_시장분석 AI_시장 분석 Master Version (260422).xlsx,MI팀_시장분석 AI_시장 분석 Master Version (원본파일 점검용 재공유 2026.05.18).xlsx
sb_006_00276,ingested_at,2026-05-17T07:07:25.045131,2026-05-18T16:21:40
sb_006_00277,source_file_version,MI팀_시장분석 AI_시장 분석 Master Version (260422).xlsx,MI팀_시장분석 AI_시장 분석 Master Version (원본파일 점검용 재공유 2026.05.18).xlsx
sb_006_00277,ingested_at,2026-05-17T07:07:25.045131,2026-05-18T16:21:40
sb_006_00278,source_file_version,MI팀_시장분석 AI_시장 분석 Master Version (260422).xlsx,MI팀_시장분석 AI_시장 분석 Master Version (원본파일 점검용 재공유 2026.05.18).xlsx
sb_006_00278,ingested_at,2026-05-17T07:07:25.045131,2026-05-18T16:21:40
sb_006_00279,source_file_version,MI팀_시장분석 AI_시장 분석 Master Version (260422).xlsx,MI팀_시장분석 AI_시장 분석 Master Version (원본파일 점검용 재공유 2026.05.18).xlsx
sb_006_00279,ingested_at,2026-05-17T07:07:25.045131,2026-05-18T16:21:40
sb_006_00280,source_file_version,MI팀_시장분석 AI_시장 분석 Master Version (260422).xlsx,MI팀_시장분석 AI_시장 분석 Master Version (원본파일 점검용 재공유 2026.05.18).xlsx
sb_006_00280,ingested_at,2026-05-17T07:07:25.045131,2026-05-18T16:21:40
sb_006_00281,source_file_version,MI팀_시장분석 AI_시장 분석 Master Version (260422).xlsx,MI팀_시장분석 AI_시장 분석 Master Version (원본파일 점검용 재공유 2026.05.18).xlsx
sb_006_00281,ingested_at,2026-05-17T07:07:25.045131,2026-05-18T16:21:40
sb_006_00282,source_file_version,MI팀_시장분석 AI_시장 분석 Master Version (260422).xlsx,MI팀_시장분석 AI_시장 분석 Master Version (원본파일 점검용 재공유 2026.05.18).xlsx
sb_006_00282,ingested_at,2026-05-17T07:07:25.045131,2026-05-18T16:21:40
sb_006_00283,source_file_version,MI팀_시장분석 AI_시장 분석 Master Version (260422).xlsx,MI팀_시장분석 AI_시장 분석 Master Version (원본파일 점검용 재공유 2026.05.18).xlsx
sb_006_00283,ingested_at,2026-05-17T07:07:25.045131,2026-05-18T16:21:40
sb_006_00284,source_file_version,MI팀_시장분석 AI_시장 분석 Master Version (260422).xlsx,MI팀_시장분석 AI_시장 분석 Master Version (원본파일 점검용 재공유 2026.05.18).xlsx
sb_006_00284,ingested_at,2026-05-17T07:07:25.045131,2026-05-18T16:21:40
sb_006_00285,source_file_version,MI팀_시장분석 AI_시장 분석 Master Version (260422).xlsx,MI팀_시장분석 AI_시장 분석 Master Version (원본파일 점검용 재공유 2026.05.18).xlsx
sb_006_00285,ingested_at,2026-05-17T07:07:25.045131,2026-05-18T16:21:40
sb_006_00286,source_file_version,MI팀_시장분석 AI_시장 분석 Master Version (260422).xlsx,MI팀_시장분석 AI_시장 분석 Master Version (원본파일 점검용 재공유 2026.05.18).xlsx
sb_006_00286,ingested_at,2026-05-17T07:07:25.045131,2026-05-18T16:21:40
sb_006_00287,source_file_version,MI팀_시장분석 AI_시장 분석 Master Version (260422).xlsx,MI팀_시장분석 AI_시장 분석 Master Version (원본파일 점검용 재공유 2026.05.18).xlsx
sb_006_00287,ingested_at,2026-05-17T07:07:25.045131,2026-05-18T16:21:40
sb_006_00288,source_file_version,MI팀_시장분석 AI_시장 분석 Master Version (260422).xlsx,MI팀_시장분석 AI_시장 분석 Master Version (원본파일 점검용 재공유 2026.05.18).xlsx
sb_006_00288,ingested_at,2026-05-17T07:07:25.045131,2026-05-18T16:21:40
sb_006_00289,source_file_version,MI팀_시장분석 AI_시장 분석 Master Version (260422).xlsx,MI팀_시장분석 AI_시장 분석 Master Version (원본파일 점검용 재공유 2026.05.18).xlsx
sb_006_00289,ingested_at,2026-05-17T07:07:25.045131,2026-05-18T16:21:40
sb_006_00290,source_file_version,MI팀_시장분석 AI_시장 분석 Master Version (260422).xlsx,MI팀_시장분석 AI_시장 분석 Master Version (원본파일 점검용 재공유 2026.05.18).xlsx
sb_006_00290,ingested_at,2026-05-17T07:07:25.045131,2026-05-18T16:21:40
sb_006_00291,source_file_version,MI팀_시장분석 AI_시장 분석 Master Version (260422).xlsx,MI팀_시장분석 AI_시장 분석 Master Version (원본파일 점검용 재공유 2026.05.18).xlsx
sb_006_00291,ingested_at,2026-05-17T07:07:25.045131,2026-05-18T16:21:40
sb_006_00292,source_file_version,MI팀_시장분석 AI_시장 분석 Master Version (260422).xlsx,MI팀_시장분석 AI_시장 분석 Master Version (원본파일 점검용 재공유 2026.05.18).xlsx
sb_006_00292,ingested_at,2026-05-17T07:07:25.045131,2026-05-18T16:21:40
sb_006_00293,source_file_version,MI팀_시장분석 AI_시장 분석 Master Version (260422).xlsx,MI팀_시장분석 AI_시장 분석 Master Version (원본파일 점검용 재공유 2026.05.18).xlsx
sb_006_00293,ingested_at,2026-05-17T07:07:25.045131,2026-05-18T16:21:40
sb_006_00294,source_file_version,MI팀_시장분석 AI_시장 분석 Master Version (260422).xlsx,MI팀_시장분석 AI_시장 분석 Master Version (원본파일 점검용 재공유 2026.05.18).xlsx
sb_006_00294,ingested_at,2026-05-17T07:07:25.045131,2026-05-18T16:21:40
sb_006_00295,source_file_version,MI팀_시장분석 AI_시장 분석 Master Version (260422).xlsx,MI팀_시장분석 AI_시장 분석 Master Version (원본파일 점검용 재공유 2026.05.18).xlsx
sb_006_00295,ingested_at,2026-05-17T07:07:25.045131,2026-05-18T16:21:40
sb_006_00296,source_file_version,MI팀_시장분석 AI_시장 분석 Master Version (260422).xlsx,MI팀_시장분석 AI_시장 분석 Master Version (원본파일 점검용 재공유 2026.05.18).xlsx
sb_006_00296,ingested_at,2026-05-17T07:07:25.045131,2026-05-18T16:21:40
sb_006_00297,source_file_version,MI팀_시장분석 AI_시장 분석 Master Version (260422).xlsx,MI팀_시장분석 AI_시장 분석 Master Version (원본파일 점검용 재공유 2026.05.18).xlsx
sb_006_00297,ingested_at,2026-05-17T07:07:25.045131,2026-05-18T16:21:40
sb_006_00298,source_file_version,MI팀_시장분석 AI_시장 분석 Master Version (260422).xlsx,MI팀_시장분석 AI_시장 분석 Master Version (원본파일 점검용 재공유 2026.05.18).xlsx
sb_006_00298,ingested_at,2026-05-17T07:07:25.045131,2026-05-18T16:21:40
sb_006_00299,source_file_version,MI팀_시장분석 AI_시장 분석 Master Version (260422).xlsx,MI팀_시장분석 AI_시장 분석 Master Version (원본파일 점검용 재공유 2026.05.18).xlsx
sb_006_00299,ingested_at,2026-05-17T07:07:25.045131,2026-05-18T16:21:40
sb_006_00300,source_file_version,MI팀_시장분석 AI_시장 분석 Master Version (260422).xlsx,MI팀_시장분석 AI_시장 분석 Master Version (원본파일 점검용 재공유 2026.05.18).xlsx
sb_006_00300,ingested_at,2026-05-17T07:07:25.045131,2026-05-18T16:21:40
sb_006_00301,source_file_version,MI팀_시장분석 AI_시장 분석 Master Version (260422).xlsx,MI팀_시장분석 AI_시장 분석 Master Version (원본파일 점검용 재공유 2026.05.18).xlsx
sb_006_00301,ingested_at,2026-05-17T07:07:25.045131,2026-05-18T16:21:40
sb_006_00302,source_file_version,MI팀_시장분석 AI_시장 분석 Master Version (260422).xlsx,MI팀_시장분석 AI_시장 분석 Master Version (원본파일 점검용 재공유 2026.05.18).xlsx
sb_006_00302,ingested_at,2026-05-17T07:07:25.045131,2026-05-18T16:21:40
sb_006_00303,source_file_version,MI팀_시장분석 AI_시장 분석 Master Version (260422).xlsx,MI팀_시장분석 AI_시장 분석 Master Version (원본파일 점검용 재공유 2026.05.18).xlsx
sb_006_00303,ingested_at,2026-05-17T07:07:25.045131,2026-05-18T16:21:40
sb_006_00304,source_file_version,MI팀_시장분석 AI_시장 분석 Master Version (260422).xlsx,MI팀_시장분석 AI_시장 분석 Master Version (원본파일 점검용 재공유 2026.05.18).xlsx
sb_006_00304,ingested_at,2026-05-17T07:07:25.045131,2026-05-18T16:21:40
sb_006_00305,source_file_version,MI팀_시장분석 AI_시장 분석 Master Version (260422).xlsx,MI팀_시장분석 AI_시장 분석 Master Version (원본파일 점검용 재공유 2026.05.18).xlsx
sb_006_00305,ingested_at,2026-05-17T07:07:25.045131,2026-05-18T16:21:40
sb_006_00306,source_file_version,MI팀_시장분석 AI_시장 분석 Master Version (260422).xlsx,MI팀_시장분석 AI_시장 분석 Master Version (원본파일 점검용 재공유 2026.05.18).xlsx
sb_006_00306,ingested_at,2026-05-17T07:07:25.045131,2026-05-18T16:21:40
sb_006_00307,source_file_version,MI팀_시장분석 AI_시장 분석 Master Version (260422).xlsx,MI팀_시장분석 AI_시장 분석 Master Version (원본파일 점검용 재공유 2026.05.18).xlsx
sb_006_00307,ingested_at,2026-05-17T07:07:25.045131,2026-05-18T16:21:40
sb_006_00308,source_file_version,MI팀_시장분석 AI_시장 분석 Master Version (260422).xlsx,MI팀_시장분석 AI_시장 분석 Master Version (원본파일 점검용 재공유 2026.05.18).xlsx
sb_006_00308,ingested_at,2026-05-17T07:07:25.045131,2026-05-18T16:21:40
sb_006_00309,source_file_version,MI팀_시장분석 AI_시장 분석 Master Version (260422).xlsx,MI팀_시장분석 AI_시장 분석 Master Version (원본파일 점검용 재공유 2026.05.18).xlsx
sb_006_00309,ingested_at,2026-05-17T07:07:25.045131,2026-05-18T16:21:40
sb_006_00310,source_file_version,MI팀_시장분석 AI_시장 분석 Master Version (260422).xlsx,MI팀_시장분석 AI_시장 분석 Master Version (원본파일 점검용 재공유 2026.05.18).xlsx
sb_006_00310,ingested_at,2026-05-17T07:07:25.045131,2026-05-18T16:21:40
sb_006_00311,source_file_version,MI팀_시장분석 AI_시장 분석 Master Version (260422).xlsx,MI팀_시장분석 AI_시장 분석 Master Version (원본파일 점검용 재공유 2026.05.18).xlsx
sb_006_00311,ingested_at,2026-05-17T07:07:25.045131,2026-05-18T16:21:40
sb_006_00312,source_file_version,MI팀_시장분석 AI_시장 분석 Master Version (260422).xlsx,MI팀_시장분석 AI_시장 분석 Master Version (원본파일 점검용 재공유 2026.05.18).xlsx
sb_006_00312,ingested_at,2026-05-17T07:07:25.045131,2026-05-18T16:21:40
sb_006_00313,source_file_version,MI팀_시장분석 AI_시장 분석 Master Version (260422).xlsx,MI팀_시장분석 AI_시장 분석 Master Version (원본파일 점검용 재공유 2026.05.18).xlsx
sb_006_00313,ingested_at,2026-05-17T07:07:25.045131,2026-05-18T16:21:40
sb_006_00314,source_file_version,MI팀_시장분석 AI_시장 분석 Master Version (260422).xlsx,MI팀_시장분석 AI_시장 분석 Master Version (원본파일 점검용 재공유 2026.05.18).xlsx
sb_006_00314,ingested_at,2026-05-17T07:07:25.045131,2026-05-18T16:21:40
sb_006_00315,source_file_version,MI팀_시장분석 AI_시장 분석 Master Version (260422).xlsx,MI팀_시장분석 AI_시장 분석 Master Version (원본파일 점검용 재공유 2026.05.18).xlsx
sb_006_00315,ingested_at,2026-05-17T07:07:25.045131,2026-05-18T16:21:40
sb_006_00316,source_file_version,MI팀_시장분석 AI_시장 분석 Master Version (260422).xlsx,MI팀_시장분석 AI_시장 분석 Master Version (원본파일 점검용 재공유 2026.05.18).xlsx
sb_006_00316,ingested_at,2026-05-17T07:07:25.045131,2026-05-18T16:21:40
sb_006_00317,source_file_version,MI팀_시장분석 AI_시장 분석 Master Version (260422).xlsx,MI팀_시장분석 AI_시장 분석 Master Version (원본파일 점검용 재공유 2026.05.18).xlsx
sb_006_00317,ingested_at,2026-05-17T07:07:25.045131,2026-05-18T16:21:40
sb_006_00318,source_file_version,MI팀_시장분석 AI_시장 분석 Master Version (260422).xlsx,MI팀_시장분석 AI_시장 분석 Master Version (원본파일 점검용 재공유 2026.05.18).xlsx
sb_006_00318,ingested_at,2026-05-17T07:07:25.045131,2026-05-18T16:21:40
sb_006_00319,source_file_version,MI팀_시장분석 AI_시장 분석 Master Version (260422).xlsx,MI팀_시장분석 AI_시장 분석 Master Version (원본파일 점검용 재공유 2026.05.18).xlsx
sb_006_00319,ingested_at,2026-05-17T07:07:25.045131,2026-05-18T16:21:40
sb_006_00320,source_file_version,MI팀_시장분석 AI_시장 분석 Master Version (260422).xlsx,MI팀_시장분석 AI_시장 분석 Master Version (원본파일 점검용 재공유 2026.05.18).xlsx
sb_006_00320,ingested_at,2026-05-17T07:07:25.045131,2026-05-18T16:21:40
sb_006_00321,source_file_version,MI팀_시장분석 AI_시장 분석 Master Version (260422).xlsx,MI팀_시장분석 AI_시장 분석 Master Version (원본파일 점검용 재공유 2026.05.18).xlsx
sb_006_00321,ingested_at,2026-05-17T07:07:25.045131,2026-05-18T16:21:40
sb_006_00322,source_file_version,MI팀_시장분석 AI_시장 분석 Master Version (260422).xlsx,MI팀_시장분석 AI_시장 분석 Master Version (원본파일 점검용 재공유 2026.05.18).xlsx
sb_006_00322,ingested_at,2026-05-17T07:07:25.045131,2026-05-18T16:21:40
sb_006_00323,source_file_version,MI팀_시장분석 AI_시장 분석 Master Version (260422).xlsx,MI팀_시장분석 AI_시장 분석 Master Version (원본파일 점검용 재공유 2026.05.18).xlsx
sb_006_00323,ingested_at,2026-05-17T07:07:25.045131,2026-05-18T16:21:40
sb_006_00324,source_file_version,MI팀_시장분석 AI_시장 분석 Master Version (260422).xlsx,MI팀_시장분석 AI_시장 분석 Master Version (원본파일 점검용 재공유 2026.05.18).xlsx
sb_006_00324,ingested_at,2026-05-17T07:07:25.045131,2026-05-18T16:21:40
sb_006_00325,source_file_version,MI팀_시장분석 AI_시장 분석 Master Version (260422).xlsx,MI팀_시장분석 AI_시장 분석 Master Version (원본파일 점검용 재공유 2026.05.18).xlsx
sb_006_00325,ingested_at,2026-05-17T07:07:25.045131,2026-05-18T16:21:40
sb_006_00326,source_file_version,MI팀_시장분석 AI_시장 분석 Master Version (260422).xlsx,MI팀_시장분석 AI_시장 분석 Master Version (원본파일 점검용 재공유 2026.05.18).xlsx
sb_006_00326,ingested_at,2026-05-17T07:07:25.045131,2026-05-18T16:21:40
sb_006_00327,source_file_version,MI팀_시장분석 AI_시장 분석 Master Version (260422).xlsx,MI팀_시장분석 AI_시장 분석 Master Version (원본파일 점검용 재공유 2026.05.18).xlsx
sb_006_00327,ingested_at,2026-05-17T07:07:25.045131,2026-05-18T16:21:40
sb_006_00328,source_file_version,MI팀_시장분석 AI_시장 분석 Master Version (260422).xlsx,MI팀_시장분석 AI_시장 분석 Master Version (원본파일 점검용 재공유 2026.05.18).xlsx
sb_006_00328,ingested_at,2026-05-17T07:07:25.045131,2026-05-18T16:21:40
sb_006_00329,source_file_version,MI팀_시장분석 AI_시장 분석 Master Version (260422).xlsx,MI팀_시장분석 AI_시장 분석 Master Version (원본파일 점검용 재공유 2026.05.18).xlsx
sb_006_00329,ingested_at,2026-05-17T07:07:25.045131,2026-05-18T16:21:40
sb_006_00330,source_file_version,MI팀_시장분석 AI_시장 분석 Master Version (260422).xlsx,MI팀_시장분석 AI_시장 분석 Master Version (원본파일 점검용 재공유 2026.05.18).xlsx
sb_006_00330,ingested_at,2026-05-17T07:07:25.045131,2026-05-18T16:21:40
sb_006_00331,source_file_version,MI팀_시장분석 AI_시장 분석 Master Version (260422).xlsx,MI팀_시장분석 AI_시장 분석 Master Version (원본파일 점검용 재공유 2026.05.18).xlsx
sb_006_00331,ingested_at,2026-05-17T07:07:25.045131,2026-05-18T16:21:40
sb_006_00332,source_file_version,MI팀_시장분석 AI_시장 분석 Master Version (260422).xlsx,MI팀_시장분석 AI_시장 분석 Master Version (원본파일 점검용 재공유 2026.05.18).xlsx
sb_006_00332,ingested_at,2026-05-17T07:07:25.045131,2026-05-18T16:21:40
sb_006_00333,source_file_version,MI팀_시장분석 AI_시장 분석 Master Version (260422).xlsx,MI팀_시장분석 AI_시장 분석 Master Version (원본파일 점검용 재공유 2026.05.18).xlsx
sb_006_00333,ingested_at,2026-05-17T07:07:25.045131,2026-05-18T16:21:40
sb_006_00334,source_file_version,MI팀_시장분석 AI_시장 분석 Master Version (260422).xlsx,MI팀_시장분석 AI_시장 분석 Master Version (원본파일 점검용 재공유 2026.05.18).xlsx
sb_006_00334,ingested_at,2026-05-17T07:07:25.045131,2026-05-18T16:21:40
sb_006_00335,source_file_version,MI팀_시장분석 AI_시장 분석 Master Version (260422).xlsx,MI팀_시장분석 AI_시장 분석 Master Version (원본파일 점검용 재공유 2026.05.18).xlsx
sb_006_00335,ingested_at,2026-05-17T07:07:25.045131,2026-05-18T16:21:40
sb_006_00336,source_file_version,MI팀_시장분석 AI_시장 분석 Master Version (260422).xlsx,MI팀_시장분석 AI_시장 분석 Master Version (원본파일 점검용 재공유 2026.05.18).xlsx
sb_006_00336,ingested_at,2026-05-17T07:07:25.045131,2026-05-18T16:21:40
sb_006_00337,source_file_version,MI팀_시장분석 AI_시장 분석 Master Version (260422).xlsx,MI팀_시장분석 AI_시장 분석 Master Version (원본파일 점검용 재공유 2026.05.18).xlsx
sb_006_00337,ingested_at,2026-05-17T07:07:25.045131,2026-05-18T16:21:40
sb_006_00338,source_file_version,MI팀_시장분석 AI_시장 분석 Master Version (260422).xlsx,MI팀_시장분석 AI_시장 분석 Master Version (원본파일 점검용 재공유 2026.05.18).xlsx
sb_006_00338,ingested_at,2026-05-17T07:07:25.045131,2026-05-18T16:21:40
sb_006_00339,source_file_version,MI팀_시장분석 AI_시장 분석 Master Version (260422).xlsx,MI팀_시장분석 AI_시장 분석 Master Version (원본파일 점검용 재공유 2026.05.18).xlsx
sb_006_00339,ingested_at,2026-05-17T07:07:25.045131,2026-05-18T16:21:40
sb_006_00340,source_file_version,MI팀_시장분석 AI_시장 분석 Master Version (260422).xlsx,MI팀_시장분석 AI_시장 분석 Master Version (원본파일 점검용 재공유 2026.05.18).xlsx
sb_006_00340,ingested_at,2026-05-17T07:07:25.045131,2026-05-18T16:21:40
sb_006_00341,source_file_version,MI팀_시장분석 AI_시장 분석 Master Version (260422).xlsx,MI팀_시장분석 AI_시장 분석 Master Version (원본파일 점검용 재공유 2026.05.18).xlsx
sb_006_00341,ingested_at,2026-05-17T07:07:25.045131,2026-05-18T16:21:40
sb_006_00342,source_file_version,MI팀_시장분석 AI_시장 분석 Master Version (260422).xlsx,MI팀_시장분석 AI_시장 분석 Master Version (원본파일 점검용 재공유 2026.05.18).xlsx
sb_006_00342,ingested_at,2026-05-17T07:07:25.045131,2026-05-18T16:21:40
sb_006_00343,source_file_version,MI팀_시장분석 AI_시장 분석 Master Version (260422).xlsx,MI팀_시장분석 AI_시장 분석 Master Version (원본파일 점검용 재공유 2026.05.18).xlsx
sb_006_00343,ingested_at,2026-05-17T07:07:25.045131,2026-05-18T16:21:40
sb_006_00344,source_file_version,MI팀_시장분석 AI_시장 분석 Master Version (260422).xlsx,MI팀_시장분석 AI_시장 분석 Master Version (원본파일 점검용 재공유 2026.05.18).xlsx
sb_006_00344,ingested_at,2026-05-17T07:07:25.045131,2026-05-18T16:21:40
sb_006_00345,source_file_version,MI팀_시장분석 AI_시장 분석 Master Version (260422).xlsx,MI팀_시장분석 AI_시장 분석 Master Version (원본파일 점검용 재공유 2026.05.18).xlsx
sb_006_00345,ingested_at,2026-05-17T07:07:25.045131,2026-05-18T16:21:40
sb_006_00346,source_file_version,MI팀_시장분석 AI_시장 분석 Master Version (260422).xlsx,MI팀_시장분석 AI_시장 분석 Master Version (원본파일 점검용 재공유 2026.05.18).xlsx
sb_006_00346,ingested_at,2026-05-17T07:07:25.045131,2026-05-18T16:21:40
sb_006_00347,source_file_version,MI팀_시장분석 AI_시장 분석 Master Version (260422).xlsx,MI팀_시장분석 AI_시장 분석 Master Version (원본파일 점검용 재공유 2026.05.18).xlsx
sb_006_00347,ingested_at,2026-05-17T07:07:25.045131,2026-05-18T16:21:40
sb_006_00348,source_file_version,MI팀_시장분석 AI_시장 분석 Master Version (260422).xlsx,MI팀_시장분석 AI_시장 분석 Master Version (원본파일 점검용 재공유 2026.05.18).xlsx
sb_006_00348,ingested_at,2026-05-17T07:07:25.045131,2026-05-18T16:21:40
sb_006_00349,source_file_version,MI팀_시장분석 AI_시장 분석 Master Version (260422).xlsx,MI팀_시장분석 AI_시장 분석 Master Version (원본파일 점검용 재공유 2026.05.18).xlsx
sb_006_00349,ingested_at,2026-05-17T07:07:25.045131,2026-05-18T16:21:40
sb_006_00350,source_file_version,MI팀_시장분석 AI_시장 분석 Master Version (260422).xlsx,MI팀_시장분석 AI_시장 분석 Master Version (원본파일 점검용 재공유 2026.05.18).xlsx
sb_006_00350,ingested_at,2026-05-17T07:07:25.045131,2026-05-18T16:21:40
sb_006_00351,source_file_version,MI팀_시장분석 AI_시장 분석 Master Version (260422).xlsx,MI팀_시장분석 AI_시장 분석 Master Version (원본파일 점검용 재공유 2026.05.18).xlsx
sb_006_00351,ingested_at,2026-05-17T07:07:25.045131,2026-05-18T16:21:40
sb_006_00352,source_file_version,MI팀_시장분석 AI_시장 분석 Master Version (260422).xlsx,MI팀_시장분석 AI_시장 분석 Master Version (원본파일 점검용 재공유 2026.05.18).xlsx
sb_006_00352,ingested_at,2026-05-17T07:07:25.045131,2026-05-18T16:21:40
sb_006_00353,source_file_version,MI팀_시장분석 AI_시장 분석 Master Version (260422).xlsx,MI팀_시장분석 AI_시장 분석 Master Version (원본파일 점검용 재공유 2026.05.18).xlsx
sb_006_00353,ingested_at,2026-05-17T07:07:25.045131,2026-05-18T16:21:40
sb_006_00354,source_file_version,MI팀_시장분석 AI_시장 분석 Master Version (260422).xlsx,MI팀_시장분석 AI_시장 분석 Master Version (원본파일 점검용 재공유 2026.05.18).xlsx
sb_006_00354,ingested_at,2026-05-17T07:07:25.045131,2026-05-18T16:21:40
sb_006_00355,source_file_version,MI팀_시장분석 AI_시장 분석 Master Version (260422).xlsx,MI팀_시장분석 AI_시장 분석 Master Version (원본파일 점검용 재공유 2026.05.18).xlsx
sb_006_00355,ingested_at,2026-05-17T07:07:25.045131,2026-05-18T16:21:40
sb_006_00356,source_file_version,MI팀_시장분석 AI_시장 분석 Master Version (260422).xlsx,MI팀_시장분석 AI_시장 분석 Master Version (원본파일 점검용 재공유 2026.05.18).xlsx
sb_006_00356,ingested_at,2026-05-17T07:07:25.045131,2026-05-18T16:21:40
sb_006_00357,source_file_version,MI팀_시장분석 AI_시장 분석 Master Version (260422).xlsx,MI팀_시장분석 AI_시장 분석 Master Version (원본파일 점검용 재공유 2026.05.18).xlsx
sb_006_00357,ingested_at,2026-05-17T07:07:25.045131,2026-05-18T16:21:40
sb_006_00358,source_file_version,MI팀_시장분석 AI_시장 분석 Master Version (260422).xlsx,MI팀_시장분석 AI_시장 분석 Master Version (원본파일 점검용 재공유 2026.05.18).xlsx
sb_006_00358,ingested_at,2026-05-17T07:07:25.045131,2026-05-18T16:21:40
sb_006_00359,source_file_version,MI팀_시장분석 AI_시장 분석 Master Version (260422).xlsx,MI팀_시장분석 AI_시장 분석 Master Version (원본파일 점검용 재공유 2026.05.18).xlsx
sb_006_00359,ingested_at,2026-05-17T07:07:25.045131,2026-05-18T16:21:40
sb_006_00360,source_file_version,MI팀_시장분석 AI_시장 분석 Master Version (260422).xlsx,MI팀_시장분석 AI_시장 분석 Master Version (원본파일 점검용 재공유 2026.05.18).xlsx
sb_006_00360,ingested_at,2026-05-17T07:07:25.045131,2026-05-18T16:21:40
sb_006_00361,source_file_version,MI팀_시장분석 AI_시장 분석 Master Version (260422).xlsx,MI팀_시장분석 AI_시장 분석 Master Version (원본파일 점검용 재공유 2026.05.18).xlsx
sb_006_00361,ingested_at,2026-05-17T07:07:25.045131,2026-05-18T16:21:40
sb_006_00362,source_file_version,MI팀_시장분석 AI_시장 분석 Master Version (260422).xlsx,MI팀_시장분석 AI_시장 분석 Master Version (원본파일 점검용 재공유 2026.05.18).xlsx
sb_006_00362,ingested_at,2026-05-17T07:07:25.045131,2026-05-18T16:21:40
sb_006_00363,source_file_version,MI팀_시장분석 AI_시장 분석 Master Version (260422).xlsx,MI팀_시장분석 AI_시장 분석 Master Version (원본파일 점검용 재공유 2026.05.18).xlsx
sb_006_00363,ingested_at,2026-05-17T07:07:25.045131,2026-05-18T16:21:40
sb_006_00364,source_file_version,MI팀_시장분석 AI_시장 분석 Master Version (260422).xlsx,MI팀_시장분석 AI_시장 분석 Master Version (원본파일 점검용 재공유 2026.05.18).xlsx
sb_006_00364,ingested_at,2026-05-17T07:07:25.045131,2026-05-18T16:21:40
sb_006_00365,source_file_version,MI팀_시장분석 AI_시장 분석 Master Version (260422).xlsx,MI팀_시장분석 AI_시장 분석 Master Version (원본파일 점검용 재공유 2026.05.18).xlsx
sb_006_00365,ingested_at,2026-05-17T07:07:25.045131,2026-05-18T16:21:40
sb_006_00366,source_file_version,MI팀_시장분석 AI_시장 분석 Master Version (260422).xlsx,MI팀_시장분석 AI_시장 분석 Master Version (원본파일 점검용 재공유 2026.05.18).xlsx
sb_006_00366,ingested_at,2026-05-17T07:07:25.045131,2026-05-18T16:21:40
sb_006_00367,source_file_version,MI팀_시장분석 AI_시장 분석 Master Version (260422).xlsx,MI팀_시장분석 AI_시장 분석 Master Version (원본파일 점검용 재공유 2026.05.18).xlsx
sb_006_00367,ingested_at,2026-05-17T07:07:25.045131,2026-05-18T16:21:40
sb_006_00368,source_file_version,MI팀_시장분석 AI_시장 분석 Master Version (260422).xlsx,MI팀_시장분석 AI_시장 분석 Master Version (원본파일 점검용 재공유 2026.05.18).xlsx
sb_006_00368,ingested_at,2026-05-17T07:07:25.045131,2026-05-18T16:21:40
sb_006_00369,source_file_version,MI팀_시장분석 AI_시장 분석 Master Version (260422).xlsx,MI팀_시장분석 AI_시장 분석 Master Version (원본파일 점검용 재공유 2026.05.18).xlsx
sb_006_00369,ingested_at,2026-05-17T07:07:25.045131,2026-05-18T16:21:40
sb_006_00370,source_file_version,MI팀_시장분석 AI_시장 분석 Master Version (260422).xlsx,MI팀_시장분석 AI_시장 분석 Master Version (원본파일 점검용 재공유 2026.05.18).xlsx
sb_006_00370,ingested_at,2026-05-17T07:07:25.045131,2026-05-18T16:21:40
sb_006_00371,source_file_version,MI팀_시장분석 AI_시장 분석 Master Version (260422).xlsx,MI팀_시장분석 AI_시장 분석 Master Version (원본파일 점검용 재공유 2026.05.18).xlsx
sb_006_00371,ingested_at,2026-05-17T07:07:25.045131,2026-05-18T16:21:40
sb_006_00372,source_file_version,MI팀_시장분석 AI_시장 분석 Master Version (260422).xlsx,MI팀_시장분석 AI_시장 분석 Master Version (원본파일 점검용 재공유 2026.05.18).xlsx
sb_006_00372,ingested_at,2026-05-17T07:07:25.045131,2026-05-18T16:21:40
sb_006_00373,source_file_version,MI팀_시장분석 AI_시장 분석 Master Version (260422).xlsx,MI팀_시장분석 AI_시장 분석 Master Version (원본파일 점검용 재공유 2026.05.18).xlsx
sb_006_00373,ingested_at,2026-05-17T07:07:25.045131,2026-05-18T16:21:40
sb_006_00374,source_file_version,MI팀_시장분석 AI_시장 분석 Master Version (260422).xlsx,MI팀_시장분석 AI_시장 분석 Master Version (원본파일 점검용 재공유 2026.05.18).xlsx
sb_006_00374,ingested_at,2026-05-17T07:07:25.045131,2026-05-18T16:21:40
sb_006_00375,source_file_version,MI팀_시장분석 AI_시장 분석 Master Version (260422).xlsx,MI팀_시장분석 AI_시장 분석 Master Version (원본파일 점검용 재공유 2026.05.18).xlsx
sb_006_00375,ingested_at,2026-05-17T07:07:25.045131,2026-05-18T16:21:40
sb_006_00376,source_file_version,MI팀_시장분석 AI_시장 분석 Master Version (260422).xlsx,MI팀_시장분석 AI_시장 분석 Master Version (원본파일 점검용 재공유 2026.05.18).xlsx
sb_006_00376,ingested_at,2026-05-17T07:07:25.045131,2026-05-18T16:21:40
sb_006_00377,source_file_version,MI팀_시장분석 AI_시장 분석 Master Version (260422).xlsx,MI팀_시장분석 AI_시장 분석 Master Version (원본파일 점검용 재공유 2026.05.18).xlsx
sb_006_00377,ingested_at,2026-05-17T07:07:25.045131,2026-05-18T16:21:40
sb_006_00378,source_file_version,MI팀_시장분석 AI_시장 분석 Master Version (260422).xlsx,MI팀_시장분석 AI_시장 분석 Master Version (원본파일 점검용 재공유 2026.05.18).xlsx
sb_006_00378,ingested_at,2026-05-17T07:07:25.045131,2026-05-18T16:21:40
sb_006_00379,source_file_version,MI팀_시장분석 AI_시장 분석 Master Version (260422).xlsx,MI팀_시장분석 AI_시장 분석 Master Version (원본파일 점검용 재공유 2026.05.18).xlsx
sb_006_00379,ingested_at,2026-05-17T07:07:25.045131,2026-05-18T16:21:40
sb_006_00380,source_file_version,MI팀_시장분석 AI_시장 분석 Master Version (260422).xlsx,MI팀_시장분석 AI_시장 분석 Master Version (원본파일 점검용 재공유 2026.05.18).xlsx
sb_006_00380,ingested_at,2026-05-17T07:07:25.045131,2026-05-18T16:21:40
sb_006_00381,source_file_version,MI팀_시장분석 AI_시장 분석 Master Version (260422).xlsx,MI팀_시장분석 AI_시장 분석 Master Version (원본파일 점검용 재공유 2026.05.18).xlsx
sb_006_00381,ingested_at,2026-05-17T07:07:25.045131,2026-05-18T16:21:40
sb_006_00382,source_file_version,MI팀_시장분석 AI_시장 분석 Master Version (260422).xlsx,MI팀_시장분석 AI_시장 분석 Master Version (원본파일 점검용 재공유 2026.05.18).xlsx
sb_006_00382,ingested_at,2026-05-17T07:07:25.045131,2026-05-18T16:21:40
sb_006_00383,source_file_version,MI팀_시장분석 AI_시장 분석 Master Version (260422).xlsx,MI팀_시장분석 AI_시장 분석 Master Version (원본파일 점검용 재공유 2026.05.18).xlsx
sb_006_00383,ingested_at,2026-05-17T07:07:25.045131,2026-05-18T16:21:40
sb_006_00384,source_file_version,MI팀_시장분석 AI_시장 분석 Master Version (260422).xlsx,MI팀_시장분석 AI_시장 분석 Master Version (원본파일 점검용 재공유 2026.05.18).xlsx
sb_006_00384,ingested_at,2026-05-17T07:07:25.045131,2026-05-18T16:21:40
sb_006_00385,source_file_version,MI팀_시장분석 AI_시장 분석 Master Version (260422).xlsx,MI팀_시장분석 AI_시장 분석 Master Version (원본파일 점검용 재공유 2026.05.18).xlsx
sb_006_00385,ingested_at,2026-05-17T07:07:25.045131,2026-05-18T16:21:40
sb_006_00386,source_file_version,MI팀_시장분석 AI_시장 분석 Master Version (260422).xlsx,MI팀_시장분석 AI_시장 분석 Master Version (원본파일 점검용 재공유 2026.05.18).xlsx
sb_006_00386,ingested_at,2026-05-17T07:07:25.045131,2026-05-18T16:21:40
sb_006_00387,source_file_version,MI팀_시장분석 AI_시장 분석 Master Version (260422).xlsx,MI팀_시장분석 AI_시장 분석 Master Version (원본파일 점검용 재공유 2026.05.18).xlsx
sb_006_00387,ingested_at,2026-05-17T07:07:25.045131,2026-05-18T16:21:40
sb_006_00388,source_file_version,MI팀_시장분석 AI_시장 분석 Master Version (260422).xlsx,MI팀_시장분석 AI_시장 분석 Master Version (원본파일 점검용 재공유 2026.05.18).xlsx
sb_006_00388,ingested_at,2026-05-17T07:07:25.045131,2026-05-18T16:21:40
sb_006_00389,source_file_version,MI팀_시장분석 AI_시장 분석 Master Version (260422).xlsx,MI팀_시장분석 AI_시장 분석 Master Version (원본파일 점검용 재공유 2026.05.18).xlsx
sb_006_00389,ingested_at,2026-05-17T07:07:25.045131,2026-05-18T16:21:40
sb_006_00390,source_file_version,MI팀_시장분석 AI_시장 분석 Master Version (260422).xlsx,MI팀_시장분석 AI_시장 분석 Master Version (원본파일 점검용 재공유 2026.05.18).xlsx
sb_006_00390,ingested_at,2026-05-17T07:07:25.045131,2026-05-18T16:21:40
sb_006_00391,source_file_version,MI팀_시장분석 AI_시장 분석 Master Version (260422).xlsx,MI팀_시장분석 AI_시장 분석 Master Version (원본파일 점검용 재공유 2026.05.18).xlsx
sb_006_00391,ingested_at,2026-05-17T07:07:25.045131,2026-05-18T16:21:40
sb_006_00392,source_file_version,MI팀_시장분석 AI_시장 분석 Master Version (260422).xlsx,MI팀_시장분석 AI_시장 분석 Master Version (원본파일 점검용 재공유 2026.05.18).xlsx
sb_006_00392,ingested_at,2026-05-17T07:07:25.045131,2026-05-18T16:21:40
sb_006_00393,source_file_version,MI팀_시장분석 AI_시장 분석 Master Version (260422).xlsx,MI팀_시장분석 AI_시장 분석 Master Version (원본파일 점검용 재공유 2026.05.18).xlsx
sb_006_00393,ingested_at,2026-05-17T07:07:25.045131,2026-05-18T16:21:40
sb_006_00394,source_file_version,MI팀_시장분석 AI_시장 분석 Master Version (260422).xlsx,MI팀_시장분석 AI_시장 분석 Master Version (원본파일 점검용 재공유 2026.05.18).xlsx
sb_006_00394,ingested_at,2026-05-17T07:07:25.045131,2026-05-18T16:21:40
sb_006_00395,source_file_version,MI팀_시장분석 AI_시장 분석 Master Version (260422).xlsx,MI팀_시장분석 AI_시장 분석 Master Version (원본파일 점검용 재공유 2026.05.18).xlsx
sb_006_00395,ingested_at,2026-05-17T07:07:25.045131,2026-05-18T16:21:40
sb_006_00396,source_file_version,MI팀_시장분석 AI_시장 분석 Master Version (260422).xlsx,MI팀_시장분석 AI_시장 분석 Master Version (원본파일 점검용 재공유 2026.05.18).xlsx
sb_006_00396,ingested_at,2026-05-17T07:07:25.045131,2026-05-18T16:21:40
sb_006_00397,source_file_version,MI팀_시장분석 AI_시장 분석 Master Version (260422).xlsx,MI팀_시장분석 AI_시장 분석 Master Version (원본파일 점검용 재공유 2026.05.18).xlsx
sb_006_00397,ingested_at,2026-05-17T07:07:25.045131,2026-05-18T16:21:40
sb_006_00398,source_file_version,MI팀_시장분석 AI_시장 분석 Master Version (260422).xlsx,MI팀_시장분석 AI_시장 분석 Master Version (원본파일 점검용 재공유 2026.05.18).xlsx
sb_006_00398,ingested_at,2026-05-17T07:07:25.045131,2026-05-18T16:21:40
sb_006_00399,source_file_version,MI팀_시장분석 AI_시장 분석 Master Version (260422).xlsx,MI팀_시장분석 AI_시장 분석 Master Version (원본파일 점검용 재공유 2026.05.18).xlsx
sb_006_00399,ingested_at,2026-05-17T07:07:25.045131,2026-05-18T16:21:40
sb_006_00400,source_file_version,MI팀_시장분석 AI_시장 분석 Master Version (260422).xlsx,MI팀_시장분석 AI_시장 분석 Master Version (원본파일 점검용 재공유 2026.05.18).xlsx
sb_006_00400,ingested_at,2026-05-17T07:07:25.045131,2026-05-18T16:21:40
sb_006_00401,source_file_version,MI팀_시장분석 AI_시장 분석 Master Version (260422).xlsx,MI팀_시장분석 AI_시장 분석 Master Version (원본파일 점검용 재공유 2026.05.18).xlsx
sb_006_00401,ingested_at,2026-05-17T07:07:25.045131,2026-05-18T16:21:40
sb_006_00402,source_file_version,MI팀_시장분석 AI_시장 분석 Master Version (260422).xlsx,MI팀_시장분석 AI_시장 분석 Master Version (원본파일 점검용 재공유 2026.05.18).xlsx
sb_006_00402,ingested_at,2026-05-17T07:07:25.045131,2026-05-18T16:21:40
sb_006_00403,source_file_version,MI팀_시장분석 AI_시장 분석 Master Version (260422).xlsx,MI팀_시장분석 AI_시장 분석 Master Version (원본파일 점검용 재공유 2026.05.18).xlsx
sb_006_00403,ingested_at,2026-05-17T07:07:25.045131,2026-05-18T16:21:40
sb_006_00404,source_file_version,MI팀_시장분석 AI_시장 분석 Master Version (260422).xlsx,MI팀_시장분석 AI_시장 분석 Master Version (원본파일 점검용 재공유 2026.05.18).xlsx
sb_006_00404,ingested_at,2026-05-17T07:07:25.045131,2026-05-18T16:21:40
sb_006_00405,source_file_version,MI팀_시장분석 AI_시장 분석 Master Version (260422).xlsx,MI팀_시장분석 AI_시장 분석 Master Version (원본파일 점검용 재공유 2026.05.18).xlsx
sb_006_00405,ingested_at,2026-05-17T07:07:25.045131,2026-05-18T16:21:40
sb_006_00406,source_file_version,MI팀_시장분석 AI_시장 분석 Master Version (260422).xlsx,MI팀_시장분석 AI_시장 분석 Master Version (원본파일 점검용 재공유 2026.05.18).xlsx
sb_006_00406,ingested_at,2026-05-17T07:07:25.045131,2026-05-18T16:21:40
sb_006_00407,source_file_version,MI팀_시장분석 AI_시장 분석 Master Version (260422).xlsx,MI팀_시장분석 AI_시장 분석 Master Version (원본파일 점검용 재공유 2026.05.18).xlsx
sb_006_00407,ingested_at,2026-05-17T07:07:25.045131,2026-05-18T16:21:40
sb_006_00408,source_file_version,MI팀_시장분석 AI_시장 분석 Master Version (260422).xlsx,MI팀_시장분석 AI_시장 분석 Master Version (원본파일 점검용 재공유 2026.05.18).xlsx
sb_006_00408,ingested_at,2026-05-17T07:07:25.045131,2026-05-18T16:21:40
sb_006_00409,source_file_version,MI팀_시장분석 AI_시장 분석 Master Version (260422).xlsx,MI팀_시장분석 AI_시장 분석 Master Version (원본파일 점검용 재공유 2026.05.18).xlsx
sb_006_00409,ingested_at,2026-05-17T07:07:25.045131,2026-05-18T16:21:40
sb_006_00410,source_file_version,MI팀_시장분석 AI_시장 분석 Master Version (260422).xlsx,MI팀_시장분석 AI_시장 분석 Master Version (원본파일 점검용 재공유 2026.05.18).xlsx
sb_006_00410,ingested_at,2026-05-17T07:07:25.045131,2026-05-18T16:21:40
sb_006_00411,source_file_version,MI팀_시장분석 AI_시장 분석 Master Version (260422).xlsx,MI팀_시장분석 AI_시장 분석 Master Version (원본파일 점검용 재공유 2026.05.18).xlsx
sb_006_00411,ingested_at,2026-05-17T07:07:25.045131,2026-05-18T16:21:40
sb_006_00412,source_file_version,MI팀_시장분석 AI_시장 분석 Master Version (260422).xlsx,MI팀_시장분석 AI_시장 분석 Master Version (원본파일 점검용 재공유 2026.05.18).xlsx
sb_006_00412,ingested_at,2026-05-17T07:07:25.045131,2026-05-18T16:21:40
sb_006_00413,source_file_version,MI팀_시장분석 AI_시장 분석 Master Version (260422).xlsx,MI팀_시장분석 AI_시장 분석 Master Version (원본파일 점검용 재공유 2026.05.18).xlsx
sb_006_00413,ingested_at,2026-05-17T07:07:25.045131,2026-05-18T16:21:40
sb_006_00414,source_file_version,MI팀_시장분석 AI_시장 분석 Master Version (260422).xlsx,MI팀_시장분석 AI_시장 분석 Master Version (원본파일 점검용 재공유 2026.05.18).xlsx
sb_006_00414,ingested_at,2026-05-17T07:07:25.045131,2026-05-18T16:21:40
sb_006_00415,source_file_version,MI팀_시장분석 AI_시장 분석 Master Version (260422).xlsx,MI팀_시장분석 AI_시장 분석 Master Version (원본파일 점검용 재공유 2026.05.18).xlsx
sb_006_00415,ingested_at,2026-05-17T07:07:25.045131,2026-05-18T16:21:40
sb_006_00416,source_file_version,MI팀_시장분석 AI_시장 분석 Master Version (260422).xlsx,MI팀_시장분석 AI_시장 분석 Master Version (원본파일 점검용 재공유 2026.05.18).xlsx
sb_006_00416,ingested_at,2026-05-17T07:07:25.045131,2026-05-18T16:21:40
sb_006_00417,source_file_version,MI팀_시장분석 AI_시장 분석 Master Version (260422).xlsx,MI팀_시장분석 AI_시장 분석 Master Version (원본파일 점검용 재공유 2026.05.18).xlsx
sb_006_00417,ingested_at,2026-05-17T07:07:25.045131,2026-05-18T16:21:40
sb_006_00418,source_file_version,MI팀_시장분석 AI_시장 분석 Master Version (260422).xlsx,MI팀_시장분석 AI_시장 분석 Master Version (원본파일 점검용 재공유 2026.05.18).xlsx
sb_006_00418,ingested_at,2026-05-17T07:07:25.045131,2026-05-18T16:21:40
sb_006_00419,source_file_version,MI팀_시장분석 AI_시장 분석 Master Version (260422).xlsx,MI팀_시장분석 AI_시장 분석 Master Version (원본파일 점검용 재공유 2026.05.18).xlsx
sb_006_00419,ingested_at,2026-05-17T07:07:25.045131,2026-05-18T16:21:40
sb_006_00420,source_file_version,MI팀_시장분석 AI_시장 분석 Master Version (260422).xlsx,MI팀_시장분석 AI_시장 분석 Master Version (원본파일 점검용 재공유 2026.05.18).xlsx
sb_006_00420,ingested_at,2026-05-17T07:07:25.045131,2026-05-18T16:21:40
sb_006_00421,source_file_version,MI팀_시장분석 AI_시장 분석 Master Version (260422).xlsx,MI팀_시장분석 AI_시장 분석 Master Version (원본파일 점검용 재공유 2026.05.18).xlsx
sb_006_00421,ingested_at,2026-05-17T07:07:25.045131,2026-05-18T16:21:40
sb_006_00422,source_file_version,MI팀_시장분석 AI_시장 분석 Master Version (260422).xlsx,MI팀_시장분석 AI_시장 분석 Master Version (원본파일 점검용 재공유 2026.05.18).xlsx
sb_006_00422,ingested_at,2026-05-17T07:07:25.045131,2026-05-18T16:21:40
sb_006_00423,source_file_version,MI팀_시장분석 AI_시장 분석 Master Version (260422).xlsx,MI팀_시장분석 AI_시장 분석 Master Version (원본파일 점검용 재공유 2026.05.18).xlsx
sb_006_00423,ingested_at,2026-05-17T07:07:25.045131,2026-05-18T16:21:40
sb_006_00424,source_file_version,MI팀_시장분석 AI_시장 분석 Master Version (260422).xlsx,MI팀_시장분석 AI_시장 분석 Master Version (원본파일 점검용 재공유 2026.05.18).xlsx
sb_006_00424,ingested_at,2026-05-17T07:07:25.045131,2026-05-18T16:21:40
sb_006_00425,source_file_version,MI팀_시장분석 AI_시장 분석 Master Version (260422).xlsx,MI팀_시장분석 AI_시장 분석 Master Version (원본파일 점검용 재공유 2026.05.18).xlsx
sb_006_00425,ingested_at,2026-05-17T07:07:25.045131,2026-05-18T16:21:40
sb_006_00426,source_file_version,MI팀_시장분석 AI_시장 분석 Master Version (260422).xlsx,MI팀_시장분석 AI_시장 분석 Master Version (원본파일 점검용 재공유 2026.05.18).xlsx
sb_006_00426,ingested_at,2026-05-17T07:07:25.045131,2026-05-18T16:21:40
sb_006_00427,source_file_version,MI팀_시장분석 AI_시장 분석 Master Version (260422).xlsx,MI팀_시장분석 AI_시장 분석 Master Version (원본파일 점검용 재공유 2026.05.18).xlsx
sb_006_00427,ingested_at,2026-05-17T07:07:25.045131,2026-05-18T16:21:40
sb_006_00428,source_file_version,MI팀_시장분석 AI_시장 분석 Master Version (260422).xlsx,MI팀_시장분석 AI_시장 분석 Master Version (원본파일 점검용 재공유 2026.05.18).xlsx
sb_006_00428,ingested_at,2026-05-17T07:07:25.045131,2026-05-18T16:21:40
sb_006_00429,source_file_version,MI팀_시장분석 AI_시장 분석 Master Version (260422).xlsx,MI팀_시장분석 AI_시장 분석 Master Version (원본파일 점검용 재공유 2026.05.18).xlsx
sb_006_00429,ingested_at,2026-05-17T07:07:25.045131,2026-05-18T16:21:40
sb_006_00430,source_file_version,MI팀_시장분석 AI_시장 분석 Master Version (260422).xlsx,MI팀_시장분석 AI_시장 분석 Master Version (원본파일 점검용 재공유 2026.05.18).xlsx
sb_006_00430,ingested_at,2026-05-17T07:07:25.045131,2026-05-18T16:21:40
sb_006_00431,source_file_version,MI팀_시장분석 AI_시장 분석 Master Version (260422).xlsx,MI팀_시장분석 AI_시장 분석 Master Version (원본파일 점검용 재공유 2026.05.18).xlsx
sb_006_00431,ingested_at,2026-05-17T07:07:25.045131,2026-05-18T16:21:40
sb_006_00432,source_file_version,MI팀_시장분석 AI_시장 분석 Master Version (260422).xlsx,MI팀_시장분석 AI_시장 분석 Master Version (원본파일 점검용 재공유 2026.05.18).xlsx
sb_006_00432,ingested_at,2026-05-17T07:07:25.045131,2026-05-18T16:21:40
sb_006_00433,source_file_version,MI팀_시장분석 AI_시장 분석 Master Version (260422).xlsx,MI팀_시장분석 AI_시장 분석 Master Version (원본파일 점검용 재공유 2026.05.18).xlsx
sb_006_00433,ingested_at,2026-05-17T07:07:25.045131,2026-05-18T16:21:40
sb_006_00434,source_file_version,MI팀_시장분석 AI_시장 분석 Master Version (260422).xlsx,MI팀_시장분석 AI_시장 분석 Master Version (원본파일 점검용 재공유 2026.05.18).xlsx
sb_006_00434,ingested_at,2026-05-17T07:07:25.045131,2026-05-18T16:21:40
sb_006_00435,source_file_version,MI팀_시장분석 AI_시장 분석 Master Version (260422).xlsx,MI팀_시장분석 AI_시장 분석 Master Version (원본파일 점검용 재공유 2026.05.18).xlsx
sb_006_00435,ingested_at,2026-05-17T07:07:25.045131,2026-05-18T16:21:40
sb_006_00436,source_file_version,MI팀_시장분석 AI_시장 분석 Master Version (260422).xlsx,MI팀_시장분석 AI_시장 분석 Master Version (원본파일 점검용 재공유 2026.05.18).xlsx
sb_006_00436,ingested_at,2026-05-17T07:07:25.045131,2026-05-18T16:21:40
sb_006_00437,source_file_version,MI팀_시장분석 AI_시장 분석 Master Version (260422).xlsx,MI팀_시장분석 AI_시장 분석 Master Version (원본파일 점검용 재공유 2026.05.18).xlsx
sb_006_00437,ingested_at,2026-05-17T07:07:25.045131,2026-05-18T16:21:40
sb_006_00438,source_file_version,MI팀_시장분석 AI_시장 분석 Master Version (260422).xlsx,MI팀_시장분석 AI_시장 분석 Master Version (원본파일 점검용 재공유 2026.05.18).xlsx
sb_006_00438,ingested_at,2026-05-17T07:07:25.045131,2026-05-18T16:21:40
sb_006_00439,source_file_version,MI팀_시장분석 AI_시장 분석 Master Version (260422).xlsx,MI팀_시장분석 AI_시장 분석 Master Version (원본파일 점검용 재공유 2026.05.18).xlsx
sb_006_00439,ingested_at,2026-05-17T07:07:25.045131,2026-05-18T16:21:40
sb_006_00440,source_file_version,MI팀_시장분석 AI_시장 분석 Master Version (260422).xlsx,MI팀_시장분석 AI_시장 분석 Master Version (원본파일 점검용 재공유 2026.05.18).xlsx
sb_006_00440,ingested_at,2026-05-17T07:07:25.045131,2026-05-18T16:21:40
sb_006_00441,source_file_version,MI팀_시장분석 AI_시장 분석 Master Version (260422).xlsx,MI팀_시장분석 AI_시장 분석 Master Version (원본파일 점검용 재공유 2026.05.18).xlsx
sb_006_00441,ingested_at,2026-05-17T07:07:25.045131,2026-05-18T16:21:40
sb_006_00442,source_file_version,MI팀_시장분석 AI_시장 분석 Master Version (260422).xlsx,MI팀_시장분석 AI_시장 분석 Master Version (원본파일 점검용 재공유 2026.05.18).xlsx
sb_006_00442,ingested_at,2026-05-17T07:07:25.045131,2026-05-18T16:21:40
sb_006_00443,source_file_version,MI팀_시장분석 AI_시장 분석 Master Version (260422).xlsx,MI팀_시장분석 AI_시장 분석 Master Version (원본파일 점검용 재공유 2026.05.18).xlsx
sb_006_00443,ingested_at,2026-05-17T07:07:25.045131,2026-05-18T16:21:40
sb_006_00444,source_file_version,MI팀_시장분석 AI_시장 분석 Master Version (260422).xlsx,MI팀_시장분석 AI_시장 분석 Master Version (원본파일 점검용 재공유 2026.05.18).xlsx
sb_006_00444,ingested_at,2026-05-17T07:07:25.045131,2026-05-18T16:21:40
sb_006_00445,source_file_version,MI팀_시장분석 AI_시장 분석 Master Version (260422).xlsx,MI팀_시장분석 AI_시장 분석 Master Version (원본파일 점검용 재공유 2026.05.18).xlsx
sb_006_00445,ingested_at,2026-05-17T07:07:25.045131,2026-05-18T16:21:40
sb_006_00446,source_file_version,MI팀_시장분석 AI_시장 분석 Master Version (260422).xlsx,MI팀_시장분석 AI_시장 분석 Master Version (원본파일 점검용 재공유 2026.05.18).xlsx
sb_006_00446,ingested_at,2026-05-17T07:07:25.045131,2026-05-18T16:21:40
sb_006_00447,source_file_version,MI팀_시장분석 AI_시장 분석 Master Version (260422).xlsx,MI팀_시장분석 AI_시장 분석 Master Version (원본파일 점검용 재공유 2026.05.18).xlsx
sb_006_00447,ingested_at,2026-05-17T07:07:25.045131,2026-05-18T16:21:40
sb_006_00448,source_file_version,MI팀_시장분석 AI_시장 분석 Master Version (260422).xlsx,MI팀_시장분석 AI_시장 분석 Master Version (원본파일 점검용 재공유 2026.05.18).xlsx
sb_006_00448,ingested_at,2026-05-17T07:07:25.045131,2026-05-18T16:21:40
sb_006_00449,source_file_version,MI팀_시장분석 AI_시장 분석 Master Version (260422).xlsx,MI팀_시장분석 AI_시장 분석 Master Version (원본파일 점검용 재공유 2026.05.18).xlsx
sb_006_00449,ingested_at,2026-05-17T07:07:25.045131,2026-05-18T16:21:40
sb_006_00450,source_file_version,MI팀_시장분석 AI_시장 분석 Master Version (260422).xlsx,MI팀_시장분석 AI_시장 분석 Master Version (원본파일 점검용 재공유 2026.05.18).xlsx
sb_006_00450,ingested_at,2026-05-17T07:07:25.045131,2026-05-18T16:21:40
sb_006_00451,source_file_version,MI팀_시장분석 AI_시장 분석 Master Version (260422).xlsx,MI팀_시장분석 AI_시장 분석 Master Version (원본파일 점검용 재공유 2026.05.18).xlsx
sb_006_00451,ingested_at,2026-05-17T07:07:25.045131,2026-05-18T16:21:40
sb_006_00452,source_file_version,MI팀_시장분석 AI_시장 분석 Master Version (260422).xlsx,MI팀_시장분석 AI_시장 분석 Master Version (원본파일 점검용 재공유 2026.05.18).xlsx
sb_006_00452,ingested_at,2026-05-17T07:07:25.045131,2026-05-18T16:21:40
sb_006_00453,source_file_version,MI팀_시장분석 AI_시장 분석 Master Version (260422).xlsx,MI팀_시장분석 AI_시장 분석 Master Version (원본파일 점검용 재공유 2026.05.18).xlsx
sb_006_00453,ingested_at,2026-05-17T07:07:25.045131,2026-05-18T16:21:40
sb_006_00454,source_file_version,MI팀_시장분석 AI_시장 분석 Master Version (260422).xlsx,MI팀_시장분석 AI_시장 분석 Master Version (원본파일 점검용 재공유 2026.05.18).xlsx
sb_006_00454,ingested_at,2026-05-17T07:07:25.045131,2026-05-18T16:21:40
sb_006_00455,source_file_version,MI팀_시장분석 AI_시장 분석 Master Version (260422).xlsx,MI팀_시장분석 AI_시장 분석 Master Version (원본파일 점검용 재공유 2026.05.18).xlsx
sb_006_00455,ingested_at,2026-05-17T07:07:25.045131,2026-05-18T16:21:40
sb_006_00456,source_file_version,MI팀_시장분석 AI_시장 분석 Master Version (260422).xlsx,MI팀_시장분석 AI_시장 분석 Master Version (원본파일 점검용 재공유 2026.05.18).xlsx
sb_006_00456,ingested_at,2026-05-17T07:07:25.045131,2026-05-18T16:21:40
sb_006_00457,source_file_version,MI팀_시장분석 AI_시장 분석 Master Version (260422).xlsx,MI팀_시장분석 AI_시장 분석 Master Version (원본파일 점검용 재공유 2026.05.18).xlsx
sb_006_00457,ingested_at,2026-05-17T07:07:25.045131,2026-05-18T16:21:40
sb_006_00458,source_file_version,MI팀_시장분석 AI_시장 분석 Master Version (260422).xlsx,MI팀_시장분석 AI_시장 분석 Master Version (원본파일 점검용 재공유 2026.05.18).xlsx
sb_006_00458,ingested_at,2026-05-17T07:07:25.045131,2026-05-18T16:21:40
sb_006_00459,source_file_version,MI팀_시장분석 AI_시장 분석 Master Version (260422).xlsx,MI팀_시장분석 AI_시장 분석 Master Version (원본파일 점검용 재공유 2026.05.18).xlsx
sb_006_00459,ingested_at,2026-05-17T07:07:25.045131,2026-05-18T16:21:40
sb_006_00460,source_file_version,MI팀_시장분석 AI_시장 분석 Master Version (260422).xlsx,MI팀_시장분석 AI_시장 분석 Master Version (원본파일 점검용 재공유 2026.05.18).xlsx
sb_006_00460,ingested_at,2026-05-17T07:07:25.045131,2026-05-18T16:21:40
sb_006_00461,source_file_version,MI팀_시장분석 AI_시장 분석 Master Version (260422).xlsx,MI팀_시장분석 AI_시장 분석 Master Version (원본파일 점검용 재공유 2026.05.18).xlsx
sb_006_00461,ingested_at,2026-05-17T07:07:25.045131,2026-05-18T16:21:40
sb_006_00462,source_file_version,MI팀_시장분석 AI_시장 분석 Master Version (260422).xlsx,MI팀_시장분석 AI_시장 분석 Master Version (원본파일 점검용 재공유 2026.05.18).xlsx
sb_006_00462,ingested_at,2026-05-17T07:07:25.045131,2026-05-18T16:21:40
sb_006_00463,source_file_version,MI팀_시장분석 AI_시장 분석 Master Version (260422).xlsx,MI팀_시장분석 AI_시장 분석 Master Version (원본파일 점검용 재공유 2026.05.18).xlsx
sb_006_00463,ingested_at,2026-05-17T07:07:25.045131,2026-05-18T16:21:40
sb_006_00464,source_file_version,MI팀_시장분석 AI_시장 분석 Master Version (260422).xlsx,MI팀_시장분석 AI_시장 분석 Master Version (원본파일 점검용 재공유 2026.05.18).xlsx
sb_006_00464,ingested_at,2026-05-17T07:07:25.045131,2026-05-18T16:21:40
sb_006_00465,source_file_version,MI팀_시장분석 AI_시장 분석 Master Version (260422).xlsx,MI팀_시장분석 AI_시장 분석 Master Version (원본파일 점검용 재공유 2026.05.18).xlsx
sb_006_00465,ingested_at,2026-05-17T07:07:25.045131,2026-05-18T16:21:40
sb_006_00466,source_file_version,MI팀_시장분석 AI_시장 분석 Master Version (260422).xlsx,MI팀_시장분석 AI_시장 분석 Master Version (원본파일 점검용 재공유 2026.05.18).xlsx
sb_006_00466,ingested_at,2026-05-17T07:07:25.045131,2026-05-18T16:21:40
sb_006_00467,source_file_version,MI팀_시장분석 AI_시장 분석 Master Version (260422).xlsx,MI팀_시장분석 AI_시장 분석 Master Version (원본파일 점검용 재공유 2026.05.18).xlsx
sb_006_00467,ingested_at,2026-05-17T07:07:25.045131,2026-05-18T16:21:40
sb_006_00468,source_file_version,MI팀_시장분석 AI_시장 분석 Master Version (260422).xlsx,MI팀_시장분석 AI_시장 분석 Master Version (원본파일 점검용 재공유 2026.05.18).xlsx
sb_006_00468,ingested_at,2026-05-17T07:07:25.045131,2026-05-18T16:21:40
sb_006_00469,source_file_version,MI팀_시장분석 AI_시장 분석 Master Version (260422).xlsx,MI팀_시장분석 AI_시장 분석 Master Version (원본파일 점검용 재공유 2026.05.18).xlsx
sb_006_00469,ingested_at,2026-05-17T07:07:25.045131,2026-05-18T16:21:40
sb_006_00470,source_file_version,MI팀_시장분석 AI_시장 분석 Master Version (260422).xlsx,MI팀_시장분석 AI_시장 분석 Master Version (원본파일 점검용 재공유 2026.05.18).xlsx
sb_006_00470,ingested_at,2026-05-17T07:07:25.045131,2026-05-18T16:21:40
sb_006_00471,source_file_version,MI팀_시장분석 AI_시장 분석 Master Version (260422).xlsx,MI팀_시장분석 AI_시장 분석 Master Version (원본파일 점검용 재공유 2026.05.18).xlsx
sb_006_00471,ingested_at,2026-05-17T07:07:25.045131,2026-05-18T16:21:40
sb_006_00472,source_file_version,MI팀_시장분석 AI_시장 분석 Master Version (260422).xlsx,MI팀_시장분석 AI_시장 분석 Master Version (원본파일 점검용 재공유 2026.05.18).xlsx
sb_006_00472,ingested_at,2026-05-17T07:07:25.045131,2026-05-18T16:21:40
sb_006_00473,source_file_version,MI팀_시장분석 AI_시장 분석 Master Version (260422).xlsx,MI팀_시장분석 AI_시장 분석 Master Version (원본파일 점검용 재공유 2026.05.18).xlsx
sb_006_00473,ingested_at,2026-05-17T07:07:25.045131,2026-05-18T16:21:40
sb_006_00474,source_file_version,MI팀_시장분석 AI_시장 분석 Master Version (260422).xlsx,MI팀_시장분석 AI_시장 분석 Master Version (원본파일 점검용 재공유 2026.05.18).xlsx
sb_006_00474,ingested_at,2026-05-17T07:07:25.045131,2026-05-18T16:21:40
sb_006_00475,source_file_version,MI팀_시장분석 AI_시장 분석 Master Version (260422).xlsx,MI팀_시장분석 AI_시장 분석 Master Version (원본파일 점검용 재공유 2026.05.18).xlsx
sb_006_00475,ingested_at,2026-05-17T07:07:25.045131,2026-05-18T16:21:40
sb_006_00476,source_file_version,MI팀_시장분석 AI_시장 분석 Master Version (260422).xlsx,MI팀_시장분석 AI_시장 분석 Master Version (원본파일 점검용 재공유 2026.05.18).xlsx
sb_006_00476,ingested_at,2026-05-17T07:07:25.045131,2026-05-18T16:21:40
sb_006_00477,source_file_version,MI팀_시장분석 AI_시장 분석 Master Version (260422).xlsx,MI팀_시장분석 AI_시장 분석 Master Version (원본파일 점검용 재공유 2026.05.18).xlsx
sb_006_00477,ingested_at,2026-05-17T07:07:25.045131,2026-05-18T16:21:40
sb_006_00478,source_file_version,MI팀_시장분석 AI_시장 분석 Master Version (260422).xlsx,MI팀_시장분석 AI_시장 분석 Master Version (원본파일 점검용 재공유 2026.05.18).xlsx
sb_006_00478,ingested_at,2026-05-17T07:07:25.045131,2026-05-18T16:21:40
sb_006_00479,source_file_version,MI팀_시장분석 AI_시장 분석 Master Version (260422).xlsx,MI팀_시장분석 AI_시장 분석 Master Version (원본파일 점검용 재공유 2026.05.18).xlsx
sb_006_00479,ingested_at,2026-05-17T07:07:25.045131,2026-05-18T16:21:40
sb_006_00480,source_file_version,MI팀_시장분석 AI_시장 분석 Master Version (260422).xlsx,MI팀_시장분석 AI_시장 분석 Master Version (원본파일 점검용 재공유 2026.05.18).xlsx
sb_006_00480,ingested_at,2026-05-17T07:07:25.045131,2026-05-18T16:21:40
sb_006_00481,source_file_version,MI팀_시장분석 AI_시장 분석 Master Version (260422).xlsx,MI팀_시장분석 AI_시장 분석 Master Version (원본파일 점검용 재공유 2026.05.18).xlsx
sb_006_00481,ingested_at,2026-05-17T07:07:25.045131,2026-05-18T16:21:40
sb_006_00482,source_file_version,MI팀_시장분석 AI_시장 분석 Master Version (260422).xlsx,MI팀_시장분석 AI_시장 분석 Master Version (원본파일 점검용 재공유 2026.05.18).xlsx
sb_006_00482,ingested_at,2026-05-17T07:07:25.045131,2026-05-18T16:21:40
sb_006_00483,source_file_version,MI팀_시장분석 AI_시장 분석 Master Version (260422).xlsx,MI팀_시장분석 AI_시장 분석 Master Version (원본파일 점검용 재공유 2026.05.18).xlsx
sb_006_00483,ingested_at,2026-05-17T07:07:25.045131,2026-05-18T16:21:40
sb_006_00484,source_file_version,MI팀_시장분석 AI_시장 분석 Master Version (260422).xlsx,MI팀_시장분석 AI_시장 분석 Master Version (원본파일 점검용 재공유 2026.05.18).xlsx
sb_006_00484,ingested_at,2026-05-17T07:07:25.045131,2026-05-18T16:21:40
sb_006_00485,source_file_version,MI팀_시장분석 AI_시장 분석 Master Version (260422).xlsx,MI팀_시장분석 AI_시장 분석 Master Version (원본파일 점검용 재공유 2026.05.18).xlsx
sb_006_00485,ingested_at,2026-05-17T07:07:25.045131,2026-05-18T16:21:40
sb_006_00486,source_file_version,MI팀_시장분석 AI_시장 분석 Master Version (260422).xlsx,MI팀_시장분석 AI_시장 분석 Master Version (원본파일 점검용 재공유 2026.05.18).xlsx
sb_006_00486,ingested_at,2026-05-17T07:07:25.045131,2026-05-18T16:21:40
sb_006_00487,source_file_version,MI팀_시장분석 AI_시장 분석 Master Version (260422).xlsx,MI팀_시장분석 AI_시장 분석 Master Version (원본파일 점검용 재공유 2026.05.18).xlsx
sb_006_00487,ingested_at,2026-05-17T07:07:25.045131,2026-05-18T16:21:40
sb_006_00488,source_file_version,MI팀_시장분석 AI_시장 분석 Master Version (260422).xlsx,MI팀_시장분석 AI_시장 분석 Master Version (원본파일 점검용 재공유 2026.05.18).xlsx
sb_006_00488,ingested_at,2026-05-17T07:07:25.045131,2026-05-18T16:21:40
sb_006_00489,source_file_version,MI팀_시장분석 AI_시장 분석 Master Version (260422).xlsx,MI팀_시장분석 AI_시장 분석 Master Version (원본파일 점검용 재공유 2026.05.18).xlsx
sb_006_00489,ingested_at,2026-05-17T07:07:25.045131,2026-05-18T16:21:40
sb_006_00490,source_file_version,MI팀_시장분석 AI_시장 분석 Master Version (260422).xlsx,MI팀_시장분석 AI_시장 분석 Master Version (원본파일 점검용 재공유 2026.05.18).xlsx
sb_006_00490,ingested_at,2026-05-17T07:07:25.045131,2026-05-18T16:21:40
sb_006_00491,source_file_version,MI팀_시장분석 AI_시장 분석 Master Version (260422).xlsx,MI팀_시장분석 AI_시장 분석 Master Version (원본파일 점검용 재공유 2026.05.18).xlsx
sb_006_00491,ingested_at,2026-05-17T07:07:25.045131,2026-05-18T16:21:40
sb_006_00492,source_file_version,MI팀_시장분석 AI_시장 분석 Master Version (260422).xlsx,MI팀_시장분석 AI_시장 분석 Master Version (원본파일 점검용 재공유 2026.05.18).xlsx
sb_006_00492,ingested_at,2026-05-17T07:07:25.045131,2026-05-18T16:21:40
sb_006_00493,source_file_version,MI팀_시장분석 AI_시장 분석 Master Version (260422).xlsx,MI팀_시장분석 AI_시장 분석 Master Version (원본파일 점검용 재공유 2026.05.18).xlsx
sb_006_00493,ingested_at,2026-05-17T07:07:25.045131,2026-05-18T16:21:40
sb_006_00494,source_file_version,MI팀_시장분석 AI_시장 분석 Master Version (260422).xlsx,MI팀_시장분석 AI_시장 분석 Master Version (원본파일 점검용 재공유 2026.05.18).xlsx
sb_006_00494,ingested_at,2026-05-17T07:07:25.045131,2026-05-18T16:21:40
sb_006_00495,source_file_version,MI팀_시장분석 AI_시장 분석 Master Version (260422).xlsx,MI팀_시장분석 AI_시장 분석 Master Version (원본파일 점검용 재공유 2026.05.18).xlsx
sb_006_00495,ingested_at,2026-05-17T07:07:25.045131,2026-05-18T16:21:40
sb_006_00496,source_file_version,MI팀_시장분석 AI_시장 분석 Master Version (260422).xlsx,MI팀_시장분석 AI_시장 분석 Master Version (원본파일 점검용 재공유 2026.05.18).xlsx
sb_006_00496,ingested_at,2026-05-17T07:07:25.045131,2026-05-18T16:21:40
sb_006_00497,source_file_version,MI팀_시장분석 AI_시장 분석 Master Version (260422).xlsx,MI팀_시장분석 AI_시장 분석 Master Version (원본파일 점검용 재공유 2026.05.18).xlsx
sb_006_00497,ingested_at,2026-05-17T07:07:25.045131,2026-05-18T16:21:40
sb_006_00498,source_file_version,MI팀_시장분석 AI_시장 분석 Master Version (260422).xlsx,MI팀_시장분석 AI_시장 분석 Master Version (원본파일 점검용 재공유 2026.05.18).xlsx
sb_006_00498,ingested_at,2026-05-17T07:07:25.045131,2026-05-18T16:21:40
sb_006_00499,source_file_version,MI팀_시장분석 AI_시장 분석 Master Version (260422).xlsx,MI팀_시장분석 AI_시장 분석 Master Version (원본파일 점검용 재공유 2026.05.18).xlsx
sb_006_00499,ingested_at,2026-05-17T07:07:25.045131,2026-05-18T16:21:40
sb_006_00500,source_file_version,MI팀_시장분석 AI_시장 분석 Master Version (260422).xlsx,MI팀_시장분석 AI_시장 분석 Master Version (원본파일 점검용 재공유 2026.05.18).xlsx
sb_006_00500,ingested_at,2026-05-17T07:07:25.045131,2026-05-18T16:21:40
sb_006_00501,source_file_version,MI팀_시장분석 AI_시장 분석 Master Version (260422).xlsx,MI팀_시장분석 AI_시장 분석 Master Version (원본파일 점검용 재공유 2026.05.18).xlsx
sb_006_00501,ingested_at,2026-05-17T07:07:25.045131,2026-05-18T16:21:40
sb_006_00502,source_file_version,MI팀_시장분석 AI_시장 분석 Master Version (260422).xlsx,MI팀_시장분석 AI_시장 분석 Master Version (원본파일 점검용 재공유 2026.05.18).xlsx
sb_006_00502,ingested_at,2026-05-17T07:07:25.045131,2026-05-18T16:21:40
sb_006_00503,source_file_version,MI팀_시장분석 AI_시장 분석 Master Version (260422).xlsx,MI팀_시장분석 AI_시장 분석 Master Version (원본파일 점검용 재공유 2026.05.18).xlsx
sb_006_00503,ingested_at,2026-05-17T07:07:25.045131,2026-05-18T16:21:40
sb_006_00504,source_file_version,MI팀_시장분석 AI_시장 분석 Master Version (260422).xlsx,MI팀_시장분석 AI_시장 분석 Master Version (원본파일 점검용 재공유 2026.05.18).xlsx
sb_006_00504,ingested_at,2026-05-17T07:07:25.045131,2026-05-18T16:21:40
sb_006_00505,source_file_version,MI팀_시장분석 AI_시장 분석 Master Version (260422).xlsx,MI팀_시장분석 AI_시장 분석 Master Version (원본파일 점검용 재공유 2026.05.18).xlsx
sb_006_00505,ingested_at,2026-05-17T07:07:25.045131,2026-05-18T16:21:40
sb_006_00506,source_file_version,MI팀_시장분석 AI_시장 분석 Master Version (260422).xlsx,MI팀_시장분석 AI_시장 분석 Master Version (원본파일 점검용 재공유 2026.05.18).xlsx
sb_006_00506,ingested_at,2026-05-17T07:07:25.045131,2026-05-18T16:21:40
sb_006_00507,source_file_version,MI팀_시장분석 AI_시장 분석 Master Version (260422).xlsx,MI팀_시장분석 AI_시장 분석 Master Version (원본파일 점검용 재공유 2026.05.18).xlsx
sb_006_00507,ingested_at,2026-05-17T07:07:25.045131,2026-05-18T16:21:40
sb_006_00508,source_file_version,MI팀_시장분석 AI_시장 분석 Master Version (260422).xlsx,MI팀_시장분석 AI_시장 분석 Master Version (원본파일 점검용 재공유 2026.05.18).xlsx
sb_006_00508,ingested_at,2026-05-17T07:07:25.045131,2026-05-18T16:21:40
sb_006_00509,source_file_version,MI팀_시장분석 AI_시장 분석 Master Version (260422).xlsx,MI팀_시장분석 AI_시장 분석 Master Version (원본파일 점검용 재공유 2026.05.18).xlsx
sb_006_00509,ingested_at,2026-05-17T07:07:25.045131,2026-05-18T16:21:40
sb_006_00510,source_file_version,MI팀_시장분석 AI_시장 분석 Master Version (260422).xlsx,MI팀_시장분석 AI_시장 분석 Master Version (원본파일 점검용 재공유 2026.05.18).xlsx
sb_006_00510,ingested_at,2026-05-17T07:07:25.045131,2026-05-18T16:21:40
sb_006_00511,source_file_version,MI팀_시장분석 AI_시장 분석 Master Version (260422).xlsx,MI팀_시장분석 AI_시장 분석 Master Version (원본파일 점검용 재공유 2026.05.18).xlsx
sb_006_00511,ingested_at,2026-05-17T07:07:25.045131,2026-05-18T16:21:40
sb_006_00512,source_file_version,MI팀_시장분석 AI_시장 분석 Master Version (260422).xlsx,MI팀_시장분석 AI_시장 분석 Master Version (원본파일 점검용 재공유 2026.05.18).xlsx
sb_006_00512,ingested_at,2026-05-17T07:07:25.045131,2026-05-18T16:21:40
sb_006_00513,source_file_version,MI팀_시장분석 AI_시장 분석 Master Version (260422).xlsx,MI팀_시장분석 AI_시장 분석 Master Version (원본파일 점검용 재공유 2026.05.18).xlsx
sb_006_00513,ingested_at,2026-05-17T07:07:25.045131,2026-05-18T16:21:40
sb_006_00514,source_file_version,MI팀_시장분석 AI_시장 분석 Master Version (260422).xlsx,MI팀_시장분석 AI_시장 분석 Master Version (원본파일 점검용 재공유 2026.05.18).xlsx
sb_006_00514,ingested_at,2026-05-17T07:07:25.045131,2026-05-18T16:21:40
sb_006_00515,source_file_version,MI팀_시장분석 AI_시장 분석 Master Version (260422).xlsx,MI팀_시장분석 AI_시장 분석 Master Version (원본파일 점검용 재공유 2026.05.18).xlsx
sb_006_00515,ingested_at,2026-05-17T07:07:25.045131,2026-05-18T16:21:40
sb_006_00516,source_file_version,MI팀_시장분석 AI_시장 분석 Master Version (260422).xlsx,MI팀_시장분석 AI_시장 분석 Master Version (원본파일 점검용 재공유 2026.05.18).xlsx
sb_006_00516,ingested_at,2026-05-17T07:07:25.045131,2026-05-18T16:21:40
sb_006_00517,source_file_version,MI팀_시장분석 AI_시장 분석 Master Version (260422).xlsx,MI팀_시장분석 AI_시장 분석 Master Version (원본파일 점검용 재공유 2026.05.18).xlsx
sb_006_00517,ingested_at,2026-05-17T07:07:25.045131,2026-05-18T16:21:40
sb_006_00518,source_file_version,MI팀_시장분석 AI_시장 분석 Master Version (260422).xlsx,MI팀_시장분석 AI_시장 분석 Master Version (원본파일 점검용 재공유 2026.05.18).xlsx
sb_006_00518,ingested_at,2026-05-17T07:07:25.045131,2026-05-18T16:21:40
sb_006_00519,source_file_version,MI팀_시장분석 AI_시장 분석 Master Version (260422).xlsx,MI팀_시장분석 AI_시장 분석 Master Version (원본파일 점검용 재공유 2026.05.18).xlsx
sb_006_00519,ingested_at,2026-05-17T07:07:25.045131,2026-05-18T16:21:40
sb_006_00520,source_file_version,MI팀_시장분석 AI_시장 분석 Master Version (260422).xlsx,MI팀_시장분석 AI_시장 분석 Master Version (원본파일 점검용 재공유 2026.05.18).xlsx
sb_006_00520,ingested_at,2026-05-17T07:07:25.045131,2026-05-18T16:21:40
sb_006_00521,source_file_version,MI팀_시장분석 AI_시장 분석 Master Version (260422).xlsx,MI팀_시장분석 AI_시장 분석 Master Version (원본파일 점검용 재공유 2026.05.18).xlsx
sb_006_00521,ingested_at,2026-05-17T07:07:25.045131,2026-05-18T16:21:40
sb_006_00522,source_file_version,MI팀_시장분석 AI_시장 분석 Master Version (260422).xlsx,MI팀_시장분석 AI_시장 분석 Master Version (원본파일 점검용 재공유 2026.05.18).xlsx
sb_006_00522,ingested_at,2026-05-17T07:07:25.045131,2026-05-18T16:21:40
sb_006_00523,source_file_version,MI팀_시장분석 AI_시장 분석 Master Version (260422).xlsx,MI팀_시장분석 AI_시장 분석 Master Version (원본파일 점검용 재공유 2026.05.18).xlsx
sb_006_00523,ingested_at,2026-05-17T07:07:25.045131,2026-05-18T16:21:40
sb_006_00524,source_file_version,MI팀_시장분석 AI_시장 분석 Master Version (260422).xlsx,MI팀_시장분석 AI_시장 분석 Master Version (원본파일 점검용 재공유 2026.05.18).xlsx
sb_006_00524,ingested_at,2026-05-17T07:07:25.045131,2026-05-18T16:21:40
sb_006_00525,source_file_version,MI팀_시장분석 AI_시장 분석 Master Version (260422).xlsx,MI팀_시장분석 AI_시장 분석 Master Version (원본파일 점검용 재공유 2026.05.18).xlsx
sb_006_00525,ingested_at,2026-05-17T07:07:25.045131,2026-05-18T16:21:40
sb_006_00526,source_file_version,MI팀_시장분석 AI_시장 분석 Master Version (260422).xlsx,MI팀_시장분석 AI_시장 분석 Master Version (원본파일 점검용 재공유 2026.05.18).xlsx
sb_006_00526,ingested_at,2026-05-17T07:07:25.045131,2026-05-18T16:21:40
sb_006_00527,source_file_version,MI팀_시장분석 AI_시장 분석 Master Version (260422).xlsx,MI팀_시장분석 AI_시장 분석 Master Version (원본파일 점검용 재공유 2026.05.18).xlsx
sb_006_00527,ingested_at,2026-05-17T07:07:25.045131,2026-05-18T16:21:40
sb_006_00528,source_file_version,MI팀_시장분석 AI_시장 분석 Master Version (260422).xlsx,MI팀_시장분석 AI_시장 분석 Master Version (원본파일 점검용 재공유 2026.05.18).xlsx
sb_006_00528,ingested_at,2026-05-17T07:07:25.045131,2026-05-18T16:21:40
sb_006_00529,source_file_version,MI팀_시장분석 AI_시장 분석 Master Version (260422).xlsx,MI팀_시장분석 AI_시장 분석 Master Version (원본파일 점검용 재공유 2026.05.18).xlsx
sb_006_00529,ingested_at,2026-05-17T07:07:25.045131,2026-05-18T16:21:40
sb_006_00530,source_file_version,MI팀_시장분석 AI_시장 분석 Master Version (260422).xlsx,MI팀_시장분석 AI_시장 분석 Master Version (원본파일 점검용 재공유 2026.05.18).xlsx
sb_006_00530,ingested_at,2026-05-17T07:07:25.045131,2026-05-18T16:21:40
sb_006_00531,source_file_version,MI팀_시장분석 AI_시장 분석 Master Version (260422).xlsx,MI팀_시장분석 AI_시장 분석 Master Version (원본파일 점검용 재공유 2026.05.18).xlsx
sb_006_00531,ingested_at,2026-05-17T07:07:25.045131,2026-05-18T16:21:40
sb_006_00532,source_file_version,MI팀_시장분석 AI_시장 분석 Master Version (260422).xlsx,MI팀_시장분석 AI_시장 분석 Master Version (원본파일 점검용 재공유 2026.05.18).xlsx
sb_006_00532,ingested_at,2026-05-17T07:07:25.045131,2026-05-18T16:21:40
sb_006_00533,source_file_version,MI팀_시장분석 AI_시장 분석 Master Version (260422).xlsx,MI팀_시장분석 AI_시장 분석 Master Version (원본파일 점검용 재공유 2026.05.18).xlsx
sb_006_00533,ingested_at,2026-05-17T07:07:25.045131,2026-05-18T16:21:40
sb_006_00534,source_file_version,MI팀_시장분석 AI_시장 분석 Master Version (260422).xlsx,MI팀_시장분석 AI_시장 분석 Master Version (원본파일 점검용 재공유 2026.05.18).xlsx
sb_006_00534,ingested_at,2026-05-17T07:07:25.045131,2026-05-18T16:21:40
sb_006_00535,source_file_version,MI팀_시장분석 AI_시장 분석 Master Version (260422).xlsx,MI팀_시장분석 AI_시장 분석 Master Version (원본파일 점검용 재공유 2026.05.18).xlsx
sb_006_00535,ingested_at,2026-05-17T07:07:25.045131,2026-05-18T16:21:40
sb_006_00536,source_file_version,MI팀_시장분석 AI_시장 분석 Master Version (260422).xlsx,MI팀_시장분석 AI_시장 분석 Master Version (원본파일 점검용 재공유 2026.05.18).xlsx
sb_006_00536,ingested_at,2026-05-17T07:07:25.045131,2026-05-18T16:21:40
sb_006_00537,source_file_version,MI팀_시장분석 AI_시장 분석 Master Version (260422).xlsx,MI팀_시장분석 AI_시장 분석 Master Version (원본파일 점검용 재공유 2026.05.18).xlsx
sb_006_00537,ingested_at,2026-05-17T07:07:25.045131,2026-05-18T16:21:40
sb_006_00538,source_file_version,MI팀_시장분석 AI_시장 분석 Master Version (260422).xlsx,MI팀_시장분석 AI_시장 분석 Master Version (원본파일 점검용 재공유 2026.05.18).xlsx
sb_006_00538,ingested_at,2026-05-17T07:07:25.045131,2026-05-18T16:21:40
sb_006_00539,source_file_version,MI팀_시장분석 AI_시장 분석 Master Version (260422).xlsx,MI팀_시장분석 AI_시장 분석 Master Version (원본파일 점검용 재공유 2026.05.18).xlsx
sb_006_00539,ingested_at,2026-05-17T07:07:25.045131,2026-05-18T16:21:40
sb_006_00540,source_file_version,MI팀_시장분석 AI_시장 분석 Master Version (260422).xlsx,MI팀_시장분석 AI_시장 분석 Master Version (원본파일 점검용 재공유 2026.05.18).xlsx
sb_006_00540,ingested_at,2026-05-17T07:07:25.045131,2026-05-18T16:21:40
sb_006_00541,source_file_version,MI팀_시장분석 AI_시장 분석 Master Version (260422).xlsx,MI팀_시장분석 AI_시장 분석 Master Version (원본파일 점검용 재공유 2026.05.18).xlsx
sb_006_00541,ingested_at,2026-05-17T07:07:25.045131,2026-05-18T16:21:40
sb_006_00542,source_file_version,MI팀_시장분석 AI_시장 분석 Master Version (260422).xlsx,MI팀_시장분석 AI_시장 분석 Master Version (원본파일 점검용 재공유 2026.05.18).xlsx
sb_006_00542,ingested_at,2026-05-17T07:07:25.045131,2026-05-18T16:21:40
sb_006_00543,source_file_version,MI팀_시장분석 AI_시장 분석 Master Version (260422).xlsx,MI팀_시장분석 AI_시장 분석 Master Version (원본파일 점검용 재공유 2026.05.18).xlsx
sb_006_00543,ingested_at,2026-05-17T07:07:25.045131,2026-05-18T16:21:40
sb_006_00544,source_file_version,MI팀_시장분석 AI_시장 분석 Master Version (260422).xlsx,MI팀_시장분석 AI_시장 분석 Master Version (원본파일 점검용 재공유 2026.05.18).xlsx
sb_006_00544,ingested_at,2026-05-17T07:07:25.045131,2026-05-18T16:21:40
sb_006_00545,source_file_version,MI팀_시장분석 AI_시장 분석 Master Version (260422).xlsx,MI팀_시장분석 AI_시장 분석 Master Version (원본파일 점검용 재공유 2026.05.18).xlsx
sb_006_00545,ingested_at,2026-05-17T07:07:25.045131,2026-05-18T16:21:40
sb_006_00546,source_file_version,MI팀_시장분석 AI_시장 분석 Master Version (260422).xlsx,MI팀_시장분석 AI_시장 분석 Master Version (원본파일 점검용 재공유 2026.05.18).xlsx
sb_006_00546,ingested_at,2026-05-17T07:07:25.045131,2026-05-18T16:21:40
sb_006_00547,source_file_version,MI팀_시장분석 AI_시장 분석 Master Version (260422).xlsx,MI팀_시장분석 AI_시장 분석 Master Version (원본파일 점검용 재공유 2026.05.18).xlsx
sb_006_00547,ingested_at,2026-05-17T07:07:25.045131,2026-05-18T16:21:40
sb_006_00548,source_file_version,MI팀_시장분석 AI_시장 분석 Master Version (260422).xlsx,MI팀_시장분석 AI_시장 분석 Master Version (원본파일 점검용 재공유 2026.05.18).xlsx
sb_006_00548,ingested_at,2026-05-17T07:07:25.045131,2026-05-18T16:21:40
sb_006_00549,source_file_version,MI팀_시장분석 AI_시장 분석 Master Version (260422).xlsx,MI팀_시장분석 AI_시장 분석 Master Version (원본파일 점검용 재공유 2026.05.18).xlsx
sb_006_00549,ingested_at,2026-05-17T07:07:25.045131,2026-05-18T16:21:40
sb_006_00550,source_file_version,MI팀_시장분석 AI_시장 분석 Master Version (260422).xlsx,MI팀_시장분석 AI_시장 분석 Master Version (원본파일 점검용 재공유 2026.05.18).xlsx
sb_006_00550,ingested_at,2026-05-17T07:07:25.045131,2026-05-18T16:21:40
sb_006_00551,source_file_version,MI팀_시장분석 AI_시장 분석 Master Version (260422).xlsx,MI팀_시장분석 AI_시장 분석 Master Version (원본파일 점검용 재공유 2026.05.18).xlsx
sb_006_00551,ingested_at,2026-05-17T07:07:25.045131,2026-05-18T16:21:40
sb_006_00552,source_file_version,MI팀_시장분석 AI_시장 분석 Master Version (260422).xlsx,MI팀_시장분석 AI_시장 분석 Master Version (원본파일 점검용 재공유 2026.05.18).xlsx
sb_006_00552,ingested_at,2026-05-17T07:07:25.045131,2026-05-18T16:21:40
sb_006_00553,source_file_version,MI팀_시장분석 AI_시장 분석 Master Version (260422).xlsx,MI팀_시장분석 AI_시장 분석 Master Version (원본파일 점검용 재공유 2026.05.18).xlsx
sb_006_00553,ingested_at,2026-05-17T07:07:25.045131,2026-05-18T16:21:40
sb_006_00554,source_file_version,MI팀_시장분석 AI_시장 분석 Master Version (260422).xlsx,MI팀_시장분석 AI_시장 분석 Master Version (원본파일 점검용 재공유 2026.05.18).xlsx
sb_006_00554,ingested_at,2026-05-17T07:07:25.045131,2026-05-18T16:21:40
sb_006_00555,source_file_version,MI팀_시장분석 AI_시장 분석 Master Version (260422).xlsx,MI팀_시장분석 AI_시장 분석 Master Version (원본파일 점검용 재공유 2026.05.18).xlsx
sb_006_00555,ingested_at,2026-05-17T07:07:25.045131,2026-05-18T16:21:40
sb_006_00556,source_file_version,MI팀_시장분석 AI_시장 분석 Master Version (260422).xlsx,MI팀_시장분석 AI_시장 분석 Master Version (원본파일 점검용 재공유 2026.05.18).xlsx
sb_006_00556,ingested_at,2026-05-17T07:07:25.045131,2026-05-18T16:21:40
sb_006_00557,source_file_version,MI팀_시장분석 AI_시장 분석 Master Version (260422).xlsx,MI팀_시장분석 AI_시장 분석 Master Version (원본파일 점검용 재공유 2026.05.18).xlsx
sb_006_00557,ingested_at,2026-05-17T07:07:25.045131,2026-05-18T16:21:40
sb_006_00558,source_file_version,MI팀_시장분석 AI_시장 분석 Master Version (260422).xlsx,MI팀_시장분석 AI_시장 분석 Master Version (원본파일 점검용 재공유 2026.05.18).xlsx
sb_006_00558,ingested_at,2026-05-17T07:07:25.045131,2026-05-18T16:21:40
sb_006_00559,source_file_version,MI팀_시장분석 AI_시장 분석 Master Version (260422).xlsx,MI팀_시장분석 AI_시장 분석 Master Version (원본파일 점검용 재공유 2026.05.18).xlsx
sb_006_00559,ingested_at,2026-05-17T07:07:25.045131,2026-05-18T16:21:40
sb_006_00560,source_file_version,MI팀_시장분석 AI_시장 분석 Master Version (260422).xlsx,MI팀_시장분석 AI_시장 분석 Master Version (원본파일 점검용 재공유 2026.05.18).xlsx
sb_006_00560,ingested_at,2026-05-17T07:07:25.045131,2026-05-18T16:21:40
sb_006_00561,source_file_version,MI팀_시장분석 AI_시장 분석 Master Version (260422).xlsx,MI팀_시장분석 AI_시장 분석 Master Version (원본파일 점검용 재공유 2026.05.18).xlsx
sb_006_00561,ingested_at,2026-05-17T07:07:25.045131,2026-05-18T16:21:40
sb_006_00562,source_file_version,MI팀_시장분석 AI_시장 분석 Master Version (260422).xlsx,MI팀_시장분석 AI_시장 분석 Master Version (원본파일 점검용 재공유 2026.05.18).xlsx
sb_006_00562,ingested_at,2026-05-17T07:07:25.045131,2026-05-18T16:21:40
sb_006_00563,source_file_version,MI팀_시장분석 AI_시장 분석 Master Version (260422).xlsx,MI팀_시장분석 AI_시장 분석 Master Version (원본파일 점검용 재공유 2026.05.18).xlsx
sb_006_00563,ingested_at,2026-05-17T07:07:25.045131,2026-05-18T16:21:40
sb_006_00564,source_file_version,MI팀_시장분석 AI_시장 분석 Master Version (260422).xlsx,MI팀_시장분석 AI_시장 분석 Master Version (원본파일 점검용 재공유 2026.05.18).xlsx
sb_006_00564,ingested_at,2026-05-17T07:07:25.045131,2026-05-18T16:21:40
sb_006_00565,source_file_version,MI팀_시장분석 AI_시장 분석 Master Version (260422).xlsx,MI팀_시장분석 AI_시장 분석 Master Version (원본파일 점검용 재공유 2026.05.18).xlsx
sb_006_00565,ingested_at,2026-05-17T07:07:25.045131,2026-05-18T16:21:40
sb_006_00566,source_file_version,MI팀_시장분석 AI_시장 분석 Master Version (260422).xlsx,MI팀_시장분석 AI_시장 분석 Master Version (원본파일 점검용 재공유 2026.05.18).xlsx
sb_006_00566,ingested_at,2026-05-17T07:07:25.045131,2026-05-18T16:21:40
sb_006_00567,source_file_version,MI팀_시장분석 AI_시장 분석 Master Version (260422).xlsx,MI팀_시장분석 AI_시장 분석 Master Version (원본파일 점검용 재공유 2026.05.18).xlsx
sb_006_00567,ingested_at,2026-05-17T07:07:25.045131,2026-05-18T16:21:40
sb_006_00568,source_file_version,MI팀_시장분석 AI_시장 분석 Master Version (260422).xlsx,MI팀_시장분석 AI_시장 분석 Master Version (원본파일 점검용 재공유 2026.05.18).xlsx
sb_006_00568,ingested_at,2026-05-17T07:07:25.045131,2026-05-18T16:21:40
sb_006_00569,source_file_version,MI팀_시장분석 AI_시장 분석 Master Version (260422).xlsx,MI팀_시장분석 AI_시장 분석 Master Version (원본파일 점검용 재공유 2026.05.18).xlsx
sb_006_00569,ingested_at,2026-05-17T07:07:25.045131,2026-05-18T16:21:40
sb_006_00570,source_file_version,MI팀_시장분석 AI_시장 분석 Master Version (260422).xlsx,MI팀_시장분석 AI_시장 분석 Master Version (원본파일 점검용 재공유 2026.05.18).xlsx
sb_006_00570,ingested_at,2026-05-17T07:07:25.045131,2026-05-18T16:21:40
sb_006_00571,source_file_version,MI팀_시장분석 AI_시장 분석 Master Version (260422).xlsx,MI팀_시장분석 AI_시장 분석 Master Version (원본파일 점검용 재공유 2026.05.18).xlsx
sb_006_00571,ingested_at,2026-05-17T07:07:25.045131,2026-05-18T16:21:40
sb_006_00572,source_file_version,MI팀_시장분석 AI_시장 분석 Master Version (260422).xlsx,MI팀_시장분석 AI_시장 분석 Master Version (원본파일 점검용 재공유 2026.05.18).xlsx
sb_006_00572,ingested_at,2026-05-17T07:07:25.045131,2026-05-18T16:21:40
sb_006_00573,source_file_version,MI팀_시장분석 AI_시장 분석 Master Version (260422).xlsx,MI팀_시장분석 AI_시장 분석 Master Version (원본파일 점검용 재공유 2026.05.18).xlsx
sb_006_00573,ingested_at,2026-05-17T07:07:25.045131,2026-05-18T16:21:40
sb_006_00574,source_file_version,MI팀_시장분석 AI_시장 분석 Master Version (260422).xlsx,MI팀_시장분석 AI_시장 분석 Master Version (원본파일 점검용 재공유 2026.05.18).xlsx
sb_006_00574,ingested_at,2026-05-17T07:07:25.045131,2026-05-18T16:21:40
sb_006_00575,source_file_version,MI팀_시장분석 AI_시장 분석 Master Version (260422).xlsx,MI팀_시장분석 AI_시장 분석 Master Version (원본파일 점검용 재공유 2026.05.18).xlsx
sb_006_00575,ingested_at,2026-05-17T07:07:25.045131,2026-05-18T16:21:40
sb_006_00576,source_file_version,MI팀_시장분석 AI_시장 분석 Master Version (260422).xlsx,MI팀_시장분석 AI_시장 분석 Master Version (원본파일 점검용 재공유 2026.05.18).xlsx
sb_006_00576,ingested_at,2026-05-17T07:07:25.045131,2026-05-18T16:21:40
sb_006_00577,source_file_version,MI팀_시장분석 AI_시장 분석 Master Version (260422).xlsx,MI팀_시장분석 AI_시장 분석 Master Version (원본파일 점검용 재공유 2026.05.18).xlsx
sb_006_00577,ingested_at,2026-05-17T07:07:25.045131,2026-05-18T16:21:40
sb_006_00578,source_file_version,MI팀_시장분석 AI_시장 분석 Master Version (260422).xlsx,MI팀_시장분석 AI_시장 분석 Master Version (원본파일 점검용 재공유 2026.05.18).xlsx
sb_006_00578,ingested_at,2026-05-17T07:07:25.045131,2026-05-18T16:21:40
sb_006_00579,source_file_version,MI팀_시장분석 AI_시장 분석 Master Version (260422).xlsx,MI팀_시장분석 AI_시장 분석 Master Version (원본파일 점검용 재공유 2026.05.18).xlsx
sb_006_00579,ingested_at,2026-05-17T07:07:25.045131,2026-05-18T16:21:40
sb_006_00580,source_file_version,MI팀_시장분석 AI_시장 분석 Master Version (260422).xlsx,MI팀_시장분석 AI_시장 분석 Master Version (원본파일 점검용 재공유 2026.05.18).xlsx
sb_006_00580,ingested_at,2026-05-17T07:07:25.045131,2026-05-18T16:21:40
sb_006_00581,source_file_version,MI팀_시장분석 AI_시장 분석 Master Version (260422).xlsx,MI팀_시장분석 AI_시장 분석 Master Version (원본파일 점검용 재공유 2026.05.18).xlsx
sb_006_00581,ingested_at,2026-05-17T07:07:25.045131,2026-05-18T16:21:40
sb_006_00582,source_file_version,MI팀_시장분석 AI_시장 분석 Master Version (260422).xlsx,MI팀_시장분석 AI_시장 분석 Master Version (원본파일 점검용 재공유 2026.05.18).xlsx
sb_006_00582,ingested_at,2026-05-17T07:07:25.045131,2026-05-18T16:21:40
sb_006_00583,source_file_version,MI팀_시장분석 AI_시장 분석 Master Version (260422).xlsx,MI팀_시장분석 AI_시장 분석 Master Version (원본파일 점검용 재공유 2026.05.18).xlsx
sb_006_00583,ingested_at,2026-05-17T07:07:25.045131,2026-05-18T16:21:40
sb_006_00584,source_file_version,MI팀_시장분석 AI_시장 분석 Master Version (260422).xlsx,MI팀_시장분석 AI_시장 분석 Master Version (원본파일 점검용 재공유 2026.05.18).xlsx
sb_006_00584,ingested_at,2026-05-17T07:07:25.045131,2026-05-18T16:21:40
sb_006_00585,source_file_version,MI팀_시장분석 AI_시장 분석 Master Version (260422).xlsx,MI팀_시장분석 AI_시장 분석 Master Version (원본파일 점검용 재공유 2026.05.18).xlsx
sb_006_00585,ingested_at,2026-05-17T07:07:25.045131,2026-05-18T16:21:40
sb_006_00586,source_file_version,MI팀_시장분석 AI_시장 분석 Master Version (260422).xlsx,MI팀_시장분석 AI_시장 분석 Master Version (원본파일 점검용 재공유 2026.05.18).xlsx
sb_006_00586,ingested_at,2026-05-17T07:07:25.045131,2026-05-18T16:21:40
sb_006_00587,source_file_version,MI팀_시장분석 AI_시장 분석 Master Version (260422).xlsx,MI팀_시장분석 AI_시장 분석 Master Version (원본파일 점검용 재공유 2026.05.18).xlsx
sb_006_00587,ingested_at,2026-05-17T07:07:25.045131,2026-05-18T16:21:40
sb_006_00588,source_file_version,MI팀_시장분석 AI_시장 분석 Master Version (260422).xlsx,MI팀_시장분석 AI_시장 분석 Master Version (원본파일 점검용 재공유 2026.05.18).xlsx
sb_006_00588,ingested_at,2026-05-17T07:07:25.045131,2026-05-18T16:21:40
sb_006_00589,source_file_version,MI팀_시장분석 AI_시장 분석 Master Version (260422).xlsx,MI팀_시장분석 AI_시장 분석 Master Version (원본파일 점검용 재공유 2026.05.18).xlsx
sb_006_00589,ingested_at,2026-05-17T07:07:25.045131,2026-05-18T16:21:40
sb_006_00590,source_file_version,MI팀_시장분석 AI_시장 분석 Master Version (260422).xlsx,MI팀_시장분석 AI_시장 분석 Master Version (원본파일 점검용 재공유 2026.05.18).xlsx
sb_006_00590,ingested_at,2026-05-17T07:07:25.045131,2026-05-18T16:21:40
sb_006_00591,source_file_version,MI팀_시장분석 AI_시장 분석 Master Version (260422).xlsx,MI팀_시장분석 AI_시장 분석 Master Version (원본파일 점검용 재공유 2026.05.18).xlsx
sb_006_00591,ingested_at,2026-05-17T07:07:25.045131,2026-05-18T16:21:40
sb_006_00592,source_file_version,MI팀_시장분석 AI_시장 분석 Master Version (260422).xlsx,MI팀_시장분석 AI_시장 분석 Master Version (원본파일 점검용 재공유 2026.05.18).xlsx
sb_006_00592,ingested_at,2026-05-17T07:07:25.045131,2026-05-18T16:21:40
sb_006_00593,source_file_version,MI팀_시장분석 AI_시장 분석 Master Version (260422).xlsx,MI팀_시장분석 AI_시장 분석 Master Version (원본파일 점검용 재공유 2026.05.18).xlsx
sb_006_00593,ingested_at,2026-05-17T07:07:25.045131,2026-05-18T16:21:40
sb_006_00594,source_file_version,MI팀_시장분석 AI_시장 분석 Master Version (260422).xlsx,MI팀_시장분석 AI_시장 분석 Master Version (원본파일 점검용 재공유 2026.05.18).xlsx
sb_006_00594,ingested_at,2026-05-17T07:07:25.045131,2026-05-18T16:21:40
sb_006_00595,source_file_version,MI팀_시장분석 AI_시장 분석 Master Version (260422).xlsx,MI팀_시장분석 AI_시장 분석 Master Version (원본파일 점검용 재공유 2026.05.18).xlsx
sb_006_00595,ingested_at,2026-05-17T07:07:25.045131,2026-05-18T16:21:40
sb_006_00596,source_file_version,MI팀_시장분석 AI_시장 분석 Master Version (260422).xlsx,MI팀_시장분석 AI_시장 분석 Master Version (원본파일 점검용 재공유 2026.05.18).xlsx
sb_006_00596,ingested_at,2026-05-17T07:07:25.045131,2026-05-18T16:21:40
sb_006_00597,source_file_version,MI팀_시장분석 AI_시장 분석 Master Version (260422).xlsx,MI팀_시장분석 AI_시장 분석 Master Version (원본파일 점검용 재공유 2026.05.18).xlsx
sb_006_00597,ingested_at,2026-05-17T07:07:25.045131,2026-05-18T16:21:40
sb_006_00598,source_file_version,MI팀_시장분석 AI_시장 분석 Master Version (260422).xlsx,MI팀_시장분석 AI_시장 분석 Master Version (원본파일 점검용 재공유 2026.05.18).xlsx
sb_006_00598,ingested_at,2026-05-17T07:07:25.045131,2026-05-18T16:21:40
sb_006_00599,source_file_version,MI팀_시장분석 AI_시장 분석 Master Version (260422).xlsx,MI팀_시장분석 AI_시장 분석 Master Version (원본파일 점검용 재공유 2026.05.18).xlsx
sb_006_00599,ingested_at,2026-05-17T07:07:25.045131,2026-05-18T16:21:40
sb_006_00600,source_file_version,MI팀_시장분석 AI_시장 분석 Master Version (260422).xlsx,MI팀_시장분석 AI_시장 분석 Master Version (원본파일 점검용 재공유 2026.05.18).xlsx
sb_006_00600,ingested_at,2026-05-17T07:07:25.045131,2026-05-18T16:21:40
sb_006_00601,source_file_version,MI팀_시장분석 AI_시장 분석 Master Version (260422).xlsx,MI팀_시장분석 AI_시장 분석 Master Version (원본파일 점검용 재공유 2026.05.18).xlsx
sb_006_00601,ingested_at,2026-05-17T07:07:25.045131,2026-05-18T16:21:40
sb_006_00602,source_file_version,MI팀_시장분석 AI_시장 분석 Master Version (260422).xlsx,MI팀_시장분석 AI_시장 분석 Master Version (원본파일 점검용 재공유 2026.05.18).xlsx
sb_006_00602,ingested_at,2026-05-17T07:07:25.045131,2026-05-18T16:21:40
sb_006_00603,source_file_version,MI팀_시장분석 AI_시장 분석 Master Version (260422).xlsx,MI팀_시장분석 AI_시장 분석 Master Version (원본파일 점검용 재공유 2026.05.18).xlsx
sb_006_00603,ingested_at,2026-05-17T07:07:25.045131,2026-05-18T16:21:40
sb_006_00604,source_file_version,MI팀_시장분석 AI_시장 분석 Master Version (260422).xlsx,MI팀_시장분석 AI_시장 분석 Master Version (원본파일 점검용 재공유 2026.05.18).xlsx
sb_006_00604,ingested_at,2026-05-17T07:07:25.045131,2026-05-18T16:21:40
sb_006_00605,source_file_version,MI팀_시장분석 AI_시장 분석 Master Version (260422).xlsx,MI팀_시장분석 AI_시장 분석 Master Version (원본파일 점검용 재공유 2026.05.18).xlsx
sb_006_00605,ingested_at,2026-05-17T07:07:25.045131,2026-05-18T16:21:40
sb_006_00606,source_file_version,MI팀_시장분석 AI_시장 분석 Master Version (260422).xlsx,MI팀_시장분석 AI_시장 분석 Master Version (원본파일 점검용 재공유 2026.05.18).xlsx
sb_006_00606,ingested_at,2026-05-17T07:07:25.045131,2026-05-18T16:21:40
sb_006_00607,source_file_version,MI팀_시장분석 AI_시장 분석 Master Version (260422).xlsx,MI팀_시장분석 AI_시장 분석 Master Version (원본파일 점검용 재공유 2026.05.18).xlsx
sb_006_00607,ingested_at,2026-05-17T07:07:25.045131,2026-05-18T16:21:40
sb_006_00608,source_file_version,MI팀_시장분석 AI_시장 분석 Master Version (260422).xlsx,MI팀_시장분석 AI_시장 분석 Master Version (원본파일 점검용 재공유 2026.05.18).xlsx
sb_006_00608,ingested_at,2026-05-17T07:07:25.045131,2026-05-18T16:21:40
sb_006_00609,source_file_version,MI팀_시장분석 AI_시장 분석 Master Version (260422).xlsx,MI팀_시장분석 AI_시장 분석 Master Version (원본파일 점검용 재공유 2026.05.18).xlsx
sb_006_00609,ingested_at,2026-05-17T07:07:25.045131,2026-05-18T16:21:40
sb_006_00610,source_file_version,MI팀_시장분석 AI_시장 분석 Master Version (260422).xlsx,MI팀_시장분석 AI_시장 분석 Master Version (원본파일 점검용 재공유 2026.05.18).xlsx
sb_006_00610,ingested_at,2026-05-17T07:07:25.045131,2026-05-18T16:21:40
sb_006_00611,source_file_version,MI팀_시장분석 AI_시장 분석 Master Version (260422).xlsx,MI팀_시장분석 AI_시장 분석 Master Version (원본파일 점검용 재공유 2026.05.18).xlsx
sb_006_00611,ingested_at,2026-05-17T07:07:25.045131,2026-05-18T16:21:40
sb_006_00612,source_file_version,MI팀_시장분석 AI_시장 분석 Master Version (260422).xlsx,MI팀_시장분석 AI_시장 분석 Master Version (원본파일 점검용 재공유 2026.05.18).xlsx
sb_006_00612,ingested_at,2026-05-17T07:07:25.045131,2026-05-18T16:21:40
sb_006_00613,source_file_version,MI팀_시장분석 AI_시장 분석 Master Version (260422).xlsx,MI팀_시장분석 AI_시장 분석 Master Version (원본파일 점검용 재공유 2026.05.18).xlsx
sb_006_00613,ingested_at,2026-05-17T07:07:25.045131,2026-05-18T16:21:40
sb_006_00614,source_file_version,MI팀_시장분석 AI_시장 분석 Master Version (260422).xlsx,MI팀_시장분석 AI_시장 분석 Master Version (원본파일 점검용 재공유 2026.05.18).xlsx
sb_006_00614,ingested_at,2026-05-17T07:07:25.045131,2026-05-18T16:21:40
sb_006_00615,source_file_version,MI팀_시장분석 AI_시장 분석 Master Version (260422).xlsx,MI팀_시장분석 AI_시장 분석 Master Version (원본파일 점검용 재공유 2026.05.18).xlsx
sb_006_00615,ingested_at,2026-05-17T07:07:25.045131,2026-05-18T16:21:40
sb_006_00616,source_file_version,MI팀_시장분석 AI_시장 분석 Master Version (260422).xlsx,MI팀_시장분석 AI_시장 분석 Master Version (원본파일 점검용 재공유 2026.05.18).xlsx
sb_006_00616,ingested_at,2026-05-17T07:07:25.045131,2026-05-18T16:21:40
sb_006_00617,source_file_version,MI팀_시장분석 AI_시장 분석 Master Version (260422).xlsx,MI팀_시장분석 AI_시장 분석 Master Version (원본파일 점검용 재공유 2026.05.18).xlsx
sb_006_00617,ingested_at,2026-05-17T07:07:25.045131,2026-05-18T16:21:40
sb_006_00618,source_file_version,MI팀_시장분석 AI_시장 분석 Master Version (260422).xlsx,MI팀_시장분석 AI_시장 분석 Master Version (원본파일 점검용 재공유 2026.05.18).xlsx
sb_006_00618,ingested_at,2026-05-17T07:07:25.045131,2026-05-18T16:21:40
sb_006_00619,source_file_version,MI팀_시장분석 AI_시장 분석 Master Version (260422).xlsx,MI팀_시장분석 AI_시장 분석 Master Version (원본파일 점검용 재공유 2026.05.18).xlsx
sb_006_00619,ingested_at,2026-05-17T07:07:25.045131,2026-05-18T16:21:40
sb_006_00620,source_file_version,MI팀_시장분석 AI_시장 분석 Master Version (260422).xlsx,MI팀_시장분석 AI_시장 분석 Master Version (원본파일 점검용 재공유 2026.05.18).xlsx
sb_006_00620,ingested_at,2026-05-17T07:07:25.045131,2026-05-18T16:21:40
sb_006_00621,source_file_version,MI팀_시장분석 AI_시장 분석 Master Version (260422).xlsx,MI팀_시장분석 AI_시장 분석 Master Version (원본파일 점검용 재공유 2026.05.18).xlsx
sb_006_00621,ingested_at,2026-05-17T07:07:25.045131,2026-05-18T16:21:40
sb_006_00622,source_file_version,MI팀_시장분석 AI_시장 분석 Master Version (260422).xlsx,MI팀_시장분석 AI_시장 분석 Master Version (원본파일 점검용 재공유 2026.05.18).xlsx
sb_006_00622,ingested_at,2026-05-17T07:07:25.045131,2026-05-18T16:21:40
sb_006_00623,source_file_version,MI팀_시장분석 AI_시장 분석 Master Version (260422).xlsx,MI팀_시장분석 AI_시장 분석 Master Version (원본파일 점검용 재공유 2026.05.18).xlsx
sb_006_00623,ingested_at,2026-05-17T07:07:25.045131,2026-05-18T16:21:40
sb_006_00624,source_file_version,MI팀_시장분석 AI_시장 분석 Master Version (260422).xlsx,MI팀_시장분석 AI_시장 분석 Master Version (원본파일 점검용 재공유 2026.05.18).xlsx
sb_006_00624,ingested_at,2026-05-17T07:07:25.045131,2026-05-18T16:21:40
sb_006_00625,source_file_version,MI팀_시장분석 AI_시장 분석 Master Version (260422).xlsx,MI팀_시장분석 AI_시장 분석 Master Version (원본파일 점검용 재공유 2026.05.18).xlsx
sb_006_00625,ingested_at,2026-05-17T07:07:25.045131,2026-05-18T16:21:40
sb_006_00626,source_file_version,MI팀_시장분석 AI_시장 분석 Master Version (260422).xlsx,MI팀_시장분석 AI_시장 분석 Master Version (원본파일 점검용 재공유 2026.05.18).xlsx
sb_006_00626,ingested_at,2026-05-17T07:07:25.045131,2026-05-18T16:21:40
sb_006_00627,source_file_version,MI팀_시장분석 AI_시장 분석 Master Version (260422).xlsx,MI팀_시장분석 AI_시장 분석 Master Version (원본파일 점검용 재공유 2026.05.18).xlsx
sb_006_00627,ingested_at,2026-05-17T07:07:25.045131,2026-05-18T16:21:40
sb_006_00628,source_file_version,MI팀_시장분석 AI_시장 분석 Master Version (260422).xlsx,MI팀_시장분석 AI_시장 분석 Master Version (원본파일 점검용 재공유 2026.05.18).xlsx
sb_006_00628,ingested_at,2026-05-17T07:07:25.045131,2026-05-18T16:21:40
sb_006_00629,source_file_version,MI팀_시장분석 AI_시장 분석 Master Version (260422).xlsx,MI팀_시장분석 AI_시장 분석 Master Version (원본파일 점검용 재공유 2026.05.18).xlsx
sb_006_00629,ingested_at,2026-05-17T07:07:25.045131,2026-05-18T16:21:40
sb_006_00630,source_file_version,MI팀_시장분석 AI_시장 분석 Master Version (260422).xlsx,MI팀_시장분석 AI_시장 분석 Master Version (원본파일 점검용 재공유 2026.05.18).xlsx
sb_006_00630,ingested_at,2026-05-17T07:07:25.045131,2026-05-18T16:21:40
sb_006_00631,source_file_version,MI팀_시장분석 AI_시장 분석 Master Version (260422).xlsx,MI팀_시장분석 AI_시장 분석 Master Version (원본파일 점검용 재공유 2026.05.18).xlsx
sb_006_00631,ingested_at,2026-05-17T07:07:25.045131,2026-05-18T16:21:40
sb_006_00632,source_file_version,MI팀_시장분석 AI_시장 분석 Master Version (260422).xlsx,MI팀_시장분석 AI_시장 분석 Master Version (원본파일 점검용 재공유 2026.05.18).xlsx
sb_006_00632,ingested_at,2026-05-17T07:07:25.045131,2026-05-18T16:21:40
sb_006_00633,source_file_version,MI팀_시장분석 AI_시장 분석 Master Version (260422).xlsx,MI팀_시장분석 AI_시장 분석 Master Version (원본파일 점검용 재공유 2026.05.18).xlsx
sb_006_00633,ingested_at,2026-05-17T07:07:25.045131,2026-05-18T16:21:40
sb_006_00634,source_file_version,MI팀_시장분석 AI_시장 분석 Master Version (260422).xlsx,MI팀_시장분석 AI_시장 분석 Master Version (원본파일 점검용 재공유 2026.05.18).xlsx
sb_006_00634,ingested_at,2026-05-17T07:07:25.045131,2026-05-18T16:21:40
sb_006_00635,source_file_version,MI팀_시장분석 AI_시장 분석 Master Version (260422).xlsx,MI팀_시장분석 AI_시장 분석 Master Version (원본파일 점검용 재공유 2026.05.18).xlsx
sb_006_00635,ingested_at,2026-05-17T07:07:25.045131,2026-05-18T16:21:40
sb_006_00636,source_file_version,MI팀_시장분석 AI_시장 분석 Master Version (260422).xlsx,MI팀_시장분석 AI_시장 분석 Master Version (원본파일 점검용 재공유 2026.05.18).xlsx
sb_006_00636,ingested_at,2026-05-17T07:07:25.045131,2026-05-18T16:21:40
sb_006_00637,source_file_version,MI팀_시장분석 AI_시장 분석 Master Version (260422).xlsx,MI팀_시장분석 AI_시장 분석 Master Version (원본파일 점검용 재공유 2026.05.18).xlsx
sb_006_00637,ingested_at,2026-05-17T07:07:25.045131,2026-05-18T16:21:40
sb_006_00638,source_file_version,MI팀_시장분석 AI_시장 분석 Master Version (260422).xlsx,MI팀_시장분석 AI_시장 분석 Master Version (원본파일 점검용 재공유 2026.05.18).xlsx
sb_006_00638,ingested_at,2026-05-17T07:07:25.045131,2026-05-18T16:21:40
sb_006_00639,source_file_version,MI팀_시장분석 AI_시장 분석 Master Version (260422).xlsx,MI팀_시장분석 AI_시장 분석 Master Version (원본파일 점검용 재공유 2026.05.18).xlsx
sb_006_00639,ingested_at,2026-05-17T07:07:25.045131,2026-05-18T16:21:40
sb_006_00640,source_file_version,MI팀_시장분석 AI_시장 분석 Master Version (260422).xlsx,MI팀_시장분석 AI_시장 분석 Master Version (원본파일 점검용 재공유 2026.05.18).xlsx
sb_006_00640,ingested_at,2026-05-17T07:07:25.045131,2026-05-18T16:21:40
sb_006_00641,source_file_version,MI팀_시장분석 AI_시장 분석 Master Version (260422).xlsx,MI팀_시장분석 AI_시장 분석 Master Version (원본파일 점검용 재공유 2026.05.18).xlsx
sb_006_00641,ingested_at,2026-05-17T07:07:25.045131,2026-05-18T16:21:40
sb_006_00642,source_file_version,MI팀_시장분석 AI_시장 분석 Master Version (260422).xlsx,MI팀_시장분석 AI_시장 분석 Master Version (원본파일 점검용 재공유 2026.05.18).xlsx
sb_006_00642,ingested_at,2026-05-17T07:07:25.045131,2026-05-18T16:21:40
sb_006_00643,source_file_version,MI팀_시장분석 AI_시장 분석 Master Version (260422).xlsx,MI팀_시장분석 AI_시장 분석 Master Version (원본파일 점검용 재공유 2026.05.18).xlsx
sb_006_00643,ingested_at,2026-05-17T07:07:25.045131,2026-05-18T16:21:40
sb_006_00644,source_file_version,MI팀_시장분석 AI_시장 분석 Master Version (260422).xlsx,MI팀_시장분석 AI_시장 분석 Master Version (원본파일 점검용 재공유 2026.05.18).xlsx
sb_006_00644,ingested_at,2026-05-17T07:07:25.045131,2026-05-18T16:21:40
sb_006_00645,source_file_version,MI팀_시장분석 AI_시장 분석 Master Version (260422).xlsx,MI팀_시장분석 AI_시장 분석 Master Version (원본파일 점검용 재공유 2026.05.18).xlsx
sb_006_00645,ingested_at,2026-05-17T07:07:25.045131,2026-05-18T16:21:40
sb_006_00646,source_file_version,MI팀_시장분석 AI_시장 분석 Master Version (260422).xlsx,MI팀_시장분석 AI_시장 분석 Master Version (원본파일 점검용 재공유 2026.05.18).xlsx
sb_006_00646,ingested_at,2026-05-17T07:07:25.045131,2026-05-18T16:21:40
sb_006_00647,source_file_version,MI팀_시장분석 AI_시장 분석 Master Version (260422).xlsx,MI팀_시장분석 AI_시장 분석 Master Version (원본파일 점검용 재공유 2026.05.18).xlsx
sb_006_00647,ingested_at,2026-05-17T07:07:25.045131,2026-05-18T16:21:40
sb_006_00648,source_file_version,MI팀_시장분석 AI_시장 분석 Master Version (260422).xlsx,MI팀_시장분석 AI_시장 분석 Master Version (원본파일 점검용 재공유 2026.05.18).xlsx
sb_006_00648,ingested_at,2026-05-17T07:07:25.045131,2026-05-18T16:21:40
sb_006_00649,source_file_version,MI팀_시장분석 AI_시장 분석 Master Version (260422).xlsx,MI팀_시장분석 AI_시장 분석 Master Version (원본파일 점검용 재공유 2026.05.18).xlsx
sb_006_00649,ingested_at,2026-05-17T07:07:25.045131,2026-05-18T16:21:40
sb_006_00650,source_file_version,MI팀_시장분석 AI_시장 분석 Master Version (260422).xlsx,MI팀_시장분석 AI_시장 분석 Master Version (원본파일 점검용 재공유 2026.05.18).xlsx
sb_006_00650,ingested_at,2026-05-17T07:07:25.045131,2026-05-18T16:21:40
sb_006_00651,source_file_version,MI팀_시장분석 AI_시장 분석 Master Version (260422).xlsx,MI팀_시장분석 AI_시장 분석 Master Version (원본파일 점검용 재공유 2026.05.18).xlsx
sb_006_00651,ingested_at,2026-05-17T07:07:25.045131,2026-05-18T16:21:40
sb_006_00652,source_file_version,MI팀_시장분석 AI_시장 분석 Master Version (260422).xlsx,MI팀_시장분석 AI_시장 분석 Master Version (원본파일 점검용 재공유 2026.05.18).xlsx
sb_006_00652,ingested_at,2026-05-17T07:07:25.045131,2026-05-18T16:21:40
sb_006_00653,source_file_version,MI팀_시장분석 AI_시장 분석 Master Version (260422).xlsx,MI팀_시장분석 AI_시장 분석 Master Version (원본파일 점검용 재공유 2026.05.18).xlsx
sb_006_00653,ingested_at,2026-05-17T07:07:25.045131,2026-05-18T16:21:40
sb_006_00654,source_file_version,MI팀_시장분석 AI_시장 분석 Master Version (260422).xlsx,MI팀_시장분석 AI_시장 분석 Master Version (원본파일 점검용 재공유 2026.05.18).xlsx
sb_006_00654,ingested_at,2026-05-17T07:07:25.045131,2026-05-18T16:21:40
sb_006_00655,source_file_version,MI팀_시장분석 AI_시장 분석 Master Version (260422).xlsx,MI팀_시장분석 AI_시장 분석 Master Version (원본파일 점검용 재공유 2026.05.18).xlsx
sb_006_00655,ingested_at,2026-05-17T07:07:25.045131,2026-05-18T16:21:40
sb_006_00656,source_file_version,MI팀_시장분석 AI_시장 분석 Master Version (260422).xlsx,MI팀_시장분석 AI_시장 분석 Master Version (원본파일 점검용 재공유 2026.05.18).xlsx
sb_006_00656,ingested_at,2026-05-17T07:07:25.045131,2026-05-18T16:21:40
sb_006_00657,source_file_version,MI팀_시장분석 AI_시장 분석 Master Version (260422).xlsx,MI팀_시장분석 AI_시장 분석 Master Version (원본파일 점검용 재공유 2026.05.18).xlsx
sb_006_00657,ingested_at,2026-05-17T07:07:25.045131,2026-05-18T16:21:40
sb_006_00658,source_file_version,MI팀_시장분석 AI_시장 분석 Master Version (260422).xlsx,MI팀_시장분석 AI_시장 분석 Master Version (원본파일 점검용 재공유 2026.05.18).xlsx
sb_006_00658,ingested_at,2026-05-17T07:07:25.045131,2026-05-18T16:21:40
sb_006_00659,source_file_version,MI팀_시장분석 AI_시장 분석 Master Version (260422).xlsx,MI팀_시장분석 AI_시장 분석 Master Version (원본파일 점검용 재공유 2026.05.18).xlsx
sb_006_00659,ingested_at,2026-05-17T07:07:25.045131,2026-05-18T16:21:40
sb_006_00660,source_file_version,MI팀_시장분석 AI_시장 분석 Master Version (260422).xlsx,MI팀_시장분석 AI_시장 분석 Master Version (원본파일 점검용 재공유 2026.05.18).xlsx
sb_006_00660,ingested_at,2026-05-17T07:07:25.045131,2026-05-18T16:21:40
sb_006_00661,source_file_version,MI팀_시장분석 AI_시장 분석 Master Version (260422).xlsx,MI팀_시장분석 AI_시장 분석 Master Version (원본파일 점검용 재공유 2026.05.18).xlsx
sb_006_00661,ingested_at,2026-05-17T07:07:25.045131,2026-05-18T16:21:40
sb_006_00662,source_file_version,MI팀_시장분석 AI_시장 분석 Master Version (260422).xlsx,MI팀_시장분석 AI_시장 분석 Master Version (원본파일 점검용 재공유 2026.05.18).xlsx
sb_006_00662,ingested_at,2026-05-17T07:07:25.045131,2026-05-18T16:21:40
sb_006_00663,source_file_version,MI팀_시장분석 AI_시장 분석 Master Version (260422).xlsx,MI팀_시장분석 AI_시장 분석 Master Version (원본파일 점검용 재공유 2026.05.18).xlsx
sb_006_00663,ingested_at,2026-05-17T07:07:25.045131,2026-05-18T16:21:40
sb_006_00664,source_file_version,MI팀_시장분석 AI_시장 분석 Master Version (260422).xlsx,MI팀_시장분석 AI_시장 분석 Master Version (원본파일 점검용 재공유 2026.05.18).xlsx
sb_006_00664,ingested_at,2026-05-17T07:07:25.045131,2026-05-18T16:21:40
sb_006_00665,source_file_version,MI팀_시장분석 AI_시장 분석 Master Version (260422).xlsx,MI팀_시장분석 AI_시장 분석 Master Version (원본파일 점검용 재공유 2026.05.18).xlsx
sb_006_00665,ingested_at,2026-05-17T07:07:25.045131,2026-05-18T16:21:40
sb_006_00666,source_file_version,MI팀_시장분석 AI_시장 분석 Master Version (260422).xlsx,MI팀_시장분석 AI_시장 분석 Master Version (원본파일 점검용 재공유 2026.05.18).xlsx
sb_006_00666,ingested_at,2026-05-17T07:07:25.045131,2026-05-18T16:21:40
sb_006_00667,source_file_version,MI팀_시장분석 AI_시장 분석 Master Version (260422).xlsx,MI팀_시장분석 AI_시장 분석 Master Version (원본파일 점검용 재공유 2026.05.18).xlsx
sb_006_00667,ingested_at,2026-05-17T07:07:25.045131,2026-05-18T16:21:40
sb_006_00668,source_file_version,MI팀_시장분석 AI_시장 분석 Master Version (260422).xlsx,MI팀_시장분석 AI_시장 분석 Master Version (원본파일 점검용 재공유 2026.05.18).xlsx
sb_006_00668,ingested_at,2026-05-17T07:07:25.045131,2026-05-18T16:21:40
sb_006_00669,source_file_version,MI팀_시장분석 AI_시장 분석 Master Version (260422).xlsx,MI팀_시장분석 AI_시장 분석 Master Version (원본파일 점검용 재공유 2026.05.18).xlsx
sb_006_00669,ingested_at,2026-05-17T07:07:25.045131,2026-05-18T16:21:40
sb_006_00670,source_file_version,MI팀_시장분석 AI_시장 분석 Master Version (260422).xlsx,MI팀_시장분석 AI_시장 분석 Master Version (원본파일 점검용 재공유 2026.05.18).xlsx
sb_006_00670,ingested_at,2026-05-17T07:07:25.045131,2026-05-18T16:21:40
sb_006_00671,source_file_version,MI팀_시장분석 AI_시장 분석 Master Version (260422).xlsx,MI팀_시장분석 AI_시장 분석 Master Version (원본파일 점검용 재공유 2026.05.18).xlsx
sb_006_00671,ingested_at,2026-05-17T07:07:25.045131,2026-05-18T16:21:40
sb_006_00672,source_file_version,MI팀_시장분석 AI_시장 분석 Master Version (260422).xlsx,MI팀_시장분석 AI_시장 분석 Master Version (원본파일 점검용 재공유 2026.05.18).xlsx
sb_006_00672,ingested_at,2026-05-17T07:07:25.045131,2026-05-18T16:21:40
sb_006_00673,source_file_version,MI팀_시장분석 AI_시장 분석 Master Version (260422).xlsx,MI팀_시장분석 AI_시장 분석 Master Version (원본파일 점검용 재공유 2026.05.18).xlsx
sb_006_00673,ingested_at,2026-05-17T07:07:25.045131,2026-05-18T16:21:40
sb_006_00674,source_file_version,MI팀_시장분석 AI_시장 분석 Master Version (260422).xlsx,MI팀_시장분석 AI_시장 분석 Master Version (원본파일 점검용 재공유 2026.05.18).xlsx
sb_006_00674,ingested_at,2026-05-17T07:07:25.045131,2026-05-18T16:21:40
sb_006_00675,source_file_version,MI팀_시장분석 AI_시장 분석 Master Version (260422).xlsx,MI팀_시장분석 AI_시장 분석 Master Version (원본파일 점검용 재공유 2026.05.18).xlsx
sb_006_00675,ingested_at,2026-05-17T07:07:25.045131,2026-05-18T16:21:40
sb_006_00676,source_file_version,MI팀_시장분석 AI_시장 분석 Master Version (260422).xlsx,MI팀_시장분석 AI_시장 분석 Master Version (원본파일 점검용 재공유 2026.05.18).xlsx
sb_006_00676,ingested_at,2026-05-17T07:07:25.045131,2026-05-18T16:21:40
sb_006_00677,source_file_version,MI팀_시장분석 AI_시장 분석 Master Version (260422).xlsx,MI팀_시장분석 AI_시장 분석 Master Version (원본파일 점검용 재공유 2026.05.18).xlsx
sb_006_00677,ingested_at,2026-05-17T07:07:25.045131,2026-05-18T16:21:40
sb_006_00678,source_file_version,MI팀_시장분석 AI_시장 분석 Master Version (260422).xlsx,MI팀_시장분석 AI_시장 분석 Master Version (원본파일 점검용 재공유 2026.05.18).xlsx
sb_006_00678,ingested_at,2026-05-17T07:07:25.045131,2026-05-18T16:21:40
sb_006_00679,source_file_version,MI팀_시장분석 AI_시장 분석 Master Version (260422).xlsx,MI팀_시장분석 AI_시장 분석 Master Version (원본파일 점검용 재공유 2026.05.18).xlsx
sb_006_00679,ingested_at,2026-05-17T07:07:25.045131,2026-05-18T16:21:40
sb_006_00680,source_file_version,MI팀_시장분석 AI_시장 분석 Master Version (260422).xlsx,MI팀_시장분석 AI_시장 분석 Master Version (원본파일 점검용 재공유 2026.05.18).xlsx
sb_006_00680,ingested_at,2026-05-17T07:07:25.045131,2026-05-18T16:21:40
sb_006_00681,source_file_version,MI팀_시장분석 AI_시장 분석 Master Version (260422).xlsx,MI팀_시장분석 AI_시장 분석 Master Version (원본파일 점검용 재공유 2026.05.18).xlsx
sb_006_00681,ingested_at,2026-05-17T07:07:25.045131,2026-05-18T16:21:40
sb_006_00682,source_file_version,MI팀_시장분석 AI_시장 분석 Master Version (260422).xlsx,MI팀_시장분석 AI_시장 분석 Master Version (원본파일 점검용 재공유 2026.05.18).xlsx
sb_006_00682,ingested_at,2026-05-17T07:07:25.045131,2026-05-18T16:21:40
sb_006_00683,source_file_version,MI팀_시장분석 AI_시장 분석 Master Version (260422).xlsx,MI팀_시장분석 AI_시장 분석 Master Version (원본파일 점검용 재공유 2026.05.18).xlsx
sb_006_00683,ingested_at,2026-05-17T07:07:25.045131,2026-05-18T16:21:40
sb_006_00684,source_file_version,MI팀_시장분석 AI_시장 분석 Master Version (260422).xlsx,MI팀_시장분석 AI_시장 분석 Master Version (원본파일 점검용 재공유 2026.05.18).xlsx
sb_006_00684,ingested_at,2026-05-17T07:07:25.045131,2026-05-18T16:21:40
sb_006_00685,source_file_version,MI팀_시장분석 AI_시장 분석 Master Version (260422).xlsx,MI팀_시장분석 AI_시장 분석 Master Version (원본파일 점검용 재공유 2026.05.18).xlsx
sb_006_00685,ingested_at,2026-05-17T07:07:25.045131,2026-05-18T16:21:40
sb_006_00686,source_file_version,MI팀_시장분석 AI_시장 분석 Master Version (260422).xlsx,MI팀_시장분석 AI_시장 분석 Master Version (원본파일 점검용 재공유 2026.05.18).xlsx
sb_006_00686,ingested_at,2026-05-17T07:07:25.045131,2026-05-18T16:21:40
sb_006_00687,source_file_version,MI팀_시장분석 AI_시장 분석 Master Version (260422).xlsx,MI팀_시장분석 AI_시장 분석 Master Version (원본파일 점검용 재공유 2026.05.18).xlsx
sb_006_00687,ingested_at,2026-05-17T07:07:25.045131,2026-05-18T16:21:40
sb_006_00688,source_file_version,MI팀_시장분석 AI_시장 분석 Master Version (260422).xlsx,MI팀_시장분석 AI_시장 분석 Master Version (원본파일 점검용 재공유 2026.05.18).xlsx
sb_006_00688,ingested_at,2026-05-17T07:07:25.045131,2026-05-18T16:21:40
sb_006_00689,source_file_version,MI팀_시장분석 AI_시장 분석 Master Version (260422).xlsx,MI팀_시장분석 AI_시장 분석 Master Version (원본파일 점검용 재공유 2026.05.18).xlsx
sb_006_00689,ingested_at,2026-05-17T07:07:25.045131,2026-05-18T16:21:40
sb_006_00690,source_file_version,MI팀_시장분석 AI_시장 분석 Master Version (260422).xlsx,MI팀_시장분석 AI_시장 분석 Master Version (원본파일 점검용 재공유 2026.05.18).xlsx
sb_006_00690,ingested_at,2026-05-17T07:07:25.045131,2026-05-18T16:21:40
sb_006_00691,source_file_version,MI팀_시장분석 AI_시장 분석 Master Version (260422).xlsx,MI팀_시장분석 AI_시장 분석 Master Version (원본파일 점검용 재공유 2026.05.18).xlsx
sb_006_00691,ingested_at,2026-05-17T07:07:25.045131,2026-05-18T16:21:40
sb_006_00692,source_file_version,MI팀_시장분석 AI_시장 분석 Master Version (260422).xlsx,MI팀_시장분석 AI_시장 분석 Master Version (원본파일 점검용 재공유 2026.05.18).xlsx
sb_006_00692,ingested_at,2026-05-17T07:07:25.045131,2026-05-18T16:21:40
sb_006_00693,source_file_version,MI팀_시장분석 AI_시장 분석 Master Version (260422).xlsx,MI팀_시장분석 AI_시장 분석 Master Version (원본파일 점검용 재공유 2026.05.18).xlsx
sb_006_00693,ingested_at,2026-05-17T07:07:25.045131,2026-05-18T16:21:40
sb_006_00694,source_file_version,MI팀_시장분석 AI_시장 분석 Master Version (260422).xlsx,MI팀_시장분석 AI_시장 분석 Master Version (원본파일 점검용 재공유 2026.05.18).xlsx
sb_006_00694,ingested_at,2026-05-17T07:07:25.045131,2026-05-18T16:21:40
sb_006_00695,source_file_version,MI팀_시장분석 AI_시장 분석 Master Version (260422).xlsx,MI팀_시장분석 AI_시장 분석 Master Version (원본파일 점검용 재공유 2026.05.18).xlsx
sb_006_00695,ingested_at,2026-05-17T07:07:25.045131,2026-05-18T16:21:40
sb_006_00696,source_file_version,MI팀_시장분석 AI_시장 분석 Master Version (260422).xlsx,MI팀_시장분석 AI_시장 분석 Master Version (원본파일 점검용 재공유 2026.05.18).xlsx
sb_006_00696,ingested_at,2026-05-17T07:07:25.045131,2026-05-18T16:21:40
sb_006_00697,source_file_version,MI팀_시장분석 AI_시장 분석 Master Version (260422).xlsx,MI팀_시장분석 AI_시장 분석 Master Version (원본파일 점검용 재공유 2026.05.18).xlsx
sb_006_00697,ingested_at,2026-05-17T07:07:25.045131,2026-05-18T16:21:40
sb_006_00698,source_file_version,MI팀_시장분석 AI_시장 분석 Master Version (260422).xlsx,MI팀_시장분석 AI_시장 분석 Master Version (원본파일 점검용 재공유 2026.05.18).xlsx
sb_006_00698,ingested_at,2026-05-17T07:07:25.045131,2026-05-18T16:21:40
sb_006_00699,source_file_version,MI팀_시장분석 AI_시장 분석 Master Version (260422).xlsx,MI팀_시장분석 AI_시장 분석 Master Version (원본파일 점검용 재공유 2026.05.18).xlsx
sb_006_00699,ingested_at,2026-05-17T07:07:25.045131,2026-05-18T16:21:40
sb_006_00700,source_file_version,MI팀_시장분석 AI_시장 분석 Master Version (260422).xlsx,MI팀_시장분석 AI_시장 분석 Master Version (원본파일 점검용 재공유 2026.05.18).xlsx
sb_006_00700,ingested_at,2026-05-17T07:07:25.045131,2026-05-18T16:21:40
sb_006_00701,source_file_version,MI팀_시장분석 AI_시장 분석 Master Version (260422).xlsx,MI팀_시장분석 AI_시장 분석 Master Version (원본파일 점검용 재공유 2026.05.18).xlsx
sb_006_00701,ingested_at,2026-05-17T07:07:25.045131,2026-05-18T16:21:40
sb_006_00702,source_file_version,MI팀_시장분석 AI_시장 분석 Master Version (260422).xlsx,MI팀_시장분석 AI_시장 분석 Master Version (원본파일 점검용 재공유 2026.05.18).xlsx
sb_006_00702,ingested_at,2026-05-17T07:07:25.045131,2026-05-18T16:21:40
sb_006_00703,source_file_version,MI팀_시장분석 AI_시장 분석 Master Version (260422).xlsx,MI팀_시장분석 AI_시장 분석 Master Version (원본파일 점검용 재공유 2026.05.18).xlsx
sb_006_00703,ingested_at,2026-05-17T07:07:25.045131,2026-05-18T16:21:40
sb_006_00704,source_file_version,MI팀_시장분석 AI_시장 분석 Master Version (260422).xlsx,MI팀_시장분석 AI_시장 분석 Master Version (원본파일 점검용 재공유 2026.05.18).xlsx
sb_006_00704,ingested_at,2026-05-17T07:07:25.045131,2026-05-18T16:21:40
sb_006_00705,source_file_version,MI팀_시장분석 AI_시장 분석 Master Version (260422).xlsx,MI팀_시장분석 AI_시장 분석 Master Version (원본파일 점검용 재공유 2026.05.18).xlsx
sb_006_00705,ingested_at,2026-05-17T07:07:25.045131,2026-05-18T16:21:40
sb_006_00706,source_file_version,MI팀_시장분석 AI_시장 분석 Master Version (260422).xlsx,MI팀_시장분석 AI_시장 분석 Master Version (원본파일 점검용 재공유 2026.05.18).xlsx
sb_006_00706,ingested_at,2026-05-17T07:07:25.045131,2026-05-18T16:21:40
sb_006_00707,source_file_version,MI팀_시장분석 AI_시장 분석 Master Version (260422).xlsx,MI팀_시장분석 AI_시장 분석 Master Version (원본파일 점검용 재공유 2026.05.18).xlsx
sb_006_00707,ingested_at,2026-05-17T07:07:25.045131,2026-05-18T16:21:40
sb_006_00708,source_file_version,MI팀_시장분석 AI_시장 분석 Master Version (260422).xlsx,MI팀_시장분석 AI_시장 분석 Master Version (원본파일 점검용 재공유 2026.05.18).xlsx
sb_006_00708,ingested_at,2026-05-17T07:07:25.045131,2026-05-18T16:21:40
sb_006_00709,source_file_version,MI팀_시장분석 AI_시장 분석 Master Version (260422).xlsx,MI팀_시장분석 AI_시장 분석 Master Version (원본파일 점검용 재공유 2026.05.18).xlsx
sb_006_00709,ingested_at,2026-05-17T07:07:25.045131,2026-05-18T16:21:40
sb_006_00710,source_file_version,MI팀_시장분석 AI_시장 분석 Master Version (260422).xlsx,MI팀_시장분석 AI_시장 분석 Master Version (원본파일 점검용 재공유 2026.05.18).xlsx
sb_006_00710,ingested_at,2026-05-17T07:07:25.045131,2026-05-18T16:21:40
sb_006_00711,source_file_version,MI팀_시장분석 AI_시장 분석 Master Version (260422).xlsx,MI팀_시장분석 AI_시장 분석 Master Version (원본파일 점검용 재공유 2026.05.18).xlsx
sb_006_00711,ingested_at,2026-05-17T07:07:25.045131,2026-05-18T16:21:40
sb_006_00712,source_file_version,MI팀_시장분석 AI_시장 분석 Master Version (260422).xlsx,MI팀_시장분석 AI_시장 분석 Master Version (원본파일 점검용 재공유 2026.05.18).xlsx
sb_006_00712,ingested_at,2026-05-17T07:07:25.045131,2026-05-18T16:21:40
sb_006_00713,source_file_version,MI팀_시장분석 AI_시장 분석 Master Version (260422).xlsx,MI팀_시장분석 AI_시장 분석 Master Version (원본파일 점검용 재공유 2026.05.18).xlsx
sb_006_00713,ingested_at,2026-05-17T07:07:25.045131,2026-05-18T16:21:40
sb_006_00714,source_file_version,MI팀_시장분석 AI_시장 분석 Master Version (260422).xlsx,MI팀_시장분석 AI_시장 분석 Master Version (원본파일 점검용 재공유 2026.05.18).xlsx
sb_006_00714,ingested_at,2026-05-17T07:07:25.045131,2026-05-18T16:21:40
sb_006_00715,source_file_version,MI팀_시장분석 AI_시장 분석 Master Version (260422).xlsx,MI팀_시장분석 AI_시장 분석 Master Version (원본파일 점검용 재공유 2026.05.18).xlsx
sb_006_00715,ingested_at,2026-05-17T07:07:25.045131,2026-05-18T16:21:40
sb_006_00716,source_file_version,MI팀_시장분석 AI_시장 분석 Master Version (260422).xlsx,MI팀_시장분석 AI_시장 분석 Master Version (원본파일 점검용 재공유 2026.05.18).xlsx
sb_006_00716,ingested_at,2026-05-17T07:07:25.045131,2026-05-18T16:21:40
sb_006_00717,source_file_version,MI팀_시장분석 AI_시장 분석 Master Version (260422).xlsx,MI팀_시장분석 AI_시장 분석 Master Version (원본파일 점검용 재공유 2026.05.18).xlsx
sb_006_00717,ingested_at,2026-05-17T07:07:25.045131,2026-05-18T16:21:40
sb_006_00718,source_file_version,MI팀_시장분석 AI_시장 분석 Master Version (260422).xlsx,MI팀_시장분석 AI_시장 분석 Master Version (원본파일 점검용 재공유 2026.05.18).xlsx
sb_006_00718,ingested_at,2026-05-17T07:07:25.045131,2026-05-18T16:21:40
sb_006_00719,source_file_version,MI팀_시장분석 AI_시장 분석 Master Version (260422).xlsx,MI팀_시장분석 AI_시장 분석 Master Version (원본파일 점검용 재공유 2026.05.18).xlsx
sb_006_00719,ingested_at,2026-05-17T07:07:25.045131,2026-05-18T16:21:40
sb_006_00720,source_file_version,MI팀_시장분석 AI_시장 분석 Master Version (260422).xlsx,MI팀_시장분석 AI_시장 분석 Master Version (원본파일 점검용 재공유 2026.05.18).xlsx
sb_006_00720,ingested_at,2026-05-17T07:07:25.045131,2026-05-18T16:21:40
sb_006_00721,source_file_version,MI팀_시장분석 AI_시장 분석 Master Version (260422).xlsx,MI팀_시장분석 AI_시장 분석 Master Version (원본파일 점검용 재공유 2026.05.18).xlsx
sb_006_00721,ingested_at,2026-05-17T07:07:25.045131,2026-05-18T16:21:40
sb_006_00722,source_file_version,MI팀_시장분석 AI_시장 분석 Master Version (260422).xlsx,MI팀_시장분석 AI_시장 분석 Master Version (원본파일 점검용 재공유 2026.05.18).xlsx
sb_006_00722,ingested_at,2026-05-17T07:07:25.045131,2026-05-18T16:21:40
sb_006_00723,source_file_version,MI팀_시장분석 AI_시장 분석 Master Version (260422).xlsx,MI팀_시장분석 AI_시장 분석 Master Version (원본파일 점검용 재공유 2026.05.18).xlsx
sb_006_00723,ingested_at,2026-05-17T07:07:25.045131,2026-05-18T16:21:40
sb_006_00724,source_file_version,MI팀_시장분석 AI_시장 분석 Master Version (260422).xlsx,MI팀_시장분석 AI_시장 분석 Master Version (원본파일 점검용 재공유 2026.05.18).xlsx
sb_006_00724,ingested_at,2026-05-17T07:07:25.045131,2026-05-18T16:21:40
sb_006_00725,source_file_version,MI팀_시장분석 AI_시장 분석 Master Version (260422).xlsx,MI팀_시장분석 AI_시장 분석 Master Version (원본파일 점검용 재공유 2026.05.18).xlsx
sb_006_00725,ingested_at,2026-05-17T07:07:25.045131,2026-05-18T16:21:40
sb_006_00726,source_file_version,MI팀_시장분석 AI_시장 분석 Master Version (260422).xlsx,MI팀_시장분석 AI_시장 분석 Master Version (원본파일 점검용 재공유 2026.05.18).xlsx
sb_006_00726,ingested_at,2026-05-17T07:07:25.045131,2026-05-18T16:21:40
sb_006_00727,source_file_version,MI팀_시장분석 AI_시장 분석 Master Version (260422).xlsx,MI팀_시장분석 AI_시장 분석 Master Version (원본파일 점검용 재공유 2026.05.18).xlsx
sb_006_00727,ingested_at,2026-05-17T07:07:25.045131,2026-05-18T16:21:40
sb_006_00728,source_file_version,MI팀_시장분석 AI_시장 분석 Master Version (260422).xlsx,MI팀_시장분석 AI_시장 분석 Master Version (원본파일 점검용 재공유 2026.05.18).xlsx
sb_006_00728,ingested_at,2026-05-17T07:07:25.045131,2026-05-18T16:21:40
sb_006_00729,source_file_version,MI팀_시장분석 AI_시장 분석 Master Version (260422).xlsx,MI팀_시장분석 AI_시장 분석 Master Version (원본파일 점검용 재공유 2026.05.18).xlsx
sb_006_00729,ingested_at,2026-05-17T07:07:25.045131,2026-05-18T16:21:40
sb_006_00730,source_file_version,MI팀_시장분석 AI_시장 분석 Master Version (260422).xlsx,MI팀_시장분석 AI_시장 분석 Master Version (원본파일 점검용 재공유 2026.05.18).xlsx
sb_006_00730,ingested_at,2026-05-17T07:07:25.045131,2026-05-18T16:21:40
sb_006_00731,source_file_version,MI팀_시장분석 AI_시장 분석 Master Version (260422).xlsx,MI팀_시장분석 AI_시장 분석 Master Version (원본파일 점검용 재공유 2026.05.18).xlsx
sb_006_00731,ingested_at,2026-05-17T07:07:25.045131,2026-05-18T16:21:40
sb_006_00732,source_file_version,MI팀_시장분석 AI_시장 분석 Master Version (260422).xlsx,MI팀_시장분석 AI_시장 분석 Master Version (원본파일 점검용 재공유 2026.05.18).xlsx
sb_006_00732,ingested_at,2026-05-17T07:07:25.045131,2026-05-18T16:21:40
sb_006_00733,source_file_version,MI팀_시장분석 AI_시장 분석 Master Version (260422).xlsx,MI팀_시장분석 AI_시장 분석 Master Version (원본파일 점검용 재공유 2026.05.18).xlsx
sb_006_00733,ingested_at,2026-05-17T07:07:25.045131,2026-05-18T16:21:40
sb_006_00734,source_file_version,MI팀_시장분석 AI_시장 분석 Master Version (260422).xlsx,MI팀_시장분석 AI_시장 분석 Master Version (원본파일 점검용 재공유 2026.05.18).xlsx
sb_006_00734,ingested_at,2026-05-17T07:07:25.045131,2026-05-18T16:21:40
sb_006_00735,source_file_version,MI팀_시장분석 AI_시장 분석 Master Version (260422).xlsx,MI팀_시장분석 AI_시장 분석 Master Version (원본파일 점검용 재공유 2026.05.18).xlsx
sb_006_00735,ingested_at,2026-05-17T07:07:25.045131,2026-05-18T16:21:40
sb_006_00736,source_file_version,MI팀_시장분석 AI_시장 분석 Master Version (260422).xlsx,MI팀_시장분석 AI_시장 분석 Master Version (원본파일 점검용 재공유 2026.05.18).xlsx
sb_006_00736,ingested_at,2026-05-17T07:07:25.045131,2026-05-18T16:21:40
sb_006_00737,source_file_version,MI팀_시장분석 AI_시장 분석 Master Version (260422).xlsx,MI팀_시장분석 AI_시장 분석 Master Version (원본파일 점검용 재공유 2026.05.18).xlsx
sb_006_00737,ingested_at,2026-05-17T07:07:25.045131,2026-05-18T16:21:40
sb_006_00738,source_file_version,MI팀_시장분석 AI_시장 분석 Master Version (260422).xlsx,MI팀_시장분석 AI_시장 분석 Master Version (원본파일 점검용 재공유 2026.05.18).xlsx
sb_006_00738,ingested_at,2026-05-17T07:07:25.045131,2026-05-18T16:21:40
sb_006_00739,source_file_version,MI팀_시장분석 AI_시장 분석 Master Version (260422).xlsx,MI팀_시장분석 AI_시장 분석 Master Version (원본파일 점검용 재공유 2026.05.18).xlsx
sb_006_00739,ingested_at,2026-05-17T07:07:25.045131,2026-05-18T16:21:40
sb_006_00740,source_file_version,MI팀_시장분석 AI_시장 분석 Master Version (260422).xlsx,MI팀_시장분석 AI_시장 분석 Master Version (원본파일 점검용 재공유 2026.05.18).xlsx
sb_006_00740,ingested_at,2026-05-17T07:07:25.045131,2026-05-18T16:21:40
sb_006_00741,source_file_version,MI팀_시장분석 AI_시장 분석 Master Version (260422).xlsx,MI팀_시장분석 AI_시장 분석 Master Version (원본파일 점검용 재공유 2026.05.18).xlsx
sb_006_00741,ingested_at,2026-05-17T07:07:25.045131,2026-05-18T16:21:40
sb_006_00742,source_file_version,MI팀_시장분석 AI_시장 분석 Master Version (260422).xlsx,MI팀_시장분석 AI_시장 분석 Master Version (원본파일 점검용 재공유 2026.05.18).xlsx
sb_006_00742,ingested_at,2026-05-17T07:07:25.045131,2026-05-18T16:21:40
sb_006_00743,source_file_version,MI팀_시장분석 AI_시장 분석 Master Version (260422).xlsx,MI팀_시장분석 AI_시장 분석 Master Version (원본파일 점검용 재공유 2026.05.18).xlsx
sb_006_00743,ingested_at,2026-05-17T07:07:25.045131,2026-05-18T16:21:40
sb_006_00744,source_file_version,MI팀_시장분석 AI_시장 분석 Master Version (260422).xlsx,MI팀_시장분석 AI_시장 분석 Master Version (원본파일 점검용 재공유 2026.05.18).xlsx
sb_006_00744,ingested_at,2026-05-17T07:07:25.045131,2026-05-18T16:21:40
sb_006_00745,source_file_version,MI팀_시장분석 AI_시장 분석 Master Version (260422).xlsx,MI팀_시장분석 AI_시장 분석 Master Version (원본파일 점검용 재공유 2026.05.18).xlsx
sb_006_00745,ingested_at,2026-05-17T07:07:25.045131,2026-05-18T16:21:40
sb_006_00746,source_file_version,MI팀_시장분석 AI_시장 분석 Master Version (260422).xlsx,MI팀_시장분석 AI_시장 분석 Master Version (원본파일 점검용 재공유 2026.05.18).xlsx
sb_006_00746,ingested_at,2026-05-17T07:07:25.045131,2026-05-18T16:21:40
sb_006_00747,source_file_version,MI팀_시장분석 AI_시장 분석 Master Version (260422).xlsx,MI팀_시장분석 AI_시장 분석 Master Version (원본파일 점검용 재공유 2026.05.18).xlsx
sb_006_00747,ingested_at,2026-05-17T07:07:25.045131,2026-05-18T16:21:40
sb_006_00748,source_file_version,MI팀_시장분석 AI_시장 분석 Master Version (260422).xlsx,MI팀_시장분석 AI_시장 분석 Master Version (원본파일 점검용 재공유 2026.05.18).xlsx
sb_006_00748,ingested_at,2026-05-17T07:07:25.045131,2026-05-18T16:21:40
sb_006_00749,source_file_version,MI팀_시장분석 AI_시장 분석 Master Version (260422).xlsx,MI팀_시장분석 AI_시장 분석 Master Version (원본파일 점검용 재공유 2026.05.18).xlsx
sb_006_00749,ingested_at,2026-05-17T07:07:25.045131,2026-05-18T16:21:40
sb_006_00750,source_file_version,MI팀_시장분석 AI_시장 분석 Master Version (260422).xlsx,MI팀_시장분석 AI_시장 분석 Master Version (원본파일 점검용 재공유 2026.05.18).xlsx
sb_006_00750,ingested_at,2026-05-17T07:07:25.045131,2026-05-18T16:21:40
sb_006_00751,source_file_version,MI팀_시장분석 AI_시장 분석 Master Version (260422).xlsx,MI팀_시장분석 AI_시장 분석 Master Version (원본파일 점검용 재공유 2026.05.18).xlsx
sb_006_00751,ingested_at,2026-05-17T07:07:25.045131,2026-05-18T16:21:40
sb_006_00752,source_file_version,MI팀_시장분석 AI_시장 분석 Master Version (260422).xlsx,MI팀_시장분석 AI_시장 분석 Master Version (원본파일 점검용 재공유 2026.05.18).xlsx
sb_006_00752,ingested_at,2026-05-17T07:07:25.045131,2026-05-18T16:21:40
sb_006_00753,source_file_version,MI팀_시장분석 AI_시장 분석 Master Version (260422).xlsx,MI팀_시장분석 AI_시장 분석 Master Version (원본파일 점검용 재공유 2026.05.18).xlsx
sb_006_00753,ingested_at,2026-05-17T07:07:25.045131,2026-05-18T16:21:40
sb_006_00754,source_file_version,MI팀_시장분석 AI_시장 분석 Master Version (260422).xlsx,MI팀_시장분석 AI_시장 분석 Master Version (원본파일 점검용 재공유 2026.05.18).xlsx
sb_006_00754,ingested_at,2026-05-17T07:07:25.045131,2026-05-18T16:21:40
sb_006_00755,source_file_version,MI팀_시장분석 AI_시장 분석 Master Version (260422).xlsx,MI팀_시장분석 AI_시장 분석 Master Version (원본파일 점검용 재공유 2026.05.18).xlsx
sb_006_00755,ingested_at,2026-05-17T07:07:25.045131,2026-05-18T16:21:40
sb_006_00756,source_file_version,MI팀_시장분석 AI_시장 분석 Master Version (260422).xlsx,MI팀_시장분석 AI_시장 분석 Master Version (원본파일 점검용 재공유 2026.05.18).xlsx
sb_006_00756,ingested_at,2026-05-17T07:07:25.045131,2026-05-18T16:21:40
sb_006_00757,source_file_version,MI팀_시장분석 AI_시장 분석 Master Version (260422).xlsx,MI팀_시장분석 AI_시장 분석 Master Version (원본파일 점검용 재공유 2026.05.18).xlsx
sb_006_00757,ingested_at,2026-05-17T07:07:25.045131,2026-05-18T16:21:40
sb_006_00758,source_file_version,MI팀_시장분석 AI_시장 분석 Master Version (260422).xlsx,MI팀_시장분석 AI_시장 분석 Master Version (원본파일 점검용 재공유 2026.05.18).xlsx
sb_006_00758,ingested_at,2026-05-17T07:07:25.045131,2026-05-18T16:21:40
sb_006_00759,source_file_version,MI팀_시장분석 AI_시장 분석 Master Version (260422).xlsx,MI팀_시장분석 AI_시장 분석 Master Version (원본파일 점검용 재공유 2026.05.18).xlsx
sb_006_00759,ingested_at,2026-05-17T07:07:25.045131,2026-05-18T16:21:40
sb_006_00760,source_file_version,MI팀_시장분석 AI_시장 분석 Master Version (260422).xlsx,MI팀_시장분석 AI_시장 분석 Master Version (원본파일 점검용 재공유 2026.05.18).xlsx
sb_006_00760,ingested_at,2026-05-17T07:07:25.045131,2026-05-18T16:21:40
sb_006_00761,source_file_version,MI팀_시장분석 AI_시장 분석 Master Version (260422).xlsx,MI팀_시장분석 AI_시장 분석 Master Version (원본파일 점검용 재공유 2026.05.18).xlsx
sb_006_00761,ingested_at,2026-05-17T07:07:25.045131,2026-05-18T16:21:40
sb_006_00762,source_file_version,MI팀_시장분석 AI_시장 분석 Master Version (260422).xlsx,MI팀_시장분석 AI_시장 분석 Master Version (원본파일 점검용 재공유 2026.05.18).xlsx
sb_006_00762,ingested_at,2026-05-17T07:07:25.045131,2026-05-18T16:21:40
sb_006_00763,source_file_version,MI팀_시장분석 AI_시장 분석 Master Version (260422).xlsx,MI팀_시장분석 AI_시장 분석 Master Version (원본파일 점검용 재공유 2026.05.18).xlsx
sb_006_00763,ingested_at,2026-05-17T07:07:25.045131,2026-05-18T16:21:40
sb_006_00764,source_file_version,MI팀_시장분석 AI_시장 분석 Master Version (260422).xlsx,MI팀_시장분석 AI_시장 분석 Master Version (원본파일 점검용 재공유 2026.05.18).xlsx
sb_006_00764,ingested_at,2026-05-17T07:07:25.045131,2026-05-18T16:21:40
sb_006_00765,source_file_version,MI팀_시장분석 AI_시장 분석 Master Version (260422).xlsx,MI팀_시장분석 AI_시장 분석 Master Version (원본파일 점검용 재공유 2026.05.18).xlsx
sb_006_00765,ingested_at,2026-05-17T07:07:25.045131,2026-05-18T16:21:40
sb_006_00766,source_file_version,MI팀_시장분석 AI_시장 분석 Master Version (260422).xlsx,MI팀_시장분석 AI_시장 분석 Master Version (원본파일 점검용 재공유 2026.05.18).xlsx
sb_006_00766,ingested_at,2026-05-17T07:07:25.045131,2026-05-18T16:21:40
sb_006_00767,source_file_version,MI팀_시장분석 AI_시장 분석 Master Version (260422).xlsx,MI팀_시장분석 AI_시장 분석 Master Version (원본파일 점검용 재공유 2026.05.18).xlsx
sb_006_00767,ingested_at,2026-05-17T07:07:25.045131,2026-05-18T16:21:40
sb_006_00768,source_file_version,MI팀_시장분석 AI_시장 분석 Master Version (260422).xlsx,MI팀_시장분석 AI_시장 분석 Master Version (원본파일 점검용 재공유 2026.05.18).xlsx
sb_006_00768,ingested_at,2026-05-17T07:07:25.045131,2026-05-18T16:21:40
sb_006_00769,source_file_version,MI팀_시장분석 AI_시장 분석 Master Version (260422).xlsx,MI팀_시장분석 AI_시장 분석 Master Version (원본파일 점검용 재공유 2026.05.18).xlsx
sb_006_00769,ingested_at,2026-05-17T07:07:25.045131,2026-05-18T16:21:40
sb_006_00770,source_file_version,MI팀_시장분석 AI_시장 분석 Master Version (260422).xlsx,MI팀_시장분석 AI_시장 분석 Master Version (원본파일 점검용 재공유 2026.05.18).xlsx
sb_006_00770,ingested_at,2026-05-17T07:07:25.045131,2026-05-18T16:21:40
sb_006_00771,source_file_version,MI팀_시장분석 AI_시장 분석 Master Version (260422).xlsx,MI팀_시장분석 AI_시장 분석 Master Version (원본파일 점검용 재공유 2026.05.18).xlsx
sb_006_00771,ingested_at,2026-05-17T07:07:25.045131,2026-05-18T16:21:40
sb_006_00772,source_file_version,MI팀_시장분석 AI_시장 분석 Master Version (260422).xlsx,MI팀_시장분석 AI_시장 분석 Master Version (원본파일 점검용 재공유 2026.05.18).xlsx
sb_006_00772,ingested_at,2026-05-17T07:07:25.045131,2026-05-18T16:21:40
sb_006_00773,source_file_version,MI팀_시장분석 AI_시장 분석 Master Version (260422).xlsx,MI팀_시장분석 AI_시장 분석 Master Version (원본파일 점검용 재공유 2026.05.18).xlsx
sb_006_00773,ingested_at,2026-05-17T07:07:25.045131,2026-05-18T16:21:40
sb_006_00774,source_file_version,MI팀_시장분석 AI_시장 분석 Master Version (260422).xlsx,MI팀_시장분석 AI_시장 분석 Master Version (원본파일 점검용 재공유 2026.05.18).xlsx
sb_006_00774,ingested_at,2026-05-17T07:07:25.045131,2026-05-18T16:21:40
sb_006_00775,source_file_version,MI팀_시장분석 AI_시장 분석 Master Version (260422).xlsx,MI팀_시장분석 AI_시장 분석 Master Version (원본파일 점검용 재공유 2026.05.18).xlsx
sb_006_00775,ingested_at,2026-05-17T07:07:25.045131,2026-05-18T16:21:40
sb_006_00776,source_file_version,MI팀_시장분석 AI_시장 분석 Master Version (260422).xlsx,MI팀_시장분석 AI_시장 분석 Master Version (원본파일 점검용 재공유 2026.05.18).xlsx
sb_006_00776,ingested_at,2026-05-17T07:07:25.045131,2026-05-18T16:21:40
sb_006_00777,source_file_version,MI팀_시장분석 AI_시장 분석 Master Version (260422).xlsx,MI팀_시장분석 AI_시장 분석 Master Version (원본파일 점검용 재공유 2026.05.18).xlsx
sb_006_00777,ingested_at,2026-05-17T07:07:25.045131,2026-05-18T16:21:40
sb_006_00778,source_file_version,MI팀_시장분석 AI_시장 분석 Master Version (260422).xlsx,MI팀_시장분석 AI_시장 분석 Master Version (원본파일 점검용 재공유 2026.05.18).xlsx
sb_006_00778,ingested_at,2026-05-17T07:07:25.045131,2026-05-18T16:21:40
sb_006_00779,source_file_version,MI팀_시장분석 AI_시장 분석 Master Version (260422).xlsx,MI팀_시장분석 AI_시장 분석 Master Version (원본파일 점검용 재공유 2026.05.18).xlsx
sb_006_00779,ingested_at,2026-05-17T07:07:25.045131,2026-05-18T16:21:40
sb_006_00780,source_file_version,MI팀_시장분석 AI_시장 분석 Master Version (260422).xlsx,MI팀_시장분석 AI_시장 분석 Master Version (원본파일 점검용 재공유 2026.05.18).xlsx
sb_006_00780,ingested_at,2026-05-17T07:07:25.045131,2026-05-18T16:21:40
sb_006_00781,source_file_version,MI팀_시장분석 AI_시장 분석 Master Version (260422).xlsx,MI팀_시장분석 AI_시장 분석 Master Version (원본파일 점검용 재공유 2026.05.18).xlsx
sb_006_00781,ingested_at,2026-05-17T07:07:25.045131,2026-05-18T16:21:40
sb_006_00782,source_file_version,MI팀_시장분석 AI_시장 분석 Master Version (260422).xlsx,MI팀_시장분석 AI_시장 분석 Master Version (원본파일 점검용 재공유 2026.05.18).xlsx
sb_006_00782,ingested_at,2026-05-17T07:07:25.045131,2026-05-18T16:21:40
sb_006_00783,source_file_version,MI팀_시장분석 AI_시장 분석 Master Version (260422).xlsx,MI팀_시장분석 AI_시장 분석 Master Version (원본파일 점검용 재공유 2026.05.18).xlsx
sb_006_00783,ingested_at,2026-05-17T07:07:25.045131,2026-05-18T16:21:40
sb_006_00784,source_file_version,MI팀_시장분석 AI_시장 분석 Master Version (260422).xlsx,MI팀_시장분석 AI_시장 분석 Master Version (원본파일 점검용 재공유 2026.05.18).xlsx
sb_006_00784,ingested_at,2026-05-17T07:07:25.045131,2026-05-18T16:21:40
sb_006_00785,source_file_version,MI팀_시장분석 AI_시장 분석 Master Version (260422).xlsx,MI팀_시장분석 AI_시장 분석 Master Version (원본파일 점검용 재공유 2026.05.18).xlsx
sb_006_00785,ingested_at,2026-05-17T07:07:25.045131,2026-05-18T16:21:40
sb_006_00786,source_file_version,MI팀_시장분석 AI_시장 분석 Master Version (260422).xlsx,MI팀_시장분석 AI_시장 분석 Master Version (원본파일 점검용 재공유 2026.05.18).xlsx
sb_006_00786,ingested_at,2026-05-17T07:07:25.045131,2026-05-18T16:21:40
sb_006_00787,source_file_version,MI팀_시장분석 AI_시장 분석 Master Version (260422).xlsx,MI팀_시장분석 AI_시장 분석 Master Version (원본파일 점검용 재공유 2026.05.18).xlsx
sb_006_00787,ingested_at,2026-05-17T07:07:25.045131,2026-05-18T16:21:40
sb_006_00788,source_file_version,MI팀_시장분석 AI_시장 분석 Master Version (260422).xlsx,MI팀_시장분석 AI_시장 분석 Master Version (원본파일 점검용 재공유 2026.05.18).xlsx
sb_006_00788,ingested_at,2026-05-17T07:07:25.045131,2026-05-18T16:21:40
sb_006_00789,source_file_version,MI팀_시장분석 AI_시장 분석 Master Version (260422).xlsx,MI팀_시장분석 AI_시장 분석 Master Version (원본파일 점검용 재공유 2026.05.18).xlsx
sb_006_00789,ingested_at,2026-05-17T07:07:25.045131,2026-05-18T16:21:40
sb_006_00790,source_file_version,MI팀_시장분석 AI_시장 분석 Master Version (260422).xlsx,MI팀_시장분석 AI_시장 분석 Master Version (원본파일 점검용 재공유 2026.05.18).xlsx
sb_006_00790,ingested_at,2026-05-17T07:07:25.045131,2026-05-18T16:21:40
sb_006_00791,source_file_version,MI팀_시장분석 AI_시장 분석 Master Version (260422).xlsx,MI팀_시장분석 AI_시장 분석 Master Version (원본파일 점검용 재공유 2026.05.18).xlsx
sb_006_00791,ingested_at,2026-05-17T07:07:25.045131,2026-05-18T16:21:40
sb_006_00792,source_file_version,MI팀_시장분석 AI_시장 분석 Master Version (260422).xlsx,MI팀_시장분석 AI_시장 분석 Master Version (원본파일 점검용 재공유 2026.05.18).xlsx
sb_006_00792,ingested_at,2026-05-17T07:07:25.045131,2026-05-18T16:21:40
sb_006_00793,source_file_version,MI팀_시장분석 AI_시장 분석 Master Version (260422).xlsx,MI팀_시장분석 AI_시장 분석 Master Version (원본파일 점검용 재공유 2026.05.18).xlsx
sb_006_00793,ingested_at,2026-05-17T07:07:25.045131,2026-05-18T16:21:40
sb_006_00794,source_file_version,MI팀_시장분석 AI_시장 분석 Master Version (260422).xlsx,MI팀_시장분석 AI_시장 분석 Master Version (원본파일 점검용 재공유 2026.05.18).xlsx
sb_006_00794,ingested_at,2026-05-17T07:07:25.045131,2026-05-18T16:21:40
sb_006_00795,source_file_version,MI팀_시장분석 AI_시장 분석 Master Version (260422).xlsx,MI팀_시장분석 AI_시장 분석 Master Version (원본파일 점검용 재공유 2026.05.18).xlsx
sb_006_00795,ingested_at,2026-05-17T07:07:25.045131,2026-05-18T16:21:40
sb_006_00796,source_file_version,MI팀_시장분석 AI_시장 분석 Master Version (260422).xlsx,MI팀_시장분석 AI_시장 분석 Master Version (원본파일 점검용 재공유 2026.05.18).xlsx
sb_006_00796,ingested_at,2026-05-17T07:07:25.045131,2026-05-18T16:21:40
sb_006_00797,source_file_version,MI팀_시장분석 AI_시장 분석 Master Version (260422).xlsx,MI팀_시장분석 AI_시장 분석 Master Version (원본파일 점검용 재공유 2026.05.18).xlsx
sb_006_00797,ingested_at,2026-05-17T07:07:25.045131,2026-05-18T16:21:40
sb_006_00798,source_file_version,MI팀_시장분석 AI_시장 분석 Master Version (260422).xlsx,MI팀_시장분석 AI_시장 분석 Master Version (원본파일 점검용 재공유 2026.05.18).xlsx
sb_006_00798,ingested_at,2026-05-17T07:07:25.045131,2026-05-18T16:21:40
sb_006_00799,source_file_version,MI팀_시장분석 AI_시장 분석 Master Version (260422).xlsx,MI팀_시장분석 AI_시장 분석 Master Version (원본파일 점검용 재공유 2026.05.18).xlsx
sb_006_00799,ingested_at,2026-05-17T07:07:25.045131,2026-05-18T16:21:40
sb_006_00800,source_file_version,MI팀_시장분석 AI_시장 분석 Master Version (260422).xlsx,MI팀_시장분석 AI_시장 분석 Master Version (원본파일 점검용 재공유 2026.05.18).xlsx
sb_006_00800,ingested_at,2026-05-17T07:07:25.045131,2026-05-18T16:21:40
sb_006_00801,source_file_version,MI팀_시장분석 AI_시장 분석 Master Version (260422).xlsx,MI팀_시장분석 AI_시장 분석 Master Version (원본파일 점검용 재공유 2026.05.18).xlsx
sb_006_00801,ingested_at,2026-05-17T07:07:25.045131,2026-05-18T16:21:40
sb_006_00802,source_file_version,MI팀_시장분석 AI_시장 분석 Master Version (260422).xlsx,MI팀_시장분석 AI_시장 분석 Master Version (원본파일 점검용 재공유 2026.05.18).xlsx
sb_006_00802,ingested_at,2026-05-17T07:07:25.045131,2026-05-18T16:21:40
sb_006_00803,source_file_version,MI팀_시장분석 AI_시장 분석 Master Version (260422).xlsx,MI팀_시장분석 AI_시장 분석 Master Version (원본파일 점검용 재공유 2026.05.18).xlsx
sb_006_00803,ingested_at,2026-05-17T07:07:25.045131,2026-05-18T16:21:40
sb_006_00804,source_file_version,MI팀_시장분석 AI_시장 분석 Master Version (260422).xlsx,MI팀_시장분석 AI_시장 분석 Master Version (원본파일 점검용 재공유 2026.05.18).xlsx
sb_006_00804,ingested_at,2026-05-17T07:07:25.045131,2026-05-18T16:21:40
sb_006_00805,source_file_version,MI팀_시장분석 AI_시장 분석 Master Version (260422).xlsx,MI팀_시장분석 AI_시장 분석 Master Version (원본파일 점검용 재공유 2026.05.18).xlsx
sb_006_00805,ingested_at,2026-05-17T07:07:25.045131,2026-05-18T16:21:40
sb_006_00806,source_file_version,MI팀_시장분석 AI_시장 분석 Master Version (260422).xlsx,MI팀_시장분석 AI_시장 분석 Master Version (원본파일 점검용 재공유 2026.05.18).xlsx
sb_006_00806,ingested_at,2026-05-17T07:07:25.045131,2026-05-18T16:21:40
sb_006_00807,source_file_version,MI팀_시장분석 AI_시장 분석 Master Version (260422).xlsx,MI팀_시장분석 AI_시장 분석 Master Version (원본파일 점검용 재공유 2026.05.18).xlsx
sb_006_00807,ingested_at,2026-05-17T07:07:25.045131,2026-05-18T16:21:40
sb_006_00808,source_file_version,MI팀_시장분석 AI_시장 분석 Master Version (260422).xlsx,MI팀_시장분석 AI_시장 분석 Master Version (원본파일 점검용 재공유 2026.05.18).xlsx
sb_006_00808,ingested_at,2026-05-17T07:07:25.045131,2026-05-18T16:21:40
sb_006_00809,source_file_version,MI팀_시장분석 AI_시장 분석 Master Version (260422).xlsx,MI팀_시장분석 AI_시장 분석 Master Version (원본파일 점검용 재공유 2026.05.18).xlsx
sb_006_00809,ingested_at,2026-05-17T07:07:25.045131,2026-05-18T16:21:40
sb_006_00810,source_file_version,MI팀_시장분석 AI_시장 분석 Master Version (260422).xlsx,MI팀_시장분석 AI_시장 분석 Master Version (원본파일 점검용 재공유 2026.05.18).xlsx
sb_006_00810,ingested_at,2026-05-17T07:07:25.045131,2026-05-18T16:21:40
sb_006_00811,source_file_version,MI팀_시장분석 AI_시장 분석 Master Version (260422).xlsx,MI팀_시장분석 AI_시장 분석 Master Version (원본파일 점검용 재공유 2026.05.18).xlsx
sb_006_00811,ingested_at,2026-05-17T07:07:25.045131,2026-05-18T16:21:40
sb_006_00812,source_file_version,MI팀_시장분석 AI_시장 분석 Master Version (260422).xlsx,MI팀_시장분석 AI_시장 분석 Master Version (원본파일 점검용 재공유 2026.05.18).xlsx
sb_006_00812,ingested_at,2026-05-17T07:07:25.045131,2026-05-18T16:21:40
sb_006_00813,source_file_version,MI팀_시장분석 AI_시장 분석 Master Version (260422).xlsx,MI팀_시장분석 AI_시장 분석 Master Version (원본파일 점검용 재공유 2026.05.18).xlsx
sb_006_00813,ingested_at,2026-05-17T07:07:25.045131,2026-05-18T16:21:40
sb_006_00814,source_file_version,MI팀_시장분석 AI_시장 분석 Master Version (260422).xlsx,MI팀_시장분석 AI_시장 분석 Master Version (원본파일 점검용 재공유 2026.05.18).xlsx
sb_006_00814,ingested_at,2026-05-17T07:07:25.045131,2026-05-18T16:21:40
sb_006_00815,source_file_version,MI팀_시장분석 AI_시장 분석 Master Version (260422).xlsx,MI팀_시장분석 AI_시장 분석 Master Version (원본파일 점검용 재공유 2026.05.18).xlsx
sb_006_00815,ingested_at,2026-05-17T07:07:25.045131,2026-05-18T16:21:40
sb_006_00816,source_file_version,MI팀_시장분석 AI_시장 분석 Master Version (260422).xlsx,MI팀_시장분석 AI_시장 분석 Master Version (원본파일 점검용 재공유 2026.05.18).xlsx
sb_006_00816,ingested_at,2026-05-17T07:07:25.045131,2026-05-18T16:21:40
sb_006_00817,source_file_version,MI팀_시장분석 AI_시장 분석 Master Version (260422).xlsx,MI팀_시장분석 AI_시장 분석 Master Version (원본파일 점검용 재공유 2026.05.18).xlsx
sb_006_00817,ingested_at,2026-05-17T07:07:25.045131,2026-05-18T16:21:40
sb_006_00818,source_file_version,MI팀_시장분석 AI_시장 분석 Master Version (260422).xlsx,MI팀_시장분석 AI_시장 분석 Master Version (원본파일 점검용 재공유 2026.05.18).xlsx
sb_006_00818,ingested_at,2026-05-17T07:07:25.045131,2026-05-18T16:21:40
sb_006_00819,source_file_version,MI팀_시장분석 AI_시장 분석 Master Version (260422).xlsx,MI팀_시장분석 AI_시장 분석 Master Version (원본파일 점검용 재공유 2026.05.18).xlsx
sb_006_00819,ingested_at,2026-05-17T07:07:25.045131,2026-05-18T16:21:40
sb_006_00820,source_file_version,MI팀_시장분석 AI_시장 분석 Master Version (260422).xlsx,MI팀_시장분석 AI_시장 분석 Master Version (원본파일 점검용 재공유 2026.05.18).xlsx
sb_006_00820,ingested_at,2026-05-17T07:07:25.045131,2026-05-18T16:21:40
sb_006_00821,source_file_version,MI팀_시장분석 AI_시장 분석 Master Version (260422).xlsx,MI팀_시장분석 AI_시장 분석 Master Version (원본파일 점검용 재공유 2026.05.18).xlsx
sb_006_00821,ingested_at,2026-05-17T07:07:25.045131,2026-05-18T16:21:40
sb_006_00822,source_file_version,MI팀_시장분석 AI_시장 분석 Master Version (260422).xlsx,MI팀_시장분석 AI_시장 분석 Master Version (원본파일 점검용 재공유 2026.05.18).xlsx
sb_006_00822,ingested_at,2026-05-17T07:07:25.045131,2026-05-18T16:21:40
sb_006_00823,source_file_version,MI팀_시장분석 AI_시장 분석 Master Version (260422).xlsx,MI팀_시장분석 AI_시장 분석 Master Version (원본파일 점검용 재공유 2026.05.18).xlsx
sb_006_00823,ingested_at,2026-05-17T07:07:25.045131,2026-05-18T16:21:40
sb_006_00824,source_file_version,MI팀_시장분석 AI_시장 분석 Master Version (260422).xlsx,MI팀_시장분석 AI_시장 분석 Master Version (원본파일 점검용 재공유 2026.05.18).xlsx
sb_006_00824,ingested_at,2026-05-17T07:07:25.045131,2026-05-18T16:21:40
sb_006_00825,source_file_version,MI팀_시장분석 AI_시장 분석 Master Version (260422).xlsx,MI팀_시장분석 AI_시장 분석 Master Version (원본파일 점검용 재공유 2026.05.18).xlsx
sb_006_00825,ingested_at,2026-05-17T07:07:25.045131,2026-05-18T16:21:40
sb_006_00826,source_file_version,MI팀_시장분석 AI_시장 분석 Master Version (260422).xlsx,MI팀_시장분석 AI_시장 분석 Master Version (원본파일 점검용 재공유 2026.05.18).xlsx
sb_006_00826,ingested_at,2026-05-17T07:07:25.045131,2026-05-18T16:21:40
sb_006_00827,source_file_version,MI팀_시장분석 AI_시장 분석 Master Version (260422).xlsx,MI팀_시장분석 AI_시장 분석 Master Version (원본파일 점검용 재공유 2026.05.18).xlsx
sb_006_00827,ingested_at,2026-05-17T07:07:25.045131,2026-05-18T16:21:40
sb_006_00828,source_file_version,MI팀_시장분석 AI_시장 분석 Master Version (260422).xlsx,MI팀_시장분석 AI_시장 분석 Master Version (원본파일 점검용 재공유 2026.05.18).xlsx
sb_006_00828,ingested_at,2026-05-17T07:07:25.045131,2026-05-18T16:21:40
sb_006_00829,source_file_version,MI팀_시장분석 AI_시장 분석 Master Version (260422).xlsx,MI팀_시장분석 AI_시장 분석 Master Version (원본파일 점검용 재공유 2026.05.18).xlsx
sb_006_00829,ingested_at,2026-05-17T07:07:25.045131,2026-05-18T16:21:40
sb_006_00830,source_file_version,MI팀_시장분석 AI_시장 분석 Master Version (260422).xlsx,MI팀_시장분석 AI_시장 분석 Master Version (원본파일 점검용 재공유 2026.05.18).xlsx
sb_006_00830,ingested_at,2026-05-17T07:07:25.045131,2026-05-18T16:21:40
sb_006_00831,source_file_version,MI팀_시장분석 AI_시장 분석 Master Version (260422).xlsx,MI팀_시장분석 AI_시장 분석 Master Version (원본파일 점검용 재공유 2026.05.18).xlsx
sb_006_00831,ingested_at,2026-05-17T07:07:25.045131,2026-05-18T16:21:40
sb_006_00832,source_file_version,MI팀_시장분석 AI_시장 분석 Master Version (260422).xlsx,MI팀_시장분석 AI_시장 분석 Master Version (원본파일 점검용 재공유 2026.05.18).xlsx
sb_006_00832,ingested_at,2026-05-17T07:07:25.045131,2026-05-18T16:21:40
sb_006_00833,source_file_version,MI팀_시장분석 AI_시장 분석 Master Version (260422).xlsx,MI팀_시장분석 AI_시장 분석 Master Version (원본파일 점검용 재공유 2026.05.18).xlsx
sb_006_00833,ingested_at,2026-05-17T07:07:25.045131,2026-05-18T16:21:40
sb_006_00834,source_file_version,MI팀_시장분석 AI_시장 분석 Master Version (260422).xlsx,MI팀_시장분석 AI_시장 분석 Master Version (원본파일 점검용 재공유 2026.05.18).xlsx
sb_006_00834,ingested_at,2026-05-17T07:07:25.045131,2026-05-18T16:21:40
sb_006_00835,source_file_version,MI팀_시장분석 AI_시장 분석 Master Version (260422).xlsx,MI팀_시장분석 AI_시장 분석 Master Version (원본파일 점검용 재공유 2026.05.18).xlsx
sb_006_00835,ingested_at,2026-05-17T07:07:25.045131,2026-05-18T16:21:40
sb_006_00836,source_file_version,MI팀_시장분석 AI_시장 분석 Master Version (260422).xlsx,MI팀_시장분석 AI_시장 분석 Master Version (원본파일 점검용 재공유 2026.05.18).xlsx
sb_006_00836,ingested_at,2026-05-17T07:07:25.045131,2026-05-18T16:21:40
sb_006_00837,source_file_version,MI팀_시장분석 AI_시장 분석 Master Version (260422).xlsx,MI팀_시장분석 AI_시장 분석 Master Version (원본파일 점검용 재공유 2026.05.18).xlsx
sb_006_00837,ingested_at,2026-05-17T07:07:25.045131,2026-05-18T16:21:40
sb_006_00838,source_file_version,MI팀_시장분석 AI_시장 분석 Master Version (260422).xlsx,MI팀_시장분석 AI_시장 분석 Master Version (원본파일 점검용 재공유 2026.05.18).xlsx
sb_006_00838,ingested_at,2026-05-17T07:07:25.045131,2026-05-18T16:21:40
sb_006_00839,source_file_version,MI팀_시장분석 AI_시장 분석 Master Version (260422).xlsx,MI팀_시장분석 AI_시장 분석 Master Version (원본파일 점검용 재공유 2026.05.18).xlsx
sb_006_00839,ingested_at,2026-05-17T07:07:25.045131,2026-05-18T16:21:40
sb_006_00840,source_file_version,MI팀_시장분석 AI_시장 분석 Master Version (260422).xlsx,MI팀_시장분석 AI_시장 분석 Master Version (원본파일 점검용 재공유 2026.05.18).xlsx
sb_006_00840,ingested_at,2026-05-17T07:07:25.045131,2026-05-18T16:21:40
sb_006_00841,source_file_version,MI팀_시장분석 AI_시장 분석 Master Version (260422).xlsx,MI팀_시장분석 AI_시장 분석 Master Version (원본파일 점검용 재공유 2026.05.18).xlsx
sb_006_00841,ingested_at,2026-05-17T07:07:25.045131,2026-05-18T16:21:40
sb_006_00842,source_file_version,MI팀_시장분석 AI_시장 분석 Master Version (260422).xlsx,MI팀_시장분석 AI_시장 분석 Master Version (원본파일 점검용 재공유 2026.05.18).xlsx
sb_006_00842,ingested_at,2026-05-17T07:07:25.045131,2026-05-18T16:21:40
sb_006_00843,source_file_version,MI팀_시장분석 AI_시장 분석 Master Version (260422).xlsx,MI팀_시장분석 AI_시장 분석 Master Version (원본파일 점검용 재공유 2026.05.18).xlsx
sb_006_00843,ingested_at,2026-05-17T07:07:25.045131,2026-05-18T16:21:40
sb_006_00844,source_file_version,MI팀_시장분석 AI_시장 분석 Master Version (260422).xlsx,MI팀_시장분석 AI_시장 분석 Master Version (원본파일 점검용 재공유 2026.05.18).xlsx
sb_006_00844,ingested_at,2026-05-17T07:07:25.045131,2026-05-18T16:21:40
sb_006_00845,source_file_version,MI팀_시장분석 AI_시장 분석 Master Version (260422).xlsx,MI팀_시장분석 AI_시장 분석 Master Version (원본파일 점검용 재공유 2026.05.18).xlsx
sb_006_00845,ingested_at,2026-05-17T07:07:25.045131,2026-05-18T16:21:40
sb_006_00846,source_file_version,MI팀_시장분석 AI_시장 분석 Master Version (260422).xlsx,MI팀_시장분석 AI_시장 분석 Master Version (원본파일 점검용 재공유 2026.05.18).xlsx
sb_006_00846,ingested_at,2026-05-17T07:07:25.045131,2026-05-18T16:21:40
sb_006_00847,source_file_version,MI팀_시장분석 AI_시장 분석 Master Version (260422).xlsx,MI팀_시장분석 AI_시장 분석 Master Version (원본파일 점검용 재공유 2026.05.18).xlsx
sb_006_00847,ingested_at,2026-05-17T07:07:25.045131,2026-05-18T16:21:40
sb_006_00848,source_file_version,MI팀_시장분석 AI_시장 분석 Master Version (260422).xlsx,MI팀_시장분석 AI_시장 분석 Master Version (원본파일 점검용 재공유 2026.05.18).xlsx
sb_006_00848,ingested_at,2026-05-17T07:07:25.045131,2026-05-18T16:21:40
sb_006_00849,source_file_version,MI팀_시장분석 AI_시장 분석 Master Version (260422).xlsx,MI팀_시장분석 AI_시장 분석 Master Version (원본파일 점검용 재공유 2026.05.18).xlsx
sb_006_00849,ingested_at,2026-05-17T07:07:25.045131,2026-05-18T16:21:40
sb_006_00850,source_file_version,MI팀_시장분석 AI_시장 분석 Master Version (260422).xlsx,MI팀_시장분석 AI_시장 분석 Master Version (원본파일 점검용 재공유 2026.05.18).xlsx
sb_006_00850,ingested_at,2026-05-17T07:07:25.045131,2026-05-18T16:21:40
sb_006_00851,source_file_version,MI팀_시장분석 AI_시장 분석 Master Version (260422).xlsx,MI팀_시장분석 AI_시장 분석 Master Version (원본파일 점검용 재공유 2026.05.18).xlsx
sb_006_00851,ingested_at,2026-05-17T07:07:25.045131,2026-05-18T16:21:40
sb_006_00852,source_file_version,MI팀_시장분석 AI_시장 분석 Master Version (260422).xlsx,MI팀_시장분석 AI_시장 분석 Master Version (원본파일 점검용 재공유 2026.05.18).xlsx
sb_006_00852,ingested_at,2026-05-17T07:07:25.045131,2026-05-18T16:21:40
sb_006_00853,source_file_version,MI팀_시장분석 AI_시장 분석 Master Version (260422).xlsx,MI팀_시장분석 AI_시장 분석 Master Version (원본파일 점검용 재공유 2026.05.18).xlsx
sb_006_00853,ingested_at,2026-05-17T07:07:25.045131,2026-05-18T16:21:40
sb_006_00854,source_file_version,MI팀_시장분석 AI_시장 분석 Master Version (260422).xlsx,MI팀_시장분석 AI_시장 분석 Master Version (원본파일 점검용 재공유 2026.05.18).xlsx
sb_006_00854,ingested_at,2026-05-17T07:07:25.045131,2026-05-18T16:21:40
sb_006_00855,source_file_version,MI팀_시장분석 AI_시장 분석 Master Version (260422).xlsx,MI팀_시장분석 AI_시장 분석 Master Version (원본파일 점검용 재공유 2026.05.18).xlsx
sb_006_00855,ingested_at,2026-05-17T07:07:25.045131,2026-05-18T16:21:40
sb_006_00856,source_file_version,MI팀_시장분석 AI_시장 분석 Master Version (260422).xlsx,MI팀_시장분석 AI_시장 분석 Master Version (원본파일 점검용 재공유 2026.05.18).xlsx
sb_006_00856,ingested_at,2026-05-17T07:07:25.045131,2026-05-18T16:21:40
sb_006_00857,source_file_version,MI팀_시장분석 AI_시장 분석 Master Version (260422).xlsx,MI팀_시장분석 AI_시장 분석 Master Version (원본파일 점검용 재공유 2026.05.18).xlsx
sb_006_00857,ingested_at,2026-05-17T07:07:25.045131,2026-05-18T16:21:40
sb_006_00858,source_file_version,MI팀_시장분석 AI_시장 분석 Master Version (260422).xlsx,MI팀_시장분석 AI_시장 분석 Master Version (원본파일 점검용 재공유 2026.05.18).xlsx
sb_006_00858,ingested_at,2026-05-17T07:07:25.045131,2026-05-18T16:21:40
sb_006_00859,source_file_version,MI팀_시장분석 AI_시장 분석 Master Version (260422).xlsx,MI팀_시장분석 AI_시장 분석 Master Version (원본파일 점검용 재공유 2026.05.18).xlsx
sb_006_00859,ingested_at,2026-05-17T07:07:25.045131,2026-05-18T16:21:40
sb_006_00860,source_file_version,MI팀_시장분석 AI_시장 분석 Master Version (260422).xlsx,MI팀_시장분석 AI_시장 분석 Master Version (원본파일 점검용 재공유 2026.05.18).xlsx
sb_006_00860,ingested_at,2026-05-17T07:07:25.045131,2026-05-18T16:21:40
sb_006_00861,source_file_version,MI팀_시장분석 AI_시장 분석 Master Version (260422).xlsx,MI팀_시장분석 AI_시장 분석 Master Version (원본파일 점검용 재공유 2026.05.18).xlsx
sb_006_00861,ingested_at,2026-05-17T07:07:25.045131,2026-05-18T16:21:40
sb_006_00862,source_file_version,MI팀_시장분석 AI_시장 분석 Master Version (260422).xlsx,MI팀_시장분석 AI_시장 분석 Master Version (원본파일 점검용 재공유 2026.05.18).xlsx
sb_006_00862,ingested_at,2026-05-17T07:07:25.045131,2026-05-18T16:21:40
sb_006_00863,source_file_version,MI팀_시장분석 AI_시장 분석 Master Version (260422).xlsx,MI팀_시장분석 AI_시장 분석 Master Version (원본파일 점검용 재공유 2026.05.18).xlsx
sb_006_00863,ingested_at,2026-05-17T07:07:25.045131,2026-05-18T16:21:40
sb_006_00864,source_file_version,MI팀_시장분석 AI_시장 분석 Master Version (260422).xlsx,MI팀_시장분석 AI_시장 분석 Master Version (원본파일 점검용 재공유 2026.05.18).xlsx
sb_006_00864,ingested_at,2026-05-17T07:07:25.045131,2026-05-18T16:21:40
sb_006_00865,source_file_version,MI팀_시장분석 AI_시장 분석 Master Version (260422).xlsx,MI팀_시장분석 AI_시장 분석 Master Version (원본파일 점검용 재공유 2026.05.18).xlsx
sb_006_00865,ingested_at,2026-05-17T07:07:25.045131,2026-05-18T16:21:40
sb_006_00866,source_file_version,MI팀_시장분석 AI_시장 분석 Master Version (260422).xlsx,MI팀_시장분석 AI_시장 분석 Master Version (원본파일 점검용 재공유 2026.05.18).xlsx
sb_006_00866,ingested_at,2026-05-17T07:07:25.045131,2026-05-18T16:21:40
sb_006_00867,source_file_version,MI팀_시장분석 AI_시장 분석 Master Version (260422).xlsx,MI팀_시장분석 AI_시장 분석 Master Version (원본파일 점검용 재공유 2026.05.18).xlsx
sb_006_00867,ingested_at,2026-05-17T07:07:25.045131,2026-05-18T16:21:40
sb_006_00868,source_file_version,MI팀_시장분석 AI_시장 분석 Master Version (260422).xlsx,MI팀_시장분석 AI_시장 분석 Master Version (원본파일 점검용 재공유 2026.05.18).xlsx
sb_006_00868,ingested_at,2026-05-17T07:07:25.045131,2026-05-18T16:21:40
sb_006_00869,source_file_version,MI팀_시장분석 AI_시장 분석 Master Version (260422).xlsx,MI팀_시장분석 AI_시장 분석 Master Version (원본파일 점검용 재공유 2026.05.18).xlsx
sb_006_00869,ingested_at,2026-05-17T07:07:25.045131,2026-05-18T16:21:40
sb_006_00870,source_file_version,MI팀_시장분석 AI_시장 분석 Master Version (260422).xlsx,MI팀_시장분석 AI_시장 분석 Master Version (원본파일 점검용 재공유 2026.05.18).xlsx
sb_006_00870,ingested_at,2026-05-17T07:07:25.045131,2026-05-18T16:21:40
sb_006_00871,source_file_version,MI팀_시장분석 AI_시장 분석 Master Version (260422).xlsx,MI팀_시장분석 AI_시장 분석 Master Version (원본파일 점검용 재공유 2026.05.18).xlsx
sb_006_00871,ingested_at,2026-05-17T07:07:25.045131,2026-05-18T16:21:40
sb_006_00872,source_file_version,MI팀_시장분석 AI_시장 분석 Master Version (260422).xlsx,MI팀_시장분석 AI_시장 분석 Master Version (원본파일 점검용 재공유 2026.05.18).xlsx
sb_006_00872,ingested_at,2026-05-17T07:07:25.045131,2026-05-18T16:21:40
sb_006_00873,source_file_version,MI팀_시장분석 AI_시장 분석 Master Version (260422).xlsx,MI팀_시장분석 AI_시장 분석 Master Version (원본파일 점검용 재공유 2026.05.18).xlsx
sb_006_00873,ingested_at,2026-05-17T07:07:25.045131,2026-05-18T16:21:40
sb_006_00874,source_file_version,MI팀_시장분석 AI_시장 분석 Master Version (260422).xlsx,MI팀_시장분석 AI_시장 분석 Master Version (원본파일 점검용 재공유 2026.05.18).xlsx
sb_006_00874,ingested_at,2026-05-17T07:07:25.045131,2026-05-18T16:21:40
sb_006_00875,source_file_version,MI팀_시장분석 AI_시장 분석 Master Version (260422).xlsx,MI팀_시장분석 AI_시장 분석 Master Version (원본파일 점검용 재공유 2026.05.18).xlsx
sb_006_00875,ingested_at,2026-05-17T07:07:25.045131,2026-05-18T16:21:40
sb_006_00876,source_file_version,MI팀_시장분석 AI_시장 분석 Master Version (260422).xlsx,MI팀_시장분석 AI_시장 분석 Master Version (원본파일 점검용 재공유 2026.05.18).xlsx
sb_006_00876,ingested_at,2026-05-17T07:07:25.045131,2026-05-18T16:21:40
sb_006_00877,source_file_version,MI팀_시장분석 AI_시장 분석 Master Version (260422).xlsx,MI팀_시장분석 AI_시장 분석 Master Version (원본파일 점검용 재공유 2026.05.18).xlsx
sb_006_00877,ingested_at,2026-05-17T07:07:25.045131,2026-05-18T16:21:40
sb_006_00878,source_file_version,MI팀_시장분석 AI_시장 분석 Master Version (260422).xlsx,MI팀_시장분석 AI_시장 분석 Master Version (원본파일 점검용 재공유 2026.05.18).xlsx
sb_006_00878,ingested_at,2026-05-17T07:07:25.045131,2026-05-18T16:21:40
sb_006_00879,source_file_version,MI팀_시장분석 AI_시장 분석 Master Version (260422).xlsx,MI팀_시장분석 AI_시장 분석 Master Version (원본파일 점검용 재공유 2026.05.18).xlsx
sb_006_00879,ingested_at,2026-05-17T07:07:25.045131,2026-05-18T16:21:40
sb_006_00880,source_file_version,MI팀_시장분석 AI_시장 분석 Master Version (260422).xlsx,MI팀_시장분석 AI_시장 분석 Master Version (원본파일 점검용 재공유 2026.05.18).xlsx
sb_006_00880,ingested_at,2026-05-17T07:07:25.045131,2026-05-18T16:21:40
sb_006_00881,source_file_version,MI팀_시장분석 AI_시장 분석 Master Version (260422).xlsx,MI팀_시장분석 AI_시장 분석 Master Version (원본파일 점검용 재공유 2026.05.18).xlsx
sb_006_00881,ingested_at,2026-05-17T07:07:25.045131,2026-05-18T16:21:40
sb_006_00882,source_file_version,MI팀_시장분석 AI_시장 분석 Master Version (260422).xlsx,MI팀_시장분석 AI_시장 분석 Master Version (원본파일 점검용 재공유 2026.05.18).xlsx
sb_006_00882,ingested_at,2026-05-17T07:07:25.045131,2026-05-18T16:21:40
sb_006_00883,source_file_version,MI팀_시장분석 AI_시장 분석 Master Version (260422).xlsx,MI팀_시장분석 AI_시장 분석 Master Version (원본파일 점검용 재공유 2026.05.18).xlsx
sb_006_00883,ingested_at,2026-05-17T07:07:25.045131,2026-05-18T16:21:40
sb_006_00884,source_file_version,MI팀_시장분석 AI_시장 분석 Master Version (260422).xlsx,MI팀_시장분석 AI_시장 분석 Master Version (원본파일 점검용 재공유 2026.05.18).xlsx
sb_006_00884,ingested_at,2026-05-17T07:07:25.045131,2026-05-18T16:21:40
sb_006_00885,source_file_version,MI팀_시장분석 AI_시장 분석 Master Version (260422).xlsx,MI팀_시장분석 AI_시장 분석 Master Version (원본파일 점검용 재공유 2026.05.18).xlsx
sb_006_00885,ingested_at,2026-05-17T07:07:25.045131,2026-05-18T16:21:40
sb_006_00886,source_file_version,MI팀_시장분석 AI_시장 분석 Master Version (260422).xlsx,MI팀_시장분석 AI_시장 분석 Master Version (원본파일 점검용 재공유 2026.05.18).xlsx
sb_006_00886,ingested_at,2026-05-17T07:07:25.045131,2026-05-18T16:21:40
sb_006_00887,source_file_version,MI팀_시장분석 AI_시장 분석 Master Version (260422).xlsx,MI팀_시장분석 AI_시장 분석 Master Version (원본파일 점검용 재공유 2026.05.18).xlsx
sb_006_00887,ingested_at,2026-05-17T07:07:25.045131,2026-05-18T16:21:40
sb_006_00888,source_file_version,MI팀_시장분석 AI_시장 분석 Master Version (260422).xlsx,MI팀_시장분석 AI_시장 분석 Master Version (원본파일 점검용 재공유 2026.05.18).xlsx
sb_006_00888,ingested_at,2026-05-17T07:07:25.045131,2026-05-18T16:21:40
sb_006_00889,source_file_version,MI팀_시장분석 AI_시장 분석 Master Version (260422).xlsx,MI팀_시장분석 AI_시장 분석 Master Version (원본파일 점검용 재공유 2026.05.18).xlsx
sb_006_00889,ingested_at,2026-05-17T07:07:25.045131,2026-05-18T16:21:40
sb_006_00890,source_file_version,MI팀_시장분석 AI_시장 분석 Master Version (260422).xlsx,MI팀_시장분석 AI_시장 분석 Master Version (원본파일 점검용 재공유 2026.05.18).xlsx
sb_006_00890,ingested_at,2026-05-17T07:07:25.045131,2026-05-18T16:21:40
sb_006_00891,source_file_version,MI팀_시장분석 AI_시장 분석 Master Version (260422).xlsx,MI팀_시장분석 AI_시장 분석 Master Version (원본파일 점검용 재공유 2026.05.18).xlsx
sb_006_00891,ingested_at,2026-05-17T07:07:25.045131,2026-05-18T16:21:40
sb_006_00892,source_file_version,MI팀_시장분석 AI_시장 분석 Master Version (260422).xlsx,MI팀_시장분석 AI_시장 분석 Master Version (원본파일 점검용 재공유 2026.05.18).xlsx
sb_006_00892,ingested_at,2026-05-17T07:07:25.045131,2026-05-18T16:21:40
sb_006_00893,source_file_version,MI팀_시장분석 AI_시장 분석 Master Version (260422).xlsx,MI팀_시장분석 AI_시장 분석 Master Version (원본파일 점검용 재공유 2026.05.18).xlsx
sb_006_00893,ingested_at,2026-05-17T07:07:25.045131,2026-05-18T16:21:40
sb_006_00894,source_file_version,MI팀_시장분석 AI_시장 분석 Master Version (260422).xlsx,MI팀_시장분석 AI_시장 분석 Master Version (원본파일 점검용 재공유 2026.05.18).xlsx
sb_006_00894,ingested_at,2026-05-17T07:07:25.045131,2026-05-18T16:21:40
sb_006_00895,source_file_version,MI팀_시장분석 AI_시장 분석 Master Version (260422).xlsx,MI팀_시장분석 AI_시장 분석 Master Version (원본파일 점검용 재공유 2026.05.18).xlsx
sb_006_00895,ingested_at,2026-05-17T07:07:25.045131,2026-05-18T16:21:40
sb_006_00896,source_file_version,MI팀_시장분석 AI_시장 분석 Master Version (260422).xlsx,MI팀_시장분석 AI_시장 분석 Master Version (원본파일 점검용 재공유 2026.05.18).xlsx
sb_006_00896,ingested_at,2026-05-17T07:07:25.045131,2026-05-18T16:21:40
sb_006_00897,source_file_version,MI팀_시장분석 AI_시장 분석 Master Version (260422).xlsx,MI팀_시장분석 AI_시장 분석 Master Version (원본파일 점검용 재공유 2026.05.18).xlsx
sb_006_00897,ingested_at,2026-05-17T07:07:25.045131,2026-05-18T16:21:40
sb_006_00898,source_file_version,MI팀_시장분석 AI_시장 분석 Master Version (260422).xlsx,MI팀_시장분석 AI_시장 분석 Master Version (원본파일 점검용 재공유 2026.05.18).xlsx
sb_006_00898,ingested_at,2026-05-17T07:07:25.045131,2026-05-18T16:21:40
sb_006_00899,source_file_version,MI팀_시장분석 AI_시장 분석 Master Version (260422).xlsx,MI팀_시장분석 AI_시장 분석 Master Version (원본파일 점검용 재공유 2026.05.18).xlsx
sb_006_00899,ingested_at,2026-05-17T07:07:25.045131,2026-05-18T16:21:40
sb_006_00900,source_file_version,MI팀_시장분석 AI_시장 분석 Master Version (260422).xlsx,MI팀_시장분석 AI_시장 분석 Master Version (원본파일 점검용 재공유 2026.05.18).xlsx
sb_006_00900,ingested_at,2026-05-17T07:07:25.045131,2026-05-18T16:21:40
sb_006_00901,source_file_version,MI팀_시장분석 AI_시장 분석 Master Version (260422).xlsx,MI팀_시장분석 AI_시장 분석 Master Version (원본파일 점검용 재공유 2026.05.18).xlsx
sb_006_00901,ingested_at,2026-05-17T07:07:25.045131,2026-05-18T16:21:40
sb_006_00902,source_file_version,MI팀_시장분석 AI_시장 분석 Master Version (260422).xlsx,MI팀_시장분석 AI_시장 분석 Master Version (원본파일 점검용 재공유 2026.05.18).xlsx
sb_006_00902,ingested_at,2026-05-17T07:07:25.045131,2026-05-18T16:21:40
sb_006_00903,source_file_version,MI팀_시장분석 AI_시장 분석 Master Version (260422).xlsx,MI팀_시장분석 AI_시장 분석 Master Version (원본파일 점검용 재공유 2026.05.18).xlsx
sb_006_00903,ingested_at,2026-05-17T07:07:25.045131,2026-05-18T16:21:40
sb_006_00904,source_file_version,MI팀_시장분석 AI_시장 분석 Master Version (260422).xlsx,MI팀_시장분석 AI_시장 분석 Master Version (원본파일 점검용 재공유 2026.05.18).xlsx
sb_006_00904,ingested_at,2026-05-17T07:07:25.045131,2026-05-18T16:21:40
sb_006_00905,source_file_version,MI팀_시장분석 AI_시장 분석 Master Version (260422).xlsx,MI팀_시장분석 AI_시장 분석 Master Version (원본파일 점검용 재공유 2026.05.18).xlsx
sb_006_00905,ingested_at,2026-05-17T07:07:25.045131,2026-05-18T16:21:40
sb_006_00906,source_file_version,MI팀_시장분석 AI_시장 분석 Master Version (260422).xlsx,MI팀_시장분석 AI_시장 분석 Master Version (원본파일 점검용 재공유 2026.05.18).xlsx
sb_006_00906,ingested_at,2026-05-17T07:07:25.045131,2026-05-18T16:21:40
sb_006_00907,source_file_version,MI팀_시장분석 AI_시장 분석 Master Version (260422).xlsx,MI팀_시장분석 AI_시장 분석 Master Version (원본파일 점검용 재공유 2026.05.18).xlsx
sb_006_00907,ingested_at,2026-05-17T07:07:25.045131,2026-05-18T16:21:40
sb_006_00908,source_file_version,MI팀_시장분석 AI_시장 분석 Master Version (260422).xlsx,MI팀_시장분석 AI_시장 분석 Master Version (원본파일 점검용 재공유 2026.05.18).xlsx
sb_006_00908,ingested_at,2026-05-17T07:07:25.045131,2026-05-18T16:21:40
sb_006_00909,source_file_version,MI팀_시장분석 AI_시장 분석 Master Version (260422).xlsx,MI팀_시장분석 AI_시장 분석 Master Version (원본파일 점검용 재공유 2026.05.18).xlsx
sb_006_00909,ingested_at,2026-05-17T07:07:25.045131,2026-05-18T16:21:40
sb_006_00910,source_file_version,MI팀_시장분석 AI_시장 분석 Master Version (260422).xlsx,MI팀_시장분석 AI_시장 분석 Master Version (원본파일 점검용 재공유 2026.05.18).xlsx
sb_006_00910,ingested_at,2026-05-17T07:07:25.045131,2026-05-18T16:21:40
sb_006_00911,source_file_version,MI팀_시장분석 AI_시장 분석 Master Version (260422).xlsx,MI팀_시장분석 AI_시장 분석 Master Version (원본파일 점검용 재공유 2026.05.18).xlsx
sb_006_00911,ingested_at,2026-05-17T07:07:25.045131,2026-05-18T16:21:40
sb_006_00912,source_file_version,MI팀_시장분석 AI_시장 분석 Master Version (260422).xlsx,MI팀_시장분석 AI_시장 분석 Master Version (원본파일 점검용 재공유 2026.05.18).xlsx
sb_006_00912,ingested_at,2026-05-17T07:07:25.045131,2026-05-18T16:21:40
sb_006_00913,source_file_version,MI팀_시장분석 AI_시장 분석 Master Version (260422).xlsx,MI팀_시장분석 AI_시장 분석 Master Version (원본파일 점검용 재공유 2026.05.18).xlsx
sb_006_00913,ingested_at,2026-05-17T07:07:25.045131,2026-05-18T16:21:40
sb_006_00914,source_file_version,MI팀_시장분석 AI_시장 분석 Master Version (260422).xlsx,MI팀_시장분석 AI_시장 분석 Master Version (원본파일 점검용 재공유 2026.05.18).xlsx
sb_006_00914,ingested_at,2026-05-17T07:07:25.045131,2026-05-18T16:21:40
sb_006_00915,source_file_version,MI팀_시장분석 AI_시장 분석 Master Version (260422).xlsx,MI팀_시장분석 AI_시장 분석 Master Version (원본파일 점검용 재공유 2026.05.18).xlsx
sb_006_00915,ingested_at,2026-05-17T07:07:25.045131,2026-05-18T16:21:40
sb_006_00916,source_file_version,MI팀_시장분석 AI_시장 분석 Master Version (260422).xlsx,MI팀_시장분석 AI_시장 분석 Master Version (원본파일 점검용 재공유 2026.05.18).xlsx
sb_006_00916,ingested_at,2026-05-17T07:07:25.045131,2026-05-18T16:21:40
sb_006_00917,source_file_version,MI팀_시장분석 AI_시장 분석 Master Version (260422).xlsx,MI팀_시장분석 AI_시장 분석 Master Version (원본파일 점검용 재공유 2026.05.18).xlsx
sb_006_00917,ingested_at,2026-05-17T07:07:25.045131,2026-05-18T16:21:40
sb_006_00918,source_file_version,MI팀_시장분석 AI_시장 분석 Master Version (260422).xlsx,MI팀_시장분석 AI_시장 분석 Master Version (원본파일 점검용 재공유 2026.05.18).xlsx
sb_006_00918,ingested_at,2026-05-17T07:07:25.045131,2026-05-18T16:21:40
sb_006_00919,source_file_version,MI팀_시장분석 AI_시장 분석 Master Version (260422).xlsx,MI팀_시장분석 AI_시장 분석 Master Version (원본파일 점검용 재공유 2026.05.18).xlsx
sb_006_00919,ingested_at,2026-05-17T07:07:25.045131,2026-05-18T16:21:40
sb_006_00920,source_file_version,MI팀_시장분석 AI_시장 분석 Master Version (260422).xlsx,MI팀_시장분석 AI_시장 분석 Master Version (원본파일 점검용 재공유 2026.05.18).xlsx
sb_006_00920,ingested_at,2026-05-17T07:07:25.045131,2026-05-18T16:21:40
sb_006_00921,source_file_version,MI팀_시장분석 AI_시장 분석 Master Version (260422).xlsx,MI팀_시장분석 AI_시장 분석 Master Version (원본파일 점검용 재공유 2026.05.18).xlsx
sb_006_00921,ingested_at,2026-05-17T07:07:25.045131,2026-05-18T16:21:40
sb_006_00922,source_file_version,MI팀_시장분석 AI_시장 분석 Master Version (260422).xlsx,MI팀_시장분석 AI_시장 분석 Master Version (원본파일 점검용 재공유 2026.05.18).xlsx
sb_006_00922,ingested_at,2026-05-17T07:07:25.045131,2026-05-18T16:21:40
sb_006_00923,source_file_version,MI팀_시장분석 AI_시장 분석 Master Version (260422).xlsx,MI팀_시장분석 AI_시장 분석 Master Version (원본파일 점검용 재공유 2026.05.18).xlsx
sb_006_00923,ingested_at,2026-05-17T07:07:25.045131,2026-05-18T16:21:40
sb_006_00924,source_file_version,MI팀_시장분석 AI_시장 분석 Master Version (260422).xlsx,MI팀_시장분석 AI_시장 분석 Master Version (원본파일 점검용 재공유 2026.05.18).xlsx
sb_006_00924,ingested_at,2026-05-17T07:07:25.045131,2026-05-18T16:21:40
sb_006_00925,source_file_version,MI팀_시장분석 AI_시장 분석 Master Version (260422).xlsx,MI팀_시장분석 AI_시장 분석 Master Version (원본파일 점검용 재공유 2026.05.18).xlsx
sb_006_00925,ingested_at,2026-05-17T07:07:25.045131,2026-05-18T16:21:40
sb_006_00926,source_file_version,MI팀_시장분석 AI_시장 분석 Master Version (260422).xlsx,MI팀_시장분석 AI_시장 분석 Master Version (원본파일 점검용 재공유 2026.05.18).xlsx
sb_006_00926,ingested_at,2026-05-17T07:07:25.045131,2026-05-18T16:21:40
sb_006_00927,source_file_version,MI팀_시장분석 AI_시장 분석 Master Version (260422).xlsx,MI팀_시장분석 AI_시장 분석 Master Version (원본파일 점검용 재공유 2026.05.18).xlsx
sb_006_00927,ingested_at,2026-05-17T07:07:25.045131,2026-05-18T16:21:40
sb_006_00928,source_file_version,MI팀_시장분석 AI_시장 분석 Master Version (260422).xlsx,MI팀_시장분석 AI_시장 분석 Master Version (원본파일 점검용 재공유 2026.05.18).xlsx
sb_006_00928,ingested_at,2026-05-17T07:07:25.045131,2026-05-18T16:21:40
sb_006_00929,source_file_version,MI팀_시장분석 AI_시장 분석 Master Version (260422).xlsx,MI팀_시장분석 AI_시장 분석 Master Version (원본파일 점검용 재공유 2026.05.18).xlsx
sb_006_00929,ingested_at,2026-05-17T07:07:25.045131,2026-05-18T16:21:40
sb_006_00930,source_file_version,MI팀_시장분석 AI_시장 분석 Master Version (260422).xlsx,MI팀_시장분석 AI_시장 분석 Master Version (원본파일 점검용 재공유 2026.05.18).xlsx
sb_006_00930,ingested_at,2026-05-17T07:07:25.045131,2026-05-18T16:21:40
sb_006_00931,source_file_version,MI팀_시장분석 AI_시장 분석 Master Version (260422).xlsx,MI팀_시장분석 AI_시장 분석 Master Version (원본파일 점검용 재공유 2026.05.18).xlsx
sb_006_00931,ingested_at,2026-05-17T07:07:25.045131,2026-05-18T16:21:40
sb_006_00932,source_file_version,MI팀_시장분석 AI_시장 분석 Master Version (260422).xlsx,MI팀_시장분석 AI_시장 분석 Master Version (원본파일 점검용 재공유 2026.05.18).xlsx
sb_006_00932,ingested_at,2026-05-17T07:07:25.045131,2026-05-18T16:21:40
sb_006_00933,source_file_version,MI팀_시장분석 AI_시장 분석 Master Version (260422).xlsx,MI팀_시장분석 AI_시장 분석 Master Version (원본파일 점검용 재공유 2026.05.18).xlsx
sb_006_00933,ingested_at,2026-05-17T07:07:25.045131,2026-05-18T16:21:40
sb_006_00934,source_file_version,MI팀_시장분석 AI_시장 분석 Master Version (260422).xlsx,MI팀_시장분석 AI_시장 분석 Master Version (원본파일 점검용 재공유 2026.05.18).xlsx
sb_006_00934,ingested_at,2026-05-17T07:07:25.045131,2026-05-18T16:21:40
sb_006_00935,source_file_version,MI팀_시장분석 AI_시장 분석 Master Version (260422).xlsx,MI팀_시장분석 AI_시장 분석 Master Version (원본파일 점검용 재공유 2026.05.18).xlsx
sb_006_00935,ingested_at,2026-05-17T07:07:25.045131,2026-05-18T16:21:40
sb_006_00936,source_file_version,MI팀_시장분석 AI_시장 분석 Master Version (260422).xlsx,MI팀_시장분석 AI_시장 분석 Master Version (원본파일 점검용 재공유 2026.05.18).xlsx
sb_006_00936,ingested_at,2026-05-17T07:07:25.045131,2026-05-18T16:21:40
sb_006_00937,source_file_version,MI팀_시장분석 AI_시장 분석 Master Version (260422).xlsx,MI팀_시장분석 AI_시장 분석 Master Version (원본파일 점검용 재공유 2026.05.18).xlsx
sb_006_00937,ingested_at,2026-05-17T07:07:25.045131,2026-05-18T16:21:40
sb_006_00938,source_file_version,MI팀_시장분석 AI_시장 분석 Master Version (260422).xlsx,MI팀_시장분석 AI_시장 분석 Master Version (원본파일 점검용 재공유 2026.05.18).xlsx
sb_006_00938,ingested_at,2026-05-17T07:07:25.045131,2026-05-18T16:21:40
sb_006_00939,source_file_version,MI팀_시장분석 AI_시장 분석 Master Version (260422).xlsx,MI팀_시장분석 AI_시장 분석 Master Version (원본파일 점검용 재공유 2026.05.18).xlsx
sb_006_00939,ingested_at,2026-05-17T07:07:25.045131,2026-05-18T16:21:40
sb_006_00940,source_file_version,MI팀_시장분석 AI_시장 분석 Master Version (260422).xlsx,MI팀_시장분석 AI_시장 분석 Master Version (원본파일 점검용 재공유 2026.05.18).xlsx
sb_006_00940,ingested_at,2026-05-17T07:07:25.045131,2026-05-18T16:21:40
sb_006_00941,source_file_version,MI팀_시장분석 AI_시장 분석 Master Version (260422).xlsx,MI팀_시장분석 AI_시장 분석 Master Version (원본파일 점검용 재공유 2026.05.18).xlsx
sb_006_00941,ingested_at,2026-05-17T07:07:25.045131,2026-05-18T16:21:40
sb_006_00942,source_file_version,MI팀_시장분석 AI_시장 분석 Master Version (260422).xlsx,MI팀_시장분석 AI_시장 분석 Master Version (원본파일 점검용 재공유 2026.05.18).xlsx
sb_006_00942,ingested_at,2026-05-17T07:07:25.045131,2026-05-18T16:21:40
sb_006_00943,source_file_version,MI팀_시장분석 AI_시장 분석 Master Version (260422).xlsx,MI팀_시장분석 AI_시장 분석 Master Version (원본파일 점검용 재공유 2026.05.18).xlsx
sb_006_00943,ingested_at,2026-05-17T07:07:25.045131,2026-05-18T16:21:40
sb_006_00944,source_file_version,MI팀_시장분석 AI_시장 분석 Master Version (260422).xlsx,MI팀_시장분석 AI_시장 분석 Master Version (원본파일 점검용 재공유 2026.05.18).xlsx
sb_006_00944,ingested_at,2026-05-17T07:07:25.045131,2026-05-18T16:21:40
sb_006_00945,source_file_version,MI팀_시장분석 AI_시장 분석 Master Version (260422).xlsx,MI팀_시장분석 AI_시장 분석 Master Version (원본파일 점검용 재공유 2026.05.18).xlsx
sb_006_00945,ingested_at,2026-05-17T07:07:25.045131,2026-05-18T16:21:40
sb_006_00946,source_file_version,MI팀_시장분석 AI_시장 분석 Master Version (260422).xlsx,MI팀_시장분석 AI_시장 분석 Master Version (원본파일 점검용 재공유 2026.05.18).xlsx
sb_006_00946,ingested_at,2026-05-17T07:07:25.045131,2026-05-18T16:21:40
sb_006_00947,source_file_version,MI팀_시장분석 AI_시장 분석 Master Version (260422).xlsx,MI팀_시장분석 AI_시장 분석 Master Version (원본파일 점검용 재공유 2026.05.18).xlsx
sb_006_00947,ingested_at,2026-05-17T07:07:25.045131,2026-05-18T16:21:40
sb_006_00948,source_file_version,MI팀_시장분석 AI_시장 분석 Master Version (260422).xlsx,MI팀_시장분석 AI_시장 분석 Master Version (원본파일 점검용 재공유 2026.05.18).xlsx
sb_006_00948,ingested_at,2026-05-17T07:07:25.045131,2026-05-18T16:21:40
sb_006_00949,source_file_version,MI팀_시장분석 AI_시장 분석 Master Version (260422).xlsx,MI팀_시장분석 AI_시장 분석 Master Version (원본파일 점검용 재공유 2026.05.18).xlsx
sb_006_00949,ingested_at,2026-05-17T07:07:25.045131,2026-05-18T16:21:40
sb_006_00950,source_file_version,MI팀_시장분석 AI_시장 분석 Master Version (260422).xlsx,MI팀_시장분석 AI_시장 분석 Master Version (원본파일 점검용 재공유 2026.05.18).xlsx
sb_006_00950,ingested_at,2026-05-17T07:07:25.045131,2026-05-18T16:21:40
sb_006_00951,source_file_version,MI팀_시장분석 AI_시장 분석 Master Version (260422).xlsx,MI팀_시장분석 AI_시장 분석 Master Version (원본파일 점검용 재공유 2026.05.18).xlsx
sb_006_00951,ingested_at,2026-05-17T07:07:25.045131,2026-05-18T16:21:40
sb_006_00952,source_file_version,MI팀_시장분석 AI_시장 분석 Master Version (260422).xlsx,MI팀_시장분석 AI_시장 분석 Master Version (원본파일 점검용 재공유 2026.05.18).xlsx
sb_006_00952,ingested_at,2026-05-17T07:07:25.045131,2026-05-18T16:21:40
sb_006_00953,source_file_version,MI팀_시장분석 AI_시장 분석 Master Version (260422).xlsx,MI팀_시장분석 AI_시장 분석 Master Version (원본파일 점검용 재공유 2026.05.18).xlsx
sb_006_00953,ingested_at,2026-05-17T07:07:25.045131,2026-05-18T16:21:40
sb_006_00954,source_file_version,MI팀_시장분석 AI_시장 분석 Master Version (260422).xlsx,MI팀_시장분석 AI_시장 분석 Master Version (원본파일 점검용 재공유 2026.05.18).xlsx
sb_006_00954,ingested_at,2026-05-17T07:07:25.045131,2026-05-18T16:21:40
sb_006_00955,source_file_version,MI팀_시장분석 AI_시장 분석 Master Version (260422).xlsx,MI팀_시장분석 AI_시장 분석 Master Version (원본파일 점검용 재공유 2026.05.18).xlsx
sb_006_00955,ingested_at,2026-05-17T07:07:25.045131,2026-05-18T16:21:40
sb_006_00956,source_file_version,MI팀_시장분석 AI_시장 분석 Master Version (260422).xlsx,MI팀_시장분석 AI_시장 분석 Master Version (원본파일 점검용 재공유 2026.05.18).xlsx
sb_006_00956,ingested_at,2026-05-17T07:07:25.045131,2026-05-18T16:21:40
sb_006_00957,source_file_version,MI팀_시장분석 AI_시장 분석 Master Version (260422).xlsx,MI팀_시장분석 AI_시장 분석 Master Version (원본파일 점검용 재공유 2026.05.18).xlsx
sb_006_00957,ingested_at,2026-05-17T07:07:25.045131,2026-05-18T16:21:40
sb_006_00958,source_file_version,MI팀_시장분석 AI_시장 분석 Master Version (260422).xlsx,MI팀_시장분석 AI_시장 분석 Master Version (원본파일 점검용 재공유 2026.05.18).xlsx
sb_006_00958,ingested_at,2026-05-17T07:07:25.045131,2026-05-18T16:21:40
sb_006_00959,source_file_version,MI팀_시장분석 AI_시장 분석 Master Version (260422).xlsx,MI팀_시장분석 AI_시장 분석 Master Version (원본파일 점검용 재공유 2026.05.18).xlsx
sb_006_00959,ingested_at,2026-05-17T07:07:25.045131,2026-05-18T16:21:40
sb_006_00960,source_file_version,MI팀_시장분석 AI_시장 분석 Master Version (260422).xlsx,MI팀_시장분석 AI_시장 분석 Master Version (원본파일 점검용 재공유 2026.05.18).xlsx
sb_006_00960,ingested_at,2026-05-17T07:07:25.045131,2026-05-18T16:21:40
sb_006_00961,source_file_version,MI팀_시장분석 AI_시장 분석 Master Version (260422).xlsx,MI팀_시장분석 AI_시장 분석 Master Version (원본파일 점검용 재공유 2026.05.18).xlsx
sb_006_00961,ingested_at,2026-05-17T07:07:25.045131,2026-05-18T16:21:40
sb_006_00962,source_file_version,MI팀_시장분석 AI_시장 분석 Master Version (260422).xlsx,MI팀_시장분석 AI_시장 분석 Master Version (원본파일 점검용 재공유 2026.05.18).xlsx
sb_006_00962,ingested_at,2026-05-17T07:07:25.045131,2026-05-18T16:21:40
sb_006_00963,source_file_version,MI팀_시장분석 AI_시장 분석 Master Version (260422).xlsx,MI팀_시장분석 AI_시장 분석 Master Version (원본파일 점검용 재공유 2026.05.18).xlsx
sb_006_00963,ingested_at,2026-05-17T07:07:25.045131,2026-05-18T16:21:40
sb_006_00964,source_file_version,MI팀_시장분석 AI_시장 분석 Master Version (260422).xlsx,MI팀_시장분석 AI_시장 분석 Master Version (원본파일 점검용 재공유 2026.05.18).xlsx
sb_006_00964,ingested_at,2026-05-17T07:07:25.045131,2026-05-18T16:21:40
sb_006_00965,source_file_version,MI팀_시장분석 AI_시장 분석 Master Version (260422).xlsx,MI팀_시장분석 AI_시장 분석 Master Version (원본파일 점검용 재공유 2026.05.18).xlsx
sb_006_00965,ingested_at,2026-05-17T07:07:25.045131,2026-05-18T16:21:40
sb_006_00966,source_file_version,MI팀_시장분석 AI_시장 분석 Master Version (260422).xlsx,MI팀_시장분석 AI_시장 분석 Master Version (원본파일 점검용 재공유 2026.05.18).xlsx
sb_006_00966,ingested_at,2026-05-17T07:07:25.045131,2026-05-18T16:21:40
sb_006_00967,source_file_version,MI팀_시장분석 AI_시장 분석 Master Version (260422).xlsx,MI팀_시장분석 AI_시장 분석 Master Version (원본파일 점검용 재공유 2026.05.18).xlsx
sb_006_00967,ingested_at,2026-05-17T07:07:25.045131,2026-05-18T16:21:40
sb_006_00968,source_file_version,MI팀_시장분석 AI_시장 분석 Master Version (260422).xlsx,MI팀_시장분석 AI_시장 분석 Master Version (원본파일 점검용 재공유 2026.05.18).xlsx
sb_006_00968,ingested_at,2026-05-17T07:07:25.045131,2026-05-18T16:21:40
sb_006_00969,source_file_version,MI팀_시장분석 AI_시장 분석 Master Version (260422).xlsx,MI팀_시장분석 AI_시장 분석 Master Version (원본파일 점검용 재공유 2026.05.18).xlsx
sb_006_00969,ingested_at,2026-05-17T07:07:25.045131,2026-05-18T16:21:40
sb_006_00970,source_file_version,MI팀_시장분석 AI_시장 분석 Master Version (260422).xlsx,MI팀_시장분석 AI_시장 분석 Master Version (원본파일 점검용 재공유 2026.05.18).xlsx
sb_006_00970,ingested_at,2026-05-17T07:07:25.045131,2026-05-18T16:21:40
sb_006_00971,source_file_version,MI팀_시장분석 AI_시장 분석 Master Version (260422).xlsx,MI팀_시장분석 AI_시장 분석 Master Version (원본파일 점검용 재공유 2026.05.18).xlsx
sb_006_00971,ingested_at,2026-05-17T07:07:25.045131,2026-05-18T16:21:40
sb_006_00972,source_file_version,MI팀_시장분석 AI_시장 분석 Master Version (260422).xlsx,MI팀_시장분석 AI_시장 분석 Master Version (원본파일 점검용 재공유 2026.05.18).xlsx
sb_006_00972,ingested_at,2026-05-17T07:07:25.045131,2026-05-18T16:21:40
sb_006_00973,source_file_version,MI팀_시장분석 AI_시장 분석 Master Version (260422).xlsx,MI팀_시장분석 AI_시장 분석 Master Version (원본파일 점검용 재공유 2026.05.18).xlsx
sb_006_00973,ingested_at,2026-05-17T07:07:25.045131,2026-05-18T16:21:40
sb_006_00974,source_file_version,MI팀_시장분석 AI_시장 분석 Master Version (260422).xlsx,MI팀_시장분석 AI_시장 분석 Master Version (원본파일 점검용 재공유 2026.05.18).xlsx
sb_006_00974,ingested_at,2026-05-17T07:07:25.045131,2026-05-18T16:21:40
sb_006_00975,source_file_version,MI팀_시장분석 AI_시장 분석 Master Version (260422).xlsx,MI팀_시장분석 AI_시장 분석 Master Version (원본파일 점검용 재공유 2026.05.18).xlsx
sb_006_00975,ingested_at,2026-05-17T07:07:25.045131,2026-05-18T16:21:40
sb_006_00976,source_file_version,MI팀_시장분석 AI_시장 분석 Master Version (260422).xlsx,MI팀_시장분석 AI_시장 분석 Master Version (원본파일 점검용 재공유 2026.05.18).xlsx
sb_006_00976,ingested_at,2026-05-17T07:07:25.045131,2026-05-18T16:21:40
sb_006_00977,source_file_version,MI팀_시장분석 AI_시장 분석 Master Version (260422).xlsx,MI팀_시장분석 AI_시장 분석 Master Version (원본파일 점검용 재공유 2026.05.18).xlsx
sb_006_00977,ingested_at,2026-05-17T07:07:25.045131,2026-05-18T16:21:40
sb_006_00978,source_file_version,MI팀_시장분석 AI_시장 분석 Master Version (260422).xlsx,MI팀_시장분석 AI_시장 분석 Master Version (원본파일 점검용 재공유 2026.05.18).xlsx
sb_006_00978,ingested_at,2026-05-17T07:07:25.045131,2026-05-18T16:21:40
sb_006_00979,source_file_version,MI팀_시장분석 AI_시장 분석 Master Version (260422).xlsx,MI팀_시장분석 AI_시장 분석 Master Version (원본파일 점검용 재공유 2026.05.18).xlsx
sb_006_00979,ingested_at,2026-05-17T07:07:25.045131,2026-05-18T16:21:40
sb_006_00980,source_file_version,MI팀_시장분석 AI_시장 분석 Master Version (260422).xlsx,MI팀_시장분석 AI_시장 분석 Master Version (원본파일 점검용 재공유 2026.05.18).xlsx
sb_006_00980,ingested_at,2026-05-17T07:07:25.045131,2026-05-18T16:21:40
sb_006_00981,source_file_version,MI팀_시장분석 AI_시장 분석 Master Version (260422).xlsx,MI팀_시장분석 AI_시장 분석 Master Version (원본파일 점검용 재공유 2026.05.18).xlsx
sb_006_00981,ingested_at,2026-05-17T07:07:25.045131,2026-05-18T16:21:40
sb_006_00982,source_file_version,MI팀_시장분석 AI_시장 분석 Master Version (260422).xlsx,MI팀_시장분석 AI_시장 분석 Master Version (원본파일 점검용 재공유 2026.05.18).xlsx
sb_006_00982,ingested_at,2026-05-17T07:07:25.045131,2026-05-18T16:21:40
sb_006_00983,source_file_version,MI팀_시장분석 AI_시장 분석 Master Version (260422).xlsx,MI팀_시장분석 AI_시장 분석 Master Version (원본파일 점검용 재공유 2026.05.18).xlsx
sb_006_00983,ingested_at,2026-05-17T07:07:25.045131,2026-05-18T16:21:40
sb_006_00984,source_file_version,MI팀_시장분석 AI_시장 분석 Master Version (260422).xlsx,MI팀_시장분석 AI_시장 분석 Master Version (원본파일 점검용 재공유 2026.05.18).xlsx
sb_006_00984,ingested_at,2026-05-17T07:07:25.045131,2026-05-18T16:21:40
sb_006_00985,source_file_version,MI팀_시장분석 AI_시장 분석 Master Version (260422).xlsx,MI팀_시장분석 AI_시장 분석 Master Version (원본파일 점검용 재공유 2026.05.18).xlsx
sb_006_00985,ingested_at,2026-05-17T07:07:25.045131,2026-05-18T16:21:40
sb_006_00986,source_file_version,MI팀_시장분석 AI_시장 분석 Master Version (260422).xlsx,MI팀_시장분석 AI_시장 분석 Master Version (원본파일 점검용 재공유 2026.05.18).xlsx
sb_006_00986,ingested_at,2026-05-17T07:07:25.045131,2026-05-18T16:21:40
sb_006_00987,source_file_version,MI팀_시장분석 AI_시장 분석 Master Version (260422).xlsx,MI팀_시장분석 AI_시장 분석 Master Version (원본파일 점검용 재공유 2026.05.18).xlsx
sb_006_00987,ingested_at,2026-05-17T07:07:25.045131,2026-05-18T16:21:40
sb_006_00988,source_file_version,MI팀_시장분석 AI_시장 분석 Master Version (260422).xlsx,MI팀_시장분석 AI_시장 분석 Master Version (원본파일 점검용 재공유 2026.05.18).xlsx
sb_006_00988,ingested_at,2026-05-17T07:07:25.045131,2026-05-18T16:21:40
sb_006_00989,source_file_version,MI팀_시장분석 AI_시장 분석 Master Version (260422).xlsx,MI팀_시장분석 AI_시장 분석 Master Version (원본파일 점검용 재공유 2026.05.18).xlsx
sb_006_00989,ingested_at,2026-05-17T07:07:25.045131,2026-05-18T16:21:40
sb_006_00990,source_file_version,MI팀_시장분석 AI_시장 분석 Master Version (260422).xlsx,MI팀_시장분석 AI_시장 분석 Master Version (원본파일 점검용 재공유 2026.05.18).xlsx
sb_006_00990,ingested_at,2026-05-17T07:07:25.045131,2026-05-18T16:21:40
sb_006_00991,source_file_version,MI팀_시장분석 AI_시장 분석 Master Version (260422).xlsx,MI팀_시장분석 AI_시장 분석 Master Version (원본파일 점검용 재공유 2026.05.18).xlsx
sb_006_00991,ingested_at,2026-05-17T07:07:25.045131,2026-05-18T16:21:40
sb_006_00992,source_file_version,MI팀_시장분석 AI_시장 분석 Master Version (260422).xlsx,MI팀_시장분석 AI_시장 분석 Master Version (원본파일 점검용 재공유 2026.05.18).xlsx
sb_006_00992,ingested_at,2026-05-17T07:07:25.045131,2026-05-18T16:21:40
sb_006_00993,source_file_version,MI팀_시장분석 AI_시장 분석 Master Version (260422).xlsx,MI팀_시장분석 AI_시장 분석 Master Version (원본파일 점검용 재공유 2026.05.18).xlsx
sb_006_00993,ingested_at,2026-05-17T07:07:25.045131,2026-05-18T16:21:40
sb_006_00994,source_file_version,MI팀_시장분석 AI_시장 분석 Master Version (260422).xlsx,MI팀_시장분석 AI_시장 분석 Master Version (원본파일 점검용 재공유 2026.05.18).xlsx
sb_006_00994,ingested_at,2026-05-17T07:07:25.045131,2026-05-18T16:21:40
sb_006_00995,source_file_version,MI팀_시장분석 AI_시장 분석 Master Version (260422).xlsx,MI팀_시장분석 AI_시장 분석 Master Version (원본파일 점검용 재공유 2026.05.18).xlsx
sb_006_00995,ingested_at,2026-05-17T07:07:25.045131,2026-05-18T16:21:40
sb_006_00996,source_file_version,MI팀_시장분석 AI_시장 분석 Master Version (260422).xlsx,MI팀_시장분석 AI_시장 분석 Master Version (원본파일 점검용 재공유 2026.05.18).xlsx
sb_006_00996,ingested_at,2026-05-17T07:07:25.045131,2026-05-18T16:21:40
sb_006_00997,source_file_version,MI팀_시장분석 AI_시장 분석 Master Version (260422).xlsx,MI팀_시장분석 AI_시장 분석 Master Version (원본파일 점검용 재공유 2026.05.18).xlsx
sb_006_00997,ingested_at,2026-05-17T07:07:25.045131,2026-05-18T16:21:40
sb_006_00998,source_file_version,MI팀_시장분석 AI_시장 분석 Master Version (260422).xlsx,MI팀_시장분석 AI_시장 분석 Master Version (원본파일 점검용 재공유 2026.05.18).xlsx
sb_006_00998,ingested_at,2026-05-17T07:07:25.045131,2026-05-18T16:21:40
sb_006_00999,source_file_version,MI팀_시장분석 AI_시장 분석 Master Version (260422).xlsx,MI팀_시장분석 AI_시장 분석 Master Version (원본파일 점검용 재공유 2026.05.18).xlsx
sb_006_00999,ingested_at,2026-05-17T07:07:25.045131,2026-05-18T16:21:40
sb_006_01000,source_file_version,MI팀_시장분석 AI_시장 분석 Master Version (260422).xlsx,MI팀_시장분석 AI_시장 분석 Master Version (원본파일 점검용 재공유 2026.05.18).xlsx
sb_006_01000,ingested_at,2026-05-17T07:07:25.045131,2026-05-18T16:21:40
sb_006_01001,source_file_version,MI팀_시장분석 AI_시장 분석 Master Version (260422).xlsx,MI팀_시장분석 AI_시장 분석 Master Version (원본파일 점검용 재공유 2026.05.18).xlsx
sb_006_01001,ingested_at,2026-05-17T07:07:25.045131,2026-05-18T16:21:40
sb_006_01002,source_file_version,MI팀_시장분석 AI_시장 분석 Master Version (260422).xlsx,MI팀_시장분석 AI_시장 분석 Master Version (원본파일 점검용 재공유 2026.05.18).xlsx
sb_006_01002,ingested_at,2026-05-17T07:07:25.045131,2026-05-18T16:21:40
sb_006_01003,source_file_version,MI팀_시장분석 AI_시장 분석 Master Version (260422).xlsx,MI팀_시장분석 AI_시장 분석 Master Version (원본파일 점검용 재공유 2026.05.18).xlsx
sb_006_01003,ingested_at,2026-05-17T07:07:25.045131,2026-05-18T16:21:40
sb_006_01004,source_file_version,MI팀_시장분석 AI_시장 분석 Master Version (260422).xlsx,MI팀_시장분석 AI_시장 분석 Master Version (원본파일 점검용 재공유 2026.05.18).xlsx
sb_006_01004,ingested_at,2026-05-17T07:07:25.045131,2026-05-18T16:21:40
sb_006_01005,source_file_version,MI팀_시장분석 AI_시장 분석 Master Version (260422).xlsx,MI팀_시장분석 AI_시장 분석 Master Version (원본파일 점검용 재공유 2026.05.18).xlsx
sb_006_01005,ingested_at,2026-05-17T07:07:25.045131,2026-05-18T16:21:40
sb_006_01006,source_file_version,MI팀_시장분석 AI_시장 분석 Master Version (260422).xlsx,MI팀_시장분석 AI_시장 분석 Master Version (원본파일 점검용 재공유 2026.05.18).xlsx
sb_006_01006,ingested_at,2026-05-17T07:07:25.045131,2026-05-18T16:21:40
sb_006_01007,source_file_version,MI팀_시장분석 AI_시장 분석 Master Version (260422).xlsx,MI팀_시장분석 AI_시장 분석 Master Version (원본파일 점검용 재공유 2026.05.18).xlsx
sb_006_01007,ingested_at,2026-05-17T07:07:25.045131,2026-05-18T16:21:40
sb_006_01008,source_file_version,MI팀_시장분석 AI_시장 분석 Master Version (260422).xlsx,MI팀_시장분석 AI_시장 분석 Master Version (원본파일 점검용 재공유 2026.05.18).xlsx
sb_006_01008,ingested_at,2026-05-17T07:07:25.045131,2026-05-18T16:21:40
sb_006_01009,source_file_version,MI팀_시장분석 AI_시장 분석 Master Version (260422).xlsx,MI팀_시장분석 AI_시장 분석 Master Version (원본파일 점검용 재공유 2026.05.18).xlsx
sb_006_01009,ingested_at,2026-05-17T07:07:25.045131,2026-05-18T16:21:40
sb_006_01010,source_file_version,MI팀_시장분석 AI_시장 분석 Master Version (260422).xlsx,MI팀_시장분석 AI_시장 분석 Master Version (원본파일 점검용 재공유 2026.05.18).xlsx
sb_006_01010,ingested_at,2026-05-17T07:07:25.045131,2026-05-18T16:21:40
sb_006_01011,source_file_version,MI팀_시장분석 AI_시장 분석 Master Version (260422).xlsx,MI팀_시장분석 AI_시장 분석 Master Version (원본파일 점검용 재공유 2026.05.18).xlsx
sb_006_01011,ingested_at,2026-05-17T07:07:25.045131,2026-05-18T16:21:40
sb_006_01012,source_file_version,MI팀_시장분석 AI_시장 분석 Master Version (260422).xlsx,MI팀_시장분석 AI_시장 분석 Master Version (원본파일 점검용 재공유 2026.05.18).xlsx
sb_006_01012,ingested_at,2026-05-17T07:07:25.045131,2026-05-18T16:21:40
sb_006_01013,source_file_version,MI팀_시장분석 AI_시장 분석 Master Version (260422).xlsx,MI팀_시장분석 AI_시장 분석 Master Version (원본파일 점검용 재공유 2026.05.18).xlsx
sb_006_01013,ingested_at,2026-05-17T07:07:25.045131,2026-05-18T16:21:40
sb_006_01014,source_file_version,MI팀_시장분석 AI_시장 분석 Master Version (260422).xlsx,MI팀_시장분석 AI_시장 분석 Master Version (원본파일 점검용 재공유 2026.05.18).xlsx
sb_006_01014,ingested_at,2026-05-17T07:07:25.045131,2026-05-18T16:21:40
sb_006_01015,source_file_version,MI팀_시장분석 AI_시장 분석 Master Version (260422).xlsx,MI팀_시장분석 AI_시장 분석 Master Version (원본파일 점검용 재공유 2026.05.18).xlsx
sb_006_01015,ingested_at,2026-05-17T07:07:25.045131,2026-05-18T16:21:40
sb_006_01016,source_file_version,MI팀_시장분석 AI_시장 분석 Master Version (260422).xlsx,MI팀_시장분석 AI_시장 분석 Master Version (원본파일 점검용 재공유 2026.05.18).xlsx
sb_006_01016,ingested_at,2026-05-17T07:07:25.045131,2026-05-18T16:21:40
sb_006_01017,source_file_version,MI팀_시장분석 AI_시장 분석 Master Version (260422).xlsx,MI팀_시장분석 AI_시장 분석 Master Version (원본파일 점검용 재공유 2026.05.18).xlsx
sb_006_01017,ingested_at,2026-05-17T07:07:25.045131,2026-05-18T16:21:40
sb_006_01018,source_file_version,MI팀_시장분석 AI_시장 분석 Master Version (260422).xlsx,MI팀_시장분석 AI_시장 분석 Master Version (원본파일 점검용 재공유 2026.05.18).xlsx
sb_006_01018,ingested_at,2026-05-17T07:07:25.045131,2026-05-18T16:21:40
sb_006_01019,source_file_version,MI팀_시장분석 AI_시장 분석 Master Version (260422).xlsx,MI팀_시장분석 AI_시장 분석 Master Version (원본파일 점검용 재공유 2026.05.18).xlsx
sb_006_01019,ingested_at,2026-05-17T07:07:25.045131,2026-05-18T16:21:40
sb_006_01020,source_file_version,MI팀_시장분석 AI_시장 분석 Master Version (260422).xlsx,MI팀_시장분석 AI_시장 분석 Master Version (원본파일 점검용 재공유 2026.05.18).xlsx
sb_006_01020,ingested_at,2026-05-17T07:07:25.045131,2026-05-18T16:21:40
sb_006_01021,source_file_version,MI팀_시장분석 AI_시장 분석 Master Version (260422).xlsx,MI팀_시장분석 AI_시장 분석 Master Version (원본파일 점검용 재공유 2026.05.18).xlsx
sb_006_01021,ingested_at,2026-05-17T07:07:25.045131,2026-05-18T16:21:40
sb_006_01022,source_file_version,MI팀_시장분석 AI_시장 분석 Master Version (260422).xlsx,MI팀_시장분석 AI_시장 분석 Master Version (원본파일 점검용 재공유 2026.05.18).xlsx
sb_006_01022,ingested_at,2026-05-17T07:07:25.045131,2026-05-18T16:21:40
sb_006_01023,source_file_version,MI팀_시장분석 AI_시장 분석 Master Version (260422).xlsx,MI팀_시장분석 AI_시장 분석 Master Version (원본파일 점검용 재공유 2026.05.18).xlsx
sb_006_01023,ingested_at,2026-05-17T07:07:25.045131,2026-05-18T16:21:40
sb_006_01024,source_file_version,MI팀_시장분석 AI_시장 분석 Master Version (260422).xlsx,MI팀_시장분석 AI_시장 분석 Master Version (원본파일 점검용 재공유 2026.05.18).xlsx
sb_006_01024,ingested_at,2026-05-17T07:07:25.045131,2026-05-18T16:21:40
sb_006_01025,source_file_version,MI팀_시장분석 AI_시장 분석 Master Version (260422).xlsx,MI팀_시장분석 AI_시장 분석 Master Version (원본파일 점검용 재공유 2026.05.18).xlsx
sb_006_01025,ingested_at,2026-05-17T07:07:25.045131,2026-05-18T16:21:40
sb_006_01026,source_file_version,MI팀_시장분석 AI_시장 분석 Master Version (260422).xlsx,MI팀_시장분석 AI_시장 분석 Master Version (원본파일 점검용 재공유 2026.05.18).xlsx
sb_006_01026,ingested_at,2026-05-17T07:07:25.045131,2026-05-18T16:21:40
sb_006_01027,source_file_version,MI팀_시장분석 AI_시장 분석 Master Version (260422).xlsx,MI팀_시장분석 AI_시장 분석 Master Version (원본파일 점검용 재공유 2026.05.18).xlsx
sb_006_01027,ingested_at,2026-05-17T07:07:25.045131,2026-05-18T16:21:40
sb_006_01028,source_file_version,MI팀_시장분석 AI_시장 분석 Master Version (260422).xlsx,MI팀_시장분석 AI_시장 분석 Master Version (원본파일 점검용 재공유 2026.05.18).xlsx
sb_006_01028,ingested_at,2026-05-17T07:07:25.045131,2026-05-18T16:21:40
sb_006_01029,source_file_version,MI팀_시장분석 AI_시장 분석 Master Version (260422).xlsx,MI팀_시장분석 AI_시장 분석 Master Version (원본파일 점검용 재공유 2026.05.18).xlsx
sb_006_01029,ingested_at,2026-05-17T07:07:25.045131,2026-05-18T16:21:40
sb_006_01030,source_file_version,MI팀_시장분석 AI_시장 분석 Master Version (260422).xlsx,MI팀_시장분석 AI_시장 분석 Master Version (원본파일 점검용 재공유 2026.05.18).xlsx
sb_006_01030,ingested_at,2026-05-17T07:07:25.045131,2026-05-18T16:21:40
sb_006_01031,source_file_version,MI팀_시장분석 AI_시장 분석 Master Version (260422).xlsx,MI팀_시장분석 AI_시장 분석 Master Version (원본파일 점검용 재공유 2026.05.18).xlsx
sb_006_01031,ingested_at,2026-05-17T07:07:25.045131,2026-05-18T16:21:40
sb_006_01032,source_file_version,MI팀_시장분석 AI_시장 분석 Master Version (260422).xlsx,MI팀_시장분석 AI_시장 분석 Master Version (원본파일 점검용 재공유 2026.05.18).xlsx
sb_006_01032,ingested_at,2026-05-17T07:07:25.045131,2026-05-18T16:21:40
sb_006_01033,source_file_version,MI팀_시장분석 AI_시장 분석 Master Version (260422).xlsx,MI팀_시장분석 AI_시장 분석 Master Version (원본파일 점검용 재공유 2026.05.18).xlsx
sb_006_01033,ingested_at,2026-05-17T07:07:25.045131,2026-05-18T16:21:40
sb_006_01034,source_file_version,MI팀_시장분석 AI_시장 분석 Master Version (260422).xlsx,MI팀_시장분석 AI_시장 분석 Master Version (원본파일 점검용 재공유 2026.05.18).xlsx
sb_006_01034,ingested_at,2026-05-17T07:07:25.045131,2026-05-18T16:21:40
sb_006_01035,source_file_version,MI팀_시장분석 AI_시장 분석 Master Version (260422).xlsx,MI팀_시장분석 AI_시장 분석 Master Version (원본파일 점검용 재공유 2026.05.18).xlsx
sb_006_01035,ingested_at,2026-05-17T07:07:25.045131,2026-05-18T16:21:40
sb_006_01036,source_file_version,MI팀_시장분석 AI_시장 분석 Master Version (260422).xlsx,MI팀_시장분석 AI_시장 분석 Master Version (원본파일 점검용 재공유 2026.05.18).xlsx
sb_006_01036,ingested_at,2026-05-17T07:07:25.045131,2026-05-18T16:21:40
sb_006_01037,source_file_version,MI팀_시장분석 AI_시장 분석 Master Version (260422).xlsx,MI팀_시장분석 AI_시장 분석 Master Version (원본파일 점검용 재공유 2026.05.18).xlsx
sb_006_01037,ingested_at,2026-05-17T07:07:25.045131,2026-05-18T16:21:40
sb_006_01038,source_file_version,MI팀_시장분석 AI_시장 분석 Master Version (260422).xlsx,MI팀_시장분석 AI_시장 분석 Master Version (원본파일 점검용 재공유 2026.05.18).xlsx
sb_006_01038,ingested_at,2026-05-17T07:07:25.045131,2026-05-18T16:21:40
sb_006_01039,source_file_version,MI팀_시장분석 AI_시장 분석 Master Version (260422).xlsx,MI팀_시장분석 AI_시장 분석 Master Version (원본파일 점검용 재공유 2026.05.18).xlsx
sb_006_01039,ingested_at,2026-05-17T07:07:25.045131,2026-05-18T16:21:40
sb_006_01040,source_file_version,MI팀_시장분석 AI_시장 분석 Master Version (260422).xlsx,MI팀_시장분석 AI_시장 분석 Master Version (원본파일 점검용 재공유 2026.05.18).xlsx
sb_006_01040,ingested_at,2026-05-17T07:07:25.045131,2026-05-18T16:21:40
sb_006_01041,source_file_version,MI팀_시장분석 AI_시장 분석 Master Version (260422).xlsx,MI팀_시장분석 AI_시장 분석 Master Version (원본파일 점검용 재공유 2026.05.18).xlsx
sb_006_01041,ingested_at,2026-05-17T07:07:25.045131,2026-05-18T16:21:40
sb_006_01042,source_file_version,MI팀_시장분석 AI_시장 분석 Master Version (260422).xlsx,MI팀_시장분석 AI_시장 분석 Master Version (원본파일 점검용 재공유 2026.05.18).xlsx
sb_006_01042,ingested_at,2026-05-17T07:07:25.045131,2026-05-18T16:21:40
sb_006_01043,source_file_version,MI팀_시장분석 AI_시장 분석 Master Version (260422).xlsx,MI팀_시장분석 AI_시장 분석 Master Version (원본파일 점검용 재공유 2026.05.18).xlsx
sb_006_01043,ingested_at,2026-05-17T07:07:25.045131,2026-05-18T16:21:40
sb_006_01044,source_file_version,MI팀_시장분석 AI_시장 분석 Master Version (260422).xlsx,MI팀_시장분석 AI_시장 분석 Master Version (원본파일 점검용 재공유 2026.05.18).xlsx
sb_006_01044,ingested_at,2026-05-17T07:07:25.045131,2026-05-18T16:21:40
sb_006_01045,source_file_version,MI팀_시장분석 AI_시장 분석 Master Version (260422).xlsx,MI팀_시장분석 AI_시장 분석 Master Version (원본파일 점검용 재공유 2026.05.18).xlsx
sb_006_01045,ingested_at,2026-05-17T07:07:25.045131,2026-05-18T16:21:40
sb_006_01046,source_file_version,MI팀_시장분석 AI_시장 분석 Master Version (260422).xlsx,MI팀_시장분석 AI_시장 분석 Master Version (원본파일 점검용 재공유 2026.05.18).xlsx
sb_006_01046,ingested_at,2026-05-17T07:07:25.045131,2026-05-18T16:21:40
sb_006_01047,source_file_version,MI팀_시장분석 AI_시장 분석 Master Version (260422).xlsx,MI팀_시장분석 AI_시장 분석 Master Version (원본파일 점검용 재공유 2026.05.18).xlsx
sb_006_01047,ingested_at,2026-05-17T07:07:25.045131,2026-05-18T16:21:40
sb_006_01048,source_file_version,MI팀_시장분석 AI_시장 분석 Master Version (260422).xlsx,MI팀_시장분석 AI_시장 분석 Master Version (원본파일 점검용 재공유 2026.05.18).xlsx
sb_006_01048,ingested_at,2026-05-17T07:07:25.045131,2026-05-18T16:21:40
sb_006_01049,source_file_version,MI팀_시장분석 AI_시장 분석 Master Version (260422).xlsx,MI팀_시장분석 AI_시장 분석 Master Version (원본파일 점검용 재공유 2026.05.18).xlsx
sb_006_01049,ingested_at,2026-05-17T07:07:25.045131,2026-05-18T16:21:40
sb_006_01050,source_file_version,MI팀_시장분석 AI_시장 분석 Master Version (260422).xlsx,MI팀_시장분석 AI_시장 분석 Master Version (원본파일 점검용 재공유 2026.05.18).xlsx
sb_006_01050,ingested_at,2026-05-17T07:07:25.045131,2026-05-18T16:21:40
sb_006_01051,source_file_version,MI팀_시장분석 AI_시장 분석 Master Version (260422).xlsx,MI팀_시장분석 AI_시장 분석 Master Version (원본파일 점검용 재공유 2026.05.18).xlsx
sb_006_01051,ingested_at,2026-05-17T07:07:25.045131,2026-05-18T16:21:40
sb_006_01052,source_file_version,MI팀_시장분석 AI_시장 분석 Master Version (260422).xlsx,MI팀_시장분석 AI_시장 분석 Master Version (원본파일 점검용 재공유 2026.05.18).xlsx
sb_006_01052,ingested_at,2026-05-17T07:07:25.045131,2026-05-18T16:21:40
sb_006_01053,source_file_version,MI팀_시장분석 AI_시장 분석 Master Version (260422).xlsx,MI팀_시장분석 AI_시장 분석 Master Version (원본파일 점검용 재공유 2026.05.18).xlsx
sb_006_01053,ingested_at,2026-05-17T07:07:25.045131,2026-05-18T16:21:40
sb_006_01054,source_file_version,MI팀_시장분석 AI_시장 분석 Master Version (260422).xlsx,MI팀_시장분석 AI_시장 분석 Master Version (원본파일 점검용 재공유 2026.05.18).xlsx
sb_006_01054,ingested_at,2026-05-17T07:07:25.045131,2026-05-18T16:21:40
sb_006_01055,source_file_version,MI팀_시장분석 AI_시장 분석 Master Version (260422).xlsx,MI팀_시장분석 AI_시장 분석 Master Version (원본파일 점검용 재공유 2026.05.18).xlsx
sb_006_01055,ingested_at,2026-05-17T07:07:25.045131,2026-05-18T16:21:40
sb_006_01056,source_file_version,MI팀_시장분석 AI_시장 분석 Master Version (260422).xlsx,MI팀_시장분석 AI_시장 분석 Master Version (원본파일 점검용 재공유 2026.05.18).xlsx
sb_006_01056,ingested_at,2026-05-17T07:07:25.045131,2026-05-18T16:21:40
sb_006_01057,source_file_version,MI팀_시장분석 AI_시장 분석 Master Version (260422).xlsx,MI팀_시장분석 AI_시장 분석 Master Version (원본파일 점검용 재공유 2026.05.18).xlsx
sb_006_01057,ingested_at,2026-05-17T07:07:25.045131,2026-05-18T16:21:40
sb_006_01058,source_file_version,MI팀_시장분석 AI_시장 분석 Master Version (260422).xlsx,MI팀_시장분석 AI_시장 분석 Master Version (원본파일 점검용 재공유 2026.05.18).xlsx
sb_006_01058,ingested_at,2026-05-17T07:07:25.045131,2026-05-18T16:21:40
sb_006_01059,source_file_version,MI팀_시장분석 AI_시장 분석 Master Version (260422).xlsx,MI팀_시장분석 AI_시장 분석 Master Version (원본파일 점검용 재공유 2026.05.18).xlsx
sb_006_01059,ingested_at,2026-05-17T07:07:25.045131,2026-05-18T16:21:40
sb_006_01060,source_file_version,MI팀_시장분석 AI_시장 분석 Master Version (260422).xlsx,MI팀_시장분석 AI_시장 분석 Master Version (원본파일 점검용 재공유 2026.05.18).xlsx
sb_006_01060,ingested_at,2026-05-17T07:07:25.045131,2026-05-18T16:21:40
sb_006_01061,source_file_version,MI팀_시장분석 AI_시장 분석 Master Version (260422).xlsx,MI팀_시장분석 AI_시장 분석 Master Version (원본파일 점검용 재공유 2026.05.18).xlsx
sb_006_01061,ingested_at,2026-05-17T07:07:25.045131,2026-05-18T16:21:40
sb_006_01062,source_file_version,MI팀_시장분석 AI_시장 분석 Master Version (260422).xlsx,MI팀_시장분석 AI_시장 분석 Master Version (원본파일 점검용 재공유 2026.05.18).xlsx
sb_006_01062,ingested_at,2026-05-17T07:07:25.045131,2026-05-18T16:21:40
sb_006_01063,source_file_version,MI팀_시장분석 AI_시장 분석 Master Version (260422).xlsx,MI팀_시장분석 AI_시장 분석 Master Version (원본파일 점검용 재공유 2026.05.18).xlsx
sb_006_01063,ingested_at,2026-05-17T07:07:25.045131,2026-05-18T16:21:40
sb_006_01064,source_file_version,MI팀_시장분석 AI_시장 분석 Master Version (260422).xlsx,MI팀_시장분석 AI_시장 분석 Master Version (원본파일 점검용 재공유 2026.05.18).xlsx
sb_006_01064,ingested_at,2026-05-17T07:07:25.045131,2026-05-18T16:21:40
sb_006_01065,source_file_version,MI팀_시장분석 AI_시장 분석 Master Version (260422).xlsx,MI팀_시장분석 AI_시장 분석 Master Version (원본파일 점검용 재공유 2026.05.18).xlsx
sb_006_01065,ingested_at,2026-05-17T07:07:25.045131,2026-05-18T16:21:40
sb_006_01066,source_file_version,MI팀_시장분석 AI_시장 분석 Master Version (260422).xlsx,MI팀_시장분석 AI_시장 분석 Master Version (원본파일 점검용 재공유 2026.05.18).xlsx
sb_006_01066,ingested_at,2026-05-17T07:07:25.045131,2026-05-18T16:21:40
sb_006_01067,source_file_version,MI팀_시장분석 AI_시장 분석 Master Version (260422).xlsx,MI팀_시장분석 AI_시장 분석 Master Version (원본파일 점검용 재공유 2026.05.18).xlsx
sb_006_01067,ingested_at,2026-05-17T07:07:25.045131,2026-05-18T16:21:40
sb_006_01068,source_file_version,MI팀_시장분석 AI_시장 분석 Master Version (260422).xlsx,MI팀_시장분석 AI_시장 분석 Master Version (원본파일 점검용 재공유 2026.05.18).xlsx
sb_006_01068,ingested_at,2026-05-17T07:07:25.045131,2026-05-18T16:21:40
sb_006_01069,source_file_version,MI팀_시장분석 AI_시장 분석 Master Version (260422).xlsx,MI팀_시장분석 AI_시장 분석 Master Version (원본파일 점검용 재공유 2026.05.18).xlsx
sb_006_01069,ingested_at,2026-05-17T07:07:25.045131,2026-05-18T16:21:40
sb_006_01070,source_file_version,MI팀_시장분석 AI_시장 분석 Master Version (260422).xlsx,MI팀_시장분석 AI_시장 분석 Master Version (원본파일 점검용 재공유 2026.05.18).xlsx
sb_006_01070,ingested_at,2026-05-17T07:07:25.045131,2026-05-18T16:21:40
sb_006_01071,source_file_version,MI팀_시장분석 AI_시장 분석 Master Version (260422).xlsx,MI팀_시장분석 AI_시장 분석 Master Version (원본파일 점검용 재공유 2026.05.18).xlsx
sb_006_01071,ingested_at,2026-05-17T07:07:25.045131,2026-05-18T16:21:40
sb_006_01072,source_file_version,MI팀_시장분석 AI_시장 분석 Master Version (260422).xlsx,MI팀_시장분석 AI_시장 분석 Master Version (원본파일 점검용 재공유 2026.05.18).xlsx
sb_006_01072,ingested_at,2026-05-17T07:07:25.045131,2026-05-18T16:21:40
sb_006_01073,source_file_version,MI팀_시장분석 AI_시장 분석 Master Version (260422).xlsx,MI팀_시장분석 AI_시장 분석 Master Version (원본파일 점검용 재공유 2026.05.18).xlsx
sb_006_01073,ingested_at,2026-05-17T07:07:25.045131,2026-05-18T16:21:40
sb_006_01074,source_file_version,MI팀_시장분석 AI_시장 분석 Master Version (260422).xlsx,MI팀_시장분석 AI_시장 분석 Master Version (원본파일 점검용 재공유 2026.05.18).xlsx
sb_006_01074,ingested_at,2026-05-17T07:07:25.045131,2026-05-18T16:21:40
sb_006_01075,source_file_version,MI팀_시장분석 AI_시장 분석 Master Version (260422).xlsx,MI팀_시장분석 AI_시장 분석 Master Version (원본파일 점검용 재공유 2026.05.18).xlsx
sb_006_01075,ingested_at,2026-05-17T07:07:25.045131,2026-05-18T16:21:40
sb_006_01076,source_file_version,MI팀_시장분석 AI_시장 분석 Master Version (260422).xlsx,MI팀_시장분석 AI_시장 분석 Master Version (원본파일 점검용 재공유 2026.05.18).xlsx
sb_006_01076,ingested_at,2026-05-17T07:07:25.045131,2026-05-18T16:21:40
sb_006_01077,source_file_version,MI팀_시장분석 AI_시장 분석 Master Version (260422).xlsx,MI팀_시장분석 AI_시장 분석 Master Version (원본파일 점검용 재공유 2026.05.18).xlsx
sb_006_01077,ingested_at,2026-05-17T07:07:25.045131,2026-05-18T16:21:40
sb_006_01078,source_file_version,MI팀_시장분석 AI_시장 분석 Master Version (260422).xlsx,MI팀_시장분석 AI_시장 분석 Master Version (원본파일 점검용 재공유 2026.05.18).xlsx
sb_006_01078,ingested_at,2026-05-17T07:07:25.045131,2026-05-18T16:21:40
sb_006_01079,source_file_version,MI팀_시장분석 AI_시장 분석 Master Version (260422).xlsx,MI팀_시장분석 AI_시장 분석 Master Version (원본파일 점검용 재공유 2026.05.18).xlsx
sb_006_01079,ingested_at,2026-05-17T07:07:25.045131,2026-05-18T16:21:40
sb_006_01080,source_file_version,MI팀_시장분석 AI_시장 분석 Master Version (260422).xlsx,MI팀_시장분석 AI_시장 분석 Master Version (원본파일 점검용 재공유 2026.05.18).xlsx
sb_006_01080,ingested_at,2026-05-17T07:07:25.045131,2026-05-18T16:21:40
sb_006_01081,source_file_version,MI팀_시장분석 AI_시장 분석 Master Version (260422).xlsx,MI팀_시장분석 AI_시장 분석 Master Version (원본파일 점검용 재공유 2026.05.18).xlsx
sb_006_01081,ingested_at,2026-05-17T07:07:25.045131,2026-05-18T16:21:40
sb_006_01082,source_file_version,MI팀_시장분석 AI_시장 분석 Master Version (260422).xlsx,MI팀_시장분석 AI_시장 분석 Master Version (원본파일 점검용 재공유 2026.05.18).xlsx
sb_006_01082,ingested_at,2026-05-17T07:07:25.045131,2026-05-18T16:21:40
sb_006_01083,source_file_version,MI팀_시장분석 AI_시장 분석 Master Version (260422).xlsx,MI팀_시장분석 AI_시장 분석 Master Version (원본파일 점검용 재공유 2026.05.18).xlsx
sb_006_01083,ingested_at,2026-05-17T07:07:25.045131,2026-05-18T16:21:40
sb_006_01084,source_file_version,MI팀_시장분석 AI_시장 분석 Master Version (260422).xlsx,MI팀_시장분석 AI_시장 분석 Master Version (원본파일 점검용 재공유 2026.05.18).xlsx
sb_006_01084,ingested_at,2026-05-17T07:07:25.045131,2026-05-18T16:21:40
sb_006_01085,source_file_version,MI팀_시장분석 AI_시장 분석 Master Version (260422).xlsx,MI팀_시장분석 AI_시장 분석 Master Version (원본파일 점검용 재공유 2026.05.18).xlsx
sb_006_01085,ingested_at,2026-05-17T07:07:25.045131,2026-05-18T16:21:40
sb_006_01086,source_file_version,MI팀_시장분석 AI_시장 분석 Master Version (260422).xlsx,MI팀_시장분석 AI_시장 분석 Master Version (원본파일 점검용 재공유 2026.05.18).xlsx
sb_006_01086,ingested_at,2026-05-17T07:07:25.045131,2026-05-18T16:21:40
sb_006_01087,source_file_version,MI팀_시장분석 AI_시장 분석 Master Version (260422).xlsx,MI팀_시장분석 AI_시장 분석 Master Version (원본파일 점검용 재공유 2026.05.18).xlsx
sb_006_01087,ingested_at,2026-05-17T07:07:25.045131,2026-05-18T16:21:40
sb_006_01088,source_file_version,MI팀_시장분석 AI_시장 분석 Master Version (260422).xlsx,MI팀_시장분석 AI_시장 분석 Master Version (원본파일 점검용 재공유 2026.05.18).xlsx
sb_006_01088,ingested_at,2026-05-17T07:07:25.045131,2026-05-18T16:21:40
sb_006_01089,source_file_version,MI팀_시장분석 AI_시장 분석 Master Version (260422).xlsx,MI팀_시장분석 AI_시장 분석 Master Version (원본파일 점검용 재공유 2026.05.18).xlsx
sb_006_01089,ingested_at,2026-05-17T07:07:25.045131,2026-05-18T16:21:40
sb_006_01090,source_file_version,MI팀_시장분석 AI_시장 분석 Master Version (260422).xlsx,MI팀_시장분석 AI_시장 분석 Master Version (원본파일 점검용 재공유 2026.05.18).xlsx
sb_006_01090,ingested_at,2026-05-17T07:07:25.045131,2026-05-18T16:21:40
sb_006_01091,source_file_version,MI팀_시장분석 AI_시장 분석 Master Version (260422).xlsx,MI팀_시장분석 AI_시장 분석 Master Version (원본파일 점검용 재공유 2026.05.18).xlsx
sb_006_01091,ingested_at,2026-05-17T07:07:25.045131,2026-05-18T16:21:40
sb_006_01092,source_file_version,MI팀_시장분석 AI_시장 분석 Master Version (260422).xlsx,MI팀_시장분석 AI_시장 분석 Master Version (원본파일 점검용 재공유 2026.05.18).xlsx
sb_006_01092,ingested_at,2026-05-17T07:07:25.045131,2026-05-18T16:21:40
sb_006_01093,source_file_version,MI팀_시장분석 AI_시장 분석 Master Version (260422).xlsx,MI팀_시장분석 AI_시장 분석 Master Version (원본파일 점검용 재공유 2026.05.18).xlsx
sb_006_01093,ingested_at,2026-05-17T07:07:25.045131,2026-05-18T16:21:40
sb_006_01094,source_file_version,MI팀_시장분석 AI_시장 분석 Master Version (260422).xlsx,MI팀_시장분석 AI_시장 분석 Master Version (원본파일 점검용 재공유 2026.05.18).xlsx
sb_006_01094,ingested_at,2026-05-17T07:07:25.045131,2026-05-18T16:21:40
sb_006_01095,source_file_version,MI팀_시장분석 AI_시장 분석 Master Version (260422).xlsx,MI팀_시장분석 AI_시장 분석 Master Version (원본파일 점검용 재공유 2026.05.18).xlsx
sb_006_01095,ingested_at,2026-05-17T07:07:25.045131,2026-05-18T16:21:40
sb_006_01096,source_file_version,MI팀_시장분석 AI_시장 분석 Master Version (260422).xlsx,MI팀_시장분석 AI_시장 분석 Master Version (원본파일 점검용 재공유 2026.05.18).xlsx
sb_006_01096,ingested_at,2026-05-17T07:07:25.045131,2026-05-18T16:21:40
sb_006_01097,source_file_version,MI팀_시장분석 AI_시장 분석 Master Version (260422).xlsx,MI팀_시장분석 AI_시장 분석 Master Version (원본파일 점검용 재공유 2026.05.18).xlsx
sb_006_01097,ingested_at,2026-05-17T07:07:25.045131,2026-05-18T16:21:40
sb_006_01098,source_file_version,MI팀_시장분석 AI_시장 분석 Master Version (260422).xlsx,MI팀_시장분석 AI_시장 분석 Master Version (원본파일 점검용 재공유 2026.05.18).xlsx
sb_006_01098,ingested_at,2026-05-17T07:07:25.045131,2026-05-18T16:21:40
sb_006_01099,source_file_version,MI팀_시장분석 AI_시장 분석 Master Version (260422).xlsx,MI팀_시장분석 AI_시장 분석 Master Version (원본파일 점검용 재공유 2026.05.18).xlsx
sb_006_01099,ingested_at,2026-05-17T07:07:25.045131,2026-05-18T16:21:40
sb_010_00006,source_file_version,MI팀_시장분석 AI_시장 분석 Master Version (260422).xlsx,MI팀_시장분석 AI_시장 분석 Master Version (원본파일 점검용 재공유 2026.05.18).xlsx
sb_010_00006,ingested_at,2026-05-17T07:07:25.045131,2026-05-18T16:21:40
sb_010_00007,source_file_version,MI팀_시장분석 AI_시장 분석 Master Version (260422).xlsx,MI팀_시장분석 AI_시장 분석 Master Version (원본파일 점검용 재공유 2026.05.18).xlsx
sb_010_00007,ingested_at,2026-05-17T07:07:25.045131,2026-05-18T16:21:40
sb_010_00008,source_file_version,MI팀_시장분석 AI_시장 분석 Master Version (260422).xlsx,MI팀_시장분석 AI_시장 분석 Master Version (원본파일 점검용 재공유 2026.05.18).xlsx
sb_010_00008,ingested_at,2026-05-17T07:07:25.045131,2026-05-18T16:21:40
sb_010_00009,source_file_version,MI팀_시장분석 AI_시장 분석 Master Version (260422).xlsx,MI팀_시장분석 AI_시장 분석 Master Version (원본파일 점검용 재공유 2026.05.18).xlsx
sb_010_00009,ingested_at,2026-05-17T07:07:25.045131,2026-05-18T16:21:40
sb_010_00010,source_file_version,MI팀_시장분석 AI_시장 분석 Master Version (260422).xlsx,MI팀_시장분석 AI_시장 분석 Master Version (원본파일 점검용 재공유 2026.05.18).xlsx
sb_010_00010,ingested_at,2026-05-17T07:07:25.045131,2026-05-18T16:21:40
sb_010_00011,source_file_version,MI팀_시장분석 AI_시장 분석 Master Version (260422).xlsx,MI팀_시장분석 AI_시장 분석 Master Version (원본파일 점검용 재공유 2026.05.18).xlsx
sb_010_00011,ingested_at,2026-05-17T07:07:25.045131,2026-05-18T16:21:40
sb_010_00012,source_file_version,MI팀_시장분석 AI_시장 분석 Master Version (260422).xlsx,MI팀_시장분석 AI_시장 분석 Master Version (원본파일 점검용 재공유 2026.05.18).xlsx
sb_010_00012,ingested_at,2026-05-17T07:07:25.045131,2026-05-18T16:21:40
sb_010_00013,source_file_version,MI팀_시장분석 AI_시장 분석 Master Version (260422).xlsx,MI팀_시장분석 AI_시장 분석 Master Version (원본파일 점검용 재공유 2026.05.18).xlsx
sb_010_00013,ingested_at,2026-05-17T07:07:25.045131,2026-05-18T16:21:40
sb_010_00014,source_file_version,MI팀_시장분석 AI_시장 분석 Master Version (260422).xlsx,MI팀_시장분석 AI_시장 분석 Master Version (원본파일 점검용 재공유 2026.05.18).xlsx
sb_010_00014,ingested_at,2026-05-17T07:07:25.045131,2026-05-18T16:21:40
sb_010_00015,source_file_version,MI팀_시장분석 AI_시장 분석 Master Version (260422).xlsx,MI팀_시장분석 AI_시장 분석 Master Version (원본파일 점검용 재공유 2026.05.18).xlsx
sb_010_00015,ingested_at,2026-05-17T07:07:25.045131,2026-05-18T16:21:40
sb_012_00006,source_file_version,MI팀_시장분석 AI_시장 분석 Master Version (260422).xlsx,MI팀_시장분석 AI_시장 분석 Master Version (원본파일 점검용 재공유 2026.05.18).xlsx
sb_012_00006,ingested_at,2026-05-17T07:07:25.045131,2026-05-18T16:21:40
sb_012_00007,source_file_version,MI팀_시장분석 AI_시장 분석 Master Version (260422).xlsx,MI팀_시장분석 AI_시장 분석 Master Version (원본파일 점검용 재공유 2026.05.18).xlsx
sb_012_00007,ingested_at,2026-05-17T07:07:25.045131,2026-05-18T16:21:40
sb_012_00008,source_file_version,MI팀_시장분석 AI_시장 분석 Master Version (260422).xlsx,MI팀_시장분석 AI_시장 분석 Master Version (원본파일 점검용 재공유 2026.05.18).xlsx
sb_012_00008,ingested_at,2026-05-17T07:07:25.045131,2026-05-18T16:21:40
sb_012_00009,source_file_version,MI팀_시장분석 AI_시장 분석 Master Version (260422).xlsx,MI팀_시장분석 AI_시장 분석 Master Version (원본파일 점검용 재공유 2026.05.18).xlsx
sb_012_00009,ingested_at,2026-05-17T07:07:25.045131,2026-05-18T16:21:40
sb_012_00010,source_file_version,MI팀_시장분석 AI_시장 분석 Master Version (260422).xlsx,MI팀_시장분석 AI_시장 분석 Master Version (원본파일 점검용 재공유 2026.05.18).xlsx
sb_012_00010,ingested_at,2026-05-17T07:07:25.045131,2026-05-18T16:21:40
sb_012_00011,source_file_version,MI팀_시장분석 AI_시장 분석 Master Version (260422).xlsx,MI팀_시장분석 AI_시장 분석 Master Version (원본파일 점검용 재공유 2026.05.18).xlsx
sb_012_00011,ingested_at,2026-05-17T07:07:25.045131,2026-05-18T16:21:40
sb_012_00012,source_file_version,MI팀_시장분석 AI_시장 분석 Master Version (260422).xlsx,MI팀_시장분석 AI_시장 분석 Master Version (원본파일 점검용 재공유 2026.05.18).xlsx
sb_012_00012,ingested_at,2026-05-17T07:07:25.045131,2026-05-18T16:21:40
sb_012_00013,source_file_version,MI팀_시장분석 AI_시장 분석 Master Version (260422).xlsx,MI팀_시장분석 AI_시장 분석 Master Version (원본파일 점검용 재공유 2026.05.18).xlsx
sb_012_00013,ingested_at,2026-05-17T07:07:25.045131,2026-05-18T16:21:40
sb_012_00014,source_file_version,MI팀_시장분석 AI_시장 분석 Master Version (260422).xlsx,MI팀_시장분석 AI_시장 분석 Master Version (원본파일 점검용 재공유 2026.05.18).xlsx
sb_012_00014,ingested_at,2026-05-17T07:07:25.045131,2026-05-18T16:21:40
sb_012_00015,source_file_version,MI팀_시장분석 AI_시장 분석 Master Version (260422).xlsx,MI팀_시장분석 AI_시장 분석 Master Version (원본파일 점검용 재공유 2026.05.18).xlsx
sb_012_00015,ingested_at,2026-05-17T07:07:25.045131,2026-05-18T16:21:40
sb_012_00016,source_file_version,MI팀_시장분석 AI_시장 분석 Master Version (260422).xlsx,MI팀_시장분석 AI_시장 분석 Master Version (원본파일 점검용 재공유 2026.05.18).xlsx
sb_012_00016,ingested_at,2026-05-17T07:07:25.045131,2026-05-18T16:21:40
sb_012_00017,source_file_version,MI팀_시장분석 AI_시장 분석 Master Version (260422).xlsx,MI팀_시장분석 AI_시장 분석 Master Version (원본파일 점검용 재공유 2026.05.18).xlsx
sb_012_00017,ingested_at,2026-05-17T07:07:25.045131,2026-05-18T16:21:40
sb_012_00018,source_file_version,MI팀_시장분석 AI_시장 분석 Master Version (260422).xlsx,MI팀_시장분석 AI_시장 분석 Master Version (원본파일 점검용 재공유 2026.05.18).xlsx
sb_012_00018,ingested_at,2026-05-17T07:07:25.045131,2026-05-18T16:21:40
sb_012_00019,source_file_version,MI팀_시장분석 AI_시장 분석 Master Version (260422).xlsx,MI팀_시장분석 AI_시장 분석 Master Version (원본파일 점검용 재공유 2026.05.18).xlsx
sb_012_00019,ingested_at,2026-05-17T07:07:25.045131,2026-05-18T16:21:40
sb_012_00020,source_file_version,MI팀_시장분석 AI_시장 분석 Master Version (260422).xlsx,MI팀_시장분석 AI_시장 분석 Master Version (원본파일 점검용 재공유 2026.05.18).xlsx
sb_012_00020,ingested_at,2026-05-17T07:07:25.045131,2026-05-18T16:21:40
sb_012_00021,source_file_version,MI팀_시장분석 AI_시장 분석 Master Version (260422).xlsx,MI팀_시장분석 AI_시장 분석 Master Version (원본파일 점검용 재공유 2026.05.18).xlsx
sb_012_00021,ingested_at,2026-05-17T07:07:25.045131,2026-05-18T16:21:40
sb_012_00022,source_file_version,MI팀_시장분석 AI_시장 분석 Master Version (260422).xlsx,MI팀_시장분석 AI_시장 분석 Master Version (원본파일 점검용 재공유 2026.05.18).xlsx
sb_012_00022,ingested_at,2026-05-17T07:07:25.045131,2026-05-18T16:21:40
sb_012_00023,source_file_version,MI팀_시장분석 AI_시장 분석 Master Version (260422).xlsx,MI팀_시장분석 AI_시장 분석 Master Version (원본파일 점검용 재공유 2026.05.18).xlsx
sb_012_00023,ingested_at,2026-05-17T07:07:25.045131,2026-05-18T16:21:40
sb_012_00024,source_file_version,MI팀_시장분석 AI_시장 분석 Master Version (260422).xlsx,MI팀_시장분석 AI_시장 분석 Master Version (원본파일 점검용 재공유 2026.05.18).xlsx
sb_012_00024,ingested_at,2026-05-17T07:07:25.045131,2026-05-18T16:21:40
sb_012_00025,source_file_version,MI팀_시장분석 AI_시장 분석 Master Version (260422).xlsx,MI팀_시장분석 AI_시장 분석 Master Version (원본파일 점검용 재공유 2026.05.18).xlsx
sb_012_00025,ingested_at,2026-05-17T07:07:25.045131,2026-05-18T16:21:40
sb_012_00026,source_file_version,MI팀_시장분석 AI_시장 분석 Master Version (260422).xlsx,MI팀_시장분석 AI_시장 분석 Master Version (원본파일 점검용 재공유 2026.05.18).xlsx
sb_012_00026,ingested_at,2026-05-17T07:07:25.045131,2026-05-18T16:21:40
sb_012_00027,source_file_version,MI팀_시장분석 AI_시장 분석 Master Version (260422).xlsx,MI팀_시장분석 AI_시장 분석 Master Version (원본파일 점검용 재공유 2026.05.18).xlsx
sb_012_00027,ingested_at,2026-05-17T07:07:25.045131,2026-05-18T16:21:40
sb_012_00028,source_file_version,MI팀_시장분석 AI_시장 분석 Master Version (260422).xlsx,MI팀_시장분석 AI_시장 분석 Master Version (원본파일 점검용 재공유 2026.05.18).xlsx
sb_012_00028,ingested_at,2026-05-17T07:07:25.045131,2026-05-18T16:21:40
sb_012_00029,source_file_version,MI팀_시장분석 AI_시장 분석 Master Version (260422).xlsx,MI팀_시장분석 AI_시장 분석 Master Version (원본파일 점검용 재공유 2026.05.18).xlsx
sb_012_00029,ingested_at,2026-05-17T07:07:25.045131,2026-05-18T16:21:40
sb_012_00030,source_file_version,MI팀_시장분석 AI_시장 분석 Master Version (260422).xlsx,MI팀_시장분석 AI_시장 분석 Master Version (원본파일 점검용 재공유 2026.05.18).xlsx
sb_012_00030,ingested_at,2026-05-17T07:07:25.045131,2026-05-18T16:21:40
sb_012_00031,source_file_version,MI팀_시장분석 AI_시장 분석 Master Version (260422).xlsx,MI팀_시장분석 AI_시장 분석 Master Version (원본파일 점검용 재공유 2026.05.18).xlsx
sb_012_00031,ingested_at,2026-05-17T07:07:25.045131,2026-05-18T16:21:40
sb_012_00032,source_file_version,MI팀_시장분석 AI_시장 분석 Master Version (260422).xlsx,MI팀_시장분석 AI_시장 분석 Master Version (원본파일 점검용 재공유 2026.05.18).xlsx
sb_012_00032,ingested_at,2026-05-17T07:07:25.045131,2026-05-18T16:21:40
sb_012_00033,source_file_version,MI팀_시장분석 AI_시장 분석 Master Version (260422).xlsx,MI팀_시장분석 AI_시장 분석 Master Version (원본파일 점검용 재공유 2026.05.18).xlsx
sb_012_00033,ingested_at,2026-05-17T07:07:25.045131,2026-05-18T16:21:40
sb_012_00034,source_file_version,MI팀_시장분석 AI_시장 분석 Master Version (260422).xlsx,MI팀_시장분석 AI_시장 분석 Master Version (원본파일 점검용 재공유 2026.05.18).xlsx
sb_012_00034,ingested_at,2026-05-17T07:07:25.045131,2026-05-18T16:21:40
sb_012_00035,source_file_version,MI팀_시장분석 AI_시장 분석 Master Version (260422).xlsx,MI팀_시장분석 AI_시장 분석 Master Version (원본파일 점검용 재공유 2026.05.18).xlsx
sb_012_00035,ingested_at,2026-05-17T07:07:25.045131,2026-05-18T16:21:40
sb_012_00036,source_file_version,MI팀_시장분석 AI_시장 분석 Master Version (260422).xlsx,MI팀_시장분석 AI_시장 분석 Master Version (원본파일 점검용 재공유 2026.05.18).xlsx
sb_012_00036,ingested_at,2026-05-17T07:07:25.045131,2026-05-18T16:21:40
sb_012_00037,source_file_version,MI팀_시장분석 AI_시장 분석 Master Version (260422).xlsx,MI팀_시장분석 AI_시장 분석 Master Version (원본파일 점검용 재공유 2026.05.18).xlsx
sb_012_00037,ingested_at,2026-05-17T07:07:25.045131,2026-05-18T16:21:40
sb_012_00038,source_file_version,MI팀_시장분석 AI_시장 분석 Master Version (260422).xlsx,MI팀_시장분석 AI_시장 분석 Master Version (원본파일 점검용 재공유 2026.05.18).xlsx
sb_012_00038,ingested_at,2026-05-17T07:07:25.045131,2026-05-18T16:21:40
sb_012_00039,source_file_version,MI팀_시장분석 AI_시장 분석 Master Version (260422).xlsx,MI팀_시장분석 AI_시장 분석 Master Version (원본파일 점검용 재공유 2026.05.18).xlsx
sb_012_00039,ingested_at,2026-05-17T07:07:25.045131,2026-05-18T16:21:40
sb_012_00040,source_file_version,MI팀_시장분석 AI_시장 분석 Master Version (260422).xlsx,MI팀_시장분석 AI_시장 분석 Master Version (원본파일 점검용 재공유 2026.05.18).xlsx
sb_012_00040,ingested_at,2026-05-17T07:07:25.045131,2026-05-18T16:21:40
sb_012_00041,source_file_version,MI팀_시장분석 AI_시장 분석 Master Version (260422).xlsx,MI팀_시장분석 AI_시장 분석 Master Version (원본파일 점검용 재공유 2026.05.18).xlsx
sb_012_00041,ingested_at,2026-05-17T07:07:25.045131,2026-05-18T16:21:40
sb_012_00042,source_file_version,MI팀_시장분석 AI_시장 분석 Master Version (260422).xlsx,MI팀_시장분석 AI_시장 분석 Master Version (원본파일 점검용 재공유 2026.05.18).xlsx
sb_012_00042,ingested_at,2026-05-17T07:07:25.045131,2026-05-18T16:21:40
sb_012_00043,source_file_version,MI팀_시장분석 AI_시장 분석 Master Version (260422).xlsx,MI팀_시장분석 AI_시장 분석 Master Version (원본파일 점검용 재공유 2026.05.18).xlsx
sb_012_00043,ingested_at,2026-05-17T07:07:25.045131,2026-05-18T16:21:40
sb_012_00044,source_file_version,MI팀_시장분석 AI_시장 분석 Master Version (260422).xlsx,MI팀_시장분석 AI_시장 분석 Master Version (원본파일 점검용 재공유 2026.05.18).xlsx
sb_012_00044,ingested_at,2026-05-17T07:07:25.045131,2026-05-18T16:21:40
sb_012_00045,source_file_version,MI팀_시장분석 AI_시장 분석 Master Version (260422).xlsx,MI팀_시장분석 AI_시장 분석 Master Version (원본파일 점검용 재공유 2026.05.18).xlsx
sb_012_00045,ingested_at,2026-05-17T07:07:25.045131,2026-05-18T16:21:40
sb_012_00046,source_file_version,MI팀_시장분석 AI_시장 분석 Master Version (260422).xlsx,MI팀_시장분석 AI_시장 분석 Master Version (원본파일 점검용 재공유 2026.05.18).xlsx
sb_012_00046,ingested_at,2026-05-17T07:07:25.045131,2026-05-18T16:21:40
sb_012_00047,source_file_version,MI팀_시장분석 AI_시장 분석 Master Version (260422).xlsx,MI팀_시장분석 AI_시장 분석 Master Version (원본파일 점검용 재공유 2026.05.18).xlsx
sb_012_00047,ingested_at,2026-05-17T07:07:25.045131,2026-05-18T16:21:40
sb_012_00048,source_file_version,MI팀_시장분석 AI_시장 분석 Master Version (260422).xlsx,MI팀_시장분석 AI_시장 분석 Master Version (원본파일 점검용 재공유 2026.05.18).xlsx
sb_012_00048,ingested_at,2026-05-17T07:07:25.045131,2026-05-18T16:21:40
sb_012_00049,source_file_version,MI팀_시장분석 AI_시장 분석 Master Version (260422).xlsx,MI팀_시장분석 AI_시장 분석 Master Version (원본파일 점검용 재공유 2026.05.18).xlsx
sb_012_00049,ingested_at,2026-05-17T07:07:25.045131,2026-05-18T16:21:40
sb_012_00050,source_file_version,MI팀_시장분석 AI_시장 분석 Master Version (260422).xlsx,MI팀_시장분석 AI_시장 분석 Master Version (원본파일 점검용 재공유 2026.05.18).xlsx
sb_012_00050,ingested_at,2026-05-17T07:07:25.045131,2026-05-18T16:21:40
sb_012_00051,source_file_version,MI팀_시장분석 AI_시장 분석 Master Version (260422).xlsx,MI팀_시장분석 AI_시장 분석 Master Version (원본파일 점검용 재공유 2026.05.18).xlsx
sb_012_00051,ingested_at,2026-05-17T07:07:25.045131,2026-05-18T16:21:40
sb_012_00052,source_file_version,MI팀_시장분석 AI_시장 분석 Master Version (260422).xlsx,MI팀_시장분석 AI_시장 분석 Master Version (원본파일 점검용 재공유 2026.05.18).xlsx
sb_012_00052,ingested_at,2026-05-17T07:07:25.045131,2026-05-18T16:21:40
sb_012_00053,source_file_version,MI팀_시장분석 AI_시장 분석 Master Version (260422).xlsx,MI팀_시장분석 AI_시장 분석 Master Version (원본파일 점검용 재공유 2026.05.18).xlsx
sb_012_00053,ingested_at,2026-05-17T07:07:25.045131,2026-05-18T16:21:40
sb_012_00054,source_file_version,MI팀_시장분석 AI_시장 분석 Master Version (260422).xlsx,MI팀_시장분석 AI_시장 분석 Master Version (원본파일 점검용 재공유 2026.05.18).xlsx
sb_012_00054,ingested_at,2026-05-17T07:07:25.045131,2026-05-18T16:21:40
sb_012_00055,source_file_version,MI팀_시장분석 AI_시장 분석 Master Version (260422).xlsx,MI팀_시장분석 AI_시장 분석 Master Version (원본파일 점검용 재공유 2026.05.18).xlsx
sb_012_00055,ingested_at,2026-05-17T07:07:25.045131,2026-05-18T16:21:40
sb_012_00056,source_file_version,MI팀_시장분석 AI_시장 분석 Master Version (260422).xlsx,MI팀_시장분석 AI_시장 분석 Master Version (원본파일 점검용 재공유 2026.05.18).xlsx
sb_012_00056,ingested_at,2026-05-17T07:07:25.045131,2026-05-18T16:21:40
sb_012_00057,source_file_version,MI팀_시장분석 AI_시장 분석 Master Version (260422).xlsx,MI팀_시장분석 AI_시장 분석 Master Version (원본파일 점검용 재공유 2026.05.18).xlsx
sb_012_00057,ingested_at,2026-05-17T07:07:25.045131,2026-05-18T16:21:40
sb_012_00058,source_file_version,MI팀_시장분석 AI_시장 분석 Master Version (260422).xlsx,MI팀_시장분석 AI_시장 분석 Master Version (원본파일 점검용 재공유 2026.05.18).xlsx
sb_012_00058,ingested_at,2026-05-17T07:07:25.045131,2026-05-18T16:21:40
sb_012_00059,source_file_version,MI팀_시장분석 AI_시장 분석 Master Version (260422).xlsx,MI팀_시장분석 AI_시장 분석 Master Version (원본파일 점검용 재공유 2026.05.18).xlsx
sb_012_00059,ingested_at,2026-05-17T07:07:25.045131,2026-05-18T16:21:40
sb_012_00060,source_file_version,MI팀_시장분석 AI_시장 분석 Master Version (260422).xlsx,MI팀_시장분석 AI_시장 분석 Master Version (원본파일 점검용 재공유 2026.05.18).xlsx
sb_012_00060,ingested_at,2026-05-17T07:07:25.045131,2026-05-18T16:21:40
sb_012_00061,source_file_version,MI팀_시장분석 AI_시장 분석 Master Version (260422).xlsx,MI팀_시장분석 AI_시장 분석 Master Version (원본파일 점검용 재공유 2026.05.18).xlsx
sb_012_00061,ingested_at,2026-05-17T07:07:25.045131,2026-05-18T16:21:40
sb_012_00062,source_file_version,MI팀_시장분석 AI_시장 분석 Master Version (260422).xlsx,MI팀_시장분석 AI_시장 분석 Master Version (원본파일 점검용 재공유 2026.05.18).xlsx
sb_012_00062,ingested_at,2026-05-17T07:07:25.045131,2026-05-18T16:21:40
sb_012_00063,source_file_version,MI팀_시장분석 AI_시장 분석 Master Version (260422).xlsx,MI팀_시장분석 AI_시장 분석 Master Version (원본파일 점검용 재공유 2026.05.18).xlsx
sb_012_00063,ingested_at,2026-05-17T07:07:25.045131,2026-05-18T16:21:40
sb_012_00064,source_file_version,MI팀_시장분석 AI_시장 분석 Master Version (260422).xlsx,MI팀_시장분석 AI_시장 분석 Master Version (원본파일 점검용 재공유 2026.05.18).xlsx
sb_012_00064,ingested_at,2026-05-17T07:07:25.045131,2026-05-18T16:21:40
sb_012_00065,source_file_version,MI팀_시장분석 AI_시장 분석 Master Version (260422).xlsx,MI팀_시장분석 AI_시장 분석 Master Version (원본파일 점검용 재공유 2026.05.18).xlsx
sb_012_00065,ingested_at,2026-05-17T07:07:25.045131,2026-05-18T16:21:40
sb_012_00066,source_file_version,MI팀_시장분석 AI_시장 분석 Master Version (260422).xlsx,MI팀_시장분석 AI_시장 분석 Master Version (원본파일 점검용 재공유 2026.05.18).xlsx
sb_012_00066,ingested_at,2026-05-17T07:07:25.045131,2026-05-18T16:21:40
sb_012_00067,source_file_version,MI팀_시장분석 AI_시장 분석 Master Version (260422).xlsx,MI팀_시장분석 AI_시장 분석 Master Version (원본파일 점검용 재공유 2026.05.18).xlsx
sb_012_00067,ingested_at,2026-05-17T07:07:25.045131,2026-05-18T16:21:40
sb_012_00068,source_file_version,MI팀_시장분석 AI_시장 분석 Master Version (260422).xlsx,MI팀_시장분석 AI_시장 분석 Master Version (원본파일 점검용 재공유 2026.05.18).xlsx
sb_012_00068,ingested_at,2026-05-17T07:07:25.045131,2026-05-18T16:21:40
sb_012_00069,source_file_version,MI팀_시장분석 AI_시장 분석 Master Version (260422).xlsx,MI팀_시장분석 AI_시장 분석 Master Version (원본파일 점검용 재공유 2026.05.18).xlsx
sb_012_00069,ingested_at,2026-05-17T07:07:25.045131,2026-05-18T16:21:40
sb_012_00070,source_file_version,MI팀_시장분석 AI_시장 분석 Master Version (260422).xlsx,MI팀_시장분석 AI_시장 분석 Master Version (원본파일 점검용 재공유 2026.05.18).xlsx
sb_012_00070,ingested_at,2026-05-17T07:07:25.045131,2026-05-18T16:21:40
sb_012_00071,source_file_version,MI팀_시장분석 AI_시장 분석 Master Version (260422).xlsx,MI팀_시장분석 AI_시장 분석 Master Version (원본파일 점검용 재공유 2026.05.18).xlsx
sb_012_00071,ingested_at,2026-05-17T07:07:25.045131,2026-05-18T16:21:40
sb_012_00072,source_file_version,MI팀_시장분석 AI_시장 분석 Master Version (260422).xlsx,MI팀_시장분석 AI_시장 분석 Master Version (원본파일 점검용 재공유 2026.05.18).xlsx
sb_012_00072,ingested_at,2026-05-17T07:07:25.045131,2026-05-18T16:21:40
sb_012_00073,source_file_version,MI팀_시장분석 AI_시장 분석 Master Version (260422).xlsx,MI팀_시장분석 AI_시장 분석 Master Version (원본파일 점검용 재공유 2026.05.18).xlsx
sb_012_00073,ingested_at,2026-05-17T07:07:25.045131,2026-05-18T16:21:40
sb_012_00074,source_file_version,MI팀_시장분석 AI_시장 분석 Master Version (260422).xlsx,MI팀_시장분석 AI_시장 분석 Master Version (원본파일 점검용 재공유 2026.05.18).xlsx
sb_012_00074,ingested_at,2026-05-17T07:07:25.045131,2026-05-18T16:21:40
sb_012_00075,source_file_version,MI팀_시장분석 AI_시장 분석 Master Version (260422).xlsx,MI팀_시장분석 AI_시장 분석 Master Version (원본파일 점검용 재공유 2026.05.18).xlsx
sb_012_00075,ingested_at,2026-05-17T07:07:25.045131,2026-05-18T16:21:40
sb_012_00076,source_file_version,MI팀_시장분석 AI_시장 분석 Master Version (260422).xlsx,MI팀_시장분석 AI_시장 분석 Master Version (원본파일 점검용 재공유 2026.05.18).xlsx
sb_012_00076,ingested_at,2026-05-17T07:07:25.045131,2026-05-18T16:21:40
sb_012_00077,source_file_version,MI팀_시장분석 AI_시장 분석 Master Version (260422).xlsx,MI팀_시장분석 AI_시장 분석 Master Version (원본파일 점검용 재공유 2026.05.18).xlsx
sb_012_00077,ingested_at,2026-05-17T07:07:25.045131,2026-05-18T16:21:40
sb_012_00078,source_file_version,MI팀_시장분석 AI_시장 분석 Master Version (260422).xlsx,MI팀_시장분석 AI_시장 분석 Master Version (원본파일 점검용 재공유 2026.05.18).xlsx
sb_012_00078,ingested_at,2026-05-17T07:07:25.045131,2026-05-18T16:21:40
sb_012_00079,source_file_version,MI팀_시장분석 AI_시장 분석 Master Version (260422).xlsx,MI팀_시장분석 AI_시장 분석 Master Version (원본파일 점검용 재공유 2026.05.18).xlsx
sb_012_00079,ingested_at,2026-05-17T07:07:25.045131,2026-05-18T16:21:40
sb_012_00080,source_file_version,MI팀_시장분석 AI_시장 분석 Master Version (260422).xlsx,MI팀_시장분석 AI_시장 분석 Master Version (원본파일 점검용 재공유 2026.05.18).xlsx
sb_012_00080,ingested_at,2026-05-17T07:07:25.045131,2026-05-18T16:21:40
sb_012_00081,source_file_version,MI팀_시장분석 AI_시장 분석 Master Version (260422).xlsx,MI팀_시장분석 AI_시장 분석 Master Version (원본파일 점검용 재공유 2026.05.18).xlsx
sb_012_00081,ingested_at,2026-05-17T07:07:25.045131,2026-05-18T16:21:40
