level,market,brand_id,brand_name,brand_normalized,matched_brand_in_master,current_value,target_value,policy,match_type,action,confidence
ml,ml_001,sb_001_00225,가나플럭스,가나플럭스,가나플럭스,Omeprazole,Omeprazole,ingredient_recode,normalized,NOOP,HIGH
ml,ml_001,sb_001_00248,경보 라베프라졸,경보라베프라졸,경보라베프라졸,Rabeprazole,Rabeprazole,ingredient_recode,normalized,NOOP,HIGH
ml,ml_001,sb_001_00227,경보 토프라졸,경보토프라졸,경보토프라졸,Pantoprazole,Pantoprazole,ingredient_recode,normalized,NOOP,HIGH
ml,ml_001,sb_001_00321,글로라베,글로라베,글로라베,Rabeprazole,Rabeprazole,ingredient_recode,normalized,NOOP,HIGH
ml,ml_001,sb_001_00059,네메올,네메올,네메올,Esomeprazole,Esomeprazole,ingredient_recode,normalized,NOOP,HIGH
ml,ml_001,sb_001_00141,네메올 듀오,네메올듀오,네메올듀오,Esomeprazole,Esomeprazole,ingredient_recode,normalized,NOOP,HIGH
ml,ml_001,sb_001_00061,네오메졸,네오메졸,네오메졸,Esomeprazole,Esomeprazole,ingredient_recode,normalized,NOOP,HIGH
ml,ml_001,sb_001_00309,네오베트,네오베트,네오베트,Rabeprazole,Rabeprazole,ingredient_recode,normalized,NOOP,HIGH
ml,ml_001,sb_001_00102,넥사브이,넥사브이,넥사브이,Esomeprazole,Esomeprazole,ingredient_recode,normalized,NOOP,HIGH
ml,ml_001,sb_001_00125,넥세라,넥세라,넥세라,Esomeprazole,Esomeprazole,ingredient_recode,normalized,NOOP,HIGH
ml,ml_001,sb_001_00106,넥소메,넥소메,넥소메,Esomeprazole,Esomeprazole,ingredient_recode,normalized,NOOP,HIGH
ml,ml_001,sb_001_00027,넥소칸,넥소칸,넥소칸,Esomeprazole,Esomeprazole,ingredient_recode,normalized,NOOP,HIGH
ml,ml_001,sb_001_00052,넥스라졸,넥스라졸,넥스라졸,Esomeprazole,Esomeprazole,ingredient_recode,normalized,NOOP,HIGH
ml,ml_001,sb_001_00111,넥스온,넥스온,넥스온,Esomeprazole,Esomeprazole,ingredient_recode,normalized,NOOP,HIGH
ml,ml_001,sb_001_00088,넥스졸,넥스졸,넥스졸,Esomeprazole,Esomeprazole,ingredient_recode,normalized,NOOP,HIGH
ml,ml_001,sb_001_00142,넥스졸 듀오,넥스졸듀오,넥스졸듀오,Esomeprazole,Esomeprazole,ingredient_recode,normalized,NOOP,HIGH
ml,ml_001,sb_001_00117,넥스파,넥스파,넥스파,Esomeprazole,Esomeprazole,ingredient_recode,normalized,NOOP,HIGH
ml,ml_001,sb_001_00154,넥스파 듀오,넥스파듀오,넥스파듀오,Esomeprazole,Esomeprazole,ingredient_recode,normalized,NOOP,HIGH
ml,ml_001,sb_001_00098,넥스페졸,넥스페졸,넥스페졸,Esomeprazole,Esomeprazole,ingredient_recode,normalized,NOOP,HIGH
ml,ml_001,sb_001_00123,넥스프라졸,넥스프라졸,넥스프라졸,Esomeprazole,Esomeprazole,ingredient_recode,normalized,NOOP,HIGH
ml,ml_001,sb_001_00158,넥시 듀오,넥시듀오,넥시듀오,Esomeprazole,Esomeprazole,ingredient_recode,normalized,NOOP,HIGH
ml,ml_001,sb_001_00076,넥시리움,넥시리움,넥시리움,Esomeprazole,Esomeprazole,ingredient_recode,normalized,NOOP,HIGH
ml,ml_001,sb_001_00147,넥시리움듀오,넥시리움듀오,넥시리움듀오,Esomeprazole,Esomeprazole,ingredient_recode,normalized,NOOP,HIGH
ml,ml_001,sb_001_00024,넥시메졸,넥시메졸,넥시메졸,Esomeprazole,Esomeprazole,ingredient_recode,normalized,NOOP,HIGH
ml,ml_001,sb_001_00132,넥시알디,넥시알디,넥시알디,Esomeprazole,Esomeprazole,ingredient_recode,normalized,NOOP,HIGH
ml,ml_001,sb_001_00038,넥시어드,넥시어드,넥시어드,Esomeprazole,Esomeprazole,ingredient_recode,normalized,NOOP,HIGH
ml,ml_001,sb_001_00081,넥시엔,넥시엔,넥시엔,Esomeprazole,Esomeprazole,ingredient_recode,normalized,NOOP,HIGH
ml,ml_001,sb_001_00079,넥시오메,넥시오메,넥시오메,Esomeprazole,Esomeprazole,ingredient_recode,normalized,NOOP,HIGH
ml,ml_001,sb_001_00049,넥시온,넥시온,넥시온,Esomeprazole,Esomeprazole,ingredient_recode,normalized,NOOP,HIGH
ml,ml_001,sb_001_00069,넥시움,넥시움,넥시움,Esomeprazole,Esomeprazole,ingredient_recode,normalized,NOOP,HIGH
ml,ml_001,sb_001_00037,넥시퀸,넥시퀸,넥시퀸,Esomeprazole,Esomeprazole,ingredient_recode,normalized,NOOP,HIGH
ml,ml_001,sb_001_00031,넥시프라,넥시프라,넥시프라,Esomeprazole,Esomeprazole,ingredient_recode,normalized,NOOP,HIGH
ml,ml_001,sb_001_00033,넬프라,넬프라,넬프라,Esomeprazole,Esomeprazole,ingredient_recode,normalized,NOOP,HIGH
ml,ml_001,sb_001_00166,놀텍,놀텍,놀텍,Ilaprazole,Ilaprazole,ingredient_recode,normalized,NOOP,HIGH
ml,ml_001,sb_001_00167,놀텍 플러스,놀텍플러스,놀텍플러스,Ilaprazole,Ilaprazole,ingredient_recode,normalized,NOOP,HIGH
ml,ml_001,sb_001_00283,뉴라베,뉴라베,뉴라베,Rabeprazole,Rabeprazole,ingredient_recode,normalized,NOOP,HIGH
ml,ml_001,sb_001_00314,뉴라벨,뉴라벨,뉴라벨,Rabeprazole,Rabeprazole,ingredient_recode,normalized,NOOP,HIGH
ml,ml_001,sb_001_00176,뉴란소,뉴란소,뉴란소,Lansoprazole,Lansoprazole,ingredient_recode,normalized,NOOP,HIGH
ml,ml_001,sb_001_00016,뉴란소 엑스,뉴란소엑스,뉴란소엑스,Lansoprazole,Lansoprazole,ingredient_recode,normalized,NOOP,HIGH
ml,ml_001,sb_001_00291,뉴베라,뉴베라,뉴베라,Rabeprazole,Rabeprazole,ingredient_recode,normalized,NOOP,HIGH
ml,ml_001,sb_001_00073,뉴 에스오프라,뉴에스오프라,뉴에스오프라,Esomeprazole,Esomeprazole,ingredient_recode,normalized,NOOP,HIGH
ml,ml_001,sb_001_00034,다림 에스오메프라졸,다림에스오메프라졸,다림에스오메프라졸,Esomeprazole,Esomeprazole,ingredient_recode,normalized,NOOP,HIGH
ml,ml_001,sb_001_00184,다프라,다프라,다프라,Lansoprazole,Lansoprazole,ingredient_recode,normalized,NOOP,HIGH
ml,ml_001,sb_001_00253,대웅 라베프라졸,대웅라베프라졸,대웅라베프라졸,Rabeprazole,Rabeprazole,ingredient_recode,normalized,NOOP,HIGH
ml,ml_001,sb_001_00196,대한뉴팜 오엠프라졸,대한뉴팜오엠프라졸,대한뉴팜오엠프라졸,Omeprazole,Omeprazole,ingredient_recode,normalized,NOOP,HIGH
ml,ml_001,sb_001_00018,덱실란트 디알,덱실란트디알,덱실란트디알,Dexlansoprazole,Dexlansoprazole,ingredient_recode,normalized,NOOP,HIGH
ml,ml_001,sb_001_00262,동성 라베프라졸,동성라베프라졸,동성라베프라졸,Rabeprazole,Rabeprazole,ingredient_recode,normalized,NOOP,HIGH
ml,ml_001,sb_001_00277,드라베,드라베,드라베,Rabeprazole,Rabeprazole,ingredient_recode,normalized,NOOP,HIGH
ml,ml_001,sb_001_00047,디에스오,디에스오,디에스오,Esomeprazole,Esomeprazole,ingredient_recode,normalized,NOOP,HIGH
ml,ml_001,sb_001_00280,라라베,라라베,라라베,Rabeprazole,Rabeprazole,ingredient_recode,normalized,NOOP,HIGH
ml,ml_001,sb_001_00273,라바졸,라바졸,라바졸,Rabeprazole,Rabeprazole,ingredient_recode,normalized,NOOP,HIGH
ml,ml_001,sb_001_00279,라베,라베,라베,Rabeprazole,Rabeprazole,ingredient_recode,normalized,NOOP,HIGH
ml,ml_001,sb_001_00243,라베가드,라베가드,라베가드,Rabeprazole,Rabeprazole,ingredient_recode,normalized,NOOP,HIGH
ml,ml_001,sb_001_00246,라베건,라베건,라베건,Rabeprazole,Rabeprazole,ingredient_recode,normalized,NOOP,HIGH
ml,ml_001,sb_001_00341,라베나,라베나,라베나,Rabeprazole,Rabeprazole,ingredient_recode,normalized,NOOP,HIGH
ml,ml_001,sb_001_00271,라베넥스,라베넥스,라베넥스,Rabeprazole,Rabeprazole,ingredient_recode,normalized,NOOP,HIGH
ml,ml_001,sb_001_00349,라베뉴,라베뉴,라베뉴,Rabeprazole,Rabeprazole,ingredient_recode,normalized,NOOP,HIGH
ml,ml_001,sb_001_00347,라베듀엣,라베듀엣,라베듀엣,Rabeprazole,Rabeprazole,ingredient_recode,normalized,NOOP,HIGH
ml,ml_001,sb_001_00350,라베듀오,라베듀오,라베듀오,Rabeprazole,Rabeprazole,ingredient_recode,normalized,NOOP,HIGH
ml,ml_001,sb_001_00261,라베드,라베드,라베드,Rabeprazole,Rabeprazole,ingredient_recode,normalized,NOOP,HIGH
ml,ml_001,sb_001_00244,라베드 온,라베드온,라베드온,Rabeprazole,Rabeprazole,ingredient_recode,normalized,NOOP,HIGH
ml,ml_001,sb_001_00308,라베라,라베라,라베라,Rabeprazole,Rabeprazole,ingredient_recode,normalized,NOOP,HIGH
ml,ml_001,sb_001_00352,라베라듀오,라베라듀오,라베라듀오,Rabeprazole,Rabeprazole,ingredient_recode,normalized,NOOP,HIGH
ml,ml_001,sb_001_00266,라베라 엠,라베라엠,라베라엠,Rabeprazole,Rabeprazole,ingredient_recode,normalized,NOOP,HIGH
ml,ml_001,sb_001_00340,라베라즈,라베라즈,라베라즈,Rabeprazole,Rabeprazole,ingredient_recode,normalized,NOOP,HIGH
ml,ml_001,sb_001_00257,라베라톤,라베라톤,라베라톤,Rabeprazole,Rabeprazole,ingredient_recode,normalized,NOOP,HIGH
ml,ml_001,sb_001_00343,라베로즈,라베로즈,라베로즈,Rabeprazole,Rabeprazole,ingredient_recode,normalized,NOOP,HIGH
ml,ml_001,sb_001_00312,라베르,라베르,라베르,Rabeprazole,Rabeprazole,ingredient_recode,normalized,NOOP,HIGH
ml,ml_001,sb_001_00284,라베리트,라베리트,라베리트,Rabeprazole,Rabeprazole,ingredient_recode,normalized,NOOP,HIGH
ml,ml_001,sb_001_00311,라베린,라베린,라베린,Rabeprazole,Rabeprazole,ingredient_recode,normalized,NOOP,HIGH
ml,ml_001,sb_001_00272,라베맥스,라베맥스,라베맥스,Rabeprazole,Rabeprazole,ingredient_recode,normalized,NOOP,HIGH
ml,ml_001,sb_001_00356,라베모어,라베모어,라베모어,Rabeprazole,Rabeprazole,ingredient_recode,normalized,NOOP,HIGH
ml,ml_001,sb_001_00351,라베미니,라베미니,라베미니,Rabeprazole,Rabeprazole,ingredient_recode,normalized,NOOP,HIGH
ml,ml_001,sb_001_00250,라베민,라베민,라베민,Rabeprazole,Rabeprazole,ingredient_recode,normalized,NOOP,HIGH
ml,ml_001,sb_001_00345,라베비카,라베비카,라베비카,Rabeprazole,Rabeprazole,ingredient_recode,normalized,NOOP,HIGH
ml,ml_001,sb_001_00259,라베스타,라베스타,라베스타,Rabeprazole,Rabeprazole,ingredient_recode,normalized,NOOP,HIGH
ml,ml_001,sb_001_00339,라베스토,라베스토,라베스토,Rabeprazole,Rabeprazole,ingredient_recode,normalized,NOOP,HIGH
ml,ml_001,sb_001_00330,라베스틴,라베스틴,라베스틴,Rabeprazole,Rabeprazole,ingredient_recode,normalized,NOOP,HIGH
ml,ml_001,sb_001_00318,라베에트,라베에트,라베에트,Rabeprazole,Rabeprazole,ingredient_recode,normalized,NOOP,HIGH
ml,ml_001,sb_001_00265,라베 엠,라베엠,라베엠,Rabeprazole,Rabeprazole,ingredient_recode,normalized,NOOP,HIGH
ml,ml_001,sb_001_00278,라베올,라베올,라베올,Rabeprazole,Rabeprazole,ingredient_recode,normalized,NOOP,HIGH
ml,ml_001,sb_001_00348,라베올 듀오,라베올듀오,라베올듀오,Rabeprazole,Rabeprazole,ingredient_recode,normalized,NOOP,HIGH
ml,ml_001,sb_001_00268,라베움,라베움,라베움,Rabeprazole,Rabeprazole,ingredient_recode,normalized,NOOP,HIGH
ml,ml_001,sb_001_00297,라베원,라베원,라베원,Rabeprazole,Rabeprazole,ingredient_recode,normalized,NOOP,HIGH
ml,ml_001,sb_001_00281,라베젠,라베젠,라베젠,Rabeprazole,Rabeprazole,ingredient_recode,normalized,NOOP,HIGH
ml,ml_001,sb_001_00322,라베졸,라베졸,라베졸,Rabeprazole,Rabeprazole,ingredient_recode,normalized,NOOP,HIGH
ml,ml_001,sb_canonical_001_라베칸,라베칸,라베칸,라베칸,Rabeprazole,Rabeprazole,ingredient_recode,normalized,NOOP,HIGH
ml,ml_001,sb_canonical_002_라베칸듀오,라베칸듀오,라베칸듀오,라베칸듀오,Rabeprazole,Rabeprazole,ingredient_recode,normalized,NOOP,HIGH
ml,ml_001,sb_001_00336,라베탑,라베탑,라베탑,Rabeprazole,Rabeprazole,ingredient_recode,normalized,NOOP,HIGH
ml,ml_001,sb_001_00292,라베톤,라베톤,라베톤,Rabeprazole,Rabeprazole,ingredient_recode,normalized,NOOP,HIGH
ml,ml_001,sb_001_00267,라베투,라베투,라베투,Rabeprazole,Rabeprazole,ingredient_recode,normalized,NOOP,HIGH
ml,ml_001,sb_001_00324,라베트,라베트,라베트,Rabeprazole,Rabeprazole,ingredient_recode,normalized,NOOP,HIGH
ml,ml_001,sb_001_00307,라베트라,라베트라,라베트라,Rabeprazole,Rabeprazole,ingredient_recode,normalized,NOOP,HIGH
ml,ml_001,sb_001_00252,라베파졸,라베파졸,라베파졸,Rabeprazole,Rabeprazole,ingredient_recode,normalized,NOOP,HIGH
ml,ml_001,sb_001_00333,라베폰,라베폰,라베폰,Rabeprazole,Rabeprazole,ingredient_recode,normalized,NOOP,HIGH
ml,ml_001,sb_001_00328,라베프란,라베프란,라베프란,Rabeprazole,Rabeprazole,ingredient_recode,normalized,NOOP,HIGH
ml,ml_001,sb_001_00316,라베프론,라베프론,라베프론,Rabeprazole,Rabeprazole,ingredient_recode,normalized,NOOP,HIGH
ml,ml_001,sb_001_00315,라베프롤,라베프롤,라베프롤,Rabeprazole,Rabeprazole,ingredient_recode,normalized,NOOP,HIGH
ml,ml_001,sb_001_00260,라베프리,라베프리,라베프리,Rabeprazole,Rabeprazole,ingredient_recode,normalized,NOOP,HIGH
ml,ml_001,sb_001_00331,라베프린,라베프린,라베프린,Rabeprazole,Rabeprazole,ingredient_recode,normalized,NOOP,HIGH
ml,ml_001,sb_001_00335,라베프졸,라베프졸,라베프졸,Rabeprazole,Rabeprazole,ingredient_recode,normalized,NOOP,HIGH
ml,ml_001,sb_001_00355,라베프탑,라베프탑,라베프탑,Rabeprazole,Rabeprazole,ingredient_recode,normalized,NOOP,HIGH
ml,ml_001,sb_001_00263,라베 플러스,라베플러스,라베플러스,Rabeprazole,Rabeprazole,ingredient_recode,normalized,NOOP,HIGH
ml,ml_001,sb_001_00296,라베피아,라베피아,라베피아,Rabeprazole,Rabeprazole,ingredient_recode,normalized,NOOP,HIGH
ml,ml_001,sb_001_00332,라베핀,라베핀,라베핀,Rabeprazole,Rabeprazole,ingredient_recode,normalized,NOOP,HIGH
ml,ml_001,sb_001_00338,라베휴,라베휴,라베휴,Rabeprazole,Rabeprazole,ingredient_recode,normalized,NOOP,HIGH
ml,ml_001,sb_001_00300,라벤프,라벤프,라벤프,Rabeprazole,Rabeprazole,ingredient_recode,normalized,NOOP,HIGH
ml,ml_001,sb_001_00326,라벨라,라벨라,라벨라,Rabeprazole,Rabeprazole,ingredient_recode,normalized,NOOP,HIGH
ml,ml_001,sb_001_00346,라비 듀오,라비듀오,라비듀오,Rabeprazole,Rabeprazole,ingredient_recode,normalized,NOOP,HIGH
ml,ml_001,sb_001_00310,라비에트,라비에트,라비에트,Rabeprazole,Rabeprazole,ingredient_recode,normalized,NOOP,HIGH
ml,ml_001,sb_001_00353,라비에트 듀오,라비에트듀오,라비에트듀오,Rabeprazole,Rabeprazole,ingredient_recode,normalized,NOOP,HIGH
ml,ml_001,sb_001_00249,라비엠,라비엠,라비엠,Rabeprazole,Rabeprazole,ingredient_recode,normalized,NOOP,HIGH
ml,ml_001,sb_001_00327,라비파,라비파,라비파,Rabeprazole,Rabeprazole,ingredient_recode,normalized,NOOP,HIGH
ml,ml_001,sb_001_00320,라페졸,라페졸,라페졸,Rabeprazole,Rabeprazole,ingredient_recode,normalized,NOOP,HIGH
ml,ml_001,sb_001_00264,라프라이트,라프라이트,라프라이트,Rabeprazole,Rabeprazole,ingredient_recode,normalized,NOOP,HIGH
ml,ml_001,sb_001_00288,라프라졸,라프라졸,라프라졸,Rabeprazole,Rabeprazole,ingredient_recode,normalized,NOOP,HIGH
ml,ml_001,sb_001_00289,라프리졸,라프리졸,라프리졸,Rabeprazole,Rabeprazole,ingredient_recode,normalized,NOOP,HIGH
ml,ml_001,sb_001_00194,라피 듀오,라피듀오,라피듀오,Rabeprazole,Rabeprazole,ingredient_recode,normalized,NOOP,HIGH
ml,ml_001,sb_001_00285,라피에스,라피에스,라피에스,Rabeprazole,Rabeprazole,ingredient_recode,normalized,NOOP,HIGH
ml,ml_001,sb_001_00256,라피졸,라피졸,라피졸,Rabeprazole,Rabeprazole,ingredient_recode,normalized,NOOP,HIGH
ml,ml_001,sb_001_00183,란사톤,란사톤,란사톤,Lansoprazole,Lansoprazole,ingredient_recode,normalized,NOOP,HIGH
ml,ml_001,sb_001_00017,란사톤 듀오,란사톤듀오,란사톤듀오,Lansoprazole,Lansoprazole,ingredient_recode,normalized,NOOP,HIGH
ml,ml_001,sb_001_00012,란소 듀오,란소듀오,란소듀오,Lansoprazole,Lansoprazole,ingredient_recode,normalized,NOOP,HIGH
ml,ml_001,sb_001_00172,란소드,란소드,란소드,Lansoprazole,Lansoprazole,ingredient_recode,normalized,NOOP,HIGH
ml,ml_001,sb_001_00177,란소멜,란소멜,란소멜,Lansoprazole,Lansoprazole,ingredient_recode,normalized,NOOP,HIGH
ml,ml_001,sb_001_00014,란소앤,란소앤,란소앤,Lansoprazole,Lansoprazole,ingredient_recode,normalized,NOOP,HIGH
ml,ml_001,sb_001_00185,란소졸,란소졸,란소졸,Lansoprazole,Lansoprazole,ingredient_recode,normalized,NOOP,HIGH
ml,ml_001,sb_001_00187,란소큐,란소큐,란소큐,Lansoprazole,Lansoprazole,ingredient_recode,normalized,NOOP,HIGH
ml,ml_001,sb_001_00013,란스타,란스타,란스타,Lansoprazole,Lansoprazole,ingredient_recode,normalized,NOOP,HIGH
ml,ml_001,sb_001_00169,란스터,란스터,란스터,Lansoprazole,Lansoprazole,ingredient_recode,normalized,NOOP,HIGH
ml,ml_001,sb_001_00171,란스톤 엘에프디티,란스톤엘에프디티,란스톤엘에프디티,Lansoprazole,Lansoprazole,ingredient_recode,normalized,NOOP,HIGH
ml,ml_001,sb_001_00168,란시드,란시드,란시드,Lansoprazole,Lansoprazole,ingredient_recode,normalized,NOOP,HIGH
ml,ml_001,sb_001_00178,란시라,란시라,란시라,Lansoprazole,Lansoprazole,ingredient_recode,normalized,NOOP,HIGH
ml,ml_001,sb_001_00174,란시졸,란시졸,란시졸,Lansoprazole,Lansoprazole,ingredient_recode,normalized,NOOP,HIGH
ml,ml_001,sb_001_00015,란탄 듀오,란탄듀오,란탄듀오,Lansoprazole,Lansoprazole,ingredient_recode,normalized,NOOP,HIGH
ml,ml_001,sb_001_00170,란프라,란프라,란프라,Lansoprazole,Lansoprazole,ingredient_recode,normalized,NOOP,HIGH
ml,ml_001,sb_001_00181,란프졸,란프졸,란프졸,Lansoprazole,Lansoprazole,ingredient_recode,normalized,NOOP,HIGH
ml,ml_001,sb_001_00173,란프톤,란프톤,란프톤,Lansoprazole,Lansoprazole,ingredient_recode,normalized,NOOP,HIGH
ml,ml_001,sb_001_00358,레바넥스,레바넥스,레바넥스,Revaprazan,Revaprazan,ingredient_recode,normalized,NOOP,HIGH
ml,ml_001,sb_001_00334,레스프라졸,레스프라졸,레스프라졸,Rabeprazole,Rabeprazole,ingredient_recode,normalized,NOOP,HIGH
ml,ml_001,sb_001_00304,레이프라,레이프라,레이프라,Rabeprazole,Rabeprazole,ingredient_recode,normalized,NOOP,HIGH
ml,ml_001,sb_001_00359,레토프라,레토프라,레토프라,S-pantoprazole,S-pantoprazole,ingredient_recode,normalized,NOOP,HIGH
ml,ml_001,sb_001_00270,레프라졸,레프라졸,레프라졸,Rabeprazole,Rabeprazole,ingredient_recode,normalized,NOOP,HIGH
ml,ml_001,sb_001_00305,로베돌,로베돌,로베돌,Rabeprazole,Rabeprazole,ingredient_recode,normalized,NOOP,HIGH
ml,ml_001,sb_001_00269,메딕스 라베핀,메딕스라베핀,메딕스라베핀,Rabeprazole,Rabeprazole,ingredient_recode,normalized,NOOP,HIGH
ml,ml_001,sb_001_00180,모노리툼 플라스,모노리툼플라스,모노리툼플라스,Lansoprazole,Lansoprazole,ingredient_recode,normalized,NOOP,HIGH
ml,ml_001,sb_001_00205,바로메졸,바로메졸,바로메졸,Omeprazole,Omeprazole,ingredient_recode,normalized,NOOP,HIGH
ml,ml_001,sb_001_00200,바이넥스 오메프라졸,바이넥스오메프라졸,바이넥스오메프라졸,Omeprazole,Omeprazole,ingredient_recode,normalized,NOOP,HIGH
ml,ml_001,sb_001_00116,반젤리스,반젤리스,반젤리스,Esomeprazole,Esomeprazole,ingredient_recode,normalized,NOOP,HIGH
ml,ml_001,sb_001_00286,베라졸,베라졸,베라졸,Rabeprazole,Rabeprazole,ingredient_recode,normalized,NOOP,HIGH
ml,ml_001,sb_001_00159,베스듀오,베스듀오,베스듀오,Esomeprazole,Esomeprazole,ingredient_recode,normalized,NOOP,HIGH
ml,ml_001,sb_001_00247,베프졸,베프졸,베프졸,Rabeprazole,Rabeprazole,ingredient_recode,normalized,NOOP,HIGH
ml,ml_001,sb_001_00313,벤프라,벤프라,벤프라,Rabeprazole,Rabeprazole,ingredient_recode,normalized,NOOP,HIGH
ml,ml_001,sb_001_00163,벨록스캡,벨록스캡,벨록스캡,Fexuprazan,Fexuprazan,ingredient_recode,normalized,NOOP,HIGH
ml,ml_001,sb_001_00274,비보존 라베프라졸,비보존라베프라졸,비보존라베프라졸,Rabeprazole,Rabeprazole,ingredient_recode,normalized,NOOP,HIGH
ml,ml_001,sb_001_00303,빠리바,빠리바,빠리바,Rabeprazole,Rabeprazole,ingredient_recode,normalized,NOOP,HIGH
ml,ml_001,sb_001_00275,삼성 라베프라졸,삼성라베프라졸,삼성라베프라졸,Rabeprazole,Rabeprazole,ingredient_recode,normalized,NOOP,HIGH
ml,ml_001,sb_001_00056,삼성 에스오메프라졸,삼성에스오메프라졸,삼성에스오메프라졸,Esomeprazole,Esomeprazole,ingredient_recode,normalized,NOOP,HIGH
ml,ml_001,sb_001_00202,셀비온 오메프란,셀비온오메프란,셀비온오메프란,Omeprazole,Omeprazole,ingredient_recode,normalized,NOOP,HIGH
ml,ml_001,sb_001_00203,셀트리온 오메프라졸,셀트리온오메프라졸,셀트리온오메프라졸,Omeprazole,Omeprazole,ingredient_recode,normalized,NOOP,HIGH
ml,ml_001,sb_001_00065,신에소메,신에소메,신에소메,Esomeprazole,Esomeprazole,ingredient_recode,normalized,NOOP,HIGH
ml,ml_001,sb_001_00287,씨엠지 라베프라졸,씨엠지라베프라졸,씨엠지라베프라졸,Rabeprazole,Rabeprazole,ingredient_recode,normalized,NOOP,HIGH
ml,ml_001,sb_001_00072,아나프라졸,아나프라졸,아나프라졸,Esomeprazole,Esomeprazole,ingredient_recode,normalized,NOOP,HIGH
ml,ml_001,sb_001_00216,아메졸,아메졸,아메졸,Omeprazole,Omeprazole,ingredient_recode,normalized,NOOP,HIGH
ml,ml_001,sb_001_00206,아 오메프라졸,아오메프라졸,,Omeprazole,Omeprazole,ingredient_recode,unmatched,NOOP,LOW
ml,ml_001,sb_001_00145,안국뉴팜 에스오플러스,안국뉴팜에스오플러스,안국뉴팜에스오플러스,Esomeprazole,Esomeprazole,ingredient_recode,normalized,NOOP,HIGH
ml,ml_001,sb_001_00295,알피라베,알피라베,알피라베,Rabeprazole,Rabeprazole,ingredient_recode,normalized,NOOP,HIGH
ml,ml_001,sb_001_00078,알피에소,알피에소,알피에소,Esomeprazole,Esomeprazole,ingredient_recode,normalized,NOOP,HIGH
ml,ml_001,sb_001_00195,애니시드,애니시드,애니시드,Omeprazole,Omeprazole,ingredient_recode,normalized,NOOP,HIGH
ml,ml_001,sb_001_00030,앤티시움,앤티시움,앤티시움,Esomeprazole,Esomeprazole,ingredient_recode,normalized,NOOP,HIGH
ml,ml_001,sb_001_00165,앱시토,앱시토,앱시토,Fexuprazan,Fexuprazan,ingredient_recode,normalized,NOOP,HIGH
ml,ml_001,sb_001_00282,얼사라,얼사라,얼사라,Rabeprazole,Rabeprazole,ingredient_recode,normalized,NOOP,HIGH
ml,ml_001,sb_001_00054,에넥시움,에넥시움,에넥시움,Esomeprazole,Esomeprazole,ingredient_recode,normalized,NOOP,HIGH
ml,ml_001,sb_001_00053,에소가드,에소가드,에소가드,Esomeprazole,Esomeprazole,ingredient_recode,normalized,NOOP,HIGH
ml,ml_001,sb_001_00067,에소넬,에소넬,에소넬,Esomeprazole,Esomeprazole,ingredient_recode,normalized,NOOP,HIGH
ml,ml_001,sb_001_00021,에소놀,에소놀,에소놀,Esomeprazole,Esomeprazole,ingredient_recode,normalized,NOOP,HIGH
ml,ml_001,sb_001_00137,에소듀오,에소듀오,에소듀오,Esomeprazole,Esomeprazole,ingredient_recode,normalized,NOOP,HIGH
ml,ml_001,sb_001_00032,에소라,에소라,에소라,Esomeprazole,Esomeprazole,ingredient_recode,normalized,NOOP,HIGH
ml,ml_001,sb_001_00036,에소라졸,에소라졸,에소라졸,Esomeprazole,Esomeprazole,ingredient_recode,normalized,NOOP,HIGH
ml,ml_001,sb_001_00068,에소리움,에소리움,에소리움,Esomeprazole,Esomeprazole,ingredient_recode,normalized,NOOP,HIGH
ml,ml_001,sb_001_00144,에소리움 플러스,에소리움플러스,에소리움플러스,Esomeprazole,Esomeprazole,ingredient_recode,normalized,NOOP,HIGH
ml,ml_001,sb_001_00019,에소마크,에소마크,에소마크,Esomeprazole,Esomeprazole,ingredient_recode,normalized,NOOP,HIGH
ml,ml_001,sb_001_00114,에소맥스,에소맥스,에소맥스,Esomeprazole,Esomeprazole,ingredient_recode,normalized,NOOP,HIGH
ml,ml_001,sb_001_00153,에소맥스 듀오,에소맥스듀오,에소맥스듀오,Esomeprazole,Esomeprazole,ingredient_recode,normalized,NOOP,HIGH
ml,ml_001,sb_001_00082,에소메,에소메,에소메,Esomeprazole,Esomeprazole,ingredient_recode,normalized,NOOP,HIGH
ml,ml_001,sb_001_00103,에소메딘,에소메딘,에소메딘,Esomeprazole,Esomeprazole,ingredient_recode,normalized,NOOP,HIGH
ml,ml_001,sb_001_00080,에소메라,에소메라,에소메라,Esomeprazole,Esomeprazole,ingredient_recode,normalized,NOOP,HIGH
ml,ml_001,sb_001_00120,에소메졸,에소메졸,에소메졸,Esomeprazole,Esomeprazole,ingredient_recode,normalized,NOOP,HIGH
ml,ml_001,sb_001_00136,에소메졸 플러스,에소메졸플러스,에소메졸플러스,Esomeprazole,Esomeprazole,ingredient_recode,normalized,NOOP,HIGH
ml,ml_001,sb_001_00133,에소메칸,에소메칸,에소메칸,Esomeprazole,Esomeprazole,ingredient_recode,normalized,NOOP,HIGH
ml,ml_001,sb_001_00115,에소메프라,에소메프라,에소메프라,Esomeprazole,Esomeprazole,ingredient_recode,normalized,NOOP,HIGH
ml,ml_001,sb_001_00062,에소멜,에소멜,에소멜,Esomeprazole,Esomeprazole,ingredient_recode,normalized,NOOP,HIGH
ml,ml_001,sb_001_00152,에소미트,에소미트,에소미트,Esomeprazole,Esomeprazole,ingredient_recode,normalized,NOOP,HIGH
ml,ml_001,sb_001_00138,에소비카,에소비카,에소비카,Esomeprazole,Esomeprazole,ingredient_recode,normalized,NOOP,HIGH
ml,ml_001,sb_001_00091,에소시드,에소시드,에소시드,Esomeprazole,Esomeprazole,ingredient_recode,normalized,NOOP,HIGH
ml,ml_001,sb_001_00096,에소시움,에소시움,에소시움,Esomeprazole,Esomeprazole,ingredient_recode,normalized,NOOP,HIGH
ml,ml_001,sb_001_00126,에소엠피,에소엠피,에소엠피,Esomeprazole,Esomeprazole,ingredient_recode,normalized,NOOP,HIGH
ml,ml_001,sb_001_00093,에소원,에소원,에소원,Esomeprazole,Esomeprazole,ingredient_recode,normalized,NOOP,HIGH
ml,ml_001,sb_001_00157,에소원 탑,에소원탑,에소원탑,Esomeprazole,Esomeprazole,ingredient_recode,normalized,NOOP,HIGH
ml,ml_001,sb_001_00064,에소졸,에소졸,에소졸,Esomeprazole,Esomeprazole,ingredient_recode,normalized,NOOP,HIGH
ml,ml_001,sb_001_00007,에소카,에소카,에소카,Esomeprazole,Esomeprazole,ingredient_recode,normalized,NOOP,HIGH
ml,ml_001,sb_001_00006,에소카보,에소카보,에소카보,Esomeprazole,Esomeprazole,ingredient_recode,normalized,NOOP,HIGH
ml,ml_001,sb_001_00155,에소탄,에소탄,에소탄,Esomeprazole,Esomeprazole,ingredient_recode,normalized,NOOP,HIGH
ml,ml_001,sb_001_00099,에소톤,에소톤,에소톤,Esomeprazole,Esomeprazole,ingredient_recode,normalized,NOOP,HIGH
ml,ml_001,sb_001_00023,에소파졸,에소파졸,에소파졸,Esomeprazole,Esomeprazole,ingredient_recode,normalized,NOOP,HIGH
ml,ml_001,sb_001_00074,에소펠,에소펠,에소펠,Esomeprazole,Esomeprazole,ingredient_recode,normalized,NOOP,HIGH
ml,ml_001,sb_001_00094,에소프라,에소프라,에소프라,Esomeprazole,Esomeprazole,ingredient_recode,normalized,NOOP,HIGH
ml,ml_001,sb_001_00149,에소프라 듀오,에소프라듀오,에소프라듀오,Esomeprazole,Esomeprazole,ingredient_recode,normalized,NOOP,HIGH
ml,ml_001,sb_001_00026,에소프라졸,에소프라졸,에소프라졸,Esomeprazole,Esomeprazole,ingredient_recode,normalized,NOOP,HIGH
ml,ml_001,sb_001_00143,에소프로,에소프로,에소프로,Esomeprazole,Esomeprazole,ingredient_recode,normalized,NOOP,HIGH
ml,ml_001,sb_001_00008,에소피드,에소피드,에소피드,Esomeprazole,Esomeprazole,ingredient_recode,normalized,NOOP,HIGH
ml,ml_001,sb_001_00066,에스넥졸,에스넥졸,에스넥졸,Esomeprazole,Esomeprazole,ingredient_recode,normalized,NOOP,HIGH
ml,ml_001,sb_001_00090,에스라졸,에스라졸,에스라졸,Esomeprazole,Esomeprazole,ingredient_recode,normalized,NOOP,HIGH
ml,ml_001,sb_001_00148,에스라졸 듀오,에스라졸듀오,에스라졸듀오,Esomeprazole,Esomeprazole,ingredient_recode,normalized,NOOP,HIGH
ml,ml_001,sb_001_00070,에스메,에스메,에스메,Esomeprazole,Esomeprazole,ingredient_recode,normalized,NOOP,HIGH
ml,ml_001,sb_001_00119,에스메졸,에스메졸,에스메졸,Esomeprazole,Esomeprazole,ingredient_recode,normalized,NOOP,HIGH
ml,ml_001,sb_001_00156,에스메졸 듀오,에스메졸듀오,에스메졸듀오,Esomeprazole,Esomeprazole,ingredient_recode,normalized,NOOP,HIGH
ml,ml_001,sb_001_00127,에스메프졸,에스메프졸,에스메프졸,Esomeprazole,Esomeprazole,ingredient_recode,normalized,NOOP,HIGH
ml,ml_001,sb_001_00095,에스베트,에스베트,에스베트,Esomeprazole,Esomeprazole,ingredient_recode,normalized,NOOP,HIGH
ml,ml_001,sb_001_00110,에스시움,에스시움,에스시움,Esomeprazole,Esomeprazole,ingredient_recode,normalized,NOOP,HIGH
ml,ml_001,sb_001_00139,에스엠 듀오,에스엠듀오,에스엠듀오,Esomeprazole,Esomeprazole,ingredient_recode,normalized,NOOP,HIGH
ml,ml_001,sb_001_00129,에스엠프라,에스엠프라,에스엠프라,Esomeprazole,Esomeprazole,ingredient_recode,normalized,NOOP,HIGH
ml,ml_001,sb_001_00083,에스오,에스오,에스오,Esomeprazole,Esomeprazole,ingredient_recode,normalized,NOOP,HIGH
ml,ml_001,sb_001_00043,에스오메,에스오메,에스오메,Esomeprazole,Esomeprazole,ingredient_recode,normalized,NOOP,HIGH
ml,ml_001,sb_001_00107,에스오메투,에스오메투,에스오메투,Esomeprazole,Esomeprazole,ingredient_recode,normalized,NOOP,HIGH
ml,ml_001,sb_001_00085,에스오멕스,에스오멕스,에스오멕스,Esomeprazole,Esomeprazole,ingredient_recode,normalized,NOOP,HIGH
ml,ml_001,sb_001_00146,에스오에스,에스오에스,에스오에스,Esomeprazole,Esomeprazole,ingredient_recode,normalized,NOOP,HIGH
ml,ml_001,sb_001_00042,에스오엠,에스오엠,에스오엠,Esomeprazole,Esomeprazole,ingredient_recode,normalized,NOOP,HIGH
ml,ml_001,sb_001_00039,에스오텍,에스오텍,에스오텍,Esomeprazole,Esomeprazole,ingredient_recode,normalized,NOOP,HIGH
ml,ml_001,sb_001_00040,에스오텍 디알,에스오텍디알,에스오텍디알,Esomeprazole,Esomeprazole,ingredient_recode,normalized,NOOP,HIGH
ml,ml_001,sb_001_00077,에스오피라졸,에스오피라졸,에스오피라졸,Esomeprazole,Esomeprazole,ingredient_recode,normalized,NOOP,HIGH
ml,ml_001,sb_001_00048,에스오피엠,에스오피엠,에스오피엠,Esomeprazole,Esomeprazole,ingredient_recode,normalized,NOOP,HIGH
ml,ml_001,sb_001_00041,에스원엠프,에스원엠프,에스원엠프,Esomeprazole,Esomeprazole,ingredient_recode,normalized,NOOP,HIGH
ml,ml_001,sb_001_00104,에스졸,에스졸,에스졸,Esomeprazole,Esomeprazole,ingredient_recode,normalized,NOOP,HIGH
ml,ml_001,sb_001_00151,에스졸 듀오,에스졸듀오,에스졸듀오,Esomeprazole,Esomeprazole,ingredient_recode,normalized,NOOP,HIGH
ml,ml_001,sb_001_00134,에스코텐,에스코텐,에스코텐,Esomeprazole,Esomeprazole,ingredient_recode,normalized,NOOP,HIGH
ml,ml_001,sb_001_00317,에스프라,에스프라,에스프라,Rabeprazole,Rabeprazole,ingredient_recode,normalized,NOOP,HIGH
ml,ml_001,sb_001_00051,에스프롤,에스프롤,에스프롤,Esomeprazole,Esomeprazole,ingredient_recode,normalized,NOOP,HIGH
ml,ml_001,sb_001_00071,에스프리졸,에스프리졸,에스프리졸,Esomeprazole,Esomeprazole,ingredient_recode,normalized,NOOP,HIGH
ml,ml_001,sb_001_00124,에이치프라졸,에이치프라졸,에이치프라졸,Esomeprazole,Esomeprazole,ingredient_recode,normalized,NOOP,HIGH
ml,ml_001,sb_001_00298,에이프로젠 라베프라졸,에이프로젠라베프라졸,에이프로젠라베프라졸,Rabeprazole,Rabeprazole,ingredient_recode,normalized,NOOP,HIGH
ml,ml_001,sb_001_00100,에프라민,에프라민,에프라민,Esomeprazole,Esomeprazole,ingredient_recode,normalized,NOOP,HIGH
ml,ml_001,sb_001_00130,에프라졸,에프라졸,에프라졸,Esomeprazole,Esomeprazole,ingredient_recode,normalized,NOOP,HIGH
ml,ml_001,sb_001_00050,에피움,에피움,에피움,Esomeprazole,Esomeprazole,ingredient_recode,normalized,NOOP,HIGH
ml,ml_001,sb_001_00140,에피움 듀오,에피움듀오,에피움듀오,Esomeprazole,Esomeprazole,ingredient_recode,normalized,NOOP,HIGH
ml,ml_001,sb_001_00046,엑소라졸,엑소라졸,엑소라졸,Esomeprazole,Esomeprazole,ingredient_recode,normalized,NOOP,HIGH
ml,ml_001,sb_001_00028,엑소시움,엑소시움,엑소시움,Esomeprazole,Esomeprazole,ingredient_recode,normalized,NOOP,HIGH
ml,ml_001,sb_001_00025,엑소움,엑소움,엑소움,Esomeprazole,Esomeprazole,ingredient_recode,normalized,NOOP,HIGH
ml,ml_001,sb_001_00058,엑소졸,엑소졸,엑소졸,Esomeprazole,Esomeprazole,ingredient_recode,normalized,NOOP,HIGH
ml,ml_001,sb_001_00084,엑스메졸,엑스메졸,엑스메졸,Esomeprazole,Esomeprazole,ingredient_recode,normalized,NOOP,HIGH
ml,ml_001,sb_001_00105,엑스푸,엑스푸,엑스푸,Esomeprazole,Esomeprazole,ingredient_recode,normalized,NOOP,HIGH
ml,ml_001,sb_001_00035,엑시다졸,엑시다졸,엑시다졸,Esomeprazole,Esomeprazole,ingredient_recode,normalized,NOOP,HIGH
ml,ml_001,sb_001_00029,엑시피움,엑시피움,엑시피움,Esomeprazole,Esomeprazole,ingredient_recode,normalized,NOOP,HIGH
ml,ml_001,sb_001_00063,엔티 오메,엔티오메,엔티오메,Esomeprazole,Esomeprazole,ingredient_recode,normalized,NOOP,HIGH
ml,ml_001,sb_001_00221,엠프라,엠프라,엠프라,Omeprazole,Omeprazole,ingredient_recode,normalized,NOOP,HIGH
ml,ml_001,sb_001_00112,예스오메,예스오메,예스오메,Esomeprazole,Esomeprazole,ingredient_recode,normalized,NOOP,HIGH
ml,ml_001,sb_001_00204,오메그린,오메그린,오메그린,Omeprazole,Omeprazole,ingredient_recode,normalized,NOOP,HIGH
ml,ml_001,sb_001_00122,오메나,오메나,오메나,Esomeprazole,Esomeprazole,ingredient_recode,normalized,NOOP,HIGH
ml,ml_001,sb_001_00219,오메다,오메다,오메다,Omeprazole,Omeprazole,ingredient_recode,normalized,NOOP,HIGH
ml,ml_001,sb_001_00223,오메드,오메드,오메드,Omeprazole,Omeprazole,ingredient_recode,normalized,NOOP,HIGH
ml,ml_001,sb_001_00210,오메딘,오메딘,오메딘,Omeprazole,Omeprazole,ingredient_recode,normalized,NOOP,HIGH
ml,ml_001,sb_001_00057,오메스,오메스,오메스,Esomeprazole,Esomeprazole,ingredient_recode,normalized,NOOP,HIGH
ml,ml_001,sb_001_00089,오메원,오메원,오메원,Esomeprazole,Esomeprazole,ingredient_recode,normalized,NOOP,HIGH
ml,ml_001,sb_001_00217,오메존,오메존,오메존,Omeprazole,Omeprazole,ingredient_recode,normalized,NOOP,HIGH
ml,ml_001,sb_001_00220,오메졸,오메졸,오메졸,Omeprazole,Omeprazole,ingredient_recode,normalized,NOOP,HIGH
ml,ml_001,sb_001_00214,오메큐,오메큐,오메큐,Omeprazole,Omeprazole,ingredient_recode,normalized,NOOP,HIGH
ml,ml_001,sb_001_00213,오메타졸,오메타졸,오메타졸,Omeprazole,Omeprazole,ingredient_recode,normalized,NOOP,HIGH
ml,ml_001,sb_001_00198,오메톤,오메톤,오메톤,Omeprazole,Omeprazole,ingredient_recode,normalized,NOOP,HIGH
ml,ml_001,sb_001_00045,오메톤 에스,오메톤에스,오메톤에스,Esomeprazole,Esomeprazole,ingredient_recode,normalized,NOOP,HIGH
ml,ml_001,sb_001_00201,오메푸졸,오메푸졸,오메푸졸,Omeprazole,Omeprazole,ingredient_recode,normalized,NOOP,HIGH
ml,ml_001,sb_001_00222,오메프라존,오메프라존,오메프라존,Omeprazole,Omeprazole,ingredient_recode,normalized,NOOP,HIGH
ml,ml_001,sb_001_00060,오메프로 에스,오메프로에스,오메프로에스,Esomeprazole,Esomeprazole,ingredient_recode,normalized,NOOP,HIGH
ml,ml_001,sb_001_00199,오메프투,오메프투,오메프투,Omeprazole,Omeprazole,ingredient_recode,normalized,NOOP,HIGH
ml,ml_001,sb_001_00055,오메플,오메플,오메플,Esomeprazole,Esomeprazole,ingredient_recode,normalized,NOOP,HIGH
ml,ml_001,sb_001_00209,오멕스,오멕스,오멕스,Omeprazole,Omeprazole,ingredient_recode,normalized,NOOP,HIGH
ml,ml_001,sb_001_00086,오스템 에스오메프라졸,오스템에스오메프라졸,오스템에스오메프라졸,Esomeprazole,Esomeprazole,ingredient_recode,normalized,NOOP,HIGH
ml,ml_001,sb_001_00020,오시움,오시움,오시움,Esomeprazole,Esomeprazole,ingredient_recode,normalized,NOOP,HIGH
ml,ml_001,sb_001_00215,오엠피,오엠피,오엠피,Omeprazole,Omeprazole,ingredient_recode,normalized,NOOP,HIGH
ml,ml_001,sb_001_00101,오엠피 에스,오엠피에스,오엠피에스,Esomeprazole,Esomeprazole,ingredient_recode,normalized,NOOP,HIGH
ml,ml_001,sb_001_00302,오코라졸,오코라졸,오코라졸,Rabeprazole,Rabeprazole,ingredient_recode,normalized,NOOP,HIGH
ml,ml_001,sb_001_00208,오큐졸,오큐졸,오큐졸,Omeprazole,Omeprazole,ingredient_recode,normalized,NOOP,HIGH
ml,ml_001,sb_001_00211,오프라,오프라,오프라,Omeprazole,Omeprazole,ingredient_recode,normalized,NOOP,HIGH
ml,ml_001,sb_001_00197,오프라졸,오프라졸,오프라졸,Omeprazole,Omeprazole,ingredient_recode,normalized,NOOP,HIGH
ml,ml_001,sb_001_00218,오프졸,오프졸,오프졸,Omeprazole,Omeprazole,ingredient_recode,normalized,NOOP,HIGH
ml,ml_001,sb_001_00363,온캡,온캡,온캡,Zastaprazan,Zastaprazan,ingredient_recode,normalized,NOOP,HIGH
ml,ml_001,sb_001_00188,위란톤,위란톤,위란톤,Lansoprazole,Lansoprazole,ingredient_recode,normalized,NOOP,HIGH
ml,ml_001,sb_001_00161,위캡,위캡,위캡,Fexuprazan,Fexuprazan,ingredient_recode,normalized,NOOP,HIGH
ml,ml_001,sb_001_00306,유니라베프,유니라베프,유니라베프,Rabeprazole,Rabeprazole,ingredient_recode,normalized,NOOP,HIGH
ml,ml_001,sb_001_00175,유니란소,유니란소,유니란소,Lansoprazole,Lansoprazole,ingredient_recode,normalized,NOOP,HIGH
ml,ml_001,sb_001_00092,유니시움,유니시움,유니시움,Esomeprazole,Esomeprazole,ingredient_recode,normalized,NOOP,HIGH
ml,ml_001,sb_001_00075,유스메졸,유스메졸,유스메졸,Esomeprazole,Esomeprazole,ingredient_recode,normalized,NOOP,HIGH
ml,ml_001,sb_001_00113,이마졸,이마졸,이마졸,Esomeprazole,Esomeprazole,ingredient_recode,normalized,NOOP,HIGH
ml,ml_001,sb_001_00109,이소메,이소메,이소메,Esomeprazole,Esomeprazole,ingredient_recode,normalized,NOOP,HIGH
ml,ml_001,sb_001_00087,이소졸,이소졸,이소졸,Esomeprazole,Esomeprazole,ingredient_recode,normalized,NOOP,HIGH
ml,ml_001,sb_001_00212,이연 오메프라졸,이연오메프라졸,이연오메프라졸,Omeprazole,Omeprazole,ingredient_recode,normalized,NOOP,HIGH
ml,ml_001,sb_001_00232,익스트림,익스트림,익스트림,Pantoprazole,Pantoprazole,ingredient_recode,normalized,NOOP,HIGH
ml,ml_001,sb_001_00022,일성 에소멜,일성에소멜,일성에소멜,Esomeprazole,Esomeprazole,ingredient_recode,normalized,NOOP,HIGH
ml,ml_001,sb_001_00361,자큐보,자큐보,자큐보,Zastaprazan,Zastaprazan,ingredient_recode,normalized,NOOP,HIGH
ml,ml_001,sb_001_00224,제로시드,제로시드,제로시드,Omeprazole,Omeprazole,ingredient_recode,normalized,NOOP,HIGH
ml,ml_001,sb_001_00179,제일 란스톤,제일란스톤,제일란스톤,Lansoprazole,Lansoprazole,ingredient_recode,normalized,NOOP,HIGH
ml,ml_001,sb_001_00245,카라 듀오,카라듀오,카라듀오,Rabeprazole,Rabeprazole,ingredient_recode,normalized,NOOP,HIGH
ml,ml_001,sb_001_00360,케이캡,케이캡,케이캡,Tegoprazan,Tegoprazan,ingredient_recode,normalized,NOOP,HIGH
ml,ml_001,sb_001_00108,코프라졸,코프라졸,코프라졸,Esomeprazole,Esomeprazole,ingredient_recode,normalized,NOOP,HIGH
ml,ml_001,sb_001_00207,큐라졸,큐라졸,큐라졸,Omeprazole,Omeprazole,ingredient_recode,normalized,NOOP,HIGH
ml,ml_001,sb_001_00362,큐제타스,큐제타스,큐제타스,Zastaprazan,Zastaprazan,ingredient_recode,normalized,NOOP,HIGH
ml,ml_001,sb_001_00323,티디라베,티디라베,티디라베,Rabeprazole,Rabeprazole,ingredient_recode,normalized,NOOP,HIGH
ml,ml_001,sb_001_00329,파라메트,파라메트,파라메트,Rabeprazole,Rabeprazole,ingredient_recode,normalized,NOOP,HIGH
ml,ml_001,sb_001_00354,파라메트 듀오,파라메트듀오,파라메트듀오,Rabeprazole,Rabeprazole,ingredient_recode,normalized,NOOP,HIGH
ml,ml_001,sb_001_00251,파라베졸,파라베졸,파라베졸,Rabeprazole,Rabeprazole,ingredient_recode,normalized,NOOP,HIGH
ml,ml_001,sb_001_00342,파리나졸,파리나졸,파리나졸,Rabeprazole,Rabeprazole,ingredient_recode,normalized,NOOP,HIGH
ml,ml_001,sb_001_00255,파리벤,파리벤,파리벤,Rabeprazole,Rabeprazole,ingredient_recode,normalized,NOOP,HIGH
ml,ml_001,sb_001_00276,파리아졸,파리아졸,파리아졸,Rabeprazole,Rabeprazole,ingredient_recode,normalized,NOOP,HIGH
ml,ml_001,sb_001_00290,파리아톤,파리아톤,파리아톤,Rabeprazole,Rabeprazole,ingredient_recode,normalized,NOOP,HIGH
ml,ml_001,sb_001_00299,파리에트,파리에트,파리에트,Rabeprazole,Rabeprazole,ingredient_recode,normalized,NOOP,HIGH
ml,ml_001,sb_001_00258,파리엔,파리엔,파리엔,Rabeprazole,Rabeprazole,ingredient_recode,normalized,NOOP,HIGH
ml,ml_001,sb_001_00254,파리원,파리원,파리원,Rabeprazole,Rabeprazole,ingredient_recode,normalized,NOOP,HIGH
ml,ml_001,sb_001_00118,파마 에스오메프라졸,파마에스오메프라졸,파마에스오메프라졸,Esomeprazole,Esomeprazole,ingredient_recode,normalized,NOOP,HIGH
ml,ml_001,sb_001_00294,파비라졸,파비라졸,파비라졸,Rabeprazole,Rabeprazole,ingredient_recode,normalized,NOOP,HIGH
ml,ml_001,sb_001_00325,파비스 라베프라졸,파비스라베프라졸,파비스라베프라졸,Rabeprazole,Rabeprazole,ingredient_recode,normalized,NOOP,HIGH
ml,ml_001,sb_001_00301,파비졸,파비졸,파비졸,Rabeprazole,Rabeprazole,ingredient_recode,normalized,NOOP,HIGH
ml,ml_001,sb_001_00233,판타릴,판타릴,판타릴,Pantoprazole,Pantoprazole,ingredient_recode,normalized,NOOP,HIGH
ml,ml_001,sb_001_00236,판터롤,판터롤,판터롤,Pantoprazole,Pantoprazole,ingredient_recode,normalized,NOOP,HIGH
ml,ml_001,sb_001_00234,판테온,판테온,판테온,Pantoprazole,Pantoprazole,ingredient_recode,normalized,NOOP,HIGH
ml,ml_001,sb_001_00228,판테졸,판테졸,판테졸,Pantoprazole,Pantoprazole,ingredient_recode,normalized,NOOP,HIGH
ml,ml_001,sb_001_00231,판토라,판토라,판토라,Pantoprazole,Pantoprazole,ingredient_recode,normalized,NOOP,HIGH
ml,ml_001,sb_001_00229,판토라인,판토라인,판토라인,Pantoprazole,Pantoprazole,ingredient_recode,normalized,NOOP,HIGH
ml,ml_001,sb_001_00242,판토록,판토록,판토록,Pantoprazole,Pantoprazole,ingredient_recode,normalized,NOOP,HIGH
ml,ml_001,sb_001_00240,판토스탁,판토스탁,판토스탁,Pantoprazole,Pantoprazole,ingredient_recode,normalized,NOOP,HIGH
ml,ml_001,sb_001_00230,판토시드,판토시드,판토시드,Pantoprazole,Pantoprazole,ingredient_recode,normalized,NOOP,HIGH
ml,ml_001,sb_001_00238,판토원,판토원,판토원,Pantoprazole,Pantoprazole,ingredient_recode,normalized,NOOP,HIGH
ml,ml_001,sb_001_00237,판토케이,판토케이,판토케이,Pantoprazole,Pantoprazole,ingredient_recode,normalized,NOOP,HIGH
ml,ml_001,sb_001_00226,판포졸,판포졸,판포졸,Pantoprazole,Pantoprazole,ingredient_recode,normalized,NOOP,HIGH
ml,ml_001,sb_001_00235,판프라졸,판프라졸,판프라졸,Pantoprazole,Pantoprazole,ingredient_recode,normalized,NOOP,HIGH
ml,ml_001,sb_001_00241,판피록,판피록,판피록,Pantoprazole,Pantoprazole,ingredient_recode,normalized,NOOP,HIGH
ml,ml_001,sb_001_00162,펙수클루,펙수클루,펙수클루,Fexuprazan,Fexuprazan,ingredient_recode,normalized,NOOP,HIGH
ml,ml_001,sb_001_00239,펩타졸,펩타졸,펩타졸,Pantoprazole,Pantoprazole,ingredient_recode,normalized,NOOP,HIGH
ml,ml_001,sb_001_00293,피아이졸,피아이졸,피아이졸,Rabeprazole,Rabeprazole,ingredient_recode,normalized,NOOP,HIGH
ml,ml_001,sb_001_00182,피엠지 란스탑,피엠지란스탑,피엠지란스탑,Lansoprazole,Lansoprazole,ingredient_recode,normalized,NOOP,HIGH
ml,ml_001,sb_001_00319,피피라졸,피피라졸,피피라졸,Rabeprazole,Rabeprazole,ingredient_recode,normalized,NOOP,HIGH
ml,ml_001,sb_001_00121,한시움,한시움,한시움,Esomeprazole,Esomeprazole,ingredient_recode,normalized,NOOP,HIGH
ml,ml_001,sb_001_00186,현대 란소프라졸,현대란소프라졸,현대란소프라졸,Lansoprazole,Lansoprazole,ingredient_recode,normalized,NOOP,HIGH
ml,ml_001,sb_001_00337,환인 라베프라졸,환인라베프라졸,환인라베프라졸,Rabeprazole,Rabeprazole,ingredient_recode,normalized,NOOP,HIGH
ml,ml_001,sb_001_00128,휴비메졸,휴비메졸,휴비메졸,Esomeprazole,Esomeprazole,ingredient_recode,normalized,NOOP,HIGH
ml,ml_002,sb_002_00033,내시쿨,내시쿨,내시쿨,ASCORBIC ACID+MACROGOL(S)+POTASSIUM+SODIUM,ASCORBIC ACID+MACROGOL(S)+POTASSIUM+SODIUM,molecule_desc,normalized,NOOP,HIGH
ml,ml_002,sb_002_00025,넥스콜론,넥스콜론,넥스콜론,PHOSPHORIC ACID,PHOSPHORIC ACID,molecule_desc,normalized,NOOP,HIGH
ml,ml_002,sb_002_00041,레디프리,레디프리,레디프리,ASCORBIC ACID+MACROGOL(S)+POTASSIUM+SODIUM,ASCORBIC ACID+MACROGOL(S)+POTASSIUM+SODIUM,molecule_desc,normalized,NOOP,HIGH
ml,ml_002,sb_002_00034,맥스쿨 파비스,맥스쿨파비스,맥스쿨파비스,ASCORBIC ACID+MACROGOL(S)+POTASSIUM+SODIUM,ASCORBIC ACID+MACROGOL(S)+POTASSIUM+SODIUM,molecule_desc,normalized,NOOP,HIGH
ml,ml_002,sb_002_00015,세이프렙,세이프렙,세이프렙,MACROGOL(S)+PICOSULFURIC ACID+SORBITOL,MACROGOL(S)+PICOSULFURIC ACID+SORBITOL,molecule_desc,normalized,NOOP,HIGH
ml,ml_002,sb_002_00018,수클리어,수클리어,수클리어,MAGNESIUM+POTASSIUM+SODIUM,MAGNESIUM+POTASSIUM+SODIUM,molecule_desc,normalized,NOOP,HIGH
ml,ml_002,sb_002_00022,수프렙,수프렙,수프렙,MAGNESIUM+POTASSIUM+SODIUM,MAGNESIUM+POTASSIUM+SODIUM,molecule_desc,normalized,NOOP,HIGH
ml,ml_002,sb_002_00020,수프렙미니,수프렙미니,수프렙미니,MAGNESIUM+POTASSIUM+SODIUM,MAGNESIUM+POTASSIUM+SODIUM,molecule_desc,normalized,NOOP,HIGH
ml,ml_002,sb_002_00050,수프렙미니에스,수프렙미니에스,수프렙미니에스,POTASSIUM+SIMETICONE+SODIUM,POTASSIUM+SIMETICONE+SODIUM,molecule_desc,normalized,NOOP,HIGH
ml,ml_002,sb_002_00009,씨엠라이트,씨엠라이트,씨엠라이트,CITRIC ACID+MAGNESIUM+PICOSULFURIC ACID,CITRIC ACID+MAGNESIUM+PICOSULFURIC ACID,molecule_desc,normalized,NOOP,HIGH
ml,ml_002,sb_002_00035,씨엠쿨,씨엠쿨,씨엠쿨,ASCORBIC ACID+MACROGOL(S)+POTASSIUM+SODIUM,ASCORBIC ACID+MACROGOL(S)+POTASSIUM+SODIUM,molecule_desc,normalized,NOOP,HIGH
ml,ml_002,sb_002_00043,에스콜론,에스콜론,에스콜론,ASCORBIC ACID+MACROGOL(S)+POTASSIUM+SODIUM+SULFURIC ACID,ASCORBIC ACID+MACROGOL(S)+POTASSIUM+SODIUM+SULFURIC ACID,molecule_desc,normalized,NOOP,HIGH
ml,ml_002,sb_002_00037,엔도클린,엔도클린,엔도클린,ASCORBIC ACID+MACROGOL(S)+POTASSIUM+SODIUM,ASCORBIC ACID+MACROGOL(S)+POTASSIUM+SODIUM,molecule_desc,normalized,NOOP,HIGH
ml,ml_002,sb_002_00017,오라팡,오라팡,오라팡,MAGNESIUM+POTASSIUM+SIMETICONE+SODIUM,MAGNESIUM+POTASSIUM+SIMETICONE+SODIUM,molecule_desc,normalized,NOOP,HIGH
ml,ml_002,sb_002_00048,오라팡이지,오라팡이지,오라팡이지,MAGNESIUM+POTASSIUM+SIMETICONE+SODIUM,MAGNESIUM+POTASSIUM+SIMETICONE+SODIUM,molecule_desc,normalized,NOOP,HIGH
ml,ml_002,sb_002_00006,원프렙,원프렙,원프렙,ASCORBIC ACID+SODIUM+SORBITOL,ASCORBIC ACID+SODIUM+SORBITOL,molecule_desc,normalized,NOOP,HIGH
ml,ml_002,sb_002_00023,이노쿨,이노쿨,이노쿨,MAGNESIUM+POTASSIUM+SULFURIC ACID,MAGNESIUM+POTASSIUM+SULFURIC ACID,molecule_desc,normalized,NOOP,HIGH
ml,ml_002,sb_002_00021,이노프리,이노프리,이노프리,MAGNESIUM+POTASSIUM+SODIUM,MAGNESIUM+POTASSIUM+SODIUM,molecule_desc,normalized,NOOP,HIGH
ml,ml_002,sb_002_00028,이지콜론,이지콜론,이지콜론,PHOSPHORIC ACID+SODIUM,PHOSPHORIC ACID+SODIUM,molecule_desc,normalized,NOOP,HIGH
ml,ml_002,sb_canonical_003_제이클,제이클,제이클,제이클,MAGNESIUM+PICOSULFURIC ACID+POTASSIUM+SIMETICONE+SULFURIC ACID,MAGNESIUM+PICOSULFURIC ACID+POTASSIUM+SIMETICONE+SULFURIC ACID,molecule_desc,normalized,NOOP,HIGH
ml,ml_002,sb_002_00010,켐라이트,켐라이트,켐라이트,CITRIC ACID+MAGNESIUM+PICOSULFURIC ACID,CITRIC ACID+MAGNESIUM+PICOSULFURIC ACID,molecule_desc,normalized,NOOP,HIGH
ml,ml_002,sb_002_00044,코리트,코리트,코리트,MACROGOL(S)+POTASSIUM+SODIUM,MACROGOL(S)+POTASSIUM+SODIUM,molecule_desc,normalized,NOOP,HIGH
ml,ml_002,sb_002_00045,코리트에프,코리트에프,코리트에프,MACROGOL(S)+POTASSIUM+SODIUM,MACROGOL(S)+POTASSIUM+SODIUM,molecule_desc,normalized,NOOP,HIGH
ml,ml_002,sb_002_00013,콜론피코,콜론피코,콜론피코,CITRIC ACID+MAGNESIUM+PICOSULFURIC ACID,CITRIC ACID+MAGNESIUM+PICOSULFURIC ACID,molecule_desc,normalized,NOOP,HIGH
ml,ml_002,sb_002_00038,쿨라이트,쿨라이트,쿨라이트,ASCORBIC ACID+MACROGOL(S)+POTASSIUM+SODIUM,ASCORBIC ACID+MACROGOL(S)+POTASSIUM+SODIUM,molecule_desc,normalized,NOOP,HIGH
ml,ml_002,sb_002_00016,쿨리파,쿨리파,쿨리파,MACROGOL(S)+PICOSULFURIC ACID+SORBITOL,MACROGOL(S)+PICOSULFURIC ACID+SORBITOL,molecule_desc,normalized,NOOP,HIGH
ml,ml_002,sb_002_00042,쿨프렙,쿨프렙,쿨프렙,ASCORBIC ACID+MACROGOL(S)+POTASSIUM+SODIUM+SULFURIC ACID,ASCORBIC ACID+MACROGOL(S)+POTASSIUM+SODIUM+SULFURIC ACID,molecule_desc,normalized,NOOP,HIGH
ml,ml_002,sb_002_00029,쿨프렙골드,쿨프렙골드,쿨프렙골드,ASCORBIC ACID+MACROGOL(S)+POTASSIUM+SIMETICONE+SODIUM,ASCORBIC ACID+MACROGOL(S)+POTASSIUM+SIMETICONE+SODIUM,molecule_desc,normalized,NOOP,HIGH
ml,ml_002,sb_002_00024,크리콜론,크리콜론,크리콜론,PHOSPHORIC ACID,PHOSPHORIC ACID,molecule_desc,normalized,NOOP,HIGH
ml,ml_002,sb_002_00027,크리콜론에스,크리콜론에스,크리콜론에스,PHOSPHORIC ACID,PHOSPHORIC ACID,molecule_desc,normalized,NOOP,HIGH
ml,ml_002,sb_002_00040,크리쿨,크리쿨,크리쿨,ASCORBIC ACID+MACROGOL(S)+POTASSIUM+SODIUM,ASCORBIC ACID+MACROGOL(S)+POTASSIUM+SODIUM,molecule_desc,normalized,NOOP,HIGH
ml,ml_002,sb_002_00030,크린뷰올,크린뷰올,크린뷰올,ASCORBIC ACID+MACROGOL(S)+POTASSIUM+SODIUM,ASCORBIC ACID+MACROGOL(S)+POTASSIUM+SODIUM,molecule_desc,normalized,NOOP,HIGH
ml,ml_002,sb_002_00039,크린프렙,크린프렙,크린프렙,ASCORBIC ACID+MACROGOL(S)+POTASSIUM+SODIUM,ASCORBIC ACID+MACROGOL(S)+POTASSIUM+SODIUM,molecule_desc,normalized,NOOP,HIGH
ml,ml_002,sb_002_00046,클린콜 대웅,클린콜대웅,클린콜대웅,MAGNESIUM+PICOSULFURIC ACID+POTASSIUM+SIMETICONE+SULFURIC ACID,MAGNESIUM+PICOSULFURIC ACID+POTASSIUM+SIMETICONE+SULFURIC ACID,molecule_desc,normalized,NOOP,HIGH
ml,ml_002,sb_002_00026,포스파놀,포스파놀,포스파놀,PHOSPHORIC ACID,PHOSPHORIC ACID,molecule_desc,normalized,NOOP,HIGH
ml,ml_002,sb_002_00036,프리프렙,프리프렙,프리프렙,ASCORBIC ACID+MACROGOL(S)+POTASSIUM+SODIUM,ASCORBIC ACID+MACROGOL(S)+POTASSIUM+SODIUM,molecule_desc,normalized,NOOP,HIGH
ml,ml_002,sb_002_00031,플렌뷰,플렌뷰,플렌뷰,ASCORBIC ACID+MACROGOL(S)+POTASSIUM+SODIUM,ASCORBIC ACID+MACROGOL(S)+POTASSIUM+SODIUM,molecule_desc,normalized,NOOP,HIGH
ml,ml_002,sb_002_00014,피코네이드,피코네이드,피코네이드,CITRIC ACID+MAGNESIUM+PICOSULFURIC ACID,CITRIC ACID+MAGNESIUM+PICOSULFURIC ACID,molecule_desc,normalized,NOOP,HIGH
ml,ml_002,sb_002_00008,피코라이트,피코라이트,피코라이트,CITRIC ACID+MAGNESIUM+PICOSULFURIC ACID,CITRIC ACID+MAGNESIUM+PICOSULFURIC ACID,molecule_desc,normalized,NOOP,HIGH
ml,ml_002,sb_002_00007,피코솔루션,피코솔루션,피코솔루션,CITRIC ACID+MAGNESIUM+PICOSULFURIC ACID,CITRIC ACID+MAGNESIUM+PICOSULFURIC ACID,molecule_desc,normalized,NOOP,HIGH
ml,ml_002,sb_002_00012,피코프리,피코프리,피코프리,CITRIC ACID+MAGNESIUM+PICOSULFURIC ACID,CITRIC ACID+MAGNESIUM+PICOSULFURIC ACID,molecule_desc,normalized,NOOP,HIGH
ml,ml_002,sb_002_00011,피콜렙,피콜렙,피콜렙,CITRIC ACID+MAGNESIUM+PICOSULFURIC ACID,CITRIC ACID+MAGNESIUM+PICOSULFURIC ACID,molecule_desc,normalized,NOOP,HIGH
ml,ml_002,sb_002_00032,하프렙,하프렙,하프렙,ASCORBIC ACID+MACROGOL(S)+POTASSIUM+SODIUM,ASCORBIC ACID+MACROGOL(S)+POTASSIUM+SODIUM,molecule_desc,normalized,NOOP,HIGH
ml,ml_003,sb_canonical_004_가드렛,가드렛,가드렛,,ANAGLIPTIN,ANAGLIPTIN,molecule_desc,molecule_desc_passthrough,NOOP,HIGH
ml,ml_003,sb_canonical_005_가드메트,가드메트,가드메트,,ANAGLIPTIN+METFORMIN,ANAGLIPTIN+METFORMIN,molecule_desc,molecule_desc_passthrough,NOOP,HIGH
ml,ml_003,sb_003_00014_raw_00121,가브스메트,가브스메트,,METFORMIN+VILDAGLIPTIN | VILDAGLIPTIN | METFORMIN,METFORMIN+VILDAGLIPTIN | VILDAGLIPTIN | METFORMIN,molecule_desc,molecule_desc_passthrough,NOOP,HIGH
ml,ml_003,sb_003_00014_raw_00129,가블리메트,가블리메트,,METFORMIN+VILDAGLIPTIN | VILDAGLIPTIN | METFORMIN,METFORMIN+VILDAGLIPTIN | VILDAGLIPTIN | METFORMIN,molecule_desc,molecule_desc_passthrough,NOOP,HIGH
ml,ml_003,sb_003_00042_raw_00654,건메피드,건메피드,,GLIMEPIRIDE,GLIMEPIRIDE,molecule_desc,molecule_desc_passthrough,NOOP,HIGH
ml,ml_003,sb_003_00042_raw_00647,건일 글리메피리드,건일글리메피리드,,GLIMEPIRIDE,GLIMEPIRIDE,molecule_desc,molecule_desc_passthrough,NOOP,HIGH
ml,ml_003,sb_003_00071_raw_00831,건일바이오팜 글리포 엠,건일바이오팜글리포엠,,GLIMEPIRIDE+METFORMIN,GLIMEPIRIDE+METFORMIN,molecule_desc,molecule_desc_passthrough,NOOP,HIGH
ml,ml_003,sb_003_00049_raw_00700,건일바이오 피오글론,건일바이오피오글론,,PIOGLITAZONE,PIOGLITAZONE,molecule_desc,molecule_desc_passthrough,NOOP,HIGH
ml,ml_003,sb_003_00042_raw_00589,게리드,게리드,,GLIMEPIRIDE,GLIMEPIRIDE,molecule_desc,molecule_desc_passthrough,NOOP,HIGH
ml,ml_003,sb_003_00071_raw_00817,게리메트,게리메트,,GLIMEPIRIDE+METFORMIN,GLIMEPIRIDE+METFORMIN,molecule_desc,molecule_desc_passthrough,NOOP,HIGH
ml,ml_003,sb_003_00049_raw_00679,국제 피오글리타존,국제피오글리타존,,PIOGLITAZONE,PIOGLITAZONE,molecule_desc,molecule_desc_passthrough,NOOP,HIGH
ml,ml_003,sb_003_00042_raw_00590,그루리스,그루리스,,GLIMEPIRIDE,GLIMEPIRIDE,molecule_desc,molecule_desc_passthrough,NOOP,HIGH
ml,ml_003,sb_003_00071_raw_00840,그루리스 엠,그루리스엠,,GLIMEPIRIDE+METFORMIN,GLIMEPIRIDE+METFORMIN,molecule_desc,molecule_desc_passthrough,NOOP,HIGH
ml,ml_003,sb_003_00042_raw_00630,그리마린,그리마린,,GLIMEPIRIDE,GLIMEPIRIDE,molecule_desc,molecule_desc_passthrough,NOOP,HIGH
ml,ml_003,sb_003_00071_raw_00838,그리마린 엠,그리마린엠,,GLIMEPIRIDE+METFORMIN,GLIMEPIRIDE+METFORMIN,molecule_desc,molecule_desc_passthrough,NOOP,HIGH
ml,ml_003,sb_003_00042_raw_00568,그리메피드,그리메피드,,GLIMEPIRIDE,GLIMEPIRIDE,molecule_desc,molecule_desc_passthrough,NOOP,HIGH
ml,ml_003,sb_003_00042_raw_00651,그리멜,그리멜,,GLIMEPIRIDE,GLIMEPIRIDE,molecule_desc,molecule_desc_passthrough,NOOP,HIGH
ml,ml_003,sb_003_00041_raw_00563,그리자이드,그리자이드,,GLICLAZIDE,GLICLAZIDE,molecule_desc,molecule_desc_passthrough,NOOP,HIGH
ml,ml_003,sb_003_00049_raw_00684,그리타존,그리타존,,PIOGLITAZONE,PIOGLITAZONE,molecule_desc,molecule_desc_passthrough,NOOP,HIGH
ml,ml_003,sb_003_00042_raw_00655,그리피드,그리피드,,GLIMEPIRIDE,GLIMEPIRIDE,molecule_desc,molecule_desc_passthrough,NOOP,HIGH
ml,ml_003,sb_003_00049_raw_00665,그리핀,그리핀,,PIOGLITAZONE,PIOGLITAZONE,molecule_desc,molecule_desc_passthrough,NOOP,HIGH
ml,ml_003,sb_003_00042_raw_00571,글라디엠,글라디엠,,GLIMEPIRIDE,GLIMEPIRIDE,molecule_desc,molecule_desc_passthrough,NOOP,HIGH
ml,ml_003,sb_003_00035_raw_00367,글라지아,글라지아,,INSULIN GLARGINE,INSULIN GLARGINE,molecule_desc,molecule_desc_passthrough,NOOP,HIGH
ml,ml_003,sb_003_00071_raw_00839,글라포민엠,글라포민엠,,GLIMEPIRIDE+METFORMIN,GLIMEPIRIDE+METFORMIN,molecule_desc,molecule_desc_passthrough,NOOP,HIGH
ml,ml_003,sb_003_00042_raw_00631,글레딘,글레딘,,GLIMEPIRIDE,GLIMEPIRIDE,molecule_desc,molecule_desc_passthrough,NOOP,HIGH
ml,ml_003,sb_003_00071_raw_00822,글레딘엠,글레딘엠,,GLIMEPIRIDE+METFORMIN,GLIMEPIRIDE+METFORMIN,molecule_desc,molecule_desc_passthrough,NOOP,HIGH
ml,ml_003,sb_003_00071_raw_00813,글레아,글레아,,GLIMEPIRIDE+METFORMIN,GLIMEPIRIDE+METFORMIN,molecule_desc,molecule_desc_passthrough,NOOP,HIGH
ml,ml_003,sb_003_00049_raw_00677,글레존,글레존,,PIOGLITAZONE,PIOGLITAZONE,molecule_desc,molecule_desc_passthrough,NOOP,HIGH
ml,ml_003,sb_003_00012_raw_00074,글로시타포민,글로시타포민,,METFORMIN+SITAGLIPTIN | SITAGLIPTIN | METFORMIN,METFORMIN+SITAGLIPTIN | SITAGLIPTIN | METFORMIN,molecule_desc,molecule_desc_passthrough,NOOP,HIGH
ml,ml_003,sb_003_00010_raw_00030,글로틴 듀오,글로틴듀오,,LINAGLIPTIN+METFORMIN | LINAGLIPTIN | METFORMIN,LINAGLIPTIN+METFORMIN | LINAGLIPTIN | METFORMIN,molecule_desc,molecule_desc_passthrough,NOOP,HIGH
ml,ml_003,sb_003_00040_raw_00560,글루리아드,글루리아드,,GLIBENCLAMIDE | GLIBENCLAMIDE+METFORMIN,GLIBENCLAMIDE | GLIBENCLAMIDE+METFORMIN,molecule_desc,molecule_desc_passthrough,NOOP,HIGH
ml,ml_003,sb_003_00071_raw_00841,글루비-엠,글루비-엠,,GLIMEPIRIDE+METFORMIN,GLIMEPIRIDE+METFORMIN,molecule_desc,molecule_desc_passthrough,NOOP,HIGH
ml,ml_003,sb_003_00049_raw_00664,글루스탑,글루스탑,,PIOGLITAZONE,PIOGLITAZONE,molecule_desc,molecule_desc_passthrough,NOOP,HIGH
ml,ml_003,sb_003_00078_raw_00868,글루코바이,글루코바이,,ACARBOSE,ACARBOSE,molecule_desc,molecule_desc_passthrough,NOOP,HIGH
ml,ml_003,sb_003_00040_raw_00561,글루코반스,글루코반스,,GLIBENCLAMIDE | GLIBENCLAMIDE+METFORMIN,GLIBENCLAMIDE | GLIBENCLAMIDE+METFORMIN,molecule_desc,molecule_desc_passthrough,NOOP,HIGH
ml,ml_003,sb_003_00049_raw_00715,글루타존,글루타존,,PIOGLITAZONE,PIOGLITAZONE,molecule_desc,molecule_desc_passthrough,NOOP,HIGH
ml,ml_003,sb_003_00082_raw_00871,글루패스트,글루패스트,,MITIGLINIDE,MITIGLINIDE,molecule_desc,molecule_desc_passthrough,NOOP,HIGH
ml,ml_003,sb_003_00042_raw_00591,글루펜,글루펜,,GLIMEPIRIDE,GLIMEPIRIDE,molecule_desc,molecule_desc_passthrough,NOOP,HIGH
ml,ml_003,sb_003_00071_raw_00816,글루폴민,글루폴민,,GLIMEPIRIDE+METFORMIN,GLIMEPIRIDE+METFORMIN,molecule_desc,molecule_desc_passthrough,NOOP,HIGH
ml,ml_003,sb_003_00042_raw_00617,글루피드,글루피드,,GLIMEPIRIDE,GLIMEPIRIDE,molecule_desc,molecule_desc_passthrough,NOOP,HIGH
ml,ml_003,sb_003_00049_raw_00691,글루피오,글루피오,,PIOGLITAZONE,PIOGLITAZONE,molecule_desc,molecule_desc_passthrough,NOOP,HIGH
ml,ml_003,sb_003_00042_raw_00633,글리다,글리다,,GLIMEPIRIDE,GLIMEPIRIDE,molecule_desc,molecule_desc_passthrough,NOOP,HIGH
ml,ml_003,sb_003_00049_raw_00702,글리디아,글리디아,,PIOGLITAZONE,PIOGLITAZONE,molecule_desc,molecule_desc_passthrough,NOOP,HIGH
ml,ml_003,sb_003_00042_raw_00605,글리마릴,글리마릴,,GLIMEPIRIDE,GLIMEPIRIDE,molecule_desc,molecule_desc_passthrough,NOOP,HIGH
ml,ml_003,sb_003_00071_raw_00828,글리마릴엠,글리마릴엠,,GLIMEPIRIDE+METFORMIN,GLIMEPIRIDE+METFORMIN,molecule_desc,molecule_desc_passthrough,NOOP,HIGH
ml,ml_003,sb_003_00042_raw_00621,글리매핀,글리매핀,,GLIMEPIRIDE,GLIMEPIRIDE,molecule_desc,molecule_desc_passthrough,NOOP,HIGH
ml,ml_003,sb_003_00042_raw_00627,글리맥스,글리맥스,,GLIMEPIRIDE,GLIMEPIRIDE,molecule_desc,molecule_desc_passthrough,NOOP,HIGH
ml,ml_003,sb_003_00042_raw_00569,글리메,글리메,,GLIMEPIRIDE,GLIMEPIRIDE,molecule_desc,molecule_desc_passthrough,NOOP,HIGH
ml,ml_003,sb_003_00042_raw_00618,글리메드,글리메드,,GLIMEPIRIDE,GLIMEPIRIDE,molecule_desc,molecule_desc_passthrough,NOOP,HIGH
ml,ml_003,sb_003_00071_raw_00820,글리메론,글리메론,,GLIMEPIRIDE+METFORMIN,GLIMEPIRIDE+METFORMIN,molecule_desc,molecule_desc_passthrough,NOOP,HIGH
ml,ml_003,sb_003_00042_raw_00582,글리메릴,글리메릴,,GLIMEPIRIDE,GLIMEPIRIDE,molecule_desc,molecule_desc_passthrough,NOOP,HIGH
ml,ml_003,sb_003_00071_raw_00810,글리메릴엠,글리메릴엠,,GLIMEPIRIDE+METFORMIN,GLIMEPIRIDE+METFORMIN,molecule_desc,molecule_desc_passthrough,NOOP,HIGH
ml,ml_003,sb_003_00071_raw_00800,글리메엠,글리메엠,,GLIMEPIRIDE+METFORMIN,GLIMEPIRIDE+METFORMIN,molecule_desc,molecule_desc_passthrough,NOOP,HIGH
ml,ml_003,sb_003_00042_raw_00648,글리메윈,글리메윈,,GLIMEPIRIDE,GLIMEPIRIDE,molecule_desc,molecule_desc_passthrough,NOOP,HIGH
ml,ml_003,sb_003_00042_raw_00635,글리메츠,글리메츠,,GLIMEPIRIDE,GLIMEPIRIDE,molecule_desc,molecule_desc_passthrough,NOOP,HIGH
ml,ml_003,sb_003_00042_raw_00653,글리메틴,글리메틴,,GLIMEPIRIDE,GLIMEPIRIDE,molecule_desc,molecule_desc_passthrough,NOOP,HIGH
ml,ml_003,sb_003_00042_raw_00572,글리메프,글리메프,,GLIMEPIRIDE,GLIMEPIRIDE,molecule_desc,molecule_desc_passthrough,NOOP,HIGH
ml,ml_003,sb_003_00042_raw_00638,글리메피드,글리메피드,,GLIMEPIRIDE,GLIMEPIRIDE,molecule_desc,molecule_desc_passthrough,NOOP,HIGH
ml,ml_003,sb_003_00042_raw_00626,글리메피릴,글리메피릴,,GLIMEPIRIDE,GLIMEPIRIDE,molecule_desc,molecule_desc_passthrough,NOOP,HIGH
ml,ml_003,sb_003_00042_raw_00597,글리메피젠,글리메피젠,,GLIMEPIRIDE,GLIMEPIRIDE,molecule_desc,molecule_desc_passthrough,NOOP,HIGH
ml,ml_003,sb_003_00042_raw_00567,글리멜,글리멜,,GLIMEPIRIDE,GLIMEPIRIDE,molecule_desc,molecule_desc_passthrough,NOOP,HIGH
ml,ml_003,sb_003_00071_raw_00815,글리멜엠,글리멜엠,,GLIMEPIRIDE+METFORMIN,GLIMEPIRIDE+METFORMIN,molecule_desc,molecule_desc_passthrough,NOOP,HIGH
ml,ml_003,sb_003_00042_raw_00652,글리멥,글리멥,,GLIMEPIRIDE,GLIMEPIRIDE,molecule_desc,molecule_desc_passthrough,NOOP,HIGH
ml,ml_003,sb_003_00042_raw_00595,글리미드,글리미드,,GLIMEPIRIDE,GLIMEPIRIDE,molecule_desc,molecule_desc_passthrough,NOOP,HIGH
ml,ml_003,sb_003_00071_raw_00836,글리미드엠,글리미드엠,,GLIMEPIRIDE+METFORMIN,GLIMEPIRIDE+METFORMIN,molecule_desc,molecule_desc_passthrough,NOOP,HIGH
ml,ml_003,sb_003_00042_raw_00577,글리민,글리민,,GLIMEPIRIDE,GLIMEPIRIDE,molecule_desc,molecule_desc_passthrough,NOOP,HIGH
ml,ml_003,sb_003_00042_raw_00609,글리밀,글리밀,,GLIMEPIRIDE,GLIMEPIRIDE,molecule_desc,molecule_desc_passthrough,NOOP,HIGH
ml,ml_003,sb_003_00071_raw_00829,글리밀 엠,글리밀엠,,GLIMEPIRIDE+METFORMIN,GLIMEPIRIDE+METFORMIN,molecule_desc,molecule_desc_passthrough,NOOP,HIGH
ml,ml_003,sb_003_00042_raw_00576,글리베타,글리베타,,GLIMEPIRIDE,GLIMEPIRIDE,molecule_desc,molecule_desc_passthrough,NOOP,HIGH
ml,ml_003,sb_003_00071_raw_00809,글리베타엠,글리베타엠,,GLIMEPIRIDE+METFORMIN,GLIMEPIRIDE+METFORMIN,molecule_desc,molecule_desc_passthrough,NOOP,HIGH
ml,ml_003,sb_003_00012_raw_00065,글리시타메트,글리시타메트,,METFORMIN+SITAGLIPTIN | SITAGLIPTIN | METFORMIN,METFORMIN+SITAGLIPTIN | SITAGLIPTIN | METFORMIN,molecule_desc,molecule_desc_passthrough,NOOP,HIGH
ml,ml_003,sb_003_00012_raw_00066,글리시타메트 엑스알,글리시타메트엑스알,,METFORMIN+SITAGLIPTIN | SITAGLIPTIN | METFORMIN,METFORMIN+SITAGLIPTIN | SITAGLIPTIN | METFORMIN,molecule_desc,molecule_desc_passthrough,NOOP,HIGH
ml,ml_003,sb_003_00029_raw_00349,글리앙,글리앙,,EMPAGLIFLOZIN,EMPAGLIFLOZIN,molecule_desc,molecule_desc_passthrough,NOOP,HIGH
ml,ml_003,sb_003_00037_raw_00425,글리앙 듀오,글리앙듀오,,EMPAGLIFLOZIN+METFORMIN,EMPAGLIFLOZIN+METFORMIN,molecule_desc,molecule_desc_passthrough,NOOP,HIGH
ml,ml_003,sb_003_00049_raw_00674,글리액트,글리액트,,PIOGLITAZONE,PIOGLITAZONE,molecule_desc,molecule_desc_passthrough,NOOP,HIGH
ml,ml_003,sb_003_00071_raw_00825,글리엠,글리엠,,GLIMEPIRIDE+METFORMIN,GLIMEPIRIDE+METFORMIN,molecule_desc,molecule_desc_passthrough,NOOP,HIGH
ml,ml_003,sb_003_00042_raw_00585,글리원,글리원,,GLIMEPIRIDE,GLIMEPIRIDE,molecule_desc,molecule_desc_passthrough,NOOP,HIGH
ml,ml_003,sb_003_00010_raw_00016,글리젠타 듀오,글리젠타듀오,,LINAGLIPTIN+METFORMIN | LINAGLIPTIN | METFORMIN,LINAGLIPTIN+METFORMIN | LINAGLIPTIN | METFORMIN,molecule_desc,molecule_desc_passthrough,NOOP,HIGH
ml,ml_003,sb_003_00049_raw_00690,글리타,글리타,,PIOGLITAZONE,PIOGLITAZONE,molecule_desc,molecule_desc_passthrough,NOOP,HIGH
ml,ml_003,sb_003_00049_raw_00672,글리타존,글리타존,,PIOGLITAZONE,PIOGLITAZONE,molecule_desc,molecule_desc_passthrough,NOOP,HIGH
ml,ml_003,sb_003_00042_raw_00592,글리텍,글리텍,,GLIMEPIRIDE,GLIMEPIRIDE,molecule_desc,molecule_desc_passthrough,NOOP,HIGH
ml,ml_003,sb_003_00042_raw_00594,글리파,글리파,,GLIMEPIRIDE,GLIMEPIRIDE,molecule_desc,molecule_desc_passthrough,NOOP,HIGH
ml,ml_003,sb_003_00042_raw_00579,글리팜,글리팜,,GLIMEPIRIDE,GLIMEPIRIDE,molecule_desc,molecule_desc_passthrough,NOOP,HIGH
ml,ml_003,sb_003_00071_raw_00802,글리포르민,글리포르민,,GLIMEPIRIDE+METFORMIN,GLIMEPIRIDE+METFORMIN,molecule_desc,molecule_desc_passthrough,NOOP,HIGH
ml,ml_003,sb_003_00042_raw_00584,글리프릴,글리프릴,,GLIMEPIRIDE,GLIMEPIRIDE,molecule_desc,molecule_desc_passthrough,NOOP,HIGH
ml,ml_003,sb_003_00028_raw_00314,글리플로,글리플로,,DAPAGLIFLOZIN,DAPAGLIFLOZIN,molecule_desc,molecule_desc_passthrough,NOOP,HIGH
ml,ml_003,sb_003_00042_raw_00613,글리피딘,글리피딘,,GLIMEPIRIDE,GLIMEPIRIDE,molecule_desc,molecule_desc_passthrough,NOOP,HIGH
ml,ml_003,sb_003_00042_raw_00596,글리피론,글리피론,,GLIMEPIRIDE,GLIMEPIRIDE,molecule_desc,molecule_desc_passthrough,NOOP,HIGH
ml,ml_003,sb_003_00071_raw_00814,글리피론엠,글리피론엠,,GLIMEPIRIDE+METFORMIN,GLIMEPIRIDE+METFORMIN,molecule_desc,molecule_desc_passthrough,NOOP,HIGH
ml,ml_003,sb_003_00042_raw_00642,글리피린,글리피린,,GLIMEPIRIDE,GLIMEPIRIDE,molecule_desc,molecule_desc_passthrough,NOOP,HIGH
ml,ml_003,sb_003_00042_raw_00649,글리필,글리필,,GLIMEPIRIDE,GLIMEPIRIDE,molecule_desc,molecule_desc_passthrough,NOOP,HIGH
ml,ml_003,sb_003_00042_raw_00628,글피드,글피드,,GLIMEPIRIDE,GLIMEPIRIDE,molecule_desc,molecule_desc_passthrough,NOOP,HIGH
ml,ml_003,sb_003_00072_raw_00843,네시나 액트,네시나액트,,ALOGLIPTIN+PIOGLITAZONE,ALOGLIPTIN+PIOGLITAZONE,molecule_desc,molecule_desc_passthrough,NOOP,HIGH
ml,ml_003,sb_003_00028_raw_00276,네오다파,네오다파,,DAPAGLIFLOZIN,DAPAGLIFLOZIN,molecule_desc,molecule_desc_passthrough,NOOP,HIGH
ml,ml_003,sb_003_00042_raw_00581,네오마릴,네오마릴,,GLIMEPIRIDE,GLIMEPIRIDE,molecule_desc,molecule_desc_passthrough,NOOP,HIGH
ml,ml_003,sb_003_00071_raw_00806,네오마릴엠,네오마릴엠,,GLIMEPIRIDE+METFORMIN,GLIMEPIRIDE+METFORMIN,molecule_desc,molecule_desc_passthrough,NOOP,HIGH
ml,ml_003,sb_003_00029_raw_00345,네오엠파,네오엠파,,EMPAGLIFLOZIN,EMPAGLIFLOZIN,molecule_desc,molecule_desc_passthrough,NOOP,HIGH
ml,ml_003,sb_003_00083_raw_00872,노보넘,노보넘,,REPAGLINIDE,REPAGLINIDE,molecule_desc,molecule_desc_passthrough,NOOP,HIGH
ml,ml_003,sb_003_00050_raw_00720,노보래피드,노보래피드,,INSULIN ASPART,INSULIN ASPART,molecule_desc,molecule_desc_passthrough,NOOP,HIGH
ml,ml_003,sb_003_00050_raw_00718,노보래피드 플렉스펜,노보래피드플렉스펜,,INSULIN ASPART,INSULIN ASPART,molecule_desc,molecule_desc_passthrough,NOOP,HIGH
ml,ml_003,sb_003_00042_raw_00598,뉴글리필드,뉴글리필드,,GLIMEPIRIDE,GLIMEPIRIDE,molecule_desc,molecule_desc_passthrough,NOOP,HIGH
ml,ml_003,sb_003_00028_raw_00299,뉴시가,뉴시가,,DAPAGLIFLOZIN,DAPAGLIFLOZIN,molecule_desc,molecule_desc_passthrough,NOOP,HIGH
ml,ml_003,sb_003_00010_raw_00022,뉴젠타,뉴젠타,,LINAGLIPTIN+METFORMIN | LINAGLIPTIN | METFORMIN,LINAGLIPTIN+METFORMIN | LINAGLIPTIN | METFORMIN,molecule_desc,molecule_desc_passthrough,NOOP,HIGH
ml,ml_003,sb_003_00049_raw_00676,뉴피오,뉴피오,,PIOGLITAZONE,PIOGLITAZONE,molecule_desc,molecule_desc_passthrough,NOOP,HIGH
ml,ml_003,sb_003_00060_raw_00767,다글로시타,다글로시타,,DAPAGLIFLOZIN+SITAGLIPTIN,DAPAGLIFLOZIN+SITAGLIPTIN,molecule_desc,molecule_desc_passthrough,NOOP,HIGH
ml,ml_003,sb_003_00028_raw_00292,다글로진,다글로진,,DAPAGLIFLOZIN,DAPAGLIFLOZIN,molecule_desc,molecule_desc_passthrough,NOOP,HIGH
ml,ml_003,sb_003_00042_raw_00643,다글리,다글리,,GLIMEPIRIDE,GLIMEPIRIDE,molecule_desc,molecule_desc_passthrough,NOOP,HIGH
ml,ml_003,sb_003_00060_raw_00744,다글립,다글립,,DAPAGLIFLOZIN+SITAGLIPTIN,DAPAGLIFLOZIN+SITAGLIPTIN,molecule_desc,molecule_desc_passthrough,NOOP,HIGH
ml,ml_003,sb_003_00042_raw_00639,다나릴,다나릴,,GLIMEPIRIDE,GLIMEPIRIDE,molecule_desc,molecule_desc_passthrough,NOOP,HIGH
ml,ml_003,sb_003_00013_raw_00106,다낼리아 엠,다낼리아엠,,METFORMIN+TENELIGLIPTIN | TENELIGLIPTIN | METFORMIN,METFORMIN+TENELIGLIPTIN | TENELIGLIPTIN | METFORMIN,molecule_desc,molecule_desc_passthrough,NOOP,HIGH
ml,ml_003,sb_003_00012_raw_00084,다누메트,다누메트,,METFORMIN+SITAGLIPTIN | SITAGLIPTIN | METFORMIN,METFORMIN+SITAGLIPTIN | SITAGLIPTIN | METFORMIN,molecule_desc,molecule_desc_passthrough,NOOP,HIGH
ml,ml_003,sb_003_00060_raw_00738,다시디엠,다시디엠,,DAPAGLIFLOZIN+SITAGLIPTIN,DAPAGLIFLOZIN+SITAGLIPTIN,molecule_desc,molecule_desc_passthrough,NOOP,HIGH
ml,ml_003,sb_003_00014_raw_00131,다야브스메트,다야브스메트,,METFORMIN+VILDAGLIPTIN | VILDAGLIPTIN | METFORMIN,METFORMIN+VILDAGLIPTIN | VILDAGLIPTIN | METFORMIN,molecule_desc,molecule_desc_passthrough,NOOP,HIGH
ml,ml_003,sb_003_00043_raw_00657,다이그린,다이그린,,GLIPIZIDE,GLIPIZIDE,molecule_desc,molecule_desc_passthrough,NOOP,HIGH
ml,ml_003,sb_003_00029_raw_00352,다이디앙,다이디앙,,EMPAGLIFLOZIN,EMPAGLIFLOZIN,molecule_desc,molecule_desc_passthrough,NOOP,HIGH
ml,ml_003,sb_003_00042_raw_00587,다이리드,다이리드,,GLIMEPIRIDE,GLIMEPIRIDE,molecule_desc,molecule_desc_passthrough,NOOP,HIGH
ml,ml_003,sb_003_00071_raw_00811,다이리드엠,다이리드엠,,GLIMEPIRIDE+METFORMIN,GLIMEPIRIDE+METFORMIN,molecule_desc,molecule_desc_passthrough,NOOP,HIGH
ml,ml_003,sb_003_00042_raw_00645,다이릴,다이릴,,GLIMEPIRIDE,GLIMEPIRIDE,molecule_desc,molecule_desc_passthrough,NOOP,HIGH
ml,ml_003,sb_003_00042_raw_00600,다이메릴,다이메릴,,GLIMEPIRIDE,GLIMEPIRIDE,molecule_desc,molecule_desc_passthrough,NOOP,HIGH
ml,ml_003,sb_003_00042_raw_00604,다이피릴,다이피릴,,GLIMEPIRIDE,GLIMEPIRIDE,molecule_desc,molecule_desc_passthrough,NOOP,HIGH
ml,ml_003,sb_003_00028_raw_00273,다파그린,다파그린,,DAPAGLIFLOZIN,DAPAGLIFLOZIN,molecule_desc,molecule_desc_passthrough,NOOP,HIGH
ml,ml_003,sb_003_00060_raw_00762,다파그린 에스,다파그린에스,,DAPAGLIFLOZIN+SITAGLIPTIN,DAPAGLIFLOZIN+SITAGLIPTIN,molecule_desc,molecule_desc_passthrough,NOOP,HIGH
ml,ml_003,sb_003_00065_raw_00780,다파그린지,다파그린지,,DAPAGLIFLOZIN+GLIMEPIRIDE,DAPAGLIFLOZIN+GLIMEPIRIDE,molecule_desc,molecule_desc_passthrough,NOOP,HIGH
ml,ml_003,sb_003_00028_raw_00290,다파글,다파글,,DAPAGLIFLOZIN,DAPAGLIFLOZIN,molecule_desc,molecule_desc_passthrough,NOOP,HIGH
ml,ml_003,sb_003_00028_raw_00288,다파글루,다파글루,,DAPAGLIFLOZIN,DAPAGLIFLOZIN,molecule_desc,molecule_desc_passthrough,NOOP,HIGH
ml,ml_003,sb_003_00036_raw_00379,다파글루 엠,다파글루엠,,DAPAGLIFLOZIN+METFORMIN,DAPAGLIFLOZIN+METFORMIN,molecule_desc,molecule_desc_passthrough,NOOP,HIGH
ml,ml_003,sb_003_00028_raw_00277,다파글리 엠,다파글리엠,,DAPAGLIFLOZIN,DAPAGLIFLOZIN,molecule_desc,molecule_desc_passthrough,NOOP,HIGH
ml,ml_003,sb_003_00060_raw_00759,다파글시타,다파글시타,,DAPAGLIFLOZIN+SITAGLIPTIN,DAPAGLIFLOZIN+SITAGLIPTIN,molecule_desc,molecule_desc_passthrough,NOOP,HIGH
ml,ml_003,sb_003_00036_raw_00384,다파글 엠,다파글엠,,DAPAGLIFLOZIN+METFORMIN,DAPAGLIFLOZIN+METFORMIN,molecule_desc,molecule_desc_passthrough,NOOP,HIGH
ml,ml_003,sb_003_00028_raw_00282,다파로,다파로,,DAPAGLIFLOZIN,DAPAGLIFLOZIN,molecule_desc,molecule_desc_passthrough,NOOP,HIGH
ml,ml_003,sb_003_00060_raw_00751,다파로 에스,다파로에스,,DAPAGLIFLOZIN+SITAGLIPTIN,DAPAGLIFLOZIN+SITAGLIPTIN,molecule_desc,molecule_desc_passthrough,NOOP,HIGH
ml,ml_003,sb_003_00058_raw_00733,다파로 엘,다파로엘,,DAPAGLIFLOZIN+LINAGLIPTIN,DAPAGLIFLOZIN+LINAGLIPTIN,molecule_desc,molecule_desc_passthrough,NOOP,HIGH
ml,ml_003,sb_003_00036_raw_00382,다파로 엠,다파로엠,,DAPAGLIFLOZIN+METFORMIN,DAPAGLIFLOZIN+METFORMIN,molecule_desc,molecule_desc_passthrough,NOOP,HIGH
ml,ml_003,sb_003_00028_raw_00306,다파로진,다파로진,,DAPAGLIFLOZIN,DAPAGLIFLOZIN,molecule_desc,molecule_desc_passthrough,NOOP,HIGH
ml,ml_003,sb_003_00036_raw_00394,다파로진 듀오,다파로진듀오,,DAPAGLIFLOZIN+METFORMIN,DAPAGLIFLOZIN+METFORMIN,molecule_desc,molecule_desc_passthrough,NOOP,HIGH
ml,ml_003,sb_003_00028_raw_00268,다파론,다파론,,DAPAGLIFLOZIN,DAPAGLIFLOZIN,molecule_desc,molecule_desc_passthrough,NOOP,HIGH
ml,ml_003,sb_003_00036_raw_00369,다파론 듀오,다파론듀오,,DAPAGLIFLOZIN+METFORMIN,DAPAGLIFLOZIN+METFORMIN,molecule_desc,molecule_desc_passthrough,NOOP,HIGH
ml,ml_003,sb_003_00028_raw_00297,다파루틴,다파루틴,,DAPAGLIFLOZIN,DAPAGLIFLOZIN,molecule_desc,molecule_desc_passthrough,NOOP,HIGH
ml,ml_003,sb_003_00036_raw_00393,다파루틴 듀오,다파루틴듀오,,DAPAGLIFLOZIN+METFORMIN,DAPAGLIFLOZIN+METFORMIN,molecule_desc,molecule_desc_passthrough,NOOP,HIGH
ml,ml_003,sb_003_00060_raw_00755,다파루틴 스타,다파루틴스타,,DAPAGLIFLOZIN+SITAGLIPTIN,DAPAGLIFLOZIN+SITAGLIPTIN,molecule_desc,molecule_desc_passthrough,NOOP,HIGH
ml,ml_003,sb_003_00058_raw_00730,다파리나,다파리나,,DAPAGLIFLOZIN+LINAGLIPTIN,DAPAGLIFLOZIN+LINAGLIPTIN,molecule_desc,molecule_desc_passthrough,NOOP,HIGH
ml,ml_003,sb_003_00028_raw_00311,다파리진,다파리진,,DAPAGLIFLOZIN,DAPAGLIFLOZIN,molecule_desc,molecule_desc_passthrough,NOOP,HIGH
ml,ml_003,sb_003_00028_raw_00270,다파릴,다파릴,,DAPAGLIFLOZIN,DAPAGLIFLOZIN,molecule_desc,molecule_desc_passthrough,NOOP,HIGH
ml,ml_003,sb_003_00036_raw_00370,다파릴 듀오,다파릴듀오,,DAPAGLIFLOZIN+METFORMIN,DAPAGLIFLOZIN+METFORMIN,molecule_desc,molecule_desc_passthrough,NOOP,HIGH
ml,ml_003,sb_003_00060_raw_00748,다파릴시타,다파릴시타,,DAPAGLIFLOZIN+SITAGLIPTIN,DAPAGLIFLOZIN+SITAGLIPTIN,molecule_desc,molecule_desc_passthrough,NOOP,HIGH
ml,ml_003,sb_003_00036_raw_00372,다파메트,다파메트,,DAPAGLIFLOZIN+METFORMIN,DAPAGLIFLOZIN+METFORMIN,molecule_desc,molecule_desc_passthrough,NOOP,HIGH
ml,ml_003,sb_003_00060_raw_00775,다파비아,다파비아,,DAPAGLIFLOZIN+SITAGLIPTIN,DAPAGLIFLOZIN+SITAGLIPTIN,molecule_desc,molecule_desc_passthrough,NOOP,HIGH
ml,ml_003,sb_003_00060_raw_00764,다파시,다파시,,DAPAGLIFLOZIN+SITAGLIPTIN,DAPAGLIFLOZIN+SITAGLIPTIN,molecule_desc,molecule_desc_passthrough,NOOP,HIGH
ml,ml_003,sb_003_00060_raw_00741,다파시타,다파시타,,DAPAGLIFLOZIN+SITAGLIPTIN,DAPAGLIFLOZIN+SITAGLIPTIN,molecule_desc,molecule_desc_passthrough,NOOP,HIGH
ml,ml_003,sb_003_00066_raw_00782,다파시타 엠,다파시타엠,,DAPAGLIFLOZIN+METFORMIN+SITAGLIPTIN,DAPAGLIFLOZIN+METFORMIN+SITAGLIPTIN,molecule_desc,molecule_desc_passthrough,NOOP,HIGH
ml,ml_003,sb_003_00028_raw_00301,다파싱글,다파싱글,,DAPAGLIFLOZIN,DAPAGLIFLOZIN,molecule_desc,molecule_desc_passthrough,NOOP,HIGH
ml,ml_003,sb_003_00028_raw_00266,다파엔,다파엔,,DAPAGLIFLOZIN,DAPAGLIFLOZIN,molecule_desc,molecule_desc_passthrough,NOOP,HIGH
ml,ml_003,sb_003_00036_raw_00373,다파엔듀오,다파엔듀오,,DAPAGLIFLOZIN+METFORMIN,DAPAGLIFLOZIN+METFORMIN,molecule_desc,molecule_desc_passthrough,NOOP,HIGH
ml,ml_003,sb_003_00060_raw_00756,다파엔시타,다파엔시타,,DAPAGLIFLOZIN+SITAGLIPTIN,DAPAGLIFLOZIN+SITAGLIPTIN,molecule_desc,molecule_desc_passthrough,NOOP,HIGH
ml,ml_003,sb_003_00036_raw_00399,다파 엠,다파엠,,DAPAGLIFLOZIN+METFORMIN,DAPAGLIFLOZIN+METFORMIN,molecule_desc,molecule_desc_passthrough,NOOP,HIGH
ml,ml_003,sb_003_00028_raw_00275,다파원,다파원,,DAPAGLIFLOZIN,DAPAGLIFLOZIN,molecule_desc,molecule_desc_passthrough,NOOP,HIGH
ml,ml_003,sb_003_00036_raw_00374,다파원 엠,다파원엠,,DAPAGLIFLOZIN+METFORMIN,DAPAGLIFLOZIN+METFORMIN,molecule_desc,molecule_desc_passthrough,NOOP,HIGH
ml,ml_003,sb_003_00028_raw_00286,다파유,다파유,,DAPAGLIFLOZIN,DAPAGLIFLOZIN,molecule_desc,molecule_desc_passthrough,NOOP,HIGH
ml,ml_003,sb_003_00036_raw_00396,다파이제,다파이제,,DAPAGLIFLOZIN+METFORMIN,DAPAGLIFLOZIN+METFORMIN,molecule_desc,molecule_desc_passthrough,NOOP,HIGH
ml,ml_003,sb_003_00028_raw_00274,다파진,다파진,,DAPAGLIFLOZIN,DAPAGLIFLOZIN,molecule_desc,molecule_desc_passthrough,NOOP,HIGH
ml,ml_003,sb_003_00066_raw_00785,다파진 에스엠,다파진에스엠,,DAPAGLIFLOZIN+METFORMIN+SITAGLIPTIN,DAPAGLIFLOZIN+METFORMIN+SITAGLIPTIN,molecule_desc,molecule_desc_passthrough,NOOP,HIGH
ml,ml_003,sb_003_00028_raw_00321,다파칸,다파칸,,DAPAGLIFLOZIN,DAPAGLIFLOZIN,molecule_desc,molecule_desc_passthrough,NOOP,HIGH
ml,ml_003,sb_003_00036_raw_00381,다파포민,다파포민,,DAPAGLIFLOZIN+METFORMIN,DAPAGLIFLOZIN+METFORMIN,molecule_desc,molecule_desc_passthrough,NOOP,HIGH
ml,ml_003,sb_003_00028_raw_00271,다파프로,다파프로,,DAPAGLIFLOZIN,DAPAGLIFLOZIN,molecule_desc,molecule_desc_passthrough,NOOP,HIGH
ml,ml_003,sb_003_00036_raw_00377,다파프로메트,다파프로메트,,DAPAGLIFLOZIN+METFORMIN,DAPAGLIFLOZIN+METFORMIN,molecule_desc,molecule_desc_passthrough,NOOP,HIGH
ml,ml_003,sb_003_00028_raw_00285,다파프로진,다파프로진,,DAPAGLIFLOZIN,DAPAGLIFLOZIN,molecule_desc,molecule_desc_passthrough,NOOP,HIGH
ml,ml_003,sb_003_00036_raw_00401,다파프로진 메트,다파프로진메트,,DAPAGLIFLOZIN+METFORMIN,DAPAGLIFLOZIN+METFORMIN,molecule_desc,molecule_desc_passthrough,NOOP,HIGH
ml,ml_003,sb_003_00036_raw_00388,다파플러스,다파플러스,,DAPAGLIFLOZIN+METFORMIN,DAPAGLIFLOZIN+METFORMIN,molecule_desc,molecule_desc_passthrough,NOOP,HIGH
ml,ml_003,sb_003_00028_raw_00320,다파하나,다파하나,,DAPAGLIFLOZIN,DAPAGLIFLOZIN,molecule_desc,molecule_desc_passthrough,NOOP,HIGH
ml,ml_003,sb_003_00028_raw_00294,다포가,다포가,,DAPAGLIFLOZIN,DAPAGLIFLOZIN,molecule_desc,molecule_desc_passthrough,NOOP,HIGH
ml,ml_003,sb_003_00036_raw_00383,다포가 듀오,다포가듀오,,DAPAGLIFLOZIN+METFORMIN,DAPAGLIFLOZIN+METFORMIN,molecule_desc,molecule_desc_passthrough,NOOP,HIGH
ml,ml_003,sb_003_00060_raw_00771,다포가 플러스,다포가플러스,,DAPAGLIFLOZIN+SITAGLIPTIN,DAPAGLIFLOZIN+SITAGLIPTIN,molecule_desc,molecule_desc_passthrough,NOOP,HIGH
ml,ml_003,sb_003_00028_raw_00310,다포르,다포르,,DAPAGLIFLOZIN,DAPAGLIFLOZIN,molecule_desc,molecule_desc_passthrough,NOOP,HIGH
ml,ml_003,sb_003_00036_raw_00397,다포르메트,다포르메트,,DAPAGLIFLOZIN+METFORMIN,DAPAGLIFLOZIN+METFORMIN,molecule_desc,molecule_desc_passthrough,NOOP,HIGH
ml,ml_003,sb_003_00028_raw_00296,다포시,다포시,,DAPAGLIFLOZIN,DAPAGLIFLOZIN,molecule_desc,molecule_desc_passthrough,NOOP,HIGH
ml,ml_003,sb_003_00028_raw_00287,다포진,다포진,,DAPAGLIFLOZIN,DAPAGLIFLOZIN,molecule_desc,molecule_desc_passthrough,NOOP,HIGH
ml,ml_003,sb_003_00036_raw_00389,다포진 엠,다포진엠,,DAPAGLIFLOZIN+METFORMIN,DAPAGLIFLOZIN+METFORMIN,molecule_desc,molecule_desc_passthrough,NOOP,HIGH
ml,ml_003,sb_003_00028_raw_00281,다퓨라,다퓨라,,DAPAGLIFLOZIN,DAPAGLIFLOZIN,molecule_desc,molecule_desc_passthrough,NOOP,HIGH
ml,ml_003,sb_003_00028_raw_00325,다프로디,다프로디,,DAPAGLIFLOZIN,DAPAGLIFLOZIN,molecule_desc,molecule_desc_passthrough,NOOP,HIGH
ml,ml_003,sb_003_00028_raw_00291,다플디엠,다플디엠,,DAPAGLIFLOZIN,DAPAGLIFLOZIN,molecule_desc,molecule_desc_passthrough,NOOP,HIGH
ml,ml_003,sb_003_00036_raw_00386,다플디엠 메트,다플디엠메트,,DAPAGLIFLOZIN+METFORMIN,DAPAGLIFLOZIN+METFORMIN,molecule_desc,molecule_desc_passthrough,NOOP,HIGH
ml,ml_003,sb_003_00028_raw_00298,다플로,다플로,,DAPAGLIFLOZIN,DAPAGLIFLOZIN,molecule_desc,molecule_desc_passthrough,NOOP,HIGH
ml,ml_003,sb_003_00028_raw_00316,다플로진,다플로진,,DAPAGLIFLOZIN,DAPAGLIFLOZIN,molecule_desc,molecule_desc_passthrough,NOOP,HIGH
ml,ml_003,sb_003_00028_raw_00293,다플진,다플진,,DAPAGLIFLOZIN,DAPAGLIFLOZIN,molecule_desc,molecule_desc_passthrough,NOOP,HIGH
ml,ml_003,sb_003_00036_raw_00391,다플진메트,다플진메트,,DAPAGLIFLOZIN+METFORMIN,DAPAGLIFLOZIN+METFORMIN,molecule_desc,molecule_desc_passthrough,NOOP,HIGH
ml,ml_003,sb_003_00028_raw_00331,답플로,답플로,,DAPAGLIFLOZIN,DAPAGLIFLOZIN,molecule_desc,molecule_desc_passthrough,NOOP,HIGH
ml,ml_003,sb_003_00028_raw_00309,당시가,당시가,,DAPAGLIFLOZIN,DAPAGLIFLOZIN,molecule_desc,molecule_desc_passthrough,NOOP,HIGH
ml,ml_003,sb_003_00012_raw_00073,당이자누 콤비,당이자누콤비,,METFORMIN+SITAGLIPTIN | SITAGLIPTIN | METFORMIN,METFORMIN+SITAGLIPTIN | SITAGLIPTIN | METFORMIN,molecule_desc,molecule_desc_passthrough,NOOP,HIGH
ml,ml_003,sb_003_00049_raw_00663,대웅바이오 피오글리타존,대웅바이오피오글리타존,,PIOGLITAZONE,PIOGLITAZONE,molecule_desc,molecule_desc_passthrough,NOOP,HIGH
ml,ml_003,sb_003_00077_raw_00863,대웅 피오메트,대웅피오메트,,METFORMIN+PIOGLITAZONE,METFORMIN+PIOGLITAZONE,molecule_desc,molecule_desc_passthrough,NOOP,HIGH
ml,ml_003,sb_003_00067_raw_00791,듀글로우,듀글로우,,DAPAGLIFLOZIN+PIOGLITAZONE,DAPAGLIFLOZIN+PIOGLITAZONE,molecule_desc,molecule_desc_passthrough,NOOP,HIGH
ml,ml_003,sb_003_00076_raw_00851,듀비메트,듀비메트,,LOBEGLITAZONE+METFORMIN,LOBEGLITAZONE+METFORMIN,molecule_desc,molecule_desc_passthrough,NOOP,HIGH
ml,ml_003,sb_003_00073_raw_00844,듀비메트 에스,듀비메트에스,,LOBEGLITAZONE+METFORMIN+SITAGLIPTIN | LOBEGLITAZONE+SITAGLIPTIN,LOBEGLITAZONE+METFORMIN+SITAGLIPTIN | LOBEGLITAZONE+SITAGLIPTIN,molecule_desc,molecule_desc_passthrough,NOOP,HIGH
ml,ml_003,sb_003_00048_raw_00659,듀비에,듀비에,,LOBEGLITAZONE,LOBEGLITAZONE,molecule_desc,molecule_desc_passthrough,NOOP,HIGH
ml,ml_003,sb_003_00074_raw_00846,듀비에 에스,듀비에에스,,LOBEGLITAZONE+SITAGLIPTIN,LOBEGLITAZONE+SITAGLIPTIN,molecule_desc,molecule_desc_passthrough,NOOP,HIGH
ml,ml_003,sb_003_00060_raw_00774,듀오글리,듀오글리,,DAPAGLIFLOZIN+SITAGLIPTIN,DAPAGLIFLOZIN+SITAGLIPTIN,molecule_desc,molecule_desc_passthrough,NOOP,HIGH
ml,ml_003,sb_003_00042_raw_00641,디메리드,디메리드,,GLIMEPIRIDE,GLIMEPIRIDE,molecule_desc,molecule_desc_passthrough,NOOP,HIGH
ml,ml_003,sb_003_00042_raw_00578,디메릴,디메릴,,GLIMEPIRIDE,GLIMEPIRIDE,molecule_desc,molecule_desc_passthrough,NOOP,HIGH
ml,ml_003,sb_003_00042_raw_00583,디아리드,디아리드,,GLIMEPIRIDE,GLIMEPIRIDE,molecule_desc,molecule_desc_passthrough,NOOP,HIGH
ml,ml_003,sb_003_00042_raw_00575,디아릴,디아릴,,GLIMEPIRIDE,GLIMEPIRIDE,molecule_desc,molecule_desc_passthrough,NOOP,HIGH
ml,ml_003,sb_003_00041_raw_00562,디아미크롱,디아미크롱,,GLICLAZIDE,GLICLAZIDE,molecule_desc,molecule_desc_passthrough,NOOP,HIGH
ml,ml_003,sb_003_00041_raw_00564,디아민,디아민,,GLICLAZIDE,GLICLAZIDE,molecule_desc,molecule_desc_passthrough,NOOP,HIGH
ml,ml_003,sb_003_00042_raw_00606,디어메디,디어메디,,GLIMEPIRIDE,GLIMEPIRIDE,molecule_desc,molecule_desc_passthrough,NOOP,HIGH
ml,ml_003,sb_003_00071_raw_00827,디어메디엠,디어메디엠,,GLIMEPIRIDE+METFORMIN,GLIMEPIRIDE+METFORMIN,molecule_desc,molecule_desc_passthrough,NOOP,HIGH
ml,ml_003,sb_003_00028_raw_00283,디파글루,디파글루,,DAPAGLIFLOZIN,DAPAGLIFLOZIN,molecule_desc,molecule_desc_passthrough,NOOP,HIGH
ml,ml_003,sb_003_00036_raw_00380,디파글루 엠,디파글루엠,,DAPAGLIFLOZIN+METFORMIN,DAPAGLIFLOZIN+METFORMIN,molecule_desc,molecule_desc_passthrough,NOOP,HIGH
ml,ml_003,sb_003_00013_raw_00112,디포테리 엠,디포테리엠,,METFORMIN+TENELIGLIPTIN | TENELIGLIPTIN | METFORMIN,METFORMIN+TENELIGLIPTIN | TENELIGLIPTIN | METFORMIN,molecule_desc,molecule_desc_passthrough,NOOP,HIGH
ml,ml_003,sb_003_00028_raw_00324,디플로,디플로,,DAPAGLIFLOZIN,DAPAGLIFLOZIN,molecule_desc,molecule_desc_passthrough,NOOP,HIGH
ml,ml_003,sb_003_00028_raw_00323,디피원,디피원,,DAPAGLIFLOZIN,DAPAGLIFLOZIN,molecule_desc,molecule_desc_passthrough,NOOP,HIGH
ml,ml_003,sb_003_00060_raw_00740,디피투,디피투,,DAPAGLIFLOZIN+SITAGLIPTIN,DAPAGLIFLOZIN+SITAGLIPTIN,molecule_desc,molecule_desc_passthrough,NOOP,HIGH
ml,ml_003,sb_003_00010_raw_00027,라니글 듀오,라니글듀오,,LINAGLIPTIN+METFORMIN | LINAGLIPTIN | METFORMIN,LINAGLIPTIN+METFORMIN | LINAGLIPTIN | METFORMIN,molecule_desc,molecule_desc_passthrough,NOOP,HIGH
ml,ml_003,sb_003_00035_raw_00365,란투스,란투스,,INSULIN GLARGINE,INSULIN GLARGINE,molecule_desc,molecule_desc_passthrough,NOOP,HIGH
ml,ml_003,sb_003_00042_raw_00616,랙스,랙스,,GLIMEPIRIDE,GLIMEPIRIDE,molecule_desc,molecule_desc_passthrough,NOOP,HIGH
ml,ml_003,sb_003_00071_raw_00823,랙스엠,랙스엠,,GLIMEPIRIDE+METFORMIN,GLIMEPIRIDE+METFORMIN,molecule_desc,molecule_desc_passthrough,NOOP,HIGH
ml,ml_003,sb_003_00034_raw_00363,레버미어 플렉스펜,레버미어플렉스펜,,INSULIN DETEMIR,INSULIN DETEMIR,molecule_desc,molecule_desc_passthrough,NOOP,HIGH
ml,ml_003,sb_003_00083_raw_00873,레파넘,레파넘,,REPAGLINIDE,REPAGLINIDE,molecule_desc,molecule_desc_passthrough,NOOP,HIGH
ml,ml_003,sb_003_00053_raw_00724,룸제브,룸제브,,INSULIN LISPRO,INSULIN LISPRO,molecule_desc,molecule_desc_passthrough,NOOP,HIGH
ml,ml_003,sb_003_00010_raw_00008,리나글로메트,리나글로메트,,LINAGLIPTIN+METFORMIN | LINAGLIPTIN | METFORMIN,LINAGLIPTIN+METFORMIN | LINAGLIPTIN | METFORMIN,molecule_desc,molecule_desc_passthrough,NOOP,HIGH
ml,ml_003,sb_003_00058_raw_00734,리나다파지,리나다파지,,DAPAGLIFLOZIN+LINAGLIPTIN,DAPAGLIFLOZIN+LINAGLIPTIN,molecule_desc,molecule_desc_passthrough,NOOP,HIGH
ml,ml_003,sb_003_00010_raw_00013,리나디엠 메트,리나디엠메트,,LINAGLIPTIN+METFORMIN | LINAGLIPTIN | METFORMIN,LINAGLIPTIN+METFORMIN | LINAGLIPTIN | METFORMIN,molecule_desc,molecule_desc_passthrough,NOOP,HIGH
ml,ml_003,sb_003_00010_raw_00028,리나디포 듀오,리나디포듀오,,LINAGLIPTIN+METFORMIN | LINAGLIPTIN | METFORMIN,LINAGLIPTIN+METFORMIN | LINAGLIPTIN | METFORMIN,molecule_desc,molecule_desc_passthrough,NOOP,HIGH
ml,ml_003,sb_003_00010_raw_00019,리나로 엠,리나로엠,,LINAGLIPTIN+METFORMIN | LINAGLIPTIN | METFORMIN,LINAGLIPTIN+METFORMIN | LINAGLIPTIN | METFORMIN,molecule_desc,molecule_desc_passthrough,NOOP,HIGH
ml,ml_003,sb_003_00010_raw_00020,리나원 듀오,리나원듀오,,LINAGLIPTIN+METFORMIN | LINAGLIPTIN | METFORMIN,LINAGLIPTIN+METFORMIN | LINAGLIPTIN | METFORMIN,molecule_desc,molecule_desc_passthrough,NOOP,HIGH
ml,ml_003,sb_003_00010_raw_00025,리나제틴 듀오,리나제틴듀오,,LINAGLIPTIN+METFORMIN | LINAGLIPTIN | METFORMIN,LINAGLIPTIN+METFORMIN | LINAGLIPTIN | METFORMIN,molecule_desc,molecule_desc_passthrough,NOOP,HIGH
ml,ml_003,sb_003_00010_raw_00031,리나칸메트,리나칸메트,,LINAGLIPTIN+METFORMIN | LINAGLIPTIN | METFORMIN,LINAGLIPTIN+METFORMIN | LINAGLIPTIN | METFORMIN,molecule_desc,molecule_desc_passthrough,NOOP,HIGH
ml,ml_003,sb_003_00010_raw_00021,리나콤비,리나콤비,,LINAGLIPTIN+METFORMIN | LINAGLIPTIN | METFORMIN,LINAGLIPTIN+METFORMIN | LINAGLIPTIN | METFORMIN,molecule_desc,molecule_desc_passthrough,NOOP,HIGH
ml,ml_003,sb_003_00010_raw_00029,리나탑 듀오,리나탑듀오,,LINAGLIPTIN+METFORMIN | LINAGLIPTIN | METFORMIN,LINAGLIPTIN+METFORMIN | LINAGLIPTIN | METFORMIN,molecule_desc,molecule_desc_passthrough,NOOP,HIGH
ml,ml_003,sb_003_00010_raw_00026,리나티젠 듀오,리나티젠듀오,,LINAGLIPTIN+METFORMIN | LINAGLIPTIN | METFORMIN,LINAGLIPTIN+METFORMIN | LINAGLIPTIN | METFORMIN,molecule_desc,molecule_desc_passthrough,NOOP,HIGH
ml,ml_003,sb_003_00010_raw_00017,리나틴 플러스,리나틴플러스,,LINAGLIPTIN+METFORMIN | LINAGLIPTIN | METFORMIN,LINAGLIPTIN+METFORMIN | LINAGLIPTIN | METFORMIN,molecule_desc,molecule_desc_passthrough,NOOP,HIGH
ml,ml_003,sb_003_00010_raw_00015,리나틴 플러스 엑스알,리나틴플러스엑스알,,LINAGLIPTIN+METFORMIN | LINAGLIPTIN | METFORMIN,LINAGLIPTIN+METFORMIN | LINAGLIPTIN | METFORMIN,molecule_desc,molecule_desc_passthrough,NOOP,HIGH
ml,ml_003,sb_003_00010_raw_00006,리라젠타 듀오,리라젠타듀오,,LINAGLIPTIN+METFORMIN | LINAGLIPTIN | METFORMIN,LINAGLIPTIN+METFORMIN | LINAGLIPTIN | METFORMIN,molecule_desc,molecule_desc_passthrough,NOOP,HIGH
ml,ml_003,sb_003_00071_raw_00832,리메트폴,리메트폴,,GLIMEPIRIDE+METFORMIN,GLIMEPIRIDE+METFORMIN,molecule_desc,molecule_desc_passthrough,NOOP,HIGH
ml,ml_003,sb_003_00071_raw_00819,리메포민,리메포민,,GLIMEPIRIDE+METFORMIN,GLIMEPIRIDE+METFORMIN,molecule_desc,molecule_desc_passthrough,NOOP,HIGH
ml,ml_003,sb_003_00045_raw_00658,리조덱 플렉스터치,리조덱플렉스터치,,INSULIN ASPART+INSULIN DEGLUDEC,INSULIN ASPART+INSULIN DEGLUDEC,molecule_desc,molecule_desc_passthrough,NOOP,HIGH
ml,ml_003,sb_003_00010_raw_00005,리타메진,리타메진,,LINAGLIPTIN+METFORMIN | LINAGLIPTIN | METFORMIN,LINAGLIPTIN+METFORMIN | LINAGLIPTIN | METFORMIN,molecule_desc,molecule_desc_passthrough,NOOP,HIGH
ml,ml_003,sb_003_00010_raw_00018,리트라젠 듀오,리트라젠듀오,,LINAGLIPTIN+METFORMIN | LINAGLIPTIN | METFORMIN,LINAGLIPTIN+METFORMIN | LINAGLIPTIN | METFORMIN,molecule_desc,molecule_desc_passthrough,NOOP,HIGH
ml,ml_003,sb_003_00042_raw_00573,메디롤,메디롤,,GLIMEPIRIDE,GLIMEPIRIDE,molecule_desc,molecule_desc_passthrough,NOOP,HIGH
ml,ml_003,sb_003_00071_raw_00808,메디롤엠,메디롤엠,,GLIMEPIRIDE+METFORMIN,GLIMEPIRIDE+METFORMIN,molecule_desc,molecule_desc_passthrough,NOOP,HIGH
ml,ml_003,sb_003_00042_raw_00611,메리클,메리클,,GLIMEPIRIDE,GLIMEPIRIDE,molecule_desc,molecule_desc_passthrough,NOOP,HIGH
ml,ml_003,sb_003_00071_raw_00818,메트마릴,메트마릴,,GLIMEPIRIDE+METFORMIN,GLIMEPIRIDE+METFORMIN,molecule_desc,molecule_desc_passthrough,NOOP,HIGH
ml,ml_003,sb_003_00071_raw_00835,메포민 플러스,메포민플러스,,GLIMEPIRIDE+METFORMIN,GLIMEPIRIDE+METFORMIN,molecule_desc,molecule_desc_passthrough,NOOP,HIGH
ml,ml_003,sb_003_00042_raw_00637,메프릴,메프릴,,GLIMEPIRIDE,GLIMEPIRIDE,molecule_desc,molecule_desc_passthrough,NOOP,HIGH
ml,ml_003,sb_003_00071_raw_00834,메프릴 엠,메프릴엠,,GLIMEPIRIDE+METFORMIN,GLIMEPIRIDE+METFORMIN,molecule_desc,molecule_desc_passthrough,NOOP,HIGH
ml,ml_003,sb_003_00042_raw_00603,메피그릴,메피그릴,,GLIMEPIRIDE,GLIMEPIRIDE,molecule_desc,molecule_desc_passthrough,NOOP,HIGH
ml,ml_003,sb_003_00042_raw_00612,메피리드,메피리드,,GLIMEPIRIDE,GLIMEPIRIDE,molecule_desc,molecule_desc_passthrough,NOOP,HIGH
ml,ml_003,sb_003_00042_raw_00588,메피릴,메피릴,,GLIMEPIRIDE,GLIMEPIRIDE,molecule_desc,molecule_desc_passthrough,NOOP,HIGH
ml,ml_003,sb_003_00042_raw_00619,미디아,미디아,,GLIMEPIRIDE,GLIMEPIRIDE,molecule_desc,molecule_desc_passthrough,NOOP,HIGH
ml,ml_003,sb_003_00042_raw_00599,미아릴,미아릴,,GLIMEPIRIDE,GLIMEPIRIDE,molecule_desc,molecule_desc_passthrough,NOOP,HIGH
ml,ml_003,sb_003_00071_raw_00830,미아릴 엠,미아릴엠,,GLIMEPIRIDE+METFORMIN,GLIMEPIRIDE+METFORMIN,molecule_desc,molecule_desc_passthrough,NOOP,HIGH
ml,ml_003,sb_003_00030_raw_00361,베나보,베나보,,ENAVOGLIFLOZIN,ENAVOGLIFLOZIN,molecule_desc,molecule_desc_passthrough,NOOP,HIGH
ml,ml_003,sb_003_00042_raw_00570,베아릴,베아릴,,GLIMEPIRIDE,GLIMEPIRIDE,molecule_desc,molecule_desc_passthrough,NOOP,HIGH
ml,ml_003,sb_003_00071_raw_00807,베아릴 엠,베아릴엠,,GLIMEPIRIDE+METFORMIN,GLIMEPIRIDE+METFORMIN,molecule_desc,molecule_desc_passthrough,NOOP,HIGH
ml,ml_003,sb_003_00035_raw_00366,베이사글라,베이사글라,,INSULIN GLARGINE,INSULIN GLARGINE,molecule_desc,molecule_desc_passthrough,NOOP,HIGH
ml,ml_003,sb_003_00079_raw_00869,베이슨,베이슨,,VOGLIBOSE,VOGLIBOSE,molecule_desc,molecule_desc_passthrough,NOOP,HIGH
ml,ml_003,sb_003_00042_raw_00623,보령 글리메피리드,보령글리메피리드,,GLIMEPIRIDE,GLIMEPIRIDE,molecule_desc,molecule_desc_passthrough,NOOP,HIGH
ml,ml_003,sb_003_00029_raw_00338,부디앙,부디앙,,EMPAGLIFLOZIN,EMPAGLIFLOZIN,molecule_desc,molecule_desc_passthrough,NOOP,HIGH
ml,ml_003,sb_003_00012_raw_00070,비아틴 엠,비아틴엠,,METFORMIN+SITAGLIPTIN | SITAGLIPTIN | METFORMIN,METFORMIN+SITAGLIPTIN | SITAGLIPTIN | METFORMIN,molecule_desc,molecule_desc_passthrough,NOOP,HIGH
ml,ml_003,sb_003_00042_raw_00632,비티오 글리피드,비티오글리피드,,GLIMEPIRIDE,GLIMEPIRIDE,molecule_desc,molecule_desc_passthrough,NOOP,HIGH
ml,ml_003,sb_003_00014_raw_00130,빌가드 엠,빌가드엠,,METFORMIN+VILDAGLIPTIN | VILDAGLIPTIN | METFORMIN,METFORMIN+VILDAGLIPTIN | VILDAGLIPTIN | METFORMIN,molecule_desc,molecule_desc_passthrough,NOOP,HIGH
ml,ml_003,sb_003_00014_raw_00123,빌다글메트,빌다글메트,,METFORMIN+VILDAGLIPTIN | VILDAGLIPTIN | METFORMIN,METFORMIN+VILDAGLIPTIN | VILDAGLIPTIN | METFORMIN,molecule_desc,molecule_desc_passthrough,NOOP,HIGH
ml,ml_003,sb_003_00014_raw_00122,빌다메트,빌다메트,,METFORMIN+VILDAGLIPTIN | VILDAGLIPTIN | METFORMIN,METFORMIN+VILDAGLIPTIN | VILDAGLIPTIN | METFORMIN,molecule_desc,molecule_desc_passthrough,NOOP,HIGH
ml,ml_003,sb_003_00014_raw_00128,빌다브스 엠,빌다브스엠,,METFORMIN+VILDAGLIPTIN | VILDAGLIPTIN | METFORMIN,METFORMIN+VILDAGLIPTIN | VILDAGLIPTIN | METFORMIN,molecule_desc,molecule_desc_passthrough,NOOP,HIGH
ml,ml_003,sb_003_00014_raw_00126,빌다틴 메트,빌다틴메트,,METFORMIN+VILDAGLIPTIN | VILDAGLIPTIN | METFORMIN,METFORMIN+VILDAGLIPTIN | VILDAGLIPTIN | METFORMIN,molecule_desc,molecule_desc_passthrough,NOOP,HIGH
ml,ml_003,sb_003_00014_raw_00127,빌다포트메트,빌다포트메트,,METFORMIN+VILDAGLIPTIN | VILDAGLIPTIN | METFORMIN,METFORMIN+VILDAGLIPTIN | VILDAGLIPTIN | METFORMIN,molecule_desc,molecule_desc_passthrough,NOOP,HIGH
ml,ml_003,sb_003_00079_raw_00870,삼천당 보글리보스,삼천당보글리보스,,VOGLIBOSE,VOGLIBOSE,molecule_desc,molecule_desc_passthrough,NOOP,HIGH
ml,ml_003,sb_003_00006_raw_00001,셀트리온 네시나 메트,셀트리온네시나메트,,ALOGLIPTIN+METFORMIN | ALOGLIPTIN | METFORMIN,ALOGLIPTIN+METFORMIN | ALOGLIPTIN | METFORMIN,molecule_desc,molecule_desc_passthrough,NOOP,HIGH
ml,ml_003,sb_003_00077_raw_00852,셀트리온 액토스 메트,셀트리온액토스메트,,METFORMIN+PIOGLITAZONE,METFORMIN+PIOGLITAZONE,molecule_desc,molecule_desc_passthrough,NOOP,HIGH
ml,ml_003,sb_003_00029_raw_00343,셀파엠,셀파엠,,EMPAGLIFLOZIN,EMPAGLIFLOZIN,molecule_desc,molecule_desc_passthrough,NOOP,HIGH
ml,ml_003,sb_003_00042_raw_00656,셀피리드,셀피리드,,GLIMEPIRIDE,GLIMEPIRIDE,molecule_desc,molecule_desc_passthrough,NOOP,HIGH
ml,ml_003,sb_003_00055_raw_00727,솔리쿠아,솔리쿠아,,INSULIN GLARGINE+LIXISENATIDE,INSULIN GLARGINE+LIXISENATIDE,molecule_desc,molecule_desc_passthrough,NOOP,HIGH
ml,ml_003,sb_003_00008_raw_00002,슈가메트,슈가메트,,EVOGLIPTIN+METFORMIN | EVOGLIPTIN | METFORMIN,EVOGLIPTIN+METFORMIN | EVOGLIPTIN | METFORMIN,molecule_desc,molecule_desc_passthrough,NOOP,HIGH
ml,ml_003,sb_003_00056_raw_00728,슈가트리,슈가트리,,DAPAGLIFLOZIN+EVOGLIPTIN | DAPAGLIFLOZIN+EVOGLIPTIN+METFORMIN,DAPAGLIFLOZIN+EVOGLIPTIN | DAPAGLIFLOZIN+EVOGLIPTIN+METFORMIN,molecule_desc,molecule_desc_passthrough,NOOP,HIGH
ml,ml_003,sb_003_00028_raw_00328,슈가파,슈가파,,DAPAGLIFLOZIN,DAPAGLIFLOZIN,molecule_desc,molecule_desc_passthrough,NOOP,HIGH
ml,ml_003,sb_003_00012_raw_00054,스타메진,스타메진,,METFORMIN+SITAGLIPTIN | SITAGLIPTIN | METFORMIN,METFORMIN+SITAGLIPTIN | SITAGLIPTIN | METFORMIN,molecule_desc,molecule_desc_passthrough,NOOP,HIGH
ml,ml_003,sb_003_00012_raw_00062,시글립 듀오,시글립듀오,,METFORMIN+SITAGLIPTIN | SITAGLIPTIN | METFORMIN,METFORMIN+SITAGLIPTIN | SITAGLIPTIN | METFORMIN,molecule_desc,molecule_desc_passthrough,NOOP,HIGH
ml,ml_003,sb_003_00012_raw_00055,시누비 엠,시누비엠,,METFORMIN+SITAGLIPTIN | SITAGLIPTIN | METFORMIN,METFORMIN+SITAGLIPTIN | SITAGLIPTIN | METFORMIN,molecule_desc,molecule_desc_passthrough,NOOP,HIGH
ml,ml_003,sb_003_00060_raw_00736,시다프비아,시다프비아,,DAPAGLIFLOZIN+SITAGLIPTIN,DAPAGLIFLOZIN+SITAGLIPTIN,molecule_desc,molecule_desc_passthrough,NOOP,HIGH
ml,ml_003,sb_003_00060_raw_00746,시다플로,시다플로,,DAPAGLIFLOZIN+SITAGLIPTIN,DAPAGLIFLOZIN+SITAGLIPTIN,molecule_desc,molecule_desc_passthrough,NOOP,HIGH
ml,ml_003,sb_003_00012_raw_00078,시디포 엠,시디포엠,,METFORMIN+SITAGLIPTIN | SITAGLIPTIN | METFORMIN,METFORMIN+SITAGLIPTIN | SITAGLIPTIN | METFORMIN,molecule_desc,molecule_desc_passthrough,NOOP,HIGH
ml,ml_003,sb_003_00060_raw_00773,시타글로,시타글로,,DAPAGLIFLOZIN+SITAGLIPTIN,DAPAGLIFLOZIN+SITAGLIPTIN,molecule_desc,molecule_desc_passthrough,NOOP,HIGH
ml,ml_003,sb_003_00012_raw_00079,시타글리 듀오 엑스알,시타글리듀오엑스알,,METFORMIN+SITAGLIPTIN | SITAGLIPTIN | METFORMIN,METFORMIN+SITAGLIPTIN | SITAGLIPTIN | METFORMIN,molecule_desc,molecule_desc_passthrough,NOOP,HIGH
ml,ml_003,sb_003_00012_raw_00058,시타글민 듀오,시타글민듀오,,METFORMIN+SITAGLIPTIN | SITAGLIPTIN | METFORMIN,METFORMIN+SITAGLIPTIN | SITAGLIPTIN | METFORMIN,molecule_desc,molecule_desc_passthrough,NOOP,HIGH
ml,ml_003,sb_003_00060_raw_00742,시타다파,시타다파,,DAPAGLIFLOZIN+SITAGLIPTIN,DAPAGLIFLOZIN+SITAGLIPTIN,molecule_desc,molecule_desc_passthrough,NOOP,HIGH
ml,ml_003,sb_003_00066_raw_00784,시타다파엠,시타다파엠,,DAPAGLIFLOZIN+METFORMIN+SITAGLIPTIN,DAPAGLIFLOZIN+METFORMIN+SITAGLIPTIN,molecule_desc,molecule_desc_passthrough,NOOP,HIGH
ml,ml_003,sb_003_00012_raw_00083,시타듀얼 엑스알,시타듀얼엑스알,,METFORMIN+SITAGLIPTIN | SITAGLIPTIN | METFORMIN,METFORMIN+SITAGLIPTIN | SITAGLIPTIN | METFORMIN,molecule_desc,molecule_desc_passthrough,NOOP,HIGH
ml,ml_003,sb_003_00075_raw_00850,시타디온,시타디온,,PIOGLITAZONE+SITAGLIPTIN,PIOGLITAZONE+SITAGLIPTIN,molecule_desc,molecule_desc_passthrough,NOOP,HIGH
ml,ml_003,sb_003_00012_raw_00067,시타로 엠,시타로엠,,METFORMIN+SITAGLIPTIN | SITAGLIPTIN | METFORMIN,METFORMIN+SITAGLIPTIN | SITAGLIPTIN | METFORMIN,molecule_desc,molecule_desc_passthrough,NOOP,HIGH
ml,ml_003,sb_003_00012_raw_00077,시타루틴 듀오,시타루틴듀오,,METFORMIN+SITAGLIPTIN | SITAGLIPTIN | METFORMIN,METFORMIN+SITAGLIPTIN | SITAGLIPTIN | METFORMIN,molecule_desc,molecule_desc_passthrough,NOOP,HIGH
ml,ml_003,sb_003_00012_raw_00035,시타메트 엑스알,시타메트엑스알,,METFORMIN+SITAGLIPTIN | SITAGLIPTIN | METFORMIN,METFORMIN+SITAGLIPTIN | SITAGLIPTIN | METFORMIN,molecule_desc,molecule_desc_passthrough,NOOP,HIGH
ml,ml_003,sb_003_00012_raw_00044,시타비앙 듀오,시타비앙듀오,,METFORMIN+SITAGLIPTIN | SITAGLIPTIN | METFORMIN,METFORMIN+SITAGLIPTIN | SITAGLIPTIN | METFORMIN,molecule_desc,molecule_desc_passthrough,NOOP,HIGH
ml,ml_003,sb_003_00012_raw_00039,시타비앙 듀오 엑스알,시타비앙듀오엑스알,,METFORMIN+SITAGLIPTIN | SITAGLIPTIN | METFORMIN,METFORMIN+SITAGLIPTIN | SITAGLIPTIN | METFORMIN,molecule_desc,molecule_desc_passthrough,NOOP,HIGH
ml,ml_003,sb_003_00075_raw_00848,시타액트,시타액트,,PIOGLITAZONE+SITAGLIPTIN,PIOGLITAZONE+SITAGLIPTIN,molecule_desc,molecule_desc_passthrough,NOOP,HIGH
ml,ml_003,sb_003_00060_raw_00752,시타원 듀오,시타원듀오,,DAPAGLIFLOZIN+SITAGLIPTIN,DAPAGLIFLOZIN+SITAGLIPTIN,molecule_desc,molecule_desc_passthrough,NOOP,HIGH
ml,ml_003,sb_003_00012_raw_00060,시타원 플러스,시타원플러스,,METFORMIN+SITAGLIPTIN | SITAGLIPTIN | METFORMIN,METFORMIN+SITAGLIPTIN | SITAGLIPTIN | METFORMIN,molecule_desc,molecule_desc_passthrough,NOOP,HIGH
ml,ml_003,sb_003_00012_raw_00056,시타원 플러스 엑스알,시타원플러스엑스알,,METFORMIN+SITAGLIPTIN | SITAGLIPTIN | METFORMIN,METFORMIN+SITAGLIPTIN | SITAGLIPTIN | METFORMIN,molecule_desc,molecule_desc_passthrough,NOOP,HIGH
ml,ml_003,sb_003_00060_raw_00753,시타칸다플,시타칸다플,,DAPAGLIFLOZIN+SITAGLIPTIN,DAPAGLIFLOZIN+SITAGLIPTIN,molecule_desc,molecule_desc_passthrough,NOOP,HIGH
ml,ml_003,sb_003_00066_raw_00788,시타칸다플메트,시타칸다플메트,,DAPAGLIFLOZIN+METFORMIN+SITAGLIPTIN,DAPAGLIFLOZIN+METFORMIN+SITAGLIPTIN,molecule_desc,molecule_desc_passthrough,NOOP,HIGH
ml,ml_003,sb_003_00012_raw_00042,시타칸 메트,시타칸메트,,METFORMIN+SITAGLIPTIN | SITAGLIPTIN | METFORMIN,METFORMIN+SITAGLIPTIN | SITAGLIPTIN | METFORMIN,molecule_desc,molecule_desc_passthrough,NOOP,HIGH
ml,ml_003,sb_003_00012_raw_00071,시타콤비 엑스알,시타콤비엑스알,,METFORMIN+SITAGLIPTIN | SITAGLIPTIN | METFORMIN,METFORMIN+SITAGLIPTIN | SITAGLIPTIN | METFORMIN,molecule_desc,molecule_desc_passthrough,NOOP,HIGH
ml,ml_003,sb_003_00012_raw_00076,시타티딘 듀오 엑스알,시타티딘듀오엑스알,,METFORMIN+SITAGLIPTIN | SITAGLIPTIN | METFORMIN,METFORMIN+SITAGLIPTIN | SITAGLIPTIN | METFORMIN,molecule_desc,molecule_desc_passthrough,NOOP,HIGH
ml,ml_003,sb_003_00060_raw_00760,시타포글리,시타포글리,,DAPAGLIFLOZIN+SITAGLIPTIN,DAPAGLIFLOZIN+SITAGLIPTIN,molecule_desc,molecule_desc_passthrough,NOOP,HIGH
ml,ml_003,sb_003_00012_raw_00063,시타 플러스,시타플러스,,METFORMIN+SITAGLIPTIN | SITAGLIPTIN | METFORMIN,METFORMIN+SITAGLIPTIN | SITAGLIPTIN | METFORMIN,molecule_desc,molecule_desc_passthrough,NOOP,HIGH
ml,ml_003,sb_003_00060_raw_00743,시타플로진,시타플로진,,DAPAGLIFLOZIN+SITAGLIPTIN,DAPAGLIFLOZIN+SITAGLIPTIN,molecule_desc,molecule_desc_passthrough,NOOP,HIGH
ml,ml_003,sb_003_00066_raw_00786,시타플로진메트,시타플로진메트,,DAPAGLIFLOZIN+METFORMIN+SITAGLIPTIN,DAPAGLIFLOZIN+METFORMIN+SITAGLIPTIN,molecule_desc,molecule_desc_passthrough,NOOP,HIGH
ml,ml_003,sb_003_00075_raw_00849,시타피오,시타피오,,PIOGLITAZONE+SITAGLIPTIN,PIOGLITAZONE+SITAGLIPTIN,molecule_desc,molecule_desc_passthrough,NOOP,HIGH
ml,ml_003,sb_003_00012_raw_00052,시트디엠 메트,시트디엠메트,,METFORMIN+SITAGLIPTIN | SITAGLIPTIN | METFORMIN,METFORMIN+SITAGLIPTIN | SITAGLIPTIN | METFORMIN,molecule_desc,molecule_desc_passthrough,NOOP,HIGH
ml,ml_003,sb_003_00060_raw_00739,실다파,실다파,,DAPAGLIFLOZIN+SITAGLIPTIN,DAPAGLIFLOZIN+SITAGLIPTIN,molecule_desc,molecule_desc_passthrough,NOOP,HIGH
ml,ml_003,sb_003_00066_raw_00781,실다파 엠,실다파엠,,DAPAGLIFLOZIN+METFORMIN+SITAGLIPTIN,DAPAGLIFLOZIN+METFORMIN+SITAGLIPTIN,molecule_desc,molecule_desc_passthrough,NOOP,HIGH
ml,ml_003,sb_003_00071_raw_00804,씨트리 지엠,씨트리지엠,,GLIMEPIRIDE+METFORMIN,GLIMEPIRIDE+METFORMIN,molecule_desc,molecule_desc_passthrough,NOOP,HIGH
ml,ml_003,sb_003_00042_raw_00602,아로밀,아로밀,,GLIMEPIRIDE,GLIMEPIRIDE,molecule_desc,molecule_desc_passthrough,NOOP,HIGH
ml,ml_003,sb_003_00071_raw_00821,아로밀엠,아로밀엠,,GLIMEPIRIDE+METFORMIN,GLIMEPIRIDE+METFORMIN,molecule_desc,molecule_desc_passthrough,NOOP,HIGH
ml,ml_003,sb_003_00042_raw_00625,아마,아마,,GLIMEPIRIDE,GLIMEPIRIDE,molecule_desc,molecule_desc_passthrough,NOOP,HIGH
ml,ml_003,sb_003_00042_raw_00650,아마그린,아마그린,,GLIMEPIRIDE,GLIMEPIRIDE,molecule_desc,molecule_desc_passthrough,NOOP,HIGH
ml,ml_003,sb_003_00042_raw_00629,아마디엠,아마디엠,,GLIMEPIRIDE,GLIMEPIRIDE,molecule_desc,molecule_desc_passthrough,NOOP,HIGH
ml,ml_003,sb_003_00042_raw_00608,아마리아,아마리아,,GLIMEPIRIDE,GLIMEPIRIDE,molecule_desc,molecule_desc_passthrough,NOOP,HIGH
ml,ml_003,sb_003_00071_raw_00801,아마리아엠,아마리아엠,,GLIMEPIRIDE+METFORMIN,GLIMEPIRIDE+METFORMIN,molecule_desc,molecule_desc_passthrough,NOOP,HIGH
ml,ml_003,sb_003_00042_raw_00566,아마릴,아마릴,,GLIMEPIRIDE,GLIMEPIRIDE,molecule_desc,molecule_desc_passthrough,NOOP,HIGH
ml,ml_003,sb_003_00071_raw_00799,아마릴-멕스,아마릴-멕스,,GLIMEPIRIDE+METFORMIN,GLIMEPIRIDE+METFORMIN,molecule_desc,molecule_desc_passthrough,NOOP,HIGH
ml,ml_003,sb_003_00071_raw_00798,아마릴 엠,아마릴엠,,GLIMEPIRIDE+METFORMIN,GLIMEPIRIDE+METFORMIN,molecule_desc,molecule_desc_passthrough,NOOP,HIGH
ml,ml_003,sb_003_00042_raw_00607,아마필,아마필,,GLIMEPIRIDE,GLIMEPIRIDE,molecule_desc,molecule_desc_passthrough,NOOP,HIGH
ml,ml_003,sb_003_00042_raw_00640,아메리드,아메리드,,GLIMEPIRIDE,GLIMEPIRIDE,molecule_desc,molecule_desc_passthrough,NOOP,HIGH
ml,ml_003,sb_003_00071_raw_00826,아메리드 엠,아메리드엠,,GLIMEPIRIDE+METFORMIN,GLIMEPIRIDE+METFORMIN,molecule_desc,molecule_desc_passthrough,NOOP,HIGH
ml,ml_003,sb_003_00042_raw_00646,아모린,아모린,,GLIMEPIRIDE,GLIMEPIRIDE,molecule_desc,molecule_desc_passthrough,NOOP,HIGH
ml,ml_003,sb_003_00042_raw_00574,아베린,아베린,,GLIMEPIRIDE,GLIMEPIRIDE,molecule_desc,molecule_desc_passthrough,NOOP,HIGH
ml,ml_003,sb_003_00071_raw_00805,아베린엠,아베린엠,,GLIMEPIRIDE+METFORMIN,GLIMEPIRIDE+METFORMIN,molecule_desc,molecule_desc_passthrough,NOOP,HIGH
ml,ml_003,sb_003_00049_raw_00705,아토스,아토스,,PIOGLITAZONE,PIOGLITAZONE,molecule_desc,molecule_desc_passthrough,NOOP,HIGH
ml,ml_003,sb_003_00051_raw_00722,애피드라 바이알,애피드라바이알,,INSULIN GLULISINE,INSULIN GLULISINE,molecule_desc,molecule_desc_passthrough,NOOP,HIGH
ml,ml_003,sb_003_00051_raw_00721,애피드라 솔로스타,애피드라솔로스타,,INSULIN GLULISINE,INSULIN GLULISINE,molecule_desc,molecule_desc_passthrough,NOOP,HIGH
ml,ml_003,sb_003_00049_raw_00675,액토그린,액토그린,,PIOGLITAZONE,PIOGLITAZONE,molecule_desc,molecule_desc_passthrough,NOOP,HIGH
ml,ml_003,sb_003_00049_raw_00660,액토스,액토스,,PIOGLITAZONE,PIOGLITAZONE,molecule_desc,molecule_desc_passthrough,NOOP,HIGH
ml,ml_003,sb_003_00085_raw_00874,액토스릴,액토스릴,,GLIMEPIRIDE+PIOGLITAZONE,GLIMEPIRIDE+PIOGLITAZONE,molecule_desc,molecule_desc_passthrough,NOOP,HIGH
ml,ml_003,sb_003_00049_raw_00669,액토존,액토존,,PIOGLITAZONE,PIOGLITAZONE,molecule_desc,molecule_desc_passthrough,NOOP,HIGH
ml,ml_003,sb_003_00077_raw_00856,액토존 메트,액토존메트,,METFORMIN+PIOGLITAZONE,METFORMIN+PIOGLITAZONE,molecule_desc,molecule_desc_passthrough,NOOP,HIGH
ml,ml_003,sb_003_00049_raw_00685,액토피스,액토피스,,PIOGLITAZONE,PIOGLITAZONE,molecule_desc,molecule_desc_passthrough,NOOP,HIGH
ml,ml_003,sb_003_00077_raw_00858,액토핀메트,액토핀메트,,METFORMIN+PIOGLITAZONE,METFORMIN+PIOGLITAZONE,molecule_desc,molecule_desc_passthrough,NOOP,HIGH
ml,ml_003,sb_003_00049_raw_00710,액티글리,액티글리,,PIOGLITAZONE,PIOGLITAZONE,molecule_desc,molecule_desc_passthrough,NOOP,HIGH
ml,ml_003,sb_003_00049_raw_00694,액티엠,액티엠,,PIOGLITAZONE,PIOGLITAZONE,molecule_desc,molecule_desc_passthrough,NOOP,HIGH
ml,ml_003,sb_003_00049_raw_00670,액피오,액피오,,PIOGLITAZONE,PIOGLITAZONE,molecule_desc,molecule_desc_passthrough,NOOP,HIGH
ml,ml_003,sb_003_00061_raw_00776,에스글리토,에스글리토,,EMPAGLIFLOZIN+LINAGLIPTIN,EMPAGLIFLOZIN+LINAGLIPTIN,molecule_desc,molecule_desc_passthrough,NOOP,HIGH
ml,ml_003,sb_003_00060_raw_00757,에스립틴 디,에스립틴디,,DAPAGLIFLOZIN+SITAGLIPTIN,DAPAGLIFLOZIN+SITAGLIPTIN,molecule_desc,molecule_desc_passthrough,NOOP,HIGH
ml,ml_003,sb_003_00012_raw_00041,에스립틴 엠,에스립틴엠,,METFORMIN+SITAGLIPTIN | SITAGLIPTIN | METFORMIN,METFORMIN+SITAGLIPTIN | SITAGLIPTIN | METFORMIN,molecule_desc,molecule_desc_passthrough,NOOP,HIGH
ml,ml_003,sb_003_00060_raw_00770,에스플로,에스플로,,DAPAGLIFLOZIN+SITAGLIPTIN,DAPAGLIFLOZIN+SITAGLIPTIN,molecule_desc,molecule_desc_passthrough,NOOP,HIGH
ml,ml_003,sb_003_00028_raw_00278,에이다파,에이다파,,DAPAGLIFLOZIN,DAPAGLIFLOZIN,molecule_desc,molecule_desc_passthrough,NOOP,HIGH
ml,ml_003,sb_003_00014_raw_00124,에이브스 메트,에이브스메트,,METFORMIN+VILDAGLIPTIN | VILDAGLIPTIN | METFORMIN,METFORMIN+VILDAGLIPTIN | VILDAGLIPTIN | METFORMIN,molecule_desc,molecule_desc_passthrough,NOOP,HIGH
ml,ml_003,sb_003_00013_raw_00087,에이테넬엠,에이테넬엠,,METFORMIN+TENELIGLIPTIN | TENELIGLIPTIN | METFORMIN,METFORMIN+TENELIGLIPTIN | TENELIGLIPTIN | METFORMIN,molecule_desc,molecule_desc_passthrough,NOOP,HIGH
ml,ml_003,sb_003_00042_raw_00634,에이프로젠 글리메피리드,에이프로젠글리메피리드,,GLIMEPIRIDE,GLIMEPIRIDE,molecule_desc,molecule_desc_passthrough,NOOP,HIGH
ml,ml_003,sb_003_00012_raw_00051,엑스메트,엑스메트,,METFORMIN+SITAGLIPTIN | SITAGLIPTIN | METFORMIN,METFORMIN+SITAGLIPTIN | SITAGLIPTIN | METFORMIN,molecule_desc,molecule_desc_passthrough,NOOP,HIGH
ml,ml_003,sb_003_00012_raw_00050,엑스메트 엑스알,엑스메트엑스알,,METFORMIN+SITAGLIPTIN | SITAGLIPTIN | METFORMIN,METFORMIN+SITAGLIPTIN | SITAGLIPTIN | METFORMIN,molecule_desc,molecule_desc_passthrough,NOOP,HIGH
ml,ml_003,sb_003_00028_raw_00272,엑시글루,엑시글루,,DAPAGLIFLOZIN,DAPAGLIFLOZIN,molecule_desc,molecule_desc_passthrough,NOOP,HIGH
ml,ml_003,sb_003_00060_raw_00737,엑시글루 에스,엑시글루에스,,DAPAGLIFLOZIN+SITAGLIPTIN,DAPAGLIFLOZIN+SITAGLIPTIN,molecule_desc,molecule_desc_passthrough,NOOP,HIGH
ml,ml_003,sb_003_00036_raw_00378,엑시글루 엠,엑시글루엠,,DAPAGLIFLOZIN+METFORMIN,DAPAGLIFLOZIN+METFORMIN,molecule_desc,molecule_desc_passthrough,NOOP,HIGH
ml,ml_003,sb_003_00049_raw_00662,엑토린,엑토린,,PIOGLITAZONE,PIOGLITAZONE,molecule_desc,molecule_desc_passthrough,NOOP,HIGH
ml,ml_003,sb_003_00077_raw_00865,엑토린메트,엑토린메트,,METFORMIN+PIOGLITAZONE,METFORMIN+PIOGLITAZONE,molecule_desc,molecule_desc_passthrough,NOOP,HIGH
ml,ml_003,sb_003_00067_raw_00793,엑토시가,엑토시가,,DAPAGLIFLOZIN+PIOGLITAZONE,DAPAGLIFLOZIN+PIOGLITAZONE,molecule_desc,molecule_desc_passthrough,NOOP,HIGH
ml,ml_003,sb_003_00030_raw_00359,엔블로,엔블로,,ENAVOGLIFLOZIN,ENAVOGLIFLOZIN,molecule_desc,molecule_desc_passthrough,NOOP,HIGH
ml,ml_003,sb_003_00038_raw_00428,엔블로멧,엔블로멧,,ENAVOGLIFLOZIN+METFORMIN,ENAVOGLIFLOZIN+METFORMIN,molecule_desc,molecule_desc_passthrough,NOOP,HIGH
ml,ml_003,sb_003_00028_raw_00304,엔피다파,엔피다파,,DAPAGLIFLOZIN,DAPAGLIFLOZIN,molecule_desc,molecule_desc_passthrough,NOOP,HIGH
ml,ml_003,sb_003_00029_raw_00340,엠글리,엠글리,,EMPAGLIFLOZIN,EMPAGLIFLOZIN,molecule_desc,molecule_desc_passthrough,NOOP,HIGH
ml,ml_003,sb_003_00037_raw_00410,엠글리 듀오,엠글리듀오,,EMPAGLIFLOZIN+METFORMIN,EMPAGLIFLOZIN+METFORMIN,molecule_desc,molecule_desc_passthrough,NOOP,HIGH
ml,ml_003,sb_003_00071_raw_00842,엠글리메포,엠글리메포,,GLIMEPIRIDE+METFORMIN,GLIMEPIRIDE+METFORMIN,molecule_desc,molecule_desc_passthrough,NOOP,HIGH
ml,ml_003,sb_003_00062_raw_00777,엠시폴민,엠시폴민,,EMPAGLIFLOZIN+SITAGLIPTIN | EMPAGLIFLOZIN+METFORMIN+SITAGLIPTIN,EMPAGLIFLOZIN+SITAGLIPTIN | EMPAGLIFLOZIN+METFORMIN+SITAGLIPTIN,molecule_desc,molecule_desc_passthrough,NOOP,HIGH
ml,ml_003,sb_003_00029_raw_00358,엠파디앙,엠파디앙,,EMPAGLIFLOZIN,EMPAGLIFLOZIN,molecule_desc,molecule_desc_passthrough,NOOP,HIGH
ml,ml_003,sb_003_00029_raw_00336,엠파론,엠파론,,EMPAGLIFLOZIN,EMPAGLIFLOZIN,molecule_desc,molecule_desc_passthrough,NOOP,HIGH
ml,ml_003,sb_003_00037_raw_00408,엠파론 듀오,엠파론듀오,,EMPAGLIFLOZIN+METFORMIN,EMPAGLIFLOZIN+METFORMIN,molecule_desc,molecule_desc_passthrough,NOOP,HIGH
ml,ml_003,sb_003_00037_raw_00424,엠파릴 듀오,엠파릴듀오,,EMPAGLIFLOZIN+METFORMIN,EMPAGLIFLOZIN+METFORMIN,molecule_desc,molecule_desc_passthrough,NOOP,HIGH
ml,ml_003,sb_003_00029_raw_00333,엠파맥스,엠파맥스,,EMPAGLIFLOZIN,EMPAGLIFLOZIN,molecule_desc,molecule_desc_passthrough,NOOP,HIGH
ml,ml_003,sb_003_00037_raw_00404,엠파맥스 엠,엠파맥스엠,,EMPAGLIFLOZIN+METFORMIN,EMPAGLIFLOZIN+METFORMIN,molecule_desc,molecule_desc_passthrough,NOOP,HIGH
ml,ml_003,sb_003_00037_raw_00409,엠파벡스,엠파벡스,,EMPAGLIFLOZIN+METFORMIN,EMPAGLIFLOZIN+METFORMIN,molecule_desc,molecule_desc_passthrough,NOOP,HIGH
ml,ml_003,sb_003_00062_raw_00778,엠파시타 엠,엠파시타엠,,EMPAGLIFLOZIN+SITAGLIPTIN | EMPAGLIFLOZIN+METFORMIN+SITAGLIPTIN,EMPAGLIFLOZIN+SITAGLIPTIN | EMPAGLIFLOZIN+METFORMIN+SITAGLIPTIN,molecule_desc,molecule_desc_passthrough,NOOP,HIGH
ml,ml_003,sb_003_00029_raw_00334,엠파앙,엠파앙,,EMPAGLIFLOZIN,EMPAGLIFLOZIN,molecule_desc,molecule_desc_passthrough,NOOP,HIGH
ml,ml_003,sb_003_00037_raw_00406,엠파앙 듀오,엠파앙듀오,,EMPAGLIFLOZIN+METFORMIN,EMPAGLIFLOZIN+METFORMIN,molecule_desc,molecule_desc_passthrough,NOOP,HIGH
ml,ml_003,sb_003_00029_raw_00341,엠파원,엠파원,,EMPAGLIFLOZIN,EMPAGLIFLOZIN,molecule_desc,molecule_desc_passthrough,NOOP,HIGH
ml,ml_003,sb_003_00029_raw_00347,엠파칸,엠파칸,,EMPAGLIFLOZIN,EMPAGLIFLOZIN,molecule_desc,molecule_desc_passthrough,NOOP,HIGH
ml,ml_003,sb_003_00037_raw_00411,엠파칸 듀오,엠파칸듀오,,EMPAGLIFLOZIN+METFORMIN,EMPAGLIFLOZIN+METFORMIN,molecule_desc,molecule_desc_passthrough,NOOP,HIGH
ml,ml_003,sb_003_00029_raw_00351,엠파프로,엠파프로,,EMPAGLIFLOZIN,EMPAGLIFLOZIN,molecule_desc,molecule_desc_passthrough,NOOP,HIGH
ml,ml_003,sb_003_00037_raw_00418,엠파프로메트,엠파프로메트,,EMPAGLIFLOZIN+METFORMIN,EMPAGLIFLOZIN+METFORMIN,molecule_desc,molecule_desc_passthrough,NOOP,HIGH
ml,ml_003,sb_003_00029_raw_00354,엠포가,엠포가,,EMPAGLIFLOZIN,EMPAGLIFLOZIN,molecule_desc,molecule_desc_passthrough,NOOP,HIGH
ml,ml_003,sb_003_00037_raw_00420,엠포가 듀오,엠포가듀오,,EMPAGLIFLOZIN+METFORMIN,EMPAGLIFLOZIN+METFORMIN,molecule_desc,molecule_desc_passthrough,NOOP,HIGH
ml,ml_003,sb_003_00029_raw_00357,엠포진,엠포진,,EMPAGLIFLOZIN,EMPAGLIFLOZIN,molecule_desc,molecule_desc_passthrough,NOOP,HIGH
ml,ml_003,sb_003_00037_raw_00422,엠포진 듀오,엠포진듀오,,EMPAGLIFLOZIN+METFORMIN,EMPAGLIFLOZIN+METFORMIN,molecule_desc,molecule_desc_passthrough,NOOP,HIGH
ml,ml_003,sb_003_00029_raw_00346,엠플디엠,엠플디엠,,EMPAGLIFLOZIN,EMPAGLIFLOZIN,molecule_desc,molecule_desc_passthrough,NOOP,HIGH
ml,ml_003,sb_003_00037_raw_00412,엠플디엠 메트,엠플디엠메트,,EMPAGLIFLOZIN+METFORMIN,EMPAGLIFLOZIN+METFORMIN,molecule_desc,molecule_desc_passthrough,NOOP,HIGH
ml,ml_003,sb_003_00029_raw_00335,엠플로,엠플로,,EMPAGLIFLOZIN,EMPAGLIFLOZIN,molecule_desc,molecule_desc_passthrough,NOOP,HIGH
ml,ml_003,sb_003_00037_raw_00405,엠플로 엠,엠플로엠,,EMPAGLIFLOZIN+METFORMIN,EMPAGLIFLOZIN+METFORMIN,molecule_desc,molecule_desc_passthrough,NOOP,HIGH
ml,ml_003,sb_003_00029_raw_00353,엠플로진,엠플로진,,EMPAGLIFLOZIN,EMPAGLIFLOZIN,molecule_desc,molecule_desc_passthrough,NOOP,HIGH
ml,ml_003,sb_003_00037_raw_00416,엠플로진 듀오,엠플로진듀오,,EMPAGLIFLOZIN+METFORMIN,EMPAGLIFLOZIN+METFORMIN,molecule_desc,molecule_desc_passthrough,NOOP,HIGH
ml,ml_003,sb_003_00049_raw_00693,영진 글리트존,영진글리트존,,PIOGLITAZONE,PIOGLITAZONE,molecule_desc,molecule_desc_passthrough,NOOP,HIGH
ml,ml_003,sb_003_00017_raw_00134,오젬픽,오젬픽,,SEMAGLUTIDE,SEMAGLUTIDE,molecule_desc,molecule_desc_passthrough,NOOP,HIGH
ml,ml_003,sb_003_00042_raw_00614,위더스 글리메피리드,위더스글리메피리드,,GLIMEPIRIDE,GLIMEPIRIDE,molecule_desc,molecule_desc_passthrough,NOOP,HIGH
ml,ml_003,sb_003_00029_raw_00348,위디앙,위디앙,,EMPAGLIFLOZIN,EMPAGLIFLOZIN,molecule_desc,molecule_desc_passthrough,NOOP,HIGH
ml,ml_003,sb_003_00037_raw_00413,위디앙 듀오,위디앙듀오,,EMPAGLIFLOZIN+METFORMIN,EMPAGLIFLOZIN+METFORMIN,molecule_desc,molecule_desc_passthrough,NOOP,HIGH
ml,ml_003,sb_003_00071_raw_00833,윈글리엠,윈글리엠,,GLIMEPIRIDE+METFORMIN,GLIMEPIRIDE+METFORMIN,molecule_desc,molecule_desc_passthrough,NOOP,HIGH
ml,ml_003,sb_003_00042_raw_00586,유글렉스,유글렉스,,GLIMEPIRIDE,GLIMEPIRIDE,molecule_desc,molecule_desc_passthrough,NOOP,HIGH
ml,ml_003,sb_003_00042_raw_00610,유니마릴,유니마릴,,GLIMEPIRIDE,GLIMEPIRIDE,molecule_desc,molecule_desc_passthrough,NOOP,HIGH
ml,ml_003,sb_003_00028_raw_00322,유다파,유다파,,DAPAGLIFLOZIN,DAPAGLIFLOZIN,molecule_desc,molecule_desc_passthrough,NOOP,HIGH
ml,ml_003,sb_003_00036_raw_00390,유다파 듀오,유다파듀오,,DAPAGLIFLOZIN+METFORMIN,DAPAGLIFLOZIN+METFORMIN,molecule_desc,molecule_desc_passthrough,NOOP,HIGH
ml,ml_003,sb_003_00013_raw_00116,유테네 엠,유테네엠,,METFORMIN+TENELIGLIPTIN | TENELIGLIPTIN | METFORMIN,METFORMIN+TENELIGLIPTIN | TENELIGLIPTIN | METFORMIN,molecule_desc,molecule_desc_passthrough,NOOP,HIGH
ml,ml_003,sb_003_00030_raw_00360,이글렉스,이글렉스,,ENAVOGLIFLOZIN,ENAVOGLIFLOZIN,molecule_desc,molecule_desc_passthrough,NOOP,HIGH
ml,ml_003,sb_003_00042_raw_00644,이글리드,이글리드,,GLIMEPIRIDE,GLIMEPIRIDE,molecule_desc,molecule_desc_passthrough,NOOP,HIGH
ml,ml_003,sb_003_00012_raw_00082,이글립틴 아이알,이글립틴아이알,,METFORMIN+SITAGLIPTIN | SITAGLIPTIN | METFORMIN,METFORMIN+SITAGLIPTIN | SITAGLIPTIN | METFORMIN,molecule_desc,molecule_desc_passthrough,NOOP,HIGH
ml,ml_003,sb_003_00012_raw_00080,이글립틴 엑스알,이글립틴엑스알,,METFORMIN+SITAGLIPTIN | SITAGLIPTIN | METFORMIN,METFORMIN+SITAGLIPTIN | SITAGLIPTIN | METFORMIN,molecule_desc,molecule_desc_passthrough,NOOP,HIGH
ml,ml_003,sb_003_00042_raw_00624,이든 리메드,이든리메드,,GLIMEPIRIDE,GLIMEPIRIDE,molecule_desc,molecule_desc_passthrough,NOOP,HIGH
ml,ml_003,sb_003_00041_raw_00565,이텍스 글리클라짓,이텍스글리클라짓,,GLICLAZIDE,GLICLAZIDE,molecule_desc,molecule_desc_passthrough,NOOP,HIGH
ml,ml_003,sb_003_00042_raw_00622,일성 글리메피리드,일성글리메피리드,,GLIMEPIRIDE,GLIMEPIRIDE,molecule_desc,molecule_desc_passthrough,NOOP,HIGH
ml,ml_003,sb_003_00028_raw_00302,일양 다파글리플로진,일양다파글리플로진,,DAPAGLIFLOZIN,DAPAGLIFLOZIN,molecule_desc,molecule_desc_passthrough,NOOP,HIGH
ml,ml_003,sb_003_00012_raw_00061,자누,자누,,METFORMIN+SITAGLIPTIN | SITAGLIPTIN | METFORMIN,METFORMIN+SITAGLIPTIN | SITAGLIPTIN | METFORMIN,molecule_desc,molecule_desc_passthrough,NOOP,HIGH
ml,ml_003,sb_003_00060_raw_00763,자누가,자누가,,DAPAGLIFLOZIN+SITAGLIPTIN,DAPAGLIFLOZIN+SITAGLIPTIN,molecule_desc,molecule_desc_passthrough,NOOP,HIGH
ml,ml_003,sb_003_00012_raw_00064,자누글루 엠,자누글루엠,,METFORMIN+SITAGLIPTIN | SITAGLIPTIN | METFORMIN,METFORMIN+SITAGLIPTIN | SITAGLIPTIN | METFORMIN,molecule_desc,molecule_desc_passthrough,NOOP,HIGH
ml,ml_003,sb_003_00012_raw_00049,자누글루 엠 엑스알,자누글루엠엑스알,,METFORMIN+SITAGLIPTIN | SITAGLIPTIN | METFORMIN,METFORMIN+SITAGLIPTIN | SITAGLIPTIN | METFORMIN,molecule_desc,molecule_desc_passthrough,NOOP,HIGH
ml,ml_003,sb_003_00012_raw_00047,자누다움 엠,자누다움엠,,METFORMIN+SITAGLIPTIN | SITAGLIPTIN | METFORMIN,METFORMIN+SITAGLIPTIN | SITAGLIPTIN | METFORMIN,molecule_desc,molecule_desc_passthrough,NOOP,HIGH
ml,ml_003,sb_003_00060_raw_00747,자누다진,자누다진,,DAPAGLIFLOZIN+SITAGLIPTIN,DAPAGLIFLOZIN+SITAGLIPTIN,molecule_desc,molecule_desc_passthrough,NOOP,HIGH
ml,ml_003,sb_003_00012_raw_00040,자누리틴 콤비,자누리틴콤비,,METFORMIN+SITAGLIPTIN | SITAGLIPTIN | METFORMIN,METFORMIN+SITAGLIPTIN | SITAGLIPTIN | METFORMIN,molecule_desc,molecule_desc_passthrough,NOOP,HIGH
ml,ml_003,sb_003_00012_raw_00068,자누맥스 엠,자누맥스엠,,METFORMIN+SITAGLIPTIN | SITAGLIPTIN | METFORMIN,METFORMIN+SITAGLIPTIN | SITAGLIPTIN | METFORMIN,molecule_desc,molecule_desc_passthrough,NOOP,HIGH
ml,ml_003,sb_003_00012_raw_00033,자누메트,자누메트,,METFORMIN+SITAGLIPTIN | SITAGLIPTIN | METFORMIN,METFORMIN+SITAGLIPTIN | SITAGLIPTIN | METFORMIN,molecule_desc,molecule_desc_passthrough,NOOP,HIGH
ml,ml_003,sb_003_00012_raw_00034,자누메트 엑스알,자누메트엑스알,,METFORMIN+SITAGLIPTIN | SITAGLIPTIN | METFORMIN,METFORMIN+SITAGLIPTIN | SITAGLIPTIN | METFORMIN,molecule_desc,molecule_desc_passthrough,NOOP,HIGH
ml,ml_003,sb_003_00012_raw_00057,자누메티아,자누메티아,,METFORMIN+SITAGLIPTIN | SITAGLIPTIN | METFORMIN,METFORMIN+SITAGLIPTIN | SITAGLIPTIN | METFORMIN,molecule_desc,molecule_desc_passthrough,NOOP,HIGH
ml,ml_003,sb_003_00012_raw_00081,자누메티아 엑스알,자누메티아엑스알,,METFORMIN+SITAGLIPTIN | SITAGLIPTIN | METFORMIN,METFORMIN+SITAGLIPTIN | SITAGLIPTIN | METFORMIN,molecule_desc,molecule_desc_passthrough,NOOP,HIGH
ml,ml_003,sb_003_00012_raw_00043,자누믹스,자누믹스,,METFORMIN+SITAGLIPTIN | SITAGLIPTIN | METFORMIN,METFORMIN+SITAGLIPTIN | SITAGLIPTIN | METFORMIN,molecule_desc,molecule_desc_passthrough,NOOP,HIGH
ml,ml_003,sb_003_00012_raw_00038,자누벡스,자누벡스,,METFORMIN+SITAGLIPTIN | SITAGLIPTIN | METFORMIN,METFORMIN+SITAGLIPTIN | SITAGLIPTIN | METFORMIN,molecule_desc,molecule_desc_passthrough,NOOP,HIGH
ml,ml_003,sb_003_00012_raw_00075,자누스 듀오,자누스듀오,,METFORMIN+SITAGLIPTIN | SITAGLIPTIN | METFORMIN,METFORMIN+SITAGLIPTIN | SITAGLIPTIN | METFORMIN,molecule_desc,molecule_desc_passthrough,NOOP,HIGH
ml,ml_003,sb_003_00012_raw_00037,자누스틴메트,자누스틴메트,,METFORMIN+SITAGLIPTIN | SITAGLIPTIN | METFORMIN,METFORMIN+SITAGLIPTIN | SITAGLIPTIN | METFORMIN,molecule_desc,molecule_desc_passthrough,NOOP,HIGH
ml,ml_003,sb_003_00012_raw_00036,자누스틴메트 엑스알,자누스틴메트엑스알,,METFORMIN+SITAGLIPTIN | SITAGLIPTIN | METFORMIN,METFORMIN+SITAGLIPTIN | SITAGLIPTIN | METFORMIN,molecule_desc,molecule_desc_passthrough,NOOP,HIGH
ml,ml_003,sb_003_00012_raw_00053,자누아린 듀오,자누아린듀오,,METFORMIN+SITAGLIPTIN | SITAGLIPTIN | METFORMIN,METFORMIN+SITAGLIPTIN | SITAGLIPTIN | METFORMIN,molecule_desc,molecule_desc_passthrough,NOOP,HIGH
ml,ml_003,sb_003_00060_raw_00754,자누프립,자누프립,,DAPAGLIFLOZIN+SITAGLIPTIN,DAPAGLIFLOZIN+SITAGLIPTIN,molecule_desc,molecule_desc_passthrough,NOOP,HIGH
ml,ml_003,sb_003_00060_raw_00758,자누플로,자누플로,,DAPAGLIFLOZIN+SITAGLIPTIN,DAPAGLIFLOZIN+SITAGLIPTIN,molecule_desc,molecule_desc_passthrough,NOOP,HIGH
ml,ml_003,sb_003_00066_raw_00789,자누플로멧,자누플로멧,,DAPAGLIFLOZIN+METFORMIN+SITAGLIPTIN,DAPAGLIFLOZIN+METFORMIN+SITAGLIPTIN,molecule_desc,molecule_desc_passthrough,NOOP,HIGH
ml,ml_003,sb_003_00037_raw_00426,자디메트,자디메트,,EMPAGLIFLOZIN+METFORMIN,EMPAGLIFLOZIN+METFORMIN,molecule_desc,molecule_desc_passthrough,NOOP,HIGH
ml,ml_003,sb_003_00029_raw_00356,자디스,자디스,,EMPAGLIFLOZIN,EMPAGLIFLOZIN,molecule_desc,molecule_desc_passthrough,NOOP,HIGH
ml,ml_003,sb_003_00037_raw_00419,자디스 듀오,자디스듀오,,EMPAGLIFLOZIN+METFORMIN,EMPAGLIFLOZIN+METFORMIN,molecule_desc,molecule_desc_passthrough,NOOP,HIGH
ml,ml_003,sb_003_00029_raw_00332,자디앙,자디앙,,EMPAGLIFLOZIN,EMPAGLIFLOZIN,molecule_desc,molecule_desc_passthrough,NOOP,HIGH
ml,ml_003,sb_003_00037_raw_00403,자디앙 듀오,자디앙듀오,,EMPAGLIFLOZIN+METFORMIN,EMPAGLIFLOZIN+METFORMIN,molecule_desc,molecule_desc_passthrough,NOOP,HIGH
ml,ml_003,sb_003_00029_raw_00339,자디엠파,자디엠파,,EMPAGLIFLOZIN,EMPAGLIFLOZIN,molecule_desc,molecule_desc_passthrough,NOOP,HIGH
ml,ml_003,sb_003_00029_raw_00350,자디원,자디원,,EMPAGLIFLOZIN,EMPAGLIFLOZIN,molecule_desc,molecule_desc_passthrough,NOOP,HIGH
ml,ml_003,sb_003_00037_raw_00415,자디원듀오,자디원듀오,,EMPAGLIFLOZIN+METFORMIN,EMPAGLIFLOZIN+METFORMIN,molecule_desc,molecule_desc_passthrough,NOOP,HIGH
ml,ml_003,sb_003_00029_raw_00355,자디플로진,자디플로진,,EMPAGLIFLOZIN,EMPAGLIFLOZIN,molecule_desc,molecule_desc_passthrough,NOOP,HIGH
ml,ml_003,sb_003_00037_raw_00427,자디플로진 엠,자디플로진엠,,EMPAGLIFLOZIN+METFORMIN,EMPAGLIFLOZIN+METFORMIN,molecule_desc,molecule_desc_passthrough,NOOP,HIGH
ml,ml_003,sb_003_00042_raw_00580,제뉴원 글리메피리드,제뉴원글리메피리드,,GLIMEPIRIDE,GLIMEPIRIDE,molecule_desc,molecule_desc_passthrough,NOOP,HIGH
ml,ml_003,sb_003_00057_raw_00729,제미다파,제미다파,,DAPAGLIFLOZIN+GEMIGLIPTIN,DAPAGLIFLOZIN+GEMIGLIPTIN,molecule_desc,molecule_desc_passthrough,NOOP,HIGH
ml,ml_003,sb_003_00009_raw_00003,제미메트,제미메트,,GEMIGLIPTIN+METFORMIN | GEMIGLIPTIN | METFORMIN,GEMIGLIPTIN+METFORMIN | GEMIGLIPTIN | METFORMIN,molecule_desc,molecule_desc_passthrough,NOOP,HIGH
ml,ml_003,sb_003_00042_raw_00615,제이마릴,제이마릴,,GLIMEPIRIDE,GLIMEPIRIDE,molecule_desc,molecule_desc_passthrough,NOOP,HIGH
ml,ml_003,sb_003_00029_raw_00344,제파진,제파진,,EMPAGLIFLOZIN,EMPAGLIFLOZIN,molecule_desc,molecule_desc_passthrough,NOOP,HIGH
ml,ml_003,sb_003_00037_raw_00414,제파진 듀오,제파진듀오,,EMPAGLIFLOZIN+METFORMIN,EMPAGLIFLOZIN+METFORMIN,molecule_desc,molecule_desc_passthrough,NOOP,HIGH
ml,ml_003,sb_003_00028_raw_00284,제포가,제포가,,DAPAGLIFLOZIN,DAPAGLIFLOZIN,molecule_desc,molecule_desc_passthrough,NOOP,HIGH
ml,ml_003,sb_003_00036_raw_00385,제포가 듀오,제포가듀오,,DAPAGLIFLOZIN+METFORMIN,DAPAGLIFLOZIN+METFORMIN,molecule_desc,molecule_desc_passthrough,NOOP,HIGH
ml,ml_003,sb_003_00028_raw_00317,젠시가,젠시가,,DAPAGLIFLOZIN,DAPAGLIFLOZIN,molecule_desc,molecule_desc_passthrough,NOOP,HIGH
ml,ml_003,sb_003_00060_raw_00765,젠시가 에스,젠시가에스,,DAPAGLIFLOZIN+SITAGLIPTIN,DAPAGLIFLOZIN+SITAGLIPTIN,molecule_desc,molecule_desc_passthrough,NOOP,HIGH
ml,ml_003,sb_003_00016_raw_00133,줄토피 플렉스터치,줄토피플렉스터치,,LIRAGLUTIDE | INSULIN DEGLUDEC+LIRAGLUTIDE,LIRAGLUTIDE | INSULIN DEGLUDEC+LIRAGLUTIDE,molecule_desc,molecule_desc_passthrough,NOOP,HIGH
ml,ml_003,sb_003_00036_raw_00368,직듀오,직듀오,,DAPAGLIFLOZIN+METFORMIN,DAPAGLIFLOZIN+METFORMIN,molecule_desc,molecule_desc_passthrough,NOOP,HIGH
ml,ml_003,sb_003_00071_raw_00837,케이릴 엠,케이릴엠,,GLIMEPIRIDE+METFORMIN,GLIMEPIRIDE+METFORMIN,molecule_desc,molecule_desc_passthrough,NOOP,HIGH
ml,ml_003,sb_003_00071_raw_00824,케이마릴 엠,케이마릴엠,,GLIMEPIRIDE+METFORMIN,GLIMEPIRIDE+METFORMIN,molecule_desc,molecule_desc_passthrough,NOOP,HIGH
ml,ml_003,sb_003_00028_raw_00305,케이시가,케이시가,,DAPAGLIFLOZIN,DAPAGLIFLOZIN,molecule_desc,molecule_desc_passthrough,NOOP,HIGH
ml,ml_003,sb_003_00049_raw_00661,케이토스,케이토스,,PIOGLITAZONE,PIOGLITAZONE,molecule_desc,molecule_desc_passthrough,NOOP,HIGH
ml,ml_003,sb_003_00077_raw_00855,케이 토스메트,케이토스메트,,METFORMIN+PIOGLITAZONE,METFORMIN+PIOGLITAZONE,molecule_desc,molecule_desc_passthrough,NOOP,HIGH
ml,ml_003,sb_003_00011_raw_00032,콤비글라이즈,콤비글라이즈,,METFORMIN+SAXAGLIPTIN | SAXAGLIPTIN | METFORMIN,METFORMIN+SAXAGLIPTIN | SAXAGLIPTIN | METFORMIN,molecule_desc,molecule_desc_passthrough,NOOP,HIGH
ml,ml_003,sb_003_00059_raw_00735,큐턴,큐턴,,DAPAGLIFLOZIN+SAXAGLIPTIN,DAPAGLIFLOZIN+SAXAGLIPTIN,molecule_desc,molecule_desc_passthrough,NOOP,HIGH
ml,ml_003,sb_003_00042_raw_00593,크리메릴,크리메릴,,GLIMEPIRIDE,GLIMEPIRIDE,molecule_desc,molecule_desc_passthrough,NOOP,HIGH
ml,ml_003,sb_003_00071_raw_00812,크리메릴엠,크리메릴엠,,GLIMEPIRIDE+METFORMIN,GLIMEPIRIDE+METFORMIN,molecule_desc,molecule_desc_passthrough,NOOP,HIGH
ml,ml_003,sb_003_00028_raw_00313,타파진,타파진,,DAPAGLIFLOZIN,DAPAGLIFLOZIN,molecule_desc,molecule_desc_passthrough,NOOP,HIGH
ml,ml_003,sb_003_00013_raw_00115,테글리 엠,테글리엠,,METFORMIN+TENELIGLIPTIN | TENELIGLIPTIN | METFORMIN,METFORMIN+TENELIGLIPTIN | TENELIGLIPTIN | METFORMIN,molecule_desc,molecule_desc_passthrough,NOOP,HIGH
ml,ml_003,sb_003_00013_raw_00103,테네그린 듀오,테네그린듀오,,METFORMIN+TENELIGLIPTIN | TENELIGLIPTIN | METFORMIN,METFORMIN+TENELIGLIPTIN | TENELIGLIPTIN | METFORMIN,molecule_desc,molecule_desc_passthrough,NOOP,HIGH
ml,ml_003,sb_003_00013_raw_00113,테네글로 엠,테네글로엠,,METFORMIN+TENELIGLIPTIN | TENELIGLIPTIN | METFORMIN,METFORMIN+TENELIGLIPTIN | TENELIGLIPTIN | METFORMIN,molecule_desc,molecule_desc_passthrough,NOOP,HIGH
ml,ml_003,sb_003_00013_raw_00091,테네글리엠,테네글리엠,,METFORMIN+TENELIGLIPTIN | TENELIGLIPTIN | METFORMIN,METFORMIN+TENELIGLIPTIN | TENELIGLIPTIN | METFORMIN,molecule_desc,molecule_desc_passthrough,NOOP,HIGH
ml,ml_003,sb_003_00013_raw_00086,테네글립엠,테네글립엠,,METFORMIN+TENELIGLIPTIN | TENELIGLIPTIN | METFORMIN,METFORMIN+TENELIGLIPTIN | TENELIGLIPTIN | METFORMIN,molecule_desc,molecule_desc_passthrough,NOOP,HIGH
ml,ml_003,sb_003_00013_raw_00117,테네글 엠,테네글엠,,METFORMIN+TENELIGLIPTIN | TENELIGLIPTIN | METFORMIN,METFORMIN+TENELIGLIPTIN | TENELIGLIPTIN | METFORMIN,molecule_desc,molecule_desc_passthrough,NOOP,HIGH
ml,ml_003,sb_003_00013_raw_00094,테네로 엠,테네로엠,,METFORMIN+TENELIGLIPTIN | TENELIGLIPTIN | METFORMIN,METFORMIN+TENELIGLIPTIN | TENELIGLIPTIN | METFORMIN,molecule_desc,molecule_desc_passthrough,NOOP,HIGH
ml,ml_003,sb_003_00013_raw_00119,테네로틴 엠,테네로틴엠,,METFORMIN+TENELIGLIPTIN | TENELIGLIPTIN | METFORMIN,METFORMIN+TENELIGLIPTIN | TENELIGLIPTIN | METFORMIN,molecule_desc,molecule_desc_passthrough,NOOP,HIGH
ml,ml_003,sb_003_00013_raw_00093,테네론 엠,테네론엠,,METFORMIN+TENELIGLIPTIN | TENELIGLIPTIN | METFORMIN,METFORMIN+TENELIGLIPTIN | TENELIGLIPTIN | METFORMIN,molecule_desc,molecule_desc_passthrough,NOOP,HIGH
ml,ml_003,sb_003_00013_raw_00089,테네리엠,테네리엠,,METFORMIN+TENELIGLIPTIN | TENELIGLIPTIN | METFORMIN,METFORMIN+TENELIGLIPTIN | TENELIGLIPTIN | METFORMIN,molecule_desc,molecule_desc_passthrough,NOOP,HIGH
ml,ml_003,sb_003_00013_raw_00098,테네리칸 엠,테네리칸엠,,METFORMIN+TENELIGLIPTIN | TENELIGLIPTIN | METFORMIN,METFORMIN+TENELIGLIPTIN | TENELIGLIPTIN | METFORMIN,molecule_desc,molecule_desc_passthrough,NOOP,HIGH
ml,ml_003,sb_003_00013_raw_00120,테네린 엠,테네린엠,,METFORMIN+TENELIGLIPTIN | TENELIGLIPTIN | METFORMIN,METFORMIN+TENELIGLIPTIN | TENELIGLIPTIN | METFORMIN,molecule_desc,molecule_desc_passthrough,NOOP,HIGH
ml,ml_003,sb_003_00013_raw_00102,테네립틴 엠,테네립틴엠,,METFORMIN+TENELIGLIPTIN | TENELIGLIPTIN | METFORMIN,METFORMIN+TENELIGLIPTIN | TENELIGLIPTIN | METFORMIN,molecule_desc,molecule_desc_passthrough,NOOP,HIGH
ml,ml_003,sb_003_00013_raw_00088,테네스 엠,테네스엠,,METFORMIN+TENELIGLIPTIN | TENELIGLIPTIN | METFORMIN,METFORMIN+TENELIGLIPTIN | TENELIGLIPTIN | METFORMIN,molecule_desc,molecule_desc_passthrough,NOOP,HIGH
ml,ml_003,sb_003_00013_raw_00090,테네틴 엠,테네틴엠,,METFORMIN+TENELIGLIPTIN | TENELIGLIPTIN | METFORMIN,METFORMIN+TENELIGLIPTIN | TENELIGLIPTIN | METFORMIN,molecule_desc,molecule_desc_passthrough,NOOP,HIGH
ml,ml_003,sb_003_00013_raw_00095,테네필 플러스,테네필플러스,,METFORMIN+TENELIGLIPTIN | TENELIGLIPTIN | METFORMIN,METFORMIN+TENELIGLIPTIN | TENELIGLIPTIN | METFORMIN,molecule_desc,molecule_desc_passthrough,NOOP,HIGH
ml,ml_003,sb_003_00013_raw_00105,테넬디 엠,테넬디엠,,METFORMIN+TENELIGLIPTIN | TENELIGLIPTIN | METFORMIN,METFORMIN+TENELIGLIPTIN | TENELIGLIPTIN | METFORMIN,molecule_desc,molecule_desc_passthrough,NOOP,HIGH
ml,ml_003,sb_003_00013_raw_00110,테넬라 엠,테넬라엠,,METFORMIN+TENELIGLIPTIN | TENELIGLIPTIN | METFORMIN,METFORMIN+TENELIGLIPTIN | TENELIGLIPTIN | METFORMIN,molecule_desc,molecule_desc_passthrough,NOOP,HIGH
ml,ml_003,sb_003_00013_raw_00092,테넬로드엠,테넬로드엠,,METFORMIN+TENELIGLIPTIN | TENELIGLIPTIN | METFORMIN,METFORMIN+TENELIGLIPTIN | TENELIGLIPTIN | METFORMIN,molecule_desc,molecule_desc_passthrough,NOOP,HIGH
ml,ml_003,sb_003_00013_raw_00085,테넬리아 엠,테넬리아엠,,METFORMIN+TENELIGLIPTIN | TENELIGLIPTIN | METFORMIN,METFORMIN+TENELIGLIPTIN | TENELIGLIPTIN | METFORMIN,molecule_desc,molecule_desc_passthrough,NOOP,HIGH
ml,ml_003,sb_003_00013_raw_00118,테넬리엘 듀오,테넬리엘듀오,,METFORMIN+TENELIGLIPTIN | TENELIGLIPTIN | METFORMIN,METFORMIN+TENELIGLIPTIN | TENELIGLIPTIN | METFORMIN,molecule_desc,molecule_desc_passthrough,NOOP,HIGH
ml,ml_003,sb_003_00013_raw_00114,테넬리탁 듀오,테넬리탁듀오,,METFORMIN+TENELIGLIPTIN | TENELIGLIPTIN | METFORMIN,METFORMIN+TENELIGLIPTIN | TENELIGLIPTIN | METFORMIN,molecule_desc,molecule_desc_passthrough,NOOP,HIGH
ml,ml_003,sb_003_00013_raw_00111,테넬 엠,테넬엠,,METFORMIN+TENELIGLIPTIN | TENELIGLIPTIN | METFORMIN,METFORMIN+TENELIGLIPTIN | TENELIGLIPTIN | METFORMIN,molecule_desc,molecule_desc_passthrough,NOOP,HIGH
ml,ml_003,sb_003_00013_raw_00100,테넬포민,테넬포민,,METFORMIN+TENELIGLIPTIN | TENELIGLIPTIN | METFORMIN,METFORMIN+TENELIGLIPTIN | TENELIGLIPTIN | METFORMIN,molecule_desc,molecule_desc_passthrough,NOOP,HIGH
ml,ml_003,sb_003_00013_raw_00099,테디 엠 메트,테디엠메트,,METFORMIN+TENELIGLIPTIN | TENELIGLIPTIN | METFORMIN,METFORMIN+TENELIGLIPTIN | TENELIGLIPTIN | METFORMIN,molecule_desc,molecule_desc_passthrough,NOOP,HIGH
ml,ml_003,sb_003_00013_raw_00101,테디포 엠,테디포엠,,METFORMIN+TENELIGLIPTIN | TENELIGLIPTIN | METFORMIN,METFORMIN+TENELIGLIPTIN | TENELIGLIPTIN | METFORMIN,molecule_desc,molecule_desc_passthrough,NOOP,HIGH
ml,ml_003,sb_003_00013_raw_00097,테라립틴 듀오,테라립틴듀오,,METFORMIN+TENELIGLIPTIN | TENELIGLIPTIN | METFORMIN,METFORMIN+TENELIGLIPTIN | TENELIGLIPTIN | METFORMIN,molecule_desc,molecule_desc_passthrough,NOOP,HIGH
ml,ml_003,sb_003_00012_raw_00069,테라메트 엑스알,테라메트엑스알,,METFORMIN+SITAGLIPTIN | SITAGLIPTIN | METFORMIN,METFORMIN+SITAGLIPTIN | SITAGLIPTIN | METFORMIN,molecule_desc,molecule_desc_passthrough,NOOP,HIGH
ml,ml_003,sb_003_00013_raw_00109,테리글메트,테리글메트,,METFORMIN+TENELIGLIPTIN | TENELIGLIPTIN | METFORMIN,METFORMIN+TENELIGLIPTIN | TENELIGLIPTIN | METFORMIN,molecule_desc,molecule_desc_passthrough,NOOP,HIGH
ml,ml_003,sb_003_00013_raw_00104,테리아 엠,테리아엠,,METFORMIN+TENELIGLIPTIN | TENELIGLIPTIN | METFORMIN,METFORMIN+TENELIGLIPTIN | TENELIGLIPTIN | METFORMIN,molecule_desc,molecule_desc_passthrough,NOOP,HIGH
ml,ml_003,sb_003_00013_raw_00096,테리움 엠,테리움엠,,METFORMIN+TENELIGLIPTIN | TENELIGLIPTIN | METFORMIN,METFORMIN+TENELIGLIPTIN | TENELIGLIPTIN | METFORMIN,molecule_desc,molecule_desc_passthrough,NOOP,HIGH
ml,ml_003,sb_003_00013_raw_00108,테립틴엠,테립틴엠,,METFORMIN+TENELIGLIPTIN | TENELIGLIPTIN | METFORMIN,METFORMIN+TENELIGLIPTIN | TENELIGLIPTIN | METFORMIN,molecule_desc,molecule_desc_passthrough,NOOP,HIGH
ml,ml_003,sb_003_00013_raw_00107,텔리아 엠,텔리아엠,,METFORMIN+TENELIGLIPTIN | TENELIGLIPTIN | METFORMIN,METFORMIN+TENELIGLIPTIN | TENELIGLIPTIN | METFORMIN,molecule_desc,molecule_desc_passthrough,NOOP,HIGH
ml,ml_003,sb_003_00035_raw_00364,투제오,투제오,,INSULIN GLARGINE,INSULIN GLARGINE,molecule_desc,molecule_desc_passthrough,NOOP,HIGH
ml,ml_003,sb_003_00010_raw_00023,트라글립틴 듀오,트라글립틴듀오,,LINAGLIPTIN+METFORMIN | LINAGLIPTIN | METFORMIN,LINAGLIPTIN+METFORMIN | LINAGLIPTIN | METFORMIN,molecule_desc,molecule_desc_passthrough,NOOP,HIGH
ml,ml_003,sb_003_00010_raw_00007,트라 듀오,트라듀오,,LINAGLIPTIN+METFORMIN | LINAGLIPTIN | METFORMIN,LINAGLIPTIN+METFORMIN | LINAGLIPTIN | METFORMIN,molecule_desc,molecule_desc_passthrough,NOOP,HIGH
ml,ml_003,sb_003_00010_raw_00009,트라리틴 콤비,트라리틴콤비,,LINAGLIPTIN+METFORMIN | LINAGLIPTIN | METFORMIN,LINAGLIPTIN+METFORMIN | LINAGLIPTIN | METFORMIN,molecule_desc,molecule_desc_passthrough,NOOP,HIGH
ml,ml_003,sb_003_00010_raw_00024,트라이나 엠,트라이나엠,,LINAGLIPTIN+METFORMIN | LINAGLIPTIN | METFORMIN,LINAGLIPTIN+METFORMIN | LINAGLIPTIN | METFORMIN,molecule_desc,molecule_desc_passthrough,NOOP,HIGH
ml,ml_003,sb_003_00010_raw_00004,트라젠타 듀오,트라젠타듀오,,LINAGLIPTIN+METFORMIN | LINAGLIPTIN | METFORMIN,LINAGLIPTIN+METFORMIN | LINAGLIPTIN | METFORMIN,molecule_desc,molecule_desc_passthrough,NOOP,HIGH
ml,ml_003,sb_003_00010_raw_00011,트라케이 듀오,트라케이듀오,,LINAGLIPTIN+METFORMIN | LINAGLIPTIN | METFORMIN,LINAGLIPTIN+METFORMIN | LINAGLIPTIN | METFORMIN,molecule_desc,molecule_desc_passthrough,NOOP,HIGH
ml,ml_003,sb_003_00033_raw_00362,트레시바 플렉스터치,트레시바플렉스터치,,INSULIN DEGLUDEC,INSULIN DEGLUDEC,molecule_desc,molecule_desc_passthrough,NOOP,HIGH
ml,ml_003,sb_003_00028_raw_00269,트루다파,트루다파,,DAPAGLIFLOZIN,DAPAGLIFLOZIN,molecule_desc,molecule_desc_passthrough,NOOP,HIGH
ml,ml_003,sb_003_00058_raw_00731,트루다파 엘,트루다파엘,,DAPAGLIFLOZIN+LINAGLIPTIN,DAPAGLIFLOZIN+LINAGLIPTIN,molecule_desc,molecule_desc_passthrough,NOOP,HIGH
ml,ml_003,sb_003_00036_raw_00371,트루다파 엠,트루다파엠,,DAPAGLIFLOZIN+METFORMIN,DAPAGLIFLOZIN+METFORMIN,molecule_desc,molecule_desc_passthrough,NOOP,HIGH
ml,ml_003,sb_003_00060_raw_00750,트루디에스,트루디에스,,DAPAGLIFLOZIN+SITAGLIPTIN,DAPAGLIFLOZIN+SITAGLIPTIN,molecule_desc,molecule_desc_passthrough,NOOP,HIGH
ml,ml_003,sb_003_00010_raw_00012,트루리나 엠,트루리나엠,,LINAGLIPTIN+METFORMIN | LINAGLIPTIN | METFORMIN,LINAGLIPTIN+METFORMIN | LINAGLIPTIN | METFORMIN,molecule_desc,molecule_desc_passthrough,NOOP,HIGH
ml,ml_003,sb_003_00015_raw_00132,트루리시티,트루리시티,,DULAGLUTIDE,DULAGLUTIDE,molecule_desc,molecule_desc_passthrough,NOOP,HIGH
ml,ml_003,sb_003_00067_raw_00790,트루버디,트루버디,,DAPAGLIFLOZIN+PIOGLITAZONE,DAPAGLIFLOZIN+PIOGLITAZONE,molecule_desc,molecule_desc_passthrough,NOOP,HIGH
ml,ml_003,sb_003_00012_raw_00046,트루시타 엠,트루시타엠,,METFORMIN+SITAGLIPTIN | SITAGLIPTIN | METFORMIN,METFORMIN+SITAGLIPTIN | SITAGLIPTIN | METFORMIN,molecule_desc,molecule_desc_passthrough,NOOP,HIGH
ml,ml_003,sb_003_00029_raw_00337,트루엠파,트루엠파,,EMPAGLIFLOZIN,EMPAGLIFLOZIN,molecule_desc,molecule_desc_passthrough,NOOP,HIGH
ml,ml_003,sb_003_00037_raw_00407,트루엠파 엠,트루엠파엠,,EMPAGLIFLOZIN+METFORMIN,EMPAGLIFLOZIN+METFORMIN,molecule_desc,molecule_desc_passthrough,NOOP,HIGH
ml,ml_003,sb_003_00010_raw_00010,트립엠 듀오,트립엠듀오,,LINAGLIPTIN+METFORMIN | LINAGLIPTIN | METFORMIN,LINAGLIPTIN+METFORMIN | LINAGLIPTIN | METFORMIN,molecule_desc,molecule_desc_passthrough,NOOP,HIGH
ml,ml_003,sb_003_00042_raw_00636,티지피 글리메피리드,티지피글리메피리드,,GLIMEPIRIDE,GLIMEPIRIDE,molecule_desc,molecule_desc_passthrough,NOOP,HIGH
ml,ml_003,sb_003_00037_raw_00423,파마 엠파로우 듀오,파마엠파로우듀오,,EMPAGLIFLOZIN+METFORMIN,EMPAGLIFLOZIN+METFORMIN,molecule_desc,molecule_desc_passthrough,NOOP,HIGH
ml,ml_003,sb_003_00049_raw_00671,파존,파존,,PIOGLITAZONE,PIOGLITAZONE,molecule_desc,molecule_desc_passthrough,NOOP,HIGH
ml,ml_003,sb_003_00077_raw_00861,파존메트,파존메트,,METFORMIN+PIOGLITAZONE,METFORMIN+PIOGLITAZONE,molecule_desc,molecule_desc_passthrough,NOOP,HIGH
ml,ml_003,sb_003_00049_raw_00692,팩토스,팩토스,,PIOGLITAZONE,PIOGLITAZONE,molecule_desc,molecule_desc_passthrough,NOOP,HIGH
ml,ml_003,sb_003_00028_raw_00326,포글로,포글로,,DAPAGLIFLOZIN,DAPAGLIFLOZIN,molecule_desc,molecule_desc_passthrough,NOOP,HIGH
ml,ml_003,sb_003_00028_raw_00319,포글리진,포글리진,,DAPAGLIFLOZIN,DAPAGLIFLOZIN,molecule_desc,molecule_desc_passthrough,NOOP,HIGH
ml,ml_003,sb_003_00028_raw_00289,포글린,포글린,,DAPAGLIFLOZIN,DAPAGLIFLOZIN,molecule_desc,molecule_desc_passthrough,NOOP,HIGH
ml,ml_003,sb_003_00060_raw_00772,포누비아,포누비아,,DAPAGLIFLOZIN+SITAGLIPTIN,DAPAGLIFLOZIN+SITAGLIPTIN,molecule_desc,molecule_desc_passthrough,NOOP,HIGH
ml,ml_003,sb_003_00028_raw_00303,포다글,포다글,,DAPAGLIFLOZIN,DAPAGLIFLOZIN,molecule_desc,molecule_desc_passthrough,NOOP,HIGH
ml,ml_003,sb_003_00071_raw_00803,포디엠,포디엠,,GLIMEPIRIDE+METFORMIN,GLIMEPIRIDE+METFORMIN,molecule_desc,molecule_desc_passthrough,NOOP,HIGH
ml,ml_003,sb_003_00060_raw_00749,포르자듀오,포르자듀오,,DAPAGLIFLOZIN+SITAGLIPTIN,DAPAGLIFLOZIN+SITAGLIPTIN,molecule_desc,molecule_desc_passthrough,NOOP,HIGH
ml,ml_003,sb_003_00060_raw_00745,포비글,포비글,,DAPAGLIFLOZIN+SITAGLIPTIN,DAPAGLIFLOZIN+SITAGLIPTIN,molecule_desc,molecule_desc_passthrough,NOOP,HIGH
ml,ml_003,sb_003_00028_raw_00315,포사린,포사린,,DAPAGLIFLOZIN,DAPAGLIFLOZIN,molecule_desc,molecule_desc_passthrough,NOOP,HIGH
ml,ml_003,sb_003_00060_raw_00766,포사린 플러스,포사린플러스,,DAPAGLIFLOZIN+SITAGLIPTIN,DAPAGLIFLOZIN+SITAGLIPTIN,molecule_desc,molecule_desc_passthrough,NOOP,HIGH
ml,ml_003,sb_003_00028_raw_00279,포슈벳,포슈벳,,DAPAGLIFLOZIN,DAPAGLIFLOZIN,molecule_desc,molecule_desc_passthrough,NOOP,HIGH
ml,ml_003,sb_003_00028_raw_00307,포시글리,포시글리,,DAPAGLIFLOZIN,DAPAGLIFLOZIN,molecule_desc,molecule_desc_passthrough,NOOP,HIGH
ml,ml_003,sb_003_00036_raw_00395,포시글리 듀오,포시글리듀오,,DAPAGLIFLOZIN+METFORMIN,DAPAGLIFLOZIN+METFORMIN,molecule_desc,molecule_desc_passthrough,NOOP,HIGH
ml,ml_003,sb_003_00060_raw_00768,포시글립 엠,포시글립엠,,DAPAGLIFLOZIN+SITAGLIPTIN,DAPAGLIFLOZIN+SITAGLIPTIN,molecule_desc,molecule_desc_passthrough,NOOP,HIGH
ml,ml_003,sb_003_00028_raw_00267,포시다파,포시다파,,DAPAGLIFLOZIN,DAPAGLIFLOZIN,molecule_desc,molecule_desc_passthrough,NOOP,HIGH
ml,ml_003,sb_003_00036_raw_00376,포시다파엠,포시다파엠,,DAPAGLIFLOZIN+METFORMIN,DAPAGLIFLOZIN+METFORMIN,molecule_desc,molecule_desc_passthrough,NOOP,HIGH
ml,ml_003,sb_003_00028_raw_00300,포시디,포시디,,DAPAGLIFLOZIN,DAPAGLIFLOZIN,molecule_desc,molecule_desc_passthrough,NOOP,HIGH
ml,ml_003,sb_003_00036_raw_00392,포시디 엠,포시디엠,,DAPAGLIFLOZIN+METFORMIN,DAPAGLIFLOZIN+METFORMIN,molecule_desc,molecule_desc_passthrough,NOOP,HIGH
ml,ml_003,sb_003_00028_raw_00327,포시로,포시로,,DAPAGLIFLOZIN,DAPAGLIFLOZIN,molecule_desc,molecule_desc_passthrough,NOOP,HIGH
ml,ml_003,sb_003_00036_raw_00402,포시로멧,포시로멧,,DAPAGLIFLOZIN+METFORMIN,DAPAGLIFLOZIN+METFORMIN,molecule_desc,molecule_desc_passthrough,NOOP,HIGH
ml,ml_003,sb_003_00028_raw_00308,포시리진,포시리진,,DAPAGLIFLOZIN,DAPAGLIFLOZIN,molecule_desc,molecule_desc_passthrough,NOOP,HIGH
ml,ml_003,sb_003_00036_raw_00398,포시메트,포시메트,,DAPAGLIFLOZIN+METFORMIN,DAPAGLIFLOZIN+METFORMIN,molecule_desc,molecule_desc_passthrough,NOOP,HIGH
ml,ml_003,sb_003_00028_raw_00318,포시엘,포시엘,,DAPAGLIFLOZIN,DAPAGLIFLOZIN,molecule_desc,molecule_desc_passthrough,NOOP,HIGH
ml,ml_003,sb_003_00028_raw_00312,포시올,포시올,,DAPAGLIFLOZIN,DAPAGLIFLOZIN,molecule_desc,molecule_desc_passthrough,NOOP,HIGH
ml,ml_003,sb_003_00058_raw_00732,포시젠타,포시젠타,,DAPAGLIFLOZIN+LINAGLIPTIN,DAPAGLIFLOZIN+LINAGLIPTIN,molecule_desc,molecule_desc_passthrough,NOOP,HIGH
ml,ml_003,sb_003_00066_raw_00783,포시타 엠,포시타엠,,DAPAGLIFLOZIN+METFORMIN+SITAGLIPTIN,DAPAGLIFLOZIN+METFORMIN+SITAGLIPTIN,molecule_desc,molecule_desc_passthrough,NOOP,HIGH
ml,ml_003,sb_003_00028_raw_00329,포실로진,포실로진,,DAPAGLIFLOZIN,DAPAGLIFLOZIN,molecule_desc,molecule_desc_passthrough,NOOP,HIGH
ml,ml_003,sb_003_00036_raw_00375,폴민다파,폴민다파,,DAPAGLIFLOZIN+METFORMIN,DAPAGLIFLOZIN+METFORMIN,molecule_desc,molecule_desc_passthrough,NOOP,HIGH
ml,ml_003,sb_003_00010_raw_00014,폴민리나,폴민리나,,LINAGLIPTIN+METFORMIN | LINAGLIPTIN | METFORMIN,LINAGLIPTIN+METFORMIN | LINAGLIPTIN | METFORMIN,molecule_desc,molecule_desc_passthrough,NOOP,HIGH
ml,ml_003,sb_003_00012_raw_00048,폴민시타,폴민시타,,METFORMIN+SITAGLIPTIN | SITAGLIPTIN | METFORMIN,METFORMIN+SITAGLIPTIN | SITAGLIPTIN | METFORMIN,molecule_desc,molecule_desc_passthrough,NOOP,HIGH
ml,ml_003,sb_003_00037_raw_00417,폴민엠파,폴민엠파,,EMPAGLIFLOZIN+METFORMIN,EMPAGLIFLOZIN+METFORMIN,molecule_desc,molecule_desc_passthrough,NOOP,HIGH
ml,ml_003,sb_003_00012_raw_00072,프라임 자누글립틴메트,프라임자누글립틴메트,,METFORMIN+SITAGLIPTIN | SITAGLIPTIN | METFORMIN,METFORMIN+SITAGLIPTIN | SITAGLIPTIN | METFORMIN,molecule_desc,molecule_desc_passthrough,NOOP,HIGH
ml,ml_003,sb_003_00028_raw_00280,플로가,플로가,,DAPAGLIFLOZIN,DAPAGLIFLOZIN,molecule_desc,molecule_desc_passthrough,NOOP,HIGH
ml,ml_003,sb_003_00036_raw_00400,플로가엠 듀오,플로가엠듀오,,DAPAGLIFLOZIN+METFORMIN,DAPAGLIFLOZIN+METFORMIN,molecule_desc,molecule_desc_passthrough,NOOP,HIGH
ml,ml_003,sb_003_00049_raw_00716,피그존,피그존,,PIOGLITAZONE,PIOGLITAZONE,molecule_desc,molecule_desc_passthrough,NOOP,HIGH
ml,ml_003,sb_003_00049_raw_00709,피글렌,피글렌,,PIOGLITAZONE,PIOGLITAZONE,molecule_desc,molecule_desc_passthrough,NOOP,HIGH
ml,ml_003,sb_003_00049_raw_00682,피글리,피글리,,PIOGLITAZONE,PIOGLITAZONE,molecule_desc,molecule_desc_passthrough,NOOP,HIGH
ml,ml_003,sb_003_00049_raw_00698,피글리토,피글리토,,PIOGLITAZONE,PIOGLITAZONE,molecule_desc,molecule_desc_passthrough,NOOP,HIGH
ml,ml_003,sb_003_00077_raw_00857,피로메트,피로메트,,METFORMIN+PIOGLITAZONE,METFORMIN+PIOGLITAZONE,molecule_desc,molecule_desc_passthrough,NOOP,HIGH
ml,ml_003,sb_003_00049_raw_00703,피로스,피로스,,PIOGLITAZONE,PIOGLITAZONE,molecule_desc,molecule_desc_passthrough,NOOP,HIGH
ml,ml_003,sb_003_00050_raw_00719,피아스프,피아스프,,INSULIN ASPART,INSULIN ASPART,molecule_desc,molecule_desc_passthrough,NOOP,HIGH
ml,ml_003,sb_003_00049_raw_00678,피어리존,피어리존,,PIOGLITAZONE,PIOGLITAZONE,molecule_desc,molecule_desc_passthrough,NOOP,HIGH
ml,ml_003,sb_003_00049_raw_00711,피오그린,피오그린,,PIOGLITAZONE,PIOGLITAZONE,molecule_desc,molecule_desc_passthrough,NOOP,HIGH
ml,ml_003,sb_003_00049_raw_00667,피오글,피오글,,PIOGLITAZONE,PIOGLITAZONE,molecule_desc,molecule_desc_passthrough,NOOP,HIGH
ml,ml_003,sb_003_00049_raw_00713,피오글라,피오글라,,PIOGLITAZONE,PIOGLITAZONE,molecule_desc,molecule_desc_passthrough,NOOP,HIGH
ml,ml_003,sb_003_00049_raw_00686,피오글루,피오글루,,PIOGLITAZONE,PIOGLITAZONE,molecule_desc,molecule_desc_passthrough,NOOP,HIGH
ml,ml_003,sb_003_00077_raw_00862,피오글루파,피오글루파,,METFORMIN+PIOGLITAZONE,METFORMIN+PIOGLITAZONE,molecule_desc,molecule_desc_passthrough,NOOP,HIGH
ml,ml_003,sb_003_00049_raw_00695,피오글리,피오글리,,PIOGLITAZONE,PIOGLITAZONE,molecule_desc,molecule_desc_passthrough,NOOP,HIGH
ml,ml_003,sb_003_00049_raw_00673,피오글리타,피오글리타,,PIOGLITAZONE,PIOGLITAZONE,molecule_desc,molecule_desc_passthrough,NOOP,HIGH
ml,ml_003,sb_003_00049_raw_00666,피오나,피오나,,PIOGLITAZONE,PIOGLITAZONE,molecule_desc,molecule_desc_passthrough,NOOP,HIGH
ml,ml_003,sb_003_00067_raw_00792,피오다,피오다,,DAPAGLIFLOZIN+PIOGLITAZONE,DAPAGLIFLOZIN+PIOGLITAZONE,molecule_desc,molecule_desc_passthrough,NOOP,HIGH
ml,ml_003,sb_003_00049_raw_00688,피오딘,피오딘,,PIOGLITAZONE,PIOGLITAZONE,molecule_desc,molecule_desc_passthrough,NOOP,HIGH
ml,ml_003,sb_003_00049_raw_00707,피오라,피오라,,PIOGLITAZONE,PIOGLITAZONE,molecule_desc,molecule_desc_passthrough,NOOP,HIGH
ml,ml_003,sb_003_00049_raw_00681,피오렉스,피오렉스,,PIOGLITAZONE,PIOGLITAZONE,molecule_desc,molecule_desc_passthrough,NOOP,HIGH
ml,ml_003,sb_003_00049_raw_00701,피오론,피오론,,PIOGLITAZONE,PIOGLITAZONE,molecule_desc,molecule_desc_passthrough,NOOP,HIGH
ml,ml_003,sb_003_00049_raw_00714,피오리,피오리,,PIOGLITAZONE,PIOGLITAZONE,molecule_desc,molecule_desc_passthrough,NOOP,HIGH
ml,ml_003,sb_003_00049_raw_00699,피오리돈,피오리돈,,PIOGLITAZONE,PIOGLITAZONE,molecule_desc,molecule_desc_passthrough,NOOP,HIGH
ml,ml_003,sb_003_00049_raw_00712,피오맥스,피오맥스,,PIOGLITAZONE,PIOGLITAZONE,molecule_desc,molecule_desc_passthrough,NOOP,HIGH
ml,ml_003,sb_003_00049_raw_00717,피오메드,피오메드,,PIOGLITAZONE,PIOGLITAZONE,molecule_desc,molecule_desc_passthrough,NOOP,HIGH
ml,ml_003,sb_003_00049_raw_00680,피오민,피오민,,PIOGLITAZONE,PIOGLITAZONE,molecule_desc,molecule_desc_passthrough,NOOP,HIGH
ml,ml_003,sb_003_00077_raw_00864,피오민메트,피오민메트,,METFORMIN+PIOGLITAZONE,METFORMIN+PIOGLITAZONE,molecule_desc,molecule_desc_passthrough,NOOP,HIGH
ml,ml_003,sb_003_00049_raw_00696,피오벡스,피오벡스,,PIOGLITAZONE,PIOGLITAZONE,molecule_desc,molecule_desc_passthrough,NOOP,HIGH
ml,ml_003,sb_003_00077_raw_00859,피오비스,피오비스,,METFORMIN+PIOGLITAZONE,METFORMIN+PIOGLITAZONE,molecule_desc,molecule_desc_passthrough,NOOP,HIGH
ml,ml_003,sb_003_00049_raw_00706,피오스크,피오스크,,PIOGLITAZONE,PIOGLITAZONE,molecule_desc,molecule_desc_passthrough,NOOP,HIGH
ml,ml_003,sb_003_00049_raw_00687,피오스타,피오스타,,PIOGLITAZONE,PIOGLITAZONE,molecule_desc,molecule_desc_passthrough,NOOP,HIGH
ml,ml_003,sb_003_00075_raw_00847,피오시타,피오시타,,PIOGLITAZONE+SITAGLIPTIN,PIOGLITAZONE+SITAGLIPTIN,molecule_desc,molecule_desc_passthrough,NOOP,HIGH
ml,ml_003,sb_003_00077_raw_00854,피오엠,피오엠,,METFORMIN+PIOGLITAZONE,METFORMIN+PIOGLITAZONE,molecule_desc,molecule_desc_passthrough,NOOP,HIGH
ml,ml_003,sb_003_00049_raw_00708,피오타존,피오타존,,PIOGLITAZONE,PIOGLITAZONE,molecule_desc,molecule_desc_passthrough,NOOP,HIGH
ml,ml_003,sb_003_00049_raw_00697,피오트,피오트,,PIOGLITAZONE,PIOGLITAZONE,molecule_desc,molecule_desc_passthrough,NOOP,HIGH
ml,ml_003,sb_003_00077_raw_00860,피오트민,피오트민,,METFORMIN+PIOGLITAZONE,METFORMIN+PIOGLITAZONE,molecule_desc,molecule_desc_passthrough,NOOP,HIGH
ml,ml_003,sb_003_00049_raw_00683,피오틴,피오틴,,PIOGLITAZONE,PIOGLITAZONE,molecule_desc,molecule_desc_passthrough,NOOP,HIGH
ml,ml_003,sb_003_00077_raw_00866,피오폴민,피오폴민,,METFORMIN+PIOGLITAZONE,METFORMIN+PIOGLITAZONE,molecule_desc,molecule_desc_passthrough,NOOP,HIGH
ml,ml_003,sb_003_00049_raw_00689,피타존,피타존,,PIOGLITAZONE,PIOGLITAZONE,molecule_desc,molecule_desc_passthrough,NOOP,HIGH
ml,ml_003,sb_003_00077_raw_00853,픽토민,픽토민,,METFORMIN+PIOGLITAZONE,METFORMIN+PIOGLITAZONE,molecule_desc,molecule_desc_passthrough,NOOP,HIGH
ml,ml_003,sb_003_00049_raw_00668,픽토스,픽토스,,PIOGLITAZONE,PIOGLITAZONE,molecule_desc,molecule_desc_passthrough,NOOP,HIGH
ml,ml_003,sb_003_00012_raw_00059,하누비 엠,하누비엠,,METFORMIN+SITAGLIPTIN | SITAGLIPTIN | METFORMIN,METFORMIN+SITAGLIPTIN | SITAGLIPTIN | METFORMIN,molecule_desc,molecule_desc_passthrough,NOOP,HIGH
ml,ml_003,sb_003_00077_raw_00867,하이메트,하이메트,,METFORMIN+PIOGLITAZONE,METFORMIN+PIOGLITAZONE,molecule_desc,molecule_desc_passthrough,NOOP,HIGH
ml,ml_003,sb_003_00049_raw_00704,하이피오,하이피오,,PIOGLITAZONE,PIOGLITAZONE,molecule_desc,molecule_desc_passthrough,NOOP,HIGH
ml,ml_003,sb_003_00042_raw_00601,한올 글리메피리드,한올글리메피리드,,GLIMEPIRIDE,GLIMEPIRIDE,molecule_desc,molecule_desc_passthrough,NOOP,HIGH
ml,ml_003,sb_003_00028_raw_00330,화이트 다파글리플로진,화이트다파글리플로진,,DAPAGLIFLOZIN,DAPAGLIFLOZIN,molecule_desc,molecule_desc_passthrough,NOOP,HIGH
ml,ml_003,sb_003_00060_raw_00761,화이트 다파글립틴,화이트다파글립틴,,DAPAGLIFLOZIN+SITAGLIPTIN,DAPAGLIFLOZIN+SITAGLIPTIN,molecule_desc,molecule_desc_passthrough,NOOP,HIGH
ml,ml_003,sb_003_00012_raw_00045,휴글리아 엠,휴글리아엠,,METFORMIN+SITAGLIPTIN | SITAGLIPTIN | METFORMIN,METFORMIN+SITAGLIPTIN | SITAGLIPTIN | METFORMIN,molecule_desc,molecule_desc_passthrough,NOOP,HIGH
ml,ml_003,sb_003_00042_raw_00620,휴니즈 글리메피리드,휴니즈글리메피리드,,GLIMEPIRIDE,GLIMEPIRIDE,molecule_desc,molecule_desc_passthrough,NOOP,HIGH
ml,ml_003,sb_003_00029_raw_00342,휴디앙,휴디앙,,EMPAGLIFLOZIN,EMPAGLIFLOZIN,molecule_desc,molecule_desc_passthrough,NOOP,HIGH
ml,ml_003,sb_003_00037_raw_00421,휴디앙 듀오,휴디앙듀오,,EMPAGLIFLOZIN+METFORMIN,EMPAGLIFLOZIN+METFORMIN,molecule_desc,molecule_desc_passthrough,NOOP,HIGH
ml,ml_003,sb_003_00053_raw_00723,휴마로그,휴마로그,,INSULIN LISPRO,INSULIN LISPRO,molecule_desc,molecule_desc_passthrough,NOOP,HIGH
ml,ml_003,sb_003_00053_raw_00725,휴마로그 에이치디 퀵,휴마로그에이치디퀵,,INSULIN LISPRO,INSULIN LISPRO,molecule_desc,molecule_desc_passthrough,NOOP,HIGH
ml,ml_003,sb_003_00028_raw_00295,휴시가,휴시가,,DAPAGLIFLOZIN,DAPAGLIFLOZIN,molecule_desc,molecule_desc_passthrough,NOOP,HIGH
ml,ml_003,sb_003_00060_raw_00769,휴시글로,휴시글로,,DAPAGLIFLOZIN+SITAGLIPTIN,DAPAGLIFLOZIN+SITAGLIPTIN,molecule_desc,molecule_desc_passthrough,NOOP,HIGH
ml,ml_003,sb_003_00066_raw_00787,휴시글로엠,휴시글로엠,,DAPAGLIFLOZIN+METFORMIN+SITAGLIPTIN,DAPAGLIFLOZIN+METFORMIN+SITAGLIPTIN,molecule_desc,molecule_desc_passthrough,NOOP,HIGH
ml,ml_003,sb_003_00036_raw_00387,휴온스 휴시가 듀오,휴온스휴시가듀오,,DAPAGLIFLOZIN+METFORMIN,DAPAGLIFLOZIN+METFORMIN,molecule_desc,molecule_desc_passthrough,NOOP,HIGH
ml,ml_003,sb_003_00014_raw_00125,힐러스메트,힐러스메트,,METFORMIN+VILDAGLIPTIN | VILDAGLIPTIN | METFORMIN,METFORMIN+VILDAGLIPTIN | VILDAGLIPTIN | METFORMIN,molecule_desc,molecule_desc_passthrough,NOOP,HIGH
ml,ml_004,sb_004_00015,"*TPO-RA : ITP 외 허가 적응증 있으며, ITP 치료 시장 규모 추산을 위해서는 Ubist 데이터 기반 수식 적용 필요 ==> 시장 추산이 필요한데 이거 수식 어떻게 적용할 지 논의하면 좋겠습니다. / 해당 Ubist 데이터는 AI에 포함되지 않습니다","*TPO-RA:ITP외허가적응증있으며,ITP치료시장규모추산을위해서는Ubist데이터기반수식적용필요==>시장추산이필요한데이거수식어떻게적용할지논의하면좋겠습니다./해당Ubist데이터는AI에포함되지않습니다",,,,molecule_desc,unmatched,NOOP,LOW
ml,ml_004,sb_004_00006,도프텔렛,도프텔렛,도프텔렛,AVATROMBOPAG,AVATROMBOPAG,molecule_desc,normalized,NOOP,HIGH
ml,ml_004,sb_004_00008,레볼레이드,레볼레이드,레볼레이드,ELTROMBOPAG,ELTROMBOPAG,molecule_desc,normalized,NOOP,HIGH
ml,ml_004,sb_004_00012,로미플레이트,로미플레이트,로미플레이트,ROMIPLOSTIM,ROMIPLOSTIM,molecule_desc,normalized,NOOP,HIGH
ml,ml_004,sb_004_00010,엘팍,엘팍,엘팍,ELTROMBOPAG,ELTROMBOPAG,molecule_desc,normalized,NOOP,HIGH
ml,ml_004,sb_canonical_006_타발리스,타발리스,타발리스,타발리스,FOSTAMATINIB,FOSTAMATINIB,molecule_desc,normalized,NOOP,HIGH
ml,ml_005,sb_005_00052,건카베딜,건카베딜,건카베딜,carvedilol,carvedilol,molecule_recode,normalized,NOOP,HIGH
ml,ml_005,sb_005_00264,경동 에스암로실,경동에스암로실,경동에스암로실,S-amlodipine,S-amlodipine,molecule_recode,normalized,NOOP,HIGH
ml,ml_005,sb_005_00054,경보 카르베딜롤,경보카르베딜롤,경보카르베딜롤,carvedilol,carvedilol,molecule_recode,normalized,NOOP,HIGH
ml,ml_005,sb_005_00114,국제 암로디핀,국제암로디핀,국제암로디핀,amlodipine,amlodipine,molecule_recode,normalized,NOOP,HIGH
ml,ml_005,sb_005_00086,글로디올,글로디올,글로디올,carvedilol,carvedilol,molecule_recode,normalized,NOOP,HIGH
ml,ml_005,sb_005_00096,나도가드,나도가드,나도가드,nadolol,nadolol,molecule_recode,normalized,NOOP,HIGH
ml,ml_005,sb_005_00100,네보트론,네보트론,네보트론,nebivolo,nebivolo,molecule_recode,normalized,NOOP,HIGH
ml,ml_005,sb_005_00104,네비레트,네비레트,네비레트,nebivolo,nebivolo,molecule_recode,normalized,NOOP,HIGH
ml,ml_005,sb_005_00098,네비레트 엠,네비레트엠,네비레트엠,nebivolo,nebivolo,molecule_recode,normalized,NOOP,HIGH
ml,ml_005,sb_005_00103,네비롤,네비롤,네비롤,nebivolo,nebivolo,molecule_recode,normalized,NOOP,HIGH
ml,ml_005,sb_005_00106,네비베타,네비베타,네비베타,nebivolo,nebivolo,molecule_recode,normalized,NOOP,HIGH
ml,ml_005,sb_005_00097,네비스톨,네비스톨,네비스톨,nebivolo,nebivolo,molecule_recode,normalized,NOOP,HIGH
ml,ml_005,sb_005_00102,네비올렛,네비올렛,네비올렛,nebivolo,nebivolo,molecule_recode,normalized,NOOP,HIGH
ml,ml_005,sb_005_00101,네비칸,네비칸,네비칸,nebivolo,nebivolo,molecule_recode,normalized,NOOP,HIGH
ml,ml_005,sb_005_00266,넥스디핀,넥스디핀,넥스디핀,S-amlodipine,S-amlodipine,molecule_recode,normalized,NOOP,HIGH
ml,ml_005,sb_005_00174,노마로크,노마로크,노마로크,amlodipine,amlodipine,molecule_recode,normalized,NOOP,HIGH
ml,ml_005,sb_005_00293,노마에스,노마에스,노마에스,S-amlodipine,S-amlodipine,molecule_recode,normalized,NOOP,HIGH
ml,ml_005,sb_005_00115,노바넬,노바넬,노바넬,amlodipine,amlodipine,molecule_recode,normalized,NOOP,HIGH
ml,ml_005,sb_005_00135,노바디크,노바디크,노바디크,amlodipine,amlodipine,molecule_recode,normalized,NOOP,HIGH
ml,ml_005,sb_005_00132,노바로크,노바로크,노바로크,amlodipine,amlodipine,molecule_recode,normalized,NOOP,HIGH
ml,ml_005,sb_005_00206,노바로핀,노바로핀,노바로핀,amlodipine,amlodipine,molecule_recode,normalized,NOOP,HIGH
ml,ml_005,sb_005_00167,노바모핀,노바모핀,노바모핀,amlodipine,amlodipine,molecule_recode,normalized,NOOP,HIGH
ml,ml_005,sb_005_00163,노바스칸,노바스칸,노바스칸,amlodipine,amlodipine,molecule_recode,normalized,NOOP,HIGH
ml,ml_005,sb_005_00136,노바스핀,노바스핀,노바스핀,amlodipine,amlodipine,molecule_recode,normalized,NOOP,HIGH
ml,ml_005,sb_005_00137,노바젠,노바젠,노바젠,amlodipine,amlodipine,molecule_recode,normalized,NOOP,HIGH
ml,ml_005,sb_005_00201,노바코트,노바코트,노바코트,amlodipine,amlodipine,molecule_recode,normalized,NOOP,HIGH
ml,ml_005,sb_005_00153,노바크,노바크,노바크,amlodipine,amlodipine,molecule_recode,normalized,NOOP,HIGH
ml,ml_005,sb_005_00193,노바텍,노바텍,노바텍,amlodipine,amlodipine,molecule_recode,normalized,NOOP,HIGH
ml,ml_005,sb_005_00113,노바틴,노바틴,노바틴,amlodipine,amlodipine,molecule_recode,normalized,NOOP,HIGH
ml,ml_005,sb_005_00126,노바포스,노바포스,노바포스,amlodipine,amlodipine,molecule_recode,normalized,NOOP,HIGH
ml,ml_005,sb_005_00187,노바핀,노바핀,노바핀,amlodipine,amlodipine,molecule_recode,normalized,NOOP,HIGH
ml,ml_005,sb_005_00182,노브디핀,노브디핀,노브디핀,amlodipine,amlodipine,molecule_recode,normalized,NOOP,HIGH
ml,ml_005,sb_005_00295,노브디핀 에스,노브디핀에스,노브디핀에스,S-amlodipine,S-amlodipine,molecule_recode,normalized,NOOP,HIGH
ml,ml_005,sb_005_00205,노브카핀,노브카핀,노브카핀,amlodipine,amlodipine,molecule_recode,normalized,NOOP,HIGH
ml,ml_005,sb_005_00275,노텐션,노텐션,노텐션,S-amlodipine,S-amlodipine,molecule_recode,normalized,NOOP,HIGH
ml,ml_005,sb_005_00191,뉴디핀,뉴디핀,뉴디핀,amlodipine,amlodipine,molecule_recode,normalized,NOOP,HIGH
ml,ml_005,sb_005_00270,뉴디핀 에스,뉴디핀에스,뉴디핀에스,S-amlodipine,S-amlodipine,molecule_recode,normalized,NOOP,HIGH
ml,ml_005,sb_005_00056,뉴딜렌,뉴딜렌,뉴딜렌,carvedilol,carvedilol,molecule_recode,normalized,NOOP,HIGH
ml,ml_005,sb_005_00155,뉴스크,뉴스크,뉴스크,amlodipine,amlodipine,molecule_recode,normalized,NOOP,HIGH
ml,ml_005,sb_005_00170,뉴아딘,뉴아딘,뉴아딘,amlodipine,amlodipine,molecule_recode,normalized,NOOP,HIGH
ml,ml_005,sb_005_00147,뉴 암로디프,뉴암로디프,뉴암로디프,amlodipine,amlodipine,molecule_recode,normalized,NOOP,HIGH
ml,ml_005,sb_005_00074,뉴카르벨로,뉴카르벨로,뉴카르벨로,carvedilol,carvedilol,molecule_recode,normalized,NOOP,HIGH
ml,ml_005,sb_005_00020,니코란,니코란,니코란,nicorandil,nicorandil,molecule_recode,normalized,NOOP,HIGH
ml,ml_005,sb_005_00016,니트로링구알,니트로링구알,니트로링구알,nitroglycerin,nitroglycerin,molecule_recode,normalized,NOOP,HIGH
ml,ml_005,sb_005_00261,니페딕스,니페딕스,니페딕스,nifedipine,nifedipine,molecule_recode,normalized,NOOP,HIGH
ml,ml_005,sb_005_00259,니페론,니페론,니페론,nifedipine,nifedipine,molecule_recode,normalized,NOOP,HIGH
ml,ml_005,sb_005_00093,달라트,달라트,달라트,carvedilol,carvedilol,molecule_recode,normalized,NOOP,HIGH
ml,ml_005,sb_005_00031,대우 아테놀올,대우아테놀올,대우아테놀올,atenolol,atenolol,molecule_recode,normalized,NOOP,HIGH
ml,ml_005,sb_005_00117,대웅바이오 암로디핀,대웅바이오암로디핀,대웅바이오암로디핀,amlodipine,amlodipine,molecule_recode,normalized,NOOP,HIGH
ml,ml_005,sb_005_00057,대웅바이오 카베디아,대웅바이오카베디아,대웅바이오카베디아,carvedilol,carvedilol,molecule_recode,normalized,NOOP,HIGH
ml,ml_005,sb_005_00121,동성 암로디핀,동성암로디핀,동성암로디핀,amlodipine,amlodipine,molecule_recode,normalized,NOOP,HIGH
ml,ml_005,sb_005_00122,동화 암로디핀베실산염,동화암로디핀베실산염,동화암로디핀베실산염,amlodipine,amlodipine,molecule_recode,normalized,NOOP,HIGH
ml,ml_005,sb_005_00082,듀베롤,듀베롤,듀베롤,carvedilol,carvedilol,molecule_recode,normalized,NOOP,HIGH
ml,ml_005,sb_005_00085,디란트,디란트,디란트,carvedilol,carvedilol,molecule_recode,normalized,NOOP,HIGH
ml,ml_005,sb_005_00133,디로바,디로바,디로바,amlodipine,amlodipine,molecule_recode,normalized,NOOP,HIGH
ml,ml_005,sb_005_00229,디로핀,디로핀,디로핀,felodipine,felodipine,molecule_recode,normalized,NOOP,HIGH
ml,ml_005,sb_005_00062,디카베 엠,디카베엠,디카베엠,carvedilol,carvedilol,molecule_recode,normalized,NOOP,HIGH
ml,ml_005,sb_005_00240,디크리핀,디크리핀,디크리핀,felodipine,felodipine,molecule_recode,normalized,NOOP,HIGH
ml,ml_005,sb_005_00066,딜라돌,딜라돌,딜라돌,carvedilol,carvedilol,molecule_recode,normalized,NOOP,HIGH
ml,ml_005,sb_005_00083,딜라트렌,딜라트렌,딜라트렌,carvedilol,carvedilol,molecule_recode,normalized,NOOP,HIGH
ml,ml_005,sb_005_00094,딜라트렌 에스알,딜라트렌에스알,딜라트렌에스알,carvedilol,carvedilol,molecule_recode,normalized,NOOP,HIGH
ml,ml_005,sb_005_00092,딜라트롤,딜라트롤,딜라트롤,carvedilol,carvedilol,molecule_recode,normalized,NOOP,HIGH
ml,ml_005,sb_005_00280,라이트 암로,라이트암로,라이트암로,S-amlodipine,S-amlodipine,molecule_recode,normalized,NOOP,HIGH
ml,ml_005,sb_005_00252,레니디핀,레니디핀,레니디핀,lercanidipine,lercanidipine,molecule_recode,normalized,NOOP,HIGH
ml,ml_005,sb_005_00247,레니딥,레니딥,레니딥,lercanidipine,lercanidipine,molecule_recode,normalized,NOOP,HIGH
ml,ml_005,sb_005_00253,레도핀,레도핀,레도핀,lercanidipine,lercanidipine,molecule_recode,normalized,NOOP,HIGH
ml,ml_005,sb_005_00278,레보디핀,레보디핀,레보디핀,S-amlodipine,S-amlodipine,molecule_recode,normalized,NOOP,HIGH
ml,ml_005,sb_005_00109,레보테놀,레보테놀,레보테놀,propranolol,propranolol,molecule_recode,normalized,NOOP,HIGH
ml,ml_005,sb_005_00279,레보텐션,레보텐션,레보텐션,S-amlodipine,S-amlodipine,molecule_recode,normalized,NOOP,HIGH
ml,ml_005,sb_005_00254,레카니,레카니,레카니,lercanidipine,lercanidipine,molecule_recode,normalized,NOOP,HIGH
ml,ml_005,sb_005_00246,레카디핀,레카디핀,레카디핀,lercanidipine,lercanidipine,molecule_recode,normalized,NOOP,HIGH
ml,ml_005,sb_005_00256,레카핀,레카핀,레카핀,lercanidipine,lercanidipine,molecule_recode,normalized,NOOP,HIGH
ml,ml_005,sb_005_00251,레칼핀,레칼핀,레칼핀,lercanidipine,lercanidipine,molecule_recode,normalized,NOOP,HIGH
ml,ml_005,sb_005_00297,로디엔,로디엔,로디엔,S-amlodipine,S-amlodipine,molecule_recode,normalized,NOOP,HIGH
ml,ml_005,sb_005_00281,로바디핀 에스,로바디핀에스,로바디핀에스,S-amlodipine,S-amlodipine,molecule_recode,normalized,NOOP,HIGH
ml,ml_005,sb_005_00161,로바스크,로바스크,로바스크,amlodipine,amlodipine,molecule_recode,normalized,NOOP,HIGH
ml,ml_005,sb_005_00157,로우딘,로우딘,로우딘,amlodipine,amlodipine,molecule_recode,normalized,NOOP,HIGH
ml,ml_005,sb_005_00248,로카딘,로카딘,로카딘,lercanidipine,lercanidipine,molecule_recode,normalized,NOOP,HIGH
ml,ml_005,sb_005_00258,마디핀,마디핀,마디핀,manidipine,manidipine,molecule_recode,normalized,NOOP,HIGH
ml,ml_005,sb_005_00124,메디핀,메디핀,메디핀,amlodipine,amlodipine,molecule_recode,normalized,NOOP,HIGH
ml,ml_005,sb_005_00022,메타진,메타진,메타진,trimetazidine,trimetazidine,molecule_recode,normalized,NOOP,HIGH
ml,ml_005,sb_005_00283,멜로디핀 에스,멜로디핀에스,멜로디핀에스,S-amlodipine,S-amlodipine,molecule_recode,normalized,NOOP,HIGH
ml,ml_005,sb_005_00014,명문 니트로글리세린,명문니트로글리세린,명문니트로글리세린,nitroglycerin,nitroglycerin,molecule_recode,normalized,NOOP,HIGH
ml,ml_005,sb_005_00125,명문 암로디핀,명문암로디핀,명문암로디핀,amlodipine,amlodipine,molecule_recode,normalized,NOOP,HIGH
ml,ml_005,sb_005_00018,몰시톤,몰시톤,몰시톤,molsidomine,molsidomine,molecule_recode,normalized,NOOP,HIGH
ml,ml_005,sb_005_00244,무노발,무노발,무노발,felodipine,felodipine,molecule_recode,normalized,NOOP,HIGH
ml,ml_005,sb_005_00051,미케란,미케란,미케란,carteolol,carteolol,molecule_recode,normalized,NOOP,HIGH
ml,ml_005,sb_005_00019,바딜,바딜,바딜,nicorandil,nicorandil,molecule_recode,normalized,NOOP,HIGH
ml,ml_005,sb_005_00141,바로디핀,바로디핀,바로디핀,amlodipine,amlodipine,molecule_recode,normalized,NOOP,HIGH
ml,ml_005,sb_005_00177,바로스크,바로스크,바로스크,amlodipine,amlodipine,molecule_recode,normalized,NOOP,HIGH
ml,ml_005,sb_005_00055,바소딜렌,바소딜렌,바소딜렌,carvedilol,carvedilol,molecule_recode,normalized,NOOP,HIGH
ml,ml_005,sb_005_00061,바소트롤,바소트롤,바소트롤,carvedilol,carvedilol,molecule_recode,normalized,NOOP,HIGH
ml,ml_005,sb_005_00025,바스티난,바스티난,바스티난,trimetazidine,trimetazidine,molecule_recode,normalized,NOOP,HIGH
ml,ml_005,sb_005_00026,바스티난 엠알,바스티난엠알,바스티난엠알,trimetazidine,trimetazidine,molecule_recode,normalized,NOOP,HIGH
ml,ml_005,sb_005_00065,바이넥스 카르베딜롤,바이넥스카르베딜롤,바이넥스카르베딜롤,carvedilol,carvedilol,molecule_recode,normalized,NOOP,HIGH
ml,ml_005,sb_005_00233,바이넥스 펠로디핀,바이넥스펠로디핀,바이넥스펠로디핀,felodipine,felodipine,molecule_recode,normalized,NOOP,HIGH
ml,ml_005,sb_005_00245,박사르,박사르,박사르,lacidipine,lacidipine,molecule_recode,normalized,NOOP,HIGH
ml,ml_005,sb_005_00175,베로디핀,베로디핀,베로디핀,amlodipine,amlodipine,molecule_recode,normalized,NOOP,HIGH
ml,ml_005,sb_005_00179,베로핀,베로핀,베로핀,amlodipine,amlodipine,molecule_recode,normalized,NOOP,HIGH
ml,ml_005,sb_005_00166,베스디핀,베스디핀,베스디핀,amlodipine,amlodipine,molecule_recode,normalized,NOOP,HIGH
ml,ml_005,sb_005_00211,베아디핀,베아디핀,베아디핀,amlodipine,amlodipine,molecule_recode,normalized,NOOP,HIGH
ml,ml_005,sb_005_00267,베아디핀 에스,베아디핀에스,베아디핀에스,S-amlodipine,S-amlodipine,molecule_recode,normalized,NOOP,HIGH
ml,ml_005,sb_005_00049,베타드렌,베타드렌,베타드렌,bisoprolo,bisoprolo,molecule_recode,normalized,NOOP,HIGH
ml,ml_005,sb_005_00095,베타록,베타록,베타록,metoprolol,metoprolol,molecule_recode,normalized,NOOP,HIGH
ml,ml_005,sb_005_00046,베타원,베타원,베타원,bisoprolo,bisoprolo,molecule_recode,normalized,NOOP,HIGH
ml,ml_005,sb_005_00048,베타프롤,베타프롤,베타프롤,bisoprolo,bisoprolo,molecule_recode,normalized,NOOP,HIGH
ml,ml_005,sb_005_00032,베테놀,베테놀,베테놀,atenolol,atenolol,molecule_recode,normalized,NOOP,HIGH
ml,ml_005,sb_005_00222,벤디핀,벤디핀,벤디핀,benidipine,benidipine,molecule_recode,normalized,NOOP,HIGH
ml,ml_005,sb_005_00041,부광 켈론,부광켈론,부광켈론,betaxolol,betaxolol,molecule_recode,normalized,NOOP,HIGH
ml,ml_005,sb_005_00050,비소폴,비소폴,비소폴,bisoprolo,bisoprolo,molecule_recode,normalized,NOOP,HIGH
ml,ml_005,sb_005_00130,비씨로우,비씨로우,비씨로우,amlodipine,amlodipine,molecule_recode,normalized,NOOP,HIGH
ml,ml_005,sb_005_00131,비아트리스 노바스크,비아트리스노바스크,비아트리스노바스크,amlodipine,amlodipine,molecule_recode,normalized,NOOP,HIGH
ml,ml_005,sb_005_00142,비엘 노바스,비엘노바스,비엘노바스,amlodipine,amlodipine,molecule_recode,normalized,NOOP,HIGH
ml,ml_005,sb_005_00286,사브,사브,사브,S-amlodipine,S-amlodipine,molecule_recode,normalized,NOOP,HIGH
ml,ml_005,sb_005_00024,삼남 염산트리메타지딘,삼남염산트리메타지딘,삼남염산트리메타지딘,trimetazidine,trimetazidine,molecule_recode,normalized,NOOP,HIGH
ml,ml_005,sb_005_00234,삼익 펠로디핀,삼익펠로디핀,삼익펠로디핀,felodipine,felodipine,molecule_recode,normalized,NOOP,HIGH
ml,ml_005,sb_005_00134,서울 암로디핀베실산염,서울암로디핀베실산염,서울암로디핀베실산염,amlodipine,amlodipine,molecule_recode,normalized,NOOP,HIGH
ml,ml_005,sb_005_00171,셀로디핀,셀로디핀,셀로디핀,amlodipine,amlodipine,molecule_recode,normalized,NOOP,HIGH
ml,ml_005,sb_005_00027,셀트리메,셀트리메,셀트리메,trimetazidine,trimetazidine,molecule_recode,normalized,NOOP,HIGH
ml,ml_005,sb_005_00110,소타론,소타론,소타론,sotalol,sotalol,molecule_recode,normalized,NOOP,HIGH
ml,ml_005,sb_005_00183,스카드 비,스카드비,스카드비,amlodipine,amlodipine,molecule_recode,normalized,NOOP,HIGH
ml,ml_005,sb_005_00204,스타디핀,스타디핀,스타디핀,amlodipine,amlodipine,molecule_recode,normalized,NOOP,HIGH
ml,ml_005,sb_canonical_007_시그마트,시그마트,시그마트,시그마트,nicorandil,nicorandil,molecule_recode,normalized,NOOP,HIGH
ml,ml_005,sb_005_00223,시나롱,시나롱,시나롱,benidipine,benidipine,molecule_recode,normalized,NOOP,HIGH
ml,ml_005,sb_005_00150,시암로핀,시암로핀,시암로핀,amlodipine,amlodipine,molecule_recode,normalized,NOOP,HIGH
ml,ml_005,sb_005_00140,신노바핀,신노바핀,신노바핀,amlodipine,amlodipine,molecule_recode,normalized,NOOP,HIGH
ml,ml_005,sb_005_00034,신일 아테놀올,신일아테놀올,신일아테놀올,atenolol,atenolol,molecule_recode,normalized,NOOP,HIGH
ml,ml_005,sb_005_00143,씨엠지 암로디핀,씨엠지암로디핀,씨엠지암로디핀,amlodipine,amlodipine,molecule_recode,normalized,NOOP,HIGH
ml,ml_005,sb_005_00250,아나딥,아나딥,아나딥,lercanidipine,lercanidipine,molecule_recode,normalized,NOOP,HIGH
ml,ml_005,sb_005_00035,아놀렉스,아놀렉스,아놀렉스,atenolol,atenolol,molecule_recode,normalized,NOOP,HIGH
ml,ml_005,sb_005_00260,아다핀오스모,아다핀오스모,아다핀오스모,nifedipine,nifedipine,molecule_recode,normalized,NOOP,HIGH
ml,ml_005,sb_005_00262,아달라트 오로스,아달라트오로스,아달라트오로스,nifedipine,nifedipine,molecule_recode,normalized,NOOP,HIGH
ml,ml_005,sb_005_00144,아드,아드,아드,amlodipine,amlodipine,molecule_recode,normalized,NOOP,HIGH
ml,ml_005,sb_005_00277,아드에스,아드에스,아드에스,S-amlodipine,S-amlodipine,molecule_recode,normalized,NOOP,HIGH
ml,ml_005,sb_005_00243,아디핀,아디핀,아디핀,felodipine,felodipine,molecule_recode,normalized,NOOP,HIGH
ml,ml_005,sb_005_00116,아로노바,아로노바,아로노바,amlodipine,amlodipine,molecule_recode,normalized,NOOP,HIGH
ml,ml_005,sb_005_00196,아로디핀,아로디핀,아로디핀,amlodipine,amlodipine,molecule_recode,normalized,NOOP,HIGH
ml,ml_005,sb_005_00162,아로딥,아로딥,아로딥,amlodipine,amlodipine,molecule_recode,normalized,NOOP,HIGH
ml,ml_005,sb_005_00185,아모디핀,아모디핀,아모디핀,amlodipine,amlodipine,molecule_recode,normalized,NOOP,HIGH
ml,ml_005,sb_005_00202,아모딘,아모딘,아모딘,amlodipine,amlodipine,molecule_recode,normalized,NOOP,HIGH
ml,ml_005,sb_005_00129,아모텐션,아모텐션,아모텐션,amlodipine,amlodipine,molecule_recode,normalized,NOOP,HIGH
ml,ml_005,sb_005_00151,아모핀,아모핀,아모핀,amlodipine,amlodipine,molecule_recode,normalized,NOOP,HIGH
ml,ml_005,sb_005_00217,아제로핀,아제로핀,아제로핀,azelnidipine,azelnidipine,molecule_recode,normalized,NOOP,HIGH
ml,ml_005,sb_005_00216,아제리아,아제리아,아제리아,azelnidipine,azelnidipine,molecule_recode,normalized,NOOP,HIGH
ml,ml_005,sb_005_00218,아젤디핀,아젤디핀,아젤디핀,azelnidipine,azelnidipine,molecule_recode,normalized,NOOP,HIGH
ml,ml_005,sb_005_00215,아젤블럭,아젤블럭,아젤블럭,azelnidipine,azelnidipine,molecule_recode,normalized,NOOP,HIGH
ml,ml_005,sb_005_00214,아젤핀,아젤핀,아젤핀,azelnidipine,azelnidipine,molecule_recode,normalized,NOOP,HIGH
ml,ml_005,sb_005_00039,아테나,아테나,아테나,atenolol,atenolol,molecule_recode,normalized,NOOP,HIGH
ml,ml_005,sb_005_00033,아테날,아테날,아테날,atenolol,atenolol,molecule_recode,normalized,NOOP,HIGH
ml,ml_005,sb_005_00030,아테놀,아테놀,아테놀,atenolol,atenolol,molecule_recode,normalized,NOOP,HIGH
ml,ml_005,sb_005_00037,아테놀민,아테놀민,아테놀민,atenolol,atenolol,molecule_recode,normalized,NOOP,HIGH
ml,ml_005,sb_005_00075,안국 카르베딜롤,안국카르베딜롤,안국카르베딜롤,carvedilol,carvedilol,molecule_recode,normalized,NOOP,HIGH
ml,ml_005,sb_005_00029,알말,알말,알말,arotinolol,arotinolol,molecule_recode,normalized,NOOP,HIGH
ml,ml_005,sb_005_00076,알베롤,알베롤,알베롤,carvedilol,carvedilol,molecule_recode,normalized,NOOP,HIGH
ml,ml_005,sb_005_00077,알보젠 카베디롤,알보젠카베디롤,알보젠카베디롤,carvedilol,carvedilol,molecule_recode,normalized,NOOP,HIGH
ml,ml_005,sb_005_00028,알잘,알잘,알잘,arotinolol,arotinolol,molecule_recode,normalized,NOOP,HIGH
ml,ml_005,sb_005_00067,알파디롤,알파디롤,알파디롤,carvedilol,carvedilol,molecule_recode,normalized,NOOP,HIGH
ml,ml_005,sb_005_00164,암로닌,암로닌,암로닌,amlodipine,amlodipine,molecule_recode,normalized,NOOP,HIGH
ml,ml_005,sb_005_00176,암로다,암로다,암로다,amlodipine,amlodipine,molecule_recode,normalized,NOOP,HIGH
ml,ml_005,sb_005_00165,암로다운,암로다운,암로다운,amlodipine,amlodipine,molecule_recode,normalized,NOOP,HIGH
ml,ml_005,sb_005_00210,암로다핀,암로다핀,암로다핀,amlodipine,amlodipine,molecule_recode,normalized,NOOP,HIGH
ml,ml_005,sb_005_00149,암로디,암로디,암로디,amlodipine,amlodipine,molecule_recode,normalized,NOOP,HIGH
ml,ml_005,sb_005_00112,암로디바,암로디바,암로디바,amlodipine,amlodipine,molecule_recode,normalized,NOOP,HIGH
ml,ml_005,sb_005_00118,암로디젠,암로디젠,암로디젠,amlodipine,amlodipine,molecule_recode,normalized,NOOP,HIGH
ml,ml_005,sb_005_00188,암로딘,암로딘,암로딘,amlodipine,amlodipine,molecule_recode,normalized,NOOP,HIGH
ml,ml_005,sb_005_00208,암로맥스,암로맥스,암로맥스,amlodipine,amlodipine,molecule_recode,normalized,NOOP,HIGH
ml,ml_005,sb_005_00168,암로바,암로바,암로바,amlodipine,amlodipine,molecule_recode,normalized,NOOP,HIGH
ml,ml_005,sb_005_00148,암로베틴,암로베틴,암로베틴,amlodipine,amlodipine,molecule_recode,normalized,NOOP,HIGH
ml,ml_005,sb_005_00173,암로비스,암로비스,암로비스,amlodipine,amlodipine,molecule_recode,normalized,NOOP,HIGH
ml,ml_005,sb_005_00190,암로스크,암로스크,암로스크,amlodipine,amlodipine,molecule_recode,normalized,NOOP,HIGH
ml,ml_005,sb_005_00111,암로스타,암로스타,암로스타,amlodipine,amlodipine,molecule_recode,normalized,NOOP,HIGH
ml,ml_005,sb_005_00120,암로스핀,암로스핀,암로스핀,amlodipine,amlodipine,molecule_recode,normalized,NOOP,HIGH
ml,ml_005,sb_005_00271,암로스핀 에스,암로스핀에스,암로스핀에스,S-amlodipine,S-amlodipine,molecule_recode,normalized,NOOP,HIGH
ml,ml_005,sb_005_00127,암로원,암로원,암로원,amlodipine,amlodipine,molecule_recode,normalized,NOOP,HIGH
ml,ml_005,sb_005_00207,암로칸,암로칸,암로칸,amlodipine,amlodipine,molecule_recode,normalized,NOOP,HIGH
ml,ml_005,sb_005_00119,암로크,암로크,암로크,amlodipine,amlodipine,molecule_recode,normalized,NOOP,HIGH
ml,ml_005,sb_005_00212,암로텐,암로텐,암로텐,amlodipine,amlodipine,molecule_recode,normalized,NOOP,HIGH
ml,ml_005,sb_005_00294,암로텐션 에스,암로텐션에스,암로텐션에스,S-amlodipine,S-amlodipine,molecule_recode,normalized,NOOP,HIGH
ml,ml_005,sb_005_00194,암로핀,암로핀,암로핀,amlodipine,amlodipine,molecule_recode,normalized,NOOP,HIGH
ml,ml_005,sb_005_00145,암롤,암롤,암롤,amlodipine,amlodipine,molecule_recode,normalized,NOOP,HIGH
ml,ml_005,sb_005_00282,암바스,암바스,암바스,S-amlodipine,S-amlodipine,molecule_recode,normalized,NOOP,HIGH
ml,ml_005,sb_005_00139,암베스,암베스,암베스,amlodipine,amlodipine,molecule_recode,normalized,NOOP,HIGH
ml,ml_005,sb_005_00128,암베스크,암베스크,암베스크,amlodipine,amlodipine,molecule_recode,normalized,NOOP,HIGH
ml,ml_005,sb_005_00274,암베스크 에스,암베스크에스,암베스크에스,S-amlodipine,S-amlodipine,molecule_recode,normalized,NOOP,HIGH
ml,ml_005,sb_005_00209,암비피,암비피,암비피,amlodipine,amlodipine,molecule_recode,normalized,NOOP,HIGH
ml,ml_005,sb_005_00287,암비피 에스,암비피에스,암비피에스,S-amlodipine,S-amlodipine,molecule_recode,normalized,NOOP,HIGH
ml,ml_005,sb_005_00197,애니디핀,애니디핀,애니디핀,amlodipine,amlodipine,molecule_recode,normalized,NOOP,HIGH
ml,ml_005,sb_005_00289,애니디핀 에스,애니디핀에스,애니디핀에스,S-amlodipine,S-amlodipine,molecule_recode,normalized,NOOP,HIGH
ml,ml_005,sb_005_00008,앤지비드,앤지비드,앤지비드,isosorbide,isosorbide,molecule_recode,normalized,NOOP,HIGH
ml,ml_005,sb_005_00203,에니틴,에니틴,에니틴,amlodipine,amlodipine,molecule_recode,normalized,NOOP,HIGH
ml,ml_005,sb_005_00200,에버디핀,에버디핀,에버디핀,amlodipine,amlodipine,molecule_recode,normalized,NOOP,HIGH
ml,ml_005,sb_005_00292,에스디핀,에스디핀,에스디핀,S-amlodipine,S-amlodipine,molecule_recode,normalized,NOOP,HIGH
ml,ml_005,sb_005_00284,에스로핀,에스로핀,에스로핀,S-amlodipine,S-amlodipine,molecule_recode,normalized,NOOP,HIGH
ml,ml_005,sb_005_00273,에스메디,에스메디,에스메디,S-amlodipine,S-amlodipine,molecule_recode,normalized,NOOP,HIGH
ml,ml_005,sb_005_00288,에스아로딥,에스아로딥,에스아로딥,S-amlodipine,S-amlodipine,molecule_recode,normalized,NOOP,HIGH
ml,ml_005,sb_005_00265,에스 암로딕스,에스암로딕스,에스암로딕스,S-amlodipine,S-amlodipine,molecule_recode,normalized,NOOP,HIGH
ml,ml_005,sb_005_00291,에스암로민,에스암로민,에스암로민,S-amlodipine,S-amlodipine,molecule_recode,normalized,NOOP,HIGH
ml,ml_005,sb_005_00268,에스암핀,에스암핀,에스암핀,S-amlodipine,S-amlodipine,molecule_recode,normalized,NOOP,HIGH
ml,ml_005,sb_005_00198,에이엠,에이엠,에이엠,amlodipine,amlodipine,molecule_recode,normalized,NOOP,HIGH
ml,ml_005,sb_005_00169,에이엠비즈,에이엠비즈,에이엠비즈,amlodipine,amlodipine,molecule_recode,normalized,NOOP,HIGH
ml,ml_005,sb_005_00290,에이엠에스,에이엠에스,에이엠에스,S-amlodipine,S-amlodipine,molecule_recode,normalized,NOOP,HIGH
ml,ml_005,sb_005_00189,에이핀,에이핀,에이핀,amlodipine,amlodipine,molecule_recode,normalized,NOOP,HIGH
ml,ml_005,sb_005_00013,엘로톤,엘로톤,엘로톤,isosorbide,isosorbide,molecule_recode,normalized,NOOP,HIGH
ml,ml_005,sb_005_00009,엘탄,엘탄,엘탄,isosorbide,isosorbide,molecule_recode,normalized,NOOP,HIGH
ml,ml_005,sb_005_00195,엠디핀,엠디핀,엠디핀,amlodipine,amlodipine,molecule_recode,normalized,NOOP,HIGH
ml,ml_005,sb_005_00285,엠디핀에스,엠디핀에스,엠디핀에스,S-amlodipine,S-amlodipine,molecule_recode,normalized,NOOP,HIGH
ml,ml_005,sb_005_00123,엠피디핀,엠피디핀,엠피디핀,amlodipine,amlodipine,molecule_recode,normalized,NOOP,HIGH
ml,ml_005,sb_005_00152,영진 암로디핀,영진암로디핀,영진암로디핀,amlodipine,amlodipine,molecule_recode,normalized,NOOP,HIGH
ml,ml_005,sb_005_00213,오로디핀,오로디핀,오로디핀,amlodipine,amlodipine,molecule_recode,normalized,NOOP,HIGH
ml,ml_005,sb_005_00154,오코디핀,오코디핀,오코디핀,amlodipine,amlodipine,molecule_recode,normalized,NOOP,HIGH
ml,ml_005,sb_005_00178,옥타디핀,옥타디핀,옥타디핀,amlodipine,amlodipine,molecule_recode,normalized,NOOP,HIGH
ml,ml_005,sb_005_00219,올데카,올데카,올데카,barnidipine,barnidipine,molecule_recode,normalized,NOOP,HIGH
ml,ml_005,sb_005_00036,올테놀,올테놀,올테놀,atenolol,atenolol,molecule_recode,normalized,NOOP,HIGH
ml,ml_005,sb_005_00059,원베롤,원베롤,원베롤,carvedilol,carvedilol,molecule_recode,normalized,NOOP,HIGH
ml,ml_005,sb_005_00158,유나스크,유나스크,유나스크,amlodipine,amlodipine,molecule_recode,normalized,NOOP,HIGH
ml,ml_005,sb_005_00236,유한 스프렌딜,유한스프렌딜,유한스프렌딜,felodipine,felodipine,molecule_recode,normalized,NOOP,HIGH
ml,ml_005,sb_005_00160,이디핀,이디핀,이디핀,amlodipine,amlodipine,molecule_recode,normalized,NOOP,HIGH
ml,ml_005,sb_005_00006,이소맥,이소맥,이소맥,isosorbide,isosorbide,molecule_recode,normalized,NOOP,HIGH
ml,ml_005,sb_005_00007,이소켓,이소켓,이소켓,isosorbide,isosorbide,molecule_recode,normalized,NOOP,HIGH
ml,ml_005,sb_005_00011,이소트릴,이소트릴,이소트릴,isosorbide,isosorbide,molecule_recode,normalized,NOOP,HIGH
ml,ml_005,sb_005_00272,이지텐션,이지텐션,이지텐션,S-amlodipine,S-amlodipine,molecule_recode,normalized,NOOP,HIGH
ml,ml_005,sb_005_00107,인데놀,인데놀,인데놀,propranolol,propranolol,molecule_recode,normalized,NOOP,HIGH
ml,ml_005,sb_005_00069,인트랙,인트랙,인트랙,carvedilol,carvedilol,molecule_recode,normalized,NOOP,HIGH
ml,ml_005,sb_005_00299,일성 이솦틴,일성이솦틴,일성이솦틴,verapamil,verapamil,molecule_recode,normalized,NOOP,HIGH
ml,ml_005,sb_005_00257,자니딥,자니딥,자니딥,lercanidipine,lercanidipine,molecule_recode,normalized,NOOP,HIGH
ml,ml_005,sb_005_00241,지로디핀,지로디핀,지로디핀,felodipine,felodipine,molecule_recode,normalized,NOOP,HIGH
ml,ml_005,sb_005_00276,지텐션,지텐션,지텐션,S-amlodipine,S-amlodipine,molecule_recode,normalized,NOOP,HIGH
ml,ml_005,sb_005_00060,카디렌,카디렌,카디렌,carvedilol,carvedilol,molecule_recode,normalized,NOOP,HIGH
ml,ml_005,sb_005_00226,카디아젬,카디아젬,카디아젬,diltiazem,diltiazem,molecule_recode,normalized,NOOP,HIGH
ml,ml_005,sb_005_00255,카디아핀,카디아핀,카디아핀,lercanidipine,lercanidipine,molecule_recode,normalized,NOOP,HIGH
ml,ml_005,sb_005_00053,카딜란,카딜란,카딜란,carvedilol,carvedilol,molecule_recode,normalized,NOOP,HIGH
ml,ml_005,sb_005_00072,카르디날,카르디날,카르디날,carvedilol,carvedilol,molecule_recode,normalized,NOOP,HIGH
ml,ml_005,sb_005_00089,카르베,카르베,카르베,carvedilol,carvedilol,molecule_recode,normalized,NOOP,HIGH
ml,ml_005,sb_005_00091,카르베롤,카르베롤,카르베롤,carvedilol,carvedilol,molecule_recode,normalized,NOOP,HIGH
ml,ml_005,sb_005_00090,카르베롤 서방,카르베롤서방,,carvedilol,carvedilol,molecule_recode,unmatched,NOOP,LOW
ml,ml_005,sb_005_00078,카르베타,카르베타,카르베타,carvedilol,carvedilol,molecule_recode,normalized,NOOP,HIGH
ml,ml_005,sb_005_00071,카베날,카베날,카베날,carvedilol,carvedilol,molecule_recode,normalized,NOOP,HIGH
ml,ml_005,sb_005_00088,카베닐,카베닐,카베닐,carvedilol,carvedilol,molecule_recode,normalized,NOOP,HIGH
ml,ml_005,sb_005_00080,카베돌,카베돌,카베돌,carvedilol,carvedilol,molecule_recode,normalized,NOOP,HIGH
ml,ml_005,sb_005_00058,카베디아,카베디아,카베디아,carvedilol,carvedilol,molecule_recode,normalized,NOOP,HIGH
ml,ml_005,sb_005_00070,카베딘,카베딘,카베딘,carvedilol,carvedilol,molecule_recode,normalized,NOOP,HIGH
ml,ml_005,sb_005_00081,카베딜,카베딜,카베딜,carvedilol,carvedilol,molecule_recode,normalized,NOOP,HIGH
ml,ml_005,sb_005_00073,카베씨티,카베씨티,카베씨티,carvedilol,carvedilol,molecule_recode,normalized,NOOP,HIGH
ml,ml_005,sb_005_00079,카베올,카베올,카베올,carvedilol,carvedilol,molecule_recode,normalized,NOOP,HIGH
ml,ml_005,sb_005_00063,카베타,카베타,카베타,carvedilol,carvedilol,molecule_recode,normalized,NOOP,HIGH
ml,ml_005,sb_005_00087,카베트렌,카베트렌,카베트렌,carvedilol,carvedilol,molecule_recode,normalized,NOOP,HIGH
ml,ml_005,sb_005_00068,카비롤,카비롤,카비롤,carvedilol,carvedilol,molecule_recode,normalized,NOOP,HIGH
ml,ml_005,sb_005_00269,카이로핀,카이로핀,카이로핀,S-amlodipine,S-amlodipine,molecule_recode,normalized,NOOP,HIGH
ml,ml_005,sb_005_00064,카터,카터,카터,carvedilol,carvedilol,molecule_recode,normalized,NOOP,HIGH
ml,ml_005,sb_005_00249,칼딥,칼딥,칼딥,lercanidipine,lercanidipine,molecule_recode,normalized,NOOP,HIGH
ml,ml_005,sb_005_00159,칼브록,칼브록,칼브록,amlodipine,amlodipine,molecule_recode,normalized,NOOP,HIGH
ml,ml_005,sb_005_00038,케이엠에스 아테놀올,케이엠에스아테놀올,케이엠에스아테놀올,atenolol,atenolol,molecule_recode,normalized,NOOP,HIGH
ml,ml_005,sb_005_00220,코닐,코닐,코닐,benidipine,benidipine,molecule_recode,normalized,NOOP,HIGH
ml,ml_005,sb_005_00221,코디핀,코디핀,코디핀,benidipine,benidipine,molecule_recode,normalized,NOOP,HIGH
ml,ml_005,sb_005_00146,코비스크,코비스크,코비스크,amlodipine,amlodipine,molecule_recode,normalized,NOOP,HIGH
ml,ml_005,sb_005_00042,콩브럭,콩브럭,콩브럭,bisoprolo,bisoprolo,molecule_recode,normalized,NOOP,HIGH
ml,ml_005,sb_005_00044,콩코르,콩코르,콩코르,bisoprolo,bisoprolo,molecule_recode,normalized,NOOP,HIGH
ml,ml_005,sb_005_00043,콩크린,콩크린,콩크린,bisoprolo,bisoprolo,molecule_recode,normalized,NOOP,HIGH
ml,ml_005,sb_005_00138,크라노스,크라노스,크라노스,amlodipine,amlodipine,molecule_recode,normalized,NOOP,HIGH
ml,ml_005,sb_005_00199,태극 암로디핀,태극암로디핀,태극암로디핀,amlodipine,amlodipine,molecule_recode,normalized,NOOP,HIGH
ml,ml_005,sb_005_00108,테프라,테프라,테프라,propranolol,propranolol,molecule_recode,normalized,NOOP,HIGH
ml,ml_005,sb_005_00023,트리진,트리진,트리진,trimetazidine,trimetazidine,molecule_recode,normalized,NOOP,HIGH
ml,ml_005,sb_005_00172,티디에스 베실산암로디핀,티디에스베실산암로디핀,티디에스베실산암로디핀,amlodipine,amlodipine,molecule_recode,normalized,NOOP,HIGH
ml,ml_005,sb_005_00192,파인디핀,파인디핀,파인디핀,amlodipine,amlodipine,molecule_recode,normalized,NOOP,HIGH
ml,ml_005,sb_005_00242,펠로덴,펠로덴,펠로덴,felodipine,felodipine,molecule_recode,normalized,NOOP,HIGH
ml,ml_005,sb_005_00235,펠로디온,펠로디온,펠로디온,felodipine,felodipine,molecule_recode,normalized,NOOP,HIGH
ml,ml_005,sb_005_00239,펠로딥,펠로딥,펠로딥,felodipine,felodipine,molecule_recode,normalized,NOOP,HIGH
ml,ml_005,sb_005_00231,펠로핀,펠로핀,펠로핀,felodipine,felodipine,molecule_recode,normalized,NOOP,HIGH
ml,ml_005,sb_005_00238,펠론,펠론,펠론,felodipine,felodipine,molecule_recode,normalized,NOOP,HIGH
ml,ml_005,sb_005_00225,푸로골,푸로골,푸로골,diltiazem,diltiazem,molecule_recode,normalized,NOOP,HIGH
ml,ml_005,sb_005_00181,프레스틴,프레스틴,프레스틴,amlodipine,amlodipine,molecule_recode,normalized,NOOP,HIGH
ml,ml_005,sb_005_00017,프로코라란,프로코라란,프로코라란,ivabradine,ivabradine,molecule_recode,normalized,NOOP,HIGH
ml,ml_005,sb_005_00228,핀테,핀테,핀테,efonidipine,efonidipine,molecule_recode,normalized,NOOP,HIGH
ml,ml_005,sb_005_00015,하나 니트로글리세린,하나니트로글리세린,하나니트로글리세린,nitroglycerin,nitroglycerin,molecule_recode,normalized,NOOP,HIGH
ml,ml_005,sb_005_00232,하이드로핀,하이드로핀,하이드로핀,felodipine,felodipine,molecule_recode,normalized,NOOP,HIGH
ml,ml_005,sb_005_00296,하이탑핀,하이탑핀,하이탑핀,S-amlodipine,S-amlodipine,molecule_recode,normalized,NOOP,HIGH
ml,ml_005,sb_005_00237,하이퍼,하이퍼,하이퍼,felodipine,felodipine,molecule_recode,normalized,NOOP,HIGH
ml,ml_005,sb_005_00227,하이퍼벤,하이퍼벤,하이퍼벤,diltiazem,diltiazem,molecule_recode,normalized,NOOP,HIGH
ml,ml_005,sb_005_00156,하퍼텐,하퍼텐,하퍼텐,amlodipine,amlodipine,molecule_recode,normalized,NOOP,HIGH
ml,ml_005,sb_005_00230,할로핀,할로핀,할로핀,felodipine,felodipine,molecule_recode,normalized,NOOP,HIGH
ml,ml_005,sb_005_00224,헤르벤,헤르벤,헤르벤,diltiazem,diltiazem,molecule_recode,normalized,NOOP,HIGH
ml,ml_005,sb_005_00045,헤미푸롤,헤미푸롤,헤미푸롤,bisoprolo,bisoprolo,molecule_recode,normalized,NOOP,HIGH
ml,ml_005,sb_005_00040,현대 테놀민,현대테놀민,현대테놀민,atenolol,atenolol,molecule_recode,normalized,NOOP,HIGH
ml,ml_005,sb_005_00180,휴온스 암로디핀,휴온스암로디핀,휴온스암로디핀,amlodipine,amlodipine,molecule_recode,normalized,NOOP,HIGH
ml,ml_006,sb_006_00701,건피타,건피타,건피타,pitavastatin calcium,Statin,molecule,normalized,UPDATE,HIGH
ml,ml_006,sb_006_00465,광동 아토르바스타틴,광동아토르바스타틴,광동아토르바스타틴,atorvastatin calcium,Statin,molecule,normalized,UPDATE,HIGH
ml,ml_006,sb_006_00650,글로스타,글로스타,글로스타,atorvastatin calcium,Statin,molecule,normalized,UPDATE,HIGH
ml,ml_006,sb_006_00171,글로젯,글로젯,글로젯,"atorvastatin calcium trihydrate  ( as atorvastatin),  ezetimibe",Statin/EZE,molecule,normalized,UPDATE,HIGH
ml,ml_006,sb_006_00475,네오아토,네오아토,네오아토,atorvastatin calcium,Statin,molecule,normalized,UPDATE,HIGH
ml,ml_006,sb_006_00451,뉴마코 알,뉴마코알,뉴마코알,"omega-3-acids ethyl esters90,  rosuvastatin calcium",제외,molecule,normalized,UPDATE,HIGH
ml,ml_006,sb_006_00712,뉴바로,뉴바로,뉴바로,pitavastatin calcium,Statin,molecule,normalized,UPDATE,HIGH
ml,ml_006,sb_006_00697,뉴바스트,뉴바스트,뉴바스트,atorvastatin strontium pentahydrate,Statin,molecule,normalized,UPDATE,HIGH
ml,ml_006,sb_006_00911,뉴슈바틴,뉴슈바틴,뉴슈바틴,rosuvastatin calcium  ( as rosuvastatin),Statin,molecule,normalized,UPDATE,HIGH
ml,ml_006,sb_006_00281,뉴스타젯 알,뉴스타젯알,뉴스타젯알,"ezetimibe,  rosuvastatin calcium  ( as rosuvastatin)",Statin/EZE,molecule,normalized,UPDATE,HIGH
ml,ml_006,sb_006_00422,뉴스타틴 듀오,뉴스타틴듀오,뉴스타틴듀오,"fenofibrate granule,  pitavastatin calcium",제외,molecule,normalized,UPDATE,HIGH
ml,ml_006,sb_006_00875,뉴스타틴 알,뉴스타틴알,뉴스타틴알,rosuvastatin calcium  ( as rosuvastatin),Statin,molecule,normalized,UPDATE,HIGH
ml,ml_006,sb_006_00537,뉴스타틴-에이,뉴스타틴-에이,뉴스타틴-에이,atorvastatin calcium,Statin,molecule,normalized,UPDATE,HIGH
ml,ml_006,sb_006_00821,뉴스토,뉴스토,뉴스토,rosuvastatin calcium  ( as rosuvastatin),Statin,molecule,normalized,UPDATE,HIGH
ml,ml_006,sb_006_00092,뉴 아토르젯,뉴아토르젯,뉴아토르젯,"atorvastatin calcium trihydrate  ( as atorvastatin),  ezetimibe",Statin/EZE,molecule,normalized,UPDATE,HIGH
ml,ml_006,sb_006_00568,뉴 아토르타,뉴아토르타,뉴아토르타,atorvastatin calcium,Statin,molecule,normalized,UPDATE,HIGH
ml,ml_006,sb_006_00492,뉴토르,뉴토르,뉴토르,atorvastatin calcium,Statin,molecule,normalized,UPDATE,HIGH
ml,ml_006,sb_006_00203,뉴토메가,뉴토메가,뉴토메가,"atorvastatin calcium trihydrate  ( as atorvastatin),  omega-3-acids ethyl esters90",제외,molecule,normalized,UPDATE,HIGH
ml,ml_006,sb_006_00037,뉴토젯,뉴토젯,뉴토젯,"atorvastatin calcium trihydrate  ( as atorvastatin),  ezetimibe",Statin/EZE,molecule,normalized,UPDATE,HIGH
ml,ml_006,sb_006_00600,뉴펙스,뉴펙스,뉴펙스,atorvastatin calcium,Statin,molecule,normalized,UPDATE,HIGH
ml,ml_006,sb_006_00508,뉴피토,뉴피토,뉴피토,atorvastatin calcium,Statin,molecule,normalized,UPDATE,HIGH
ml,ml_006,sb_006_00232,다비듀오,다비듀오,다비듀오,"ezetimibe,  rosuvastatin calcium  ( as rosuvastatin)",Statin/EZE,molecule,normalized,UPDATE,HIGH
ml,ml_006,sb_006_00809,대웅 로수바스타틴,대웅로수바스타틴,대웅로수바스타틴,rosuvastatin calcium  ( as rosuvastatin),Statin,molecule,normalized,UPDATE,HIGH
ml,ml_006,sb_006_00481,대웅바이오 아토르바스타틴,대웅바이오아토르바스타틴,대웅바이오아토르바스타틴,atorvastatin calcium,Statin,molecule,normalized,UPDATE,HIGH
ml,ml_006,sb_006_00826,동광 로수바스타틴칼슘,동광로수바스타틴칼슘,동광로수바스타틴칼슘,rosuvastatin calcium  ( as rosuvastatin),Statin,molecule,normalized,UPDATE,HIGH
ml,ml_006,sb_006_00713,동광 피타바스타틴,동광피타바스타틴,동광피타바스타틴,pitavastatin calcium,Statin,molecule,normalized,UPDATE,HIGH
ml,ml_006,sb_006_00835,동성 로수바스타틴,동성로수바스타틴,동성로수바스타틴,rosuvastatin calcium  ( as rosuvastatin),Statin,molecule,normalized,UPDATE,HIGH
ml,ml_006,sb_006_01062,동성 심바스타틴,동성심바스타틴,동성심바스타틴,simvastatin,Statin,molecule,normalized,UPDATE,HIGH
ml,ml_006,sb_006_00839,동화 로수바스타틴,동화로수바스타틴,동화로수바스타틴,rosuvastatin calcium  ( as rosuvastatin),Statin,molecule,normalized,UPDATE,HIGH
ml,ml_006,sb_006_00151,듀얼 아토,듀얼아토,듀얼아토,"atorvastatin calcium trihydrate  ( as atorvastatin),  ezetimibe",Statin/EZE,molecule,normalized,UPDATE,HIGH
ml,ml_006,sb_006_00260,듀오논,듀오논,듀오논,"ezetimibe,  rosuvastatin calcium  ( as rosuvastatin)",Statin/EZE,molecule,normalized,UPDATE,HIGH
ml,ml_006,sb_006_00221,듀오로반,듀오로반,듀오로반,"ezetimibe,  rosuvastatin calcium  ( as rosuvastatin)",Statin/EZE,molecule,normalized,UPDATE,HIGH
ml,ml_006,sb_006_00389,듀오토린,듀오토린,듀오토린,"ezetimibe,  simvastatin",Statin/EZE,molecule,normalized,UPDATE,HIGH
ml,ml_006,sb_006_00079,듀토르,듀토르,듀토르,"atorvastatin calcium trihydrate  ( as atorvastatin),  ezetimibe",Statin/EZE,molecule,normalized,UPDATE,HIGH
ml,ml_006,sb_006_00331,드롭탑,드롭탑,드롭탑,"ezetimibe,  rosuvastatin calcium  ( as rosuvastatin)",Statin/EZE,molecule,normalized,UPDATE,HIGH
ml,ml_006,sb_006_00746,디엠타틴,디엠타틴,디엠타틴,pitavastatin calcium,Statin,molecule,normalized,UPDATE,HIGH
ml,ml_006,sb_006_00580,라도바,라도바,라도바,atorvastatin calcium,Statin,molecule,normalized,UPDATE,HIGH
ml,ml_006,sb_006_00101,라도젯,라도젯,라도젯,"atorvastatin calcium trihydrate  ( as atorvastatin),  ezetimibe",Statin/EZE,molecule,normalized,UPDATE,HIGH
ml,ml_006,sb_006_00583,라토바,라토바,라토바,atorvastatin calcium,Statin,molecule,normalized,UPDATE,HIGH
ml,ml_006,sb_006_00700,레스콜 엑스엘,레스콜엑스엘,레스콜엑스엘,fluvastatin,Statin,molecule,normalized,UPDATE,HIGH
ml,ml_006,sb_006_00976,레스타,레스타,레스타,rosuvastatin calcium  ( as rosuvastatin),Statin,molecule,normalized,UPDATE,HIGH
ml,ml_006,sb_006_00516,레토바,레토바,레토바,atorvastatin calcium,Statin,molecule,normalized,UPDATE,HIGH
ml,ml_006,sb_006_00919,로레스토,로레스토,로레스토,rosuvastatin calcium  ( as rosuvastatin),Statin,molecule,normalized,UPDATE,HIGH
ml,ml_006,sb_006_00443,로메가,로메가,로메가,"omega-3-acids ethyl esters90,  rosuvastatin calcium",제외,molecule,normalized,UPDATE,HIGH
ml,ml_006,sb_006_00341,로미젯,로미젯,로미젯,"ezetimibe,  rosuvastatin calcium  ( as rosuvastatin)",Statin/EZE,molecule,normalized,UPDATE,HIGH
ml,ml_006,sb_006_00236,로바듀엣,로바듀엣,로바듀엣,"ezetimibe,  rosuvastatin calcium  ( as rosuvastatin)",Statin/EZE,molecule,normalized,UPDATE,HIGH
ml,ml_006,sb_006_00768,로바로우,로바로우,로바로우,pitavastatin calcium,Statin,molecule,normalized,UPDATE,HIGH
ml,ml_006,sb_006_01039,로바스로,로바스로,로바스로,rosuvastatin calcium  ( as rosuvastatin),Statin,molecule,normalized,UPDATE,HIGH
ml,ml_006,sb_006_00950,로바스타,로바스타,로바스타,rosuvastatin calcium  ( as rosuvastatin),Statin,molecule,normalized,UPDATE,HIGH
ml,ml_006,sb_006_00925,로바스토,로바스토,로바스토,rosuvastatin calcium  ( as rosuvastatin),Statin,molecule,normalized,UPDATE,HIGH
ml,ml_006,sb_006_00944,로바원,로바원,로바원,rosuvastatin calcium  ( as rosuvastatin),Statin,molecule,normalized,UPDATE,HIGH
ml,ml_006,sb_006_00904,로바이드,로바이드,로바이드,rosuvastatin calcium  ( as rosuvastatin),Statin,molecule,normalized,UPDATE,HIGH
ml,ml_006,sb_006_00254,로바 이지,로바이지,로바이지,"ezetimibe,  rosuvastatin calcium  ( as rosuvastatin)",Statin/EZE,molecule,normalized,UPDATE,HIGH
ml,ml_006,sb_006_00312,로바젯,로바젯,로바젯,"ezetimibe,  rosuvastatin calcium  ( as rosuvastatin)",Statin/EZE,molecule,normalized,UPDATE,HIGH
ml,ml_006,sb_006_00885,로바칸,로바칸,로바칸,rosuvastatin calcium  ( as rosuvastatin),Statin,molecule,normalized,UPDATE,HIGH
ml,ml_006,sb_006_00997,로바케이,로바케이,로바케이,rosuvastatin calcium  ( as rosuvastatin),Statin,molecule,normalized,UPDATE,HIGH
ml,ml_006,sb_006_01002,로바탄,로바탄,로바탄,rosuvastatin calcium  ( as rosuvastatin),Statin,molecule,normalized,UPDATE,HIGH
ml,ml_006,sb_006_00803,로바테롤,로바테롤,로바테롤,rosuvastatin calcium  ( as rosuvastatin),Statin,molecule,normalized,UPDATE,HIGH
ml,ml_006,sb_006_01034,로바트,로바트,로바트,rosuvastatin calcium  ( as rosuvastatin),Statin,molecule,normalized,UPDATE,HIGH
ml,ml_006,sb_006_00967,로베틴,로베틴,로베틴,rosuvastatin calcium  ( as rosuvastatin),Statin,molecule,normalized,UPDATE,HIGH
ml,ml_006,sb_006_00872,로비탄,로비탄,로비탄,rosuvastatin calcium  ( as rosuvastatin),Statin,molecule,normalized,UPDATE,HIGH
ml,ml_006,sb_006_00891,로수그린,로수그린,로수그린,rosuvastatin calcium  ( as rosuvastatin),Statin,molecule,normalized,UPDATE,HIGH
ml,ml_006,sb_006_00853,로수넥스,로수넥스,로수넥스,rosuvastatin calcium  ( as rosuvastatin),Statin,molecule,normalized,UPDATE,HIGH
ml,ml_006,sb_006_00309,로수 듀오,로수듀오,로수듀오,"ezetimibe,  rosuvastatin calcium  ( as rosuvastatin)",Statin/EZE,molecule,normalized,UPDATE,HIGH
ml,ml_006,sb_006_00987,로수로드,로수로드,로수로드,rosuvastatin calcium  ( as rosuvastatin),Statin,molecule,normalized,UPDATE,HIGH
ml,ml_006,sb_006_00789,로수리딘,로수리딘,로수리딘,rosuvastatin calcium  ( as rosuvastatin),Statin,molecule,normalized,UPDATE,HIGH
ml,ml_006,sb_006_00450,로수맥 콤비젤,로수맥콤비젤,로수맥콤비젤,"omega-3-acids ethyl esters90,  rosuvastatin calcium | omega-3-acids ethyl esters90,  rosuvastatin calcium  ( as rosuvastatin)",제외,molecule,normalized,UPDATE,HIGH
ml,ml_006,sb_006_00444,로수메가,로수메가,로수메가,"omega-3-acids ethyl esters90,  rosuvastatin calcium",제외,molecule,normalized,UPDATE,HIGH
ml,ml_006,sb_006_01008,로수메디,로수메디,로수메디,rosuvastatin calcium  ( as rosuvastatin),Statin,molecule,normalized,UPDATE,HIGH
ml,ml_006,sb_006_00797,로수민,로수민,로수민,rosuvastatin calcium  ( as rosuvastatin),Statin,molecule,normalized,UPDATE,HIGH
ml,ml_006,sb_006_01021,로수바,로수바,로수바,rosuvastatin calcium  ( as rosuvastatin),Statin,molecule,normalized,UPDATE,HIGH
ml,ml_006,sb_006_00325,로수바미브,로수바미브,로수바미브,"ezetimibe,  rosuvastatin calcium  ( as rosuvastatin)",Statin/EZE,molecule,normalized,UPDATE,HIGH
ml,ml_006,sb_006_01023,로수바스타퀄,로수바스타퀄,로수바스타퀄,rosuvastatin calcium  ( as rosuvastatin),Statin,molecule,normalized,UPDATE,HIGH
ml,ml_006,sb_006_00992,로수바신,로수바신,로수바신,rosuvastatin calcium  ( as rosuvastatin),Statin,molecule,normalized,UPDATE,HIGH
ml,ml_006,sb_006_00844,로수바엘,로수바엘,로수바엘,rosuvastatin calcium  ( as rosuvastatin),Statin,molecule,normalized,UPDATE,HIGH
ml,ml_006,sb_006_00843,로수바 엠,로수바엠,로수바엠,rosuvastatin calcium  ( as rosuvastatin),Statin,molecule,normalized,UPDATE,HIGH
ml,ml_006,sb_006_00454,로수바코,로수바코,로수바코,"omega-3-acids ethyl esters90,  rosuvastatin calcium",제외,molecule,normalized,UPDATE,HIGH
ml,ml_006,sb_006_00994,로수바틴,로수바틴,로수바틴,rosuvastatin calcium  ( as rosuvastatin),Statin,molecule,normalized,UPDATE,HIGH
ml,ml_006,sb_006_00959,로수반,로수반,로수반,rosuvastatin calcium  ( as rosuvastatin),Statin,molecule,normalized,UPDATE,HIGH
ml,ml_006,sb_006_00947,로수브이,로수브이,로수브이,rosuvastatin calcium  ( as rosuvastatin),Statin,molecule,normalized,UPDATE,HIGH
ml,ml_006,sb_006_00338,로수브젯,로수브젯,로수브젯,"ezetimibe,  rosuvastatin calcium  ( as rosuvastatin)",Statin/EZE,molecule,normalized,UPDATE,HIGH
ml,ml_006,sb_006_00270,로수에제,로수에제,로수에제,"ezetimibe,  rosuvastatin calcium  ( as rosuvastatin)",Statin/EZE,molecule,normalized,UPDATE,HIGH
ml,ml_006,sb_006_00350,로수에젯,로수에젯,로수에젯,"ezetimibe,  rosuvastatin calcium  ( as rosuvastatin)",Statin/EZE,molecule,normalized,UPDATE,HIGH
ml,ml_006,sb_006_00224,로수에지,로수에지,로수에지,"ezetimibe,  rosuvastatin calcium  ( as rosuvastatin)",Statin/EZE,molecule,normalized,UPDATE,HIGH
ml,ml_006,sb_006_00266,로수엠젯,로수엠젯,로수엠젯,"ezetimibe,  rosuvastatin calcium  ( as rosuvastatin)",Statin/EZE,molecule,normalized,UPDATE,HIGH
ml,ml_006,sb_006_00360,로수젯,로수젯,로수젯,"ezetimibe,  rosuvastatin calcium  ( as rosuvastatin)",Statin/EZE,molecule,normalized,UPDATE,HIGH
ml,ml_006,sb_006_00455,로수코마,로수코마,로수코마,"omega-3-acids ethyl esters90,  rosuvastatin calcium",제외,molecule,normalized,UPDATE,HIGH
ml,ml_006,sb_006_00832,로수탄,로수탄,로수탄,rosuvastatin calcium  ( as rosuvastatin),Statin,molecule,normalized,UPDATE,HIGH
ml,ml_006,sb_006_00256,로수탄젯,로수탄젯,로수탄젯,"ezetimibe,  rosuvastatin calcium  ( as rosuvastatin)",Statin/EZE,molecule,normalized,UPDATE,HIGH
ml,ml_006,sb_006_00896,로수탑,로수탑,로수탑,rosuvastatin calcium  ( as rosuvastatin),Statin,molecule,normalized,UPDATE,HIGH
ml,ml_006,sb_006_00845,로수테롤,로수테롤,로수테롤,rosuvastatin calcium  ( as rosuvastatin),Statin,molecule,normalized,UPDATE,HIGH
ml,ml_006,sb_006_00781,로수토바,로수토바,로수토바,rosuvastatin calcium  ( as rosuvastatin),Statin,molecule,normalized,UPDATE,HIGH
ml,ml_006,sb_006_00879,로수틴,로수틴,로수틴,rosuvastatin calcium  ( as rosuvastatin),Statin,molecule,normalized,UPDATE,HIGH
ml,ml_006,sb_006_00841,로수틴 엠,로수틴엠,로수틴엠,rosuvastatin calcium  ( as rosuvastatin),Statin,molecule,normalized,UPDATE,HIGH
ml,ml_006,sb_006_00965,로슈바,로슈바,로슈바,rosuvastatin calcium  ( as rosuvastatin),Statin,molecule,normalized,UPDATE,HIGH
ml,ml_006,sb_006_01000,로슈타,로슈타,로슈타,rosuvastatin calcium  ( as rosuvastatin),Statin,molecule,normalized,UPDATE,HIGH
ml,ml_006,sb_006_00829,로스바탄,로스바탄,로스바탄,rosuvastatin calcium  ( as rosuvastatin),Statin,molecule,normalized,UPDATE,HIGH
ml,ml_006,sb_006_00922,로스타,로스타,로스타,rosuvastatin calcium  ( as rosuvastatin),Statin,molecule,normalized,UPDATE,HIGH
ml,ml_006,sb_006_00887,로스타젠,로스타젠,로스타젠,rosuvastatin calcium  ( as rosuvastatin),Statin,molecule,normalized,UPDATE,HIGH
ml,ml_006,sb_006_01018,로스토,로스토,로스토,rosuvastatin calcium  ( as rosuvastatin),Statin,molecule,normalized,UPDATE,HIGH
ml,ml_006,sb_006_00347,로스토린,로스토린,로스토린,"ezetimibe,  rosuvastatin calcium  ( as rosuvastatin)",Statin/EZE,molecule,normalized,UPDATE,HIGH
ml,ml_006,sb_006_01045,로스톤,로스톤,로스톤,rosuvastatin calcium  ( as rosuvastatin),Statin,molecule,normalized,UPDATE,HIGH
ml,ml_006,sb_006_00908,로스틴,로스틴,로스틴,rosuvastatin calcium  ( as rosuvastatin),Statin,molecule,normalized,UPDATE,HIGH
ml,ml_006,sb_006_00238,로에제,로에제,로에제,"ezetimibe,  rosuvastatin calcium  ( as rosuvastatin)",Statin/EZE,molecule,normalized,UPDATE,HIGH
ml,ml_006,sb_006_00259,로우로제,로우로제,로우로제,"ezetimibe,  rosuvastatin calcium  ( as rosuvastatin)",Statin/EZE,molecule,normalized,UPDATE,HIGH
ml,ml_006,sb_006_00334,로제듀오,로제듀오,로제듀오,"ezetimibe,  rosuvastatin calcium  ( as rosuvastatin)",Statin/EZE,molecule,normalized,UPDATE,HIGH
ml,ml_006,sb_006_00284,로제로우,로제로우,로제로우,"ezetimibe,  rosuvastatin calcium  ( as rosuvastatin)",Statin/EZE,molecule,normalized,UPDATE,HIGH
ml,ml_006,sb_006_00227,로제 케이,로제케이,로제케이,"ezetimibe,  rosuvastatin calcium  ( as rosuvastatin)",Statin/EZE,molecule,normalized,UPDATE,HIGH
ml,ml_006,sb_006_00452,로제코,로제코,로제코,"omega-3-acids ethyl esters90,  rosuvastatin calcium",제외,molecule,normalized,UPDATE,HIGH
ml,ml_006,sb_006_00303,로제티브,로제티브,로제티브,"ezetimibe,  rosuvastatin calcium  ( as rosuvastatin)",Statin/EZE,molecule,normalized,UPDATE,HIGH
ml,ml_006,sb_006_00273,로젯,로젯,로젯,"ezetimibe,  rosuvastatin calcium  ( as rosuvastatin)",Statin/EZE,molecule,normalized,UPDATE,HIGH
ml,ml_006,sb_006_00316,로젯탐,로젯탐,로젯탐,"ezetimibe,  rosuvastatin calcium  ( as rosuvastatin)",Statin/EZE,molecule,normalized,UPDATE,HIGH
ml,ml_006,sb_006_00287,로타젯,로타젯,로타젯,"ezetimibe,  rosuvastatin calcium  ( as rosuvastatin)",Statin/EZE,molecule,normalized,UPDATE,HIGH
ml,ml_006,sb_006_00784,로트로반,로트로반,로트로반,rosuvastatin calcium  ( as rosuvastatin),Statin,molecule,normalized,UPDATE,HIGH
ml,ml_006,sb_006_00364,로티미브,로티미브,로티미브,"ezetimibe,  rosuvastatin calcium  ( as rosuvastatin)",Statin/EZE,molecule,normalized,UPDATE,HIGH
ml,ml_006,sb_006_00263,로티브,로티브,로티브,"ezetimibe,  rosuvastatin calcium  ( as rosuvastatin)",Statin/EZE,molecule,normalized,UPDATE,HIGH
ml,ml_006,sb_006_00293,로티젯,로티젯,로티젯,"ezetimibe,  rosuvastatin calcium  ( as rosuvastatin)",Statin/EZE,molecule,normalized,UPDATE,HIGH
ml,ml_006,sb_006_00733,로피타,로피타,로피타,pitavastatin calcium,Statin,molecule,normalized,UPDATE,HIGH
ml,ml_006,sb_006_01013,록스바,록스바,록스바,rosuvastatin calcium  ( as rosuvastatin),Statin,molecule,normalized,UPDATE,HIGH
ml,ml_006,sb_006_00428,리로우펜,리로우펜,리로우펜,"fenofibrate granule,  pitavastatin calcium",제외,molecule,normalized,UPDATE,HIGH
ml,ml_006,sb_canonical_008_리바로,리바로,리바로,리바로,pitavastatin calcium,Statin,molecule,normalized,UPDATE,HIGH
ml,ml_006,sb_canonical_009_리바로젯,리바로젯,리바로젯,리바로젯,"ezetimibe,  pitavastatin calcium hydrate  ( as pitavastatin calcium)",Statin/EZE,molecule,normalized,UPDATE,HIGH
ml,ml_006,sb_006_00434,리바로페노,리바로페노,리바로페노,"fenofibric acid,  pitavastatin calcium hydrate  ( as pitavastatin calcium)",제외,molecule,normalized,UPDATE,HIGH
ml,ml_006,sb_006_00759,리바스타,리바스타,리바스타,pitavastatin calcium,Statin,molecule,normalized,UPDATE,HIGH
ml,ml_006,sb_006_01091,리바스타틴,리바스타틴,리바스타틴,simvastatin,Statin,molecule,normalized,UPDATE,HIGH
ml,ml_006,sb_006_00176,리바젯,리바젯,리바젯,"atorvastatin calcium trihydrate  ( as atorvastatin),  ezetimibe",Statin/EZE,molecule,normalized,UPDATE,HIGH
ml,ml_006,sb_006_00726,리바타로,리바타로,리바타로,pitavastatin calcium,Statin,molecule,normalized,UPDATE,HIGH
ml,ml_006,sb_006_00658,리바틴,리바틴,리바틴,atorvastatin calcium,Statin,molecule,normalized,UPDATE,HIGH
ml,ml_006,sb_006_00431,리바페논,리바페논,리바페논,"fenofibrate granule,  pitavastatin calcium",제외,molecule,normalized,UPDATE,HIGH
ml,ml_006,sb_006_00421,리바펜,리바펜,리바펜,"fenofibrate granule,  pitavastatin calcium",제외,molecule,normalized,UPDATE,HIGH
ml,ml_006,sb_006_00708,리바피타,리바피타,리바피타,pitavastatin calcium,Statin,molecule,normalized,UPDATE,HIGH
ml,ml_006,sb_006_00667,리반틴,리반틴,리반틴,atorvastatin calcium,Statin,molecule,normalized,UPDATE,HIGH
ml,ml_006,sb_006_00669,리스테롤,리스테롤,리스테롤,atorvastatin calcium,Statin,molecule,normalized,UPDATE,HIGH
ml,ml_006,sb_006_00488,리토르,리토르,리토르,atorvastatin calcium,Statin,molecule,normalized,UPDATE,HIGH
ml,ml_006,sb_006_00027,리토바젯,리토바젯,리토바젯,"atorvastatin calcium trihydrate  ( as atorvastatin),  ezetimibe",Statin/EZE,molecule,normalized,UPDATE,HIGH
ml,ml_006,sb_006_00477,리토아틴,리토아틴,리토아틴,atorvastatin calcium,Statin,molecule,normalized,UPDATE,HIGH
ml,ml_006,sb_006_00034,리토젯,리토젯,리토젯,"atorvastatin calcium trihydrate  ( as atorvastatin),  ezetimibe",Statin/EZE,molecule,normalized,UPDATE,HIGH
ml,ml_006,sb_006_00630,리파르,리파르,리파르,atorvastatin calcium,Statin,molecule,normalized,UPDATE,HIGH
ml,ml_006,sb_006_00764,리파틴,리파틴,리파틴,pitavastatin calcium,Statin,molecule,normalized,UPDATE,HIGH
ml,ml_006,sb_006_00442,리파틴 듀오,리파틴듀오,리파틴듀오,"micronized fenofibrate,  pitavastatin calcium",제외,molecule,normalized,UPDATE,HIGH
ml,ml_006,sb_006_00429,리페스틴,리페스틴,리페스틴,"fenofibrate granule,  pitavastatin calcium",제외,molecule,normalized,UPDATE,HIGH
ml,ml_006,sb_006_00463,리포메트,리포메트,리포메트,atorvastatin calcium,Statin,molecule,normalized,UPDATE,HIGH
ml,ml_006,sb_006_01083,리포스타,리포스타,리포스타,simvastatin,Statin,molecule,normalized,UPDATE,HIGH
ml,ml_006,sb_006_00570,리포액틴,리포액틴,리포액틴,atorvastatin calcium,Statin,molecule,normalized,UPDATE,HIGH
ml,ml_006,sb_006_00094,리포젯,리포젯,리포젯,"atorvastatin calcium trihydrate  ( as atorvastatin),  ezetimibe",Statin/EZE,molecule,normalized,UPDATE,HIGH
ml,ml_006,sb_006_00639,리피노,리피노,리피노,atorvastatin calcium,Statin,molecule,normalized,UPDATE,HIGH
ml,ml_006,sb_006_00501,리피논,리피논,리피논,atorvastatin calcium,Statin,molecule,normalized,UPDATE,HIGH
ml,ml_006,sb_006_00632,리피도,리피도,리피도,atorvastatin calcium,Statin,molecule,normalized,UPDATE,HIGH
ml,ml_006,sb_006_01099,리피듀,리피듀,리피듀,simvastatin,Statin,molecule,normalized,UPDATE,HIGH
ml,ml_006,sb_006_00023,리피듀엣,리피듀엣,리피듀엣,"atorvastatin calcium trihydrate  ( as atorvastatin),  ezetimibe",Statin/EZE,molecule,normalized,UPDATE,HIGH
ml,ml_006,sb_006_00635,리피로우,리피로우,리피로우,atorvastatin calcium | atorvastatin calcium trihydrate  ( as atorvastatin),Statin,molecule,normalized,UPDATE,HIGH
ml,ml_006,sb_006_00157,리피로우젯,리피로우젯,리피로우젯,"atorvastatin calcium trihydrate  ( as atorvastatin),  ezetimibe",Statin/EZE,molecule,normalized,UPDATE,HIGH
ml,ml_006,sb_006_00494,리피롤,리피롤,리피롤,atorvastatin calcium,Statin,molecule,normalized,UPDATE,HIGH
ml,ml_006,sb_006_00520,리피산트,리피산트,리피산트,atorvastatin calcium,Statin,molecule,normalized,UPDATE,HIGH
ml,ml_006,sb_006_00591,리피스타틴,리피스타틴,리피스타틴,atorvastatin calcium,Statin,molecule,normalized,UPDATE,HIGH
ml,ml_006,sb_006_01088,리피스탄,리피스탄,리피스탄,simvastatin,Statin,molecule,normalized,UPDATE,HIGH
ml,ml_006,sb_006_00619,리피스톱,리피스톱,리피스톱,atorvastatin calcium,Statin,molecule,normalized,UPDATE,HIGH
ml,ml_006,sb_006_00524,리피스틴,리피스틴,리피스틴,atorvastatin calcium,Statin,molecule,normalized,UPDATE,HIGH
ml,ml_006,sb_006_00066,리피아젯,리피아젯,리피아젯,"atorvastatin calcium trihydrate  ( as atorvastatin),  ezetimibe",Statin/EZE,molecule,normalized,UPDATE,HIGH
ml,ml_006,sb_006_00522,리피아토,리피아토,리피아토,atorvastatin calcium,Statin,molecule,normalized,UPDATE,HIGH
ml,ml_006,sb_006_00611,리피엔,리피엔,리피엔,atorvastatin calcium,Statin,molecule,normalized,UPDATE,HIGH
ml,ml_006,sb_006_00490,리피원,리피원,리피원,atorvastatin calcium,Statin,molecule,normalized,UPDATE,HIGH
ml,ml_006,sb_006_00084,리피젯,리피젯,리피젯,"atorvastatin calcium trihydrate  ( as atorvastatin),  ezetimibe",Statin/EZE,molecule,normalized,UPDATE,HIGH
ml,ml_006,sb_006_00554,리피칸,리피칸,리피칸,atorvastatin calcium,Statin,molecule,normalized,UPDATE,HIGH
ml,ml_006,sb_006_00565,리피큐어,리피큐어,리피큐어,atorvastatin calcium,Statin,molecule,normalized,UPDATE,HIGH
ml,ml_006,sb_006_00585,리피크린,리피크린,리피크린,atorvastatin calcium,Statin,molecule,normalized,UPDATE,HIGH
ml,ml_006,sb_006_00704,리피타파,리피타파,리피타파,pitavastatin calcium,Statin,molecule,normalized,UPDATE,HIGH
ml,ml_006,sb_006_00557,리피탑,리피탑,리피탑,atorvastatin calcium,Statin,molecule,normalized,UPDATE,HIGH
ml,ml_006,sb_006_00479,리피테롤,리피테롤,리피테롤,atorvastatin calcium,Statin,molecule,normalized,UPDATE,HIGH
ml,ml_006,sb_006_00530,리피토,리피토,리피토,atorvastatin calcium,Statin,molecule,normalized,UPDATE,HIGH
ml,ml_006,sb_006_00072,리피토 플러스,리피토플러스,리피토플러스,"atorvastatin calcium trihydrate  ( as atorvastatin),  ezetimibe",Statin/EZE,molecule,normalized,UPDATE,HIGH
ml,ml_006,sb_006_00547,리피톨,리피톨,리피톨,atorvastatin calcium,Statin,molecule,normalized,UPDATE,HIGH
ml,ml_006,sb_006_00666,리피트롤,리피트롤,리피트롤,atorvastatin calcium,Statin,molecule,normalized,UPDATE,HIGH
ml,ml_006,sb_006_00306,립스타 플러스,립스타플러스,립스타플러스,"ezetimibe,  rosuvastatin calcium  ( as rosuvastatin)",Statin/EZE,molecule,normalized,UPDATE,HIGH
ml,ml_006,sb_006_00445,메가로반,메가로반,메가로반,"omega-3-acids ethyl esters90,  rosuvastatin calcium",제외,molecule,normalized,UPDATE,HIGH
ml,ml_006,sb_006_00933,메가 로수틴,메가로수틴,메가로수틴,rosuvastatin calcium  ( as rosuvastatin),Statin,molecule,normalized,UPDATE,HIGH
ml,ml_006,sb_006_00353,메가로젯,메가로젯,메가로젯,"ezetimibe,  rosuvastatin calcium  ( as rosuvastatin)",Statin/EZE,molecule,normalized,UPDATE,HIGH
ml,ml_006,sb_006_00722,메가스타틴,메가스타틴,메가스타틴,pitavastatin calcium,Statin,molecule,normalized,UPDATE,HIGH
ml,ml_006,sb_006_00586,메가 아토바,메가아토바,메가아토바,atorvastatin calcium,Statin,molecule,normalized,UPDATE,HIGH
ml,ml_006,sb_006_00448,메가 엠 듀얼,메가엠듀얼,메가엠듀얼,"omega-3-acids ethyl esters90,  rosuvastatin calcium",제외,molecule,normalized,UPDATE,HIGH
ml,ml_006,sb_006_00774,메바로친,메바로친,메바로친,pravastatin sodium,Statin,molecule,normalized,UPDATE,HIGH
ml,ml_006,sb_006_00847,명문 로수바스타틴칼슘,명문로수바스타틴칼슘,명문로수바스타틴칼슘,rosuvastatin calcium  ( as rosuvastatin),Statin,molecule,normalized,UPDATE,HIGH
ml,ml_006,sb_006_01063,명문 심바스타틴,명문심바스타틴,명문심바스타틴,simvastatin,Statin,molecule,normalized,UPDATE,HIGH
ml,ml_006,sb_006_00514,명문 아토르바스타틴,명문아토르바스타틴,명문아토르바스타틴,atorvastatin calcium,Statin,molecule,normalized,UPDATE,HIGH
ml,ml_006,sb_006_00956,모노로바,모노로바,모노로바,rosuvastatin calcium  ( as rosuvastatin),Statin,molecule,normalized,UPDATE,HIGH
ml,ml_006,sb_006_00075,바로다운,바로다운,바로다운,"atorvastatin calcium trihydrate  ( as atorvastatin),  ezetimibe",Statin/EZE,molecule,normalized,UPDATE,HIGH
ml,ml_006,sb_006_00535,바로스타틴,바로스타틴,바로스타틴,atorvastatin calcium,Statin,molecule,normalized,UPDATE,HIGH
ml,ml_006,sb_006_00436,바로페노,바로페노,바로페노,"micronized fenofibrate,  pitavastatin calcium",제외,molecule,normalized,UPDATE,HIGH
ml,ml_006,sb_006_00402,바스타에,바스타에,바스타에,"ezetimibe,  simvastatin",Statin/EZE,molecule,normalized,UPDATE,HIGH
ml,ml_006,sb_006_00142,바스타젯,바스타젯,바스타젯,"atorvastatin calcium trihydrate  ( as atorvastatin),  ezetimibe",Statin/EZE,molecule,normalized,UPDATE,HIGH
ml,ml_006,sb_006_00613,바스타틴,바스타틴,바스타틴,atorvastatin calcium,Statin,molecule,normalized,UPDATE,HIGH
ml,ml_006,sb_006_01093,바스트,바스트,바스트,simvastatin,Statin,molecule,normalized,UPDATE,HIGH
ml,ml_006,sb_006_00408,바이스타,바이스타,바이스타,"ezetimibe,  simvastatin",Statin/EZE,molecule,normalized,UPDATE,HIGH
ml,ml_006,sb_006_00412,바이스틴,바이스틴,바이스틴,"ezetimibe,  simvastatin",Statin/EZE,molecule,normalized,UPDATE,HIGH
ml,ml_006,sb_006_00387,바이시브,바이시브,바이시브,"ezetimibe,  simvastatin",Statin/EZE,molecule,normalized,UPDATE,HIGH
ml,ml_006,sb_006_00400,바이제타,바이제타,바이제타,"ezetimibe,  simvastatin",Statin/EZE,molecule,normalized,UPDATE,HIGH
ml,ml_006,sb_006_00011,바이젯,바이젯,바이젯,"atorvastatin calcium trihydrate  ( as atorvastatin),  ezetimibe",Statin/EZE,molecule,normalized,UPDATE,HIGH
ml,ml_006,sb_006_00383,바이테롤,바이테롤,바이테롤,"ezetimibe,  simvastatin",Statin/EZE,molecule,normalized,UPDATE,HIGH
ml,ml_006,sb_006_00406,바이테브,바이테브,바이테브,"ezetimibe,  simvastatin",Statin/EZE,molecule,normalized,UPDATE,HIGH
ml,ml_006,sb_006_00395,바이토린,바이토린,바이토린,"ezetimibe,  simvastatin",Statin/EZE,molecule,normalized,UPDATE,HIGH
ml,ml_006,sb_006_00518,바이피토,바이피토,바이피토,atorvastatin calcium,Statin,molecule,normalized,UPDATE,HIGH
ml,ml_006,sb_006_00558,바토르,바토르,바토르,atorvastatin calcium,Statin,molecule,normalized,UPDATE,HIGH
ml,ml_006,sb_006_00377,베아토린,베아토린,베아토린,"ezetimibe,  simvastatin",Statin/EZE,molecule,normalized,UPDATE,HIGH
ml,ml_006,sb_006_00860,부광 로수바스타틴칼슘,부광로수바스타틴칼슘,부광로수바스타틴칼슘,rosuvastatin calcium  ( as rosuvastatin),Statin,molecule,normalized,UPDATE,HIGH
ml,ml_006,sb_006_00020,브이 토젯,브이토젯,브이토젯,"atorvastatin calcium trihydrate  ( as atorvastatin),  ezetimibe",Statin/EZE,molecule,normalized,UPDATE,HIGH
ml,ml_006,sb_006_00928,비바코,비바코,비바코,rosuvastatin calcium  ( as rosuvastatin),Statin,molecule,normalized,UPDATE,HIGH
ml,ml_006,sb_006_00526,비보존 아토르바스타틴,비보존아토르바스타틴,비보존아토르바스타틴,atorvastatin calcium,Statin,molecule,normalized,UPDATE,HIGH
ml,ml_006,sb_006_00528,비씨 아토르바스타틴,비씨아토르바스타틴,비씨아토르바스타틴,atorvastatin calcium,Statin,molecule,normalized,UPDATE,HIGH
ml,ml_006,sb_006_00865,삼성 로수바스타틴,삼성로수바스타틴,삼성로수바스타틴,rosuvastatin calcium  ( as rosuvastatin),Statin,molecule,normalized,UPDATE,HIGH
ml,ml_006,sb_006_00423,셀타펜,셀타펜,셀타펜,"fenofibrate granule,  pitavastatin calcium",제외,molecule,normalized,UPDATE,HIGH
ml,ml_006,sb_006_00082,셀토젯,셀토젯,셀토젯,"atorvastatin calcium trihydrate  ( as atorvastatin),  ezetimibe",Statin/EZE,molecule,normalized,UPDATE,HIGH
ml,ml_006,sb_006_00663,소피아,소피아,소피아,atorvastatin calcium,Statin,molecule,normalized,UPDATE,HIGH
ml,ml_006,sb_006_01057,수바로 오디,수바로오디,수바로오디,rosuvastatin calcium (micronized)  ( as rosuvastatin),Statin,molecule,normalized,UPDATE,HIGH
ml,ml_006,sb_006_01030,수바스트,수바스트,수바스트,rosuvastatin calcium  ( as rosuvastatin),Statin,molecule,normalized,UPDATE,HIGH
ml,ml_006,sb_006_00787,수바스틴,수바스틴,수바스틴,rosuvastatin calcium  ( as rosuvastatin),Statin,molecule,normalized,UPDATE,HIGH
ml,ml_006,sb_006_00985,슈바스타,슈바스타,슈바스타,rosuvastatin calcium  ( as rosuvastatin),Statin,molecule,normalized,UPDATE,HIGH
ml,ml_006,sb_006_00942,슈바스타틴,슈바스타틴,슈바스타틴,rosuvastatin calcium  ( as rosuvastatin),Statin,molecule,normalized,UPDATE,HIGH
ml,ml_006,sb_006_00862,슈바스틴,슈바스틴,슈바스틴,rosuvastatin calcium  ( as rosuvastatin),Statin,molecule,normalized,UPDATE,HIGH
ml,ml_006,sb_006_00299,슈바젯,슈바젯,슈바젯,"ezetimibe,  rosuvastatin calcium  ( as rosuvastatin)",Statin/EZE,molecule,normalized,UPDATE,HIGH
ml,ml_006,sb_006_00912,슈스타,슈스타,슈스타,rosuvastatin calcium  ( as rosuvastatin),Statin,molecule,normalized,UPDATE,HIGH
ml,ml_006,sb_006_00217,스타젯,스타젯,스타젯,"ezetimibe,  pitavastatin calcium hydrate  ( as pitavastatin calcium)",Statin/EZE,molecule,normalized,UPDATE,HIGH
ml,ml_006,sb_006_00424,스타페노,스타페노,스타페노,"fenofibrate granule,  pitavastatin calcium",제외,molecule,normalized,UPDATE,HIGH
ml,ml_006,sb_006_00430,스타펜,스타펜,스타펜,"fenofibrate granule,  pitavastatin calcium",제외,molecule,normalized,UPDATE,HIGH
ml,ml_006,sb_006_00485,스피틴,스피틴,스피틴,atorvastatin calcium,Statin,molecule,normalized,UPDATE,HIGH
ml,ml_006,sb_006_01097,시바스,시바스,시바스,simvastatin,Statin,molecule,normalized,UPDATE,HIGH
ml,ml_006,sb_006_01065,시스타,시스타,시스타,simvastatin,Statin,molecule,normalized,UPDATE,HIGH
ml,ml_006,sb_006_01090,심바란,심바란,심바란,simvastatin,Statin,molecule,normalized,UPDATE,HIGH
ml,ml_006,sb_006_01075,심바로,심바로,심바로,simvastatin,Statin,molecule,normalized,UPDATE,HIGH
ml,ml_006,sb_006_01085,심바로드,심바로드,심바로드,simvastatin,Statin,molecule,normalized,UPDATE,HIGH
ml,ml_006,sb_006_01070,심바로틴,심바로틴,심바로틴,simvastatin,Statin,molecule,normalized,UPDATE,HIGH
ml,ml_006,sb_006_01082,심바롤,심바롤,심바롤,simvastatin,Statin,molecule,normalized,UPDATE,HIGH
ml,ml_006,sb_006_01072,심바스타,심바스타,심바스타,simvastatin,Statin,molecule,normalized,UPDATE,HIGH
ml,ml_006,sb_006_01060,심바스테롤,심바스테롤,심바스테롤,simvastatin,Statin,molecule,normalized,UPDATE,HIGH
ml,ml_006,sb_006_01094,심바스트,심바스트,심바스트,simvastatin,Statin,molecule,normalized,UPDATE,HIGH
ml,ml_006,sb_006_01068,심바스틴,심바스틴,심바스틴,simvastatin,Statin,molecule,normalized,UPDATE,HIGH
ml,ml_006,sb_006_01066,심바젠,심바젠,심바젠,simvastatin,Statin,molecule,normalized,UPDATE,HIGH
ml,ml_006,sb_006_01061,심바코,심바코,심바코,simvastatin,Statin,molecule,normalized,UPDATE,HIGH
ml,ml_006,sb_006_01084,심바타틴,심바타틴,심바타틴,simvastatin,Statin,molecule,normalized,UPDATE,HIGH
ml,ml_006,sb_006_01064,심바탄,심바탄,심바탄,simvastatin,Statin,molecule,normalized,UPDATE,HIGH
ml,ml_006,sb_006_01069,심바트,심바트,심바트,simvastatin,Statin,molecule,normalized,UPDATE,HIGH
ml,ml_006,sb_006_00415,심바티브,심바티브,심바티브,"ezetimibe,  simvastatin",Statin/EZE,molecule,normalized,UPDATE,HIGH
ml,ml_006,sb_006_01092,심콜,심콜,심콜,simvastatin,Statin,molecule,normalized,UPDATE,HIGH
ml,ml_006,sb_006_01078,심펙스,심펙스,심펙스,simvastatin,Statin,molecule,normalized,UPDATE,HIGH
ml,ml_006,sb_006_00398,심펙스 듀오,심펙스듀오,심펙스듀오,"ezetimibe,  simvastatin",Statin/EZE,molecule,normalized,UPDATE,HIGH
ml,ml_006,sb_006_00474,써미토,써미토,써미토,atorvastatin calcium,Statin,molecule,normalized,UPDATE,HIGH
ml,ml_006,sb_006_00901,씨엠지 로수바스타틴,씨엠지로수바스타틴,씨엠지로수바스타틴,rosuvastatin calcium  ( as rosuvastatin),Statin,molecule,normalized,UPDATE,HIGH
ml,ml_006,sb_006_00734,씨엠지 피타바스타틴,씨엠지피타바스타틴,씨엠지피타바스타틴,pitavastatin calcium,Statin,molecule,normalized,UPDATE,HIGH
ml,ml_006,sb_006_00393,씨트토린,씨트토린,씨트토린,"ezetimibe,  simvastatin",Statin/EZE,molecule,normalized,UPDATE,HIGH
ml,ml_006,sb_006_00622,아도르,아도르,아도르,atorvastatin calcium,Statin,molecule,normalized,UPDATE,HIGH
ml,ml_006,sb_006_00643,아드윈,아드윈,아드윈,atorvastatin calcium,Statin,molecule,normalized,UPDATE,HIGH
ml,ml_006,sb_006_00165,아드젯,아드젯,아드젯,"atorvastatin calcium trihydrate  ( as atorvastatin),  ezetimibe",Statin/EZE,molecule,normalized,UPDATE,HIGH
ml,ml_006,sb_006_00587,아로반,아로반,아로반,atorvastatin calcium,Statin,molecule,normalized,UPDATE,HIGH
ml,ml_006,sb_006_00656,아로스틴,아로스틴,아로스틴,atorvastatin calcium,Statin,molecule,normalized,UPDATE,HIGH
ml,ml_006,sb_006_00086,아로젯,아로젯,아로젯,"atorvastatin calcium trihydrate  ( as atorvastatin),  ezetimibe",Statin/EZE,molecule,normalized,UPDATE,HIGH
ml,ml_006,sb_006_00560,아로토,아로토,아로토,atorvastatin calcium,Statin,molecule,normalized,UPDATE,HIGH
ml,ml_006,sb_006_00562,아로틴,아로틴,아로틴,atorvastatin calcium,Statin,molecule,normalized,UPDATE,HIGH
ml,ml_006,sb_006_00089,아로틴 플러스,아로틴플러스,아로틴플러스,"atorvastatin calcium trihydrate  ( as atorvastatin),  ezetimibe",Statin/EZE,molecule,normalized,UPDATE,HIGH
ml,ml_006,sb_006_00573,아르바,아르바,아르바,atorvastatin calcium,Statin,molecule,normalized,UPDATE,HIGH
ml,ml_006,sb_006_00096,아르바젯,아르바젯,아르바젯,"atorvastatin calcium trihydrate  ( as atorvastatin),  ezetimibe",Statin/EZE,molecule,normalized,UPDATE,HIGH
ml,ml_006,sb_006_00168,아르젯,아르젯,아르젯,"atorvastatin calcium trihydrate  ( as atorvastatin),  ezetimibe",Statin/EZE,molecule,normalized,UPDATE,HIGH
ml,ml_006,sb_006_00552,아르테크,아르테크,아르테크,atorvastatin calcium,Statin,molecule,normalized,UPDATE,HIGH
ml,ml_006,sb_006_00594,아르틴,아르틴,아르틴,atorvastatin calcium,Statin,molecule,normalized,UPDATE,HIGH
ml,ml_006,sb_006_00664,아리토,아리토,아리토,atorvastatin calcium,Statin,molecule,normalized,UPDATE,HIGH
ml,ml_006,sb_006_00180,아리토린,아리토린,아리토린,"atorvastatin calcium trihydrate  ( as atorvastatin),  ezetimibe",Statin/EZE,molecule,normalized,UPDATE,HIGH
ml,ml_006,sb_006_00031,아미젯,아미젯,아미젯,"atorvastatin calcium trihydrate  ( as atorvastatin),  ezetimibe",Statin/EZE,molecule,normalized,UPDATE,HIGH
ml,ml_006,sb_006_00500,아바스타,아바스타,아바스타,atorvastatin calcium,Statin,molecule,normalized,UPDATE,HIGH
ml,ml_006,sb_006_00125,아바젯,아바젯,아바젯,"atorvastatin calcium trihydrate  ( as atorvastatin),  ezetimibe",Statin/EZE,molecule,normalized,UPDATE,HIGH
ml,ml_006,sb_006_00634,아바큐,아바큐,아바큐,atorvastatin calcium,Statin,molecule,normalized,UPDATE,HIGH
ml,ml_006,sb_006_00682,아바틴,아바틴,아바틴,atorvastatin calcium,Statin,molecule,normalized,UPDATE,HIGH
ml,ml_006,sb_006_00548,아스타틴,아스타틴,아스타틴,atorvastatin calcium,Statin,molecule,normalized,UPDATE,HIGH
ml,ml_006,sb_006_00024,아에제,아에제,아에제,"atorvastatin calcium trihydrate  ( as atorvastatin),  ezetimibe",Statin/EZE,molecule,normalized,UPDATE,HIGH
ml,ml_006,sb_006_00564,아이타틴,아이타틴,아이타틴,atorvastatin calcium,Statin,molecule,normalized,UPDATE,HIGH
ml,ml_006,sb_006_00379,아이토린,아이토린,아이토린,"ezetimibe,  simvastatin",Statin/EZE,molecule,normalized,UPDATE,HIGH
ml,ml_006,sb_006_00091,아이토젯,아이토젯,아이토젯,"atorvastatin calcium trihydrate  ( as atorvastatin),  ezetimibe",Statin/EZE,molecule,normalized,UPDATE,HIGH
ml,ml_006,sb_006_00098,아제티브,아제티브,아제티브,"atorvastatin calcium trihydrate  ( as atorvastatin),  ezetimibe",Statin/EZE,molecule,normalized,UPDATE,HIGH
ml,ml_006,sb_006_00017,아젯듀오,아젯듀오,아젯듀오,"atorvastatin calcium trihydrate  ( as atorvastatin),  ezetimibe",Statin/EZE,molecule,normalized,UPDATE,HIGH
ml,ml_006,sb_006_00108,아젯탐,아젯탐,아젯탐,"atorvastatin calcium trihydrate  ( as atorvastatin),  ezetimibe",Statin/EZE,molecule,normalized,UPDATE,HIGH
ml,ml_006,sb_006_00457,아토건,아토건,아토건,atorvastatin calcium,Statin,molecule,normalized,UPDATE,HIGH
ml,ml_006,sb_006_00641,아토란,아토란,아토란,atorvastatin calcium,Statin,molecule,normalized,UPDATE,HIGH
ml,ml_006,sb_006_00597,아토렌,아토렌,아토렌,atorvastatin calcium,Statin,molecule,normalized,UPDATE,HIGH
ml,ml_006,sb_006_00679,아토로민,아토로민,아토로민,atorvastatin calcium,Statin,molecule,normalized,UPDATE,HIGH
ml,ml_006,sb_006_00540,아토로우,아토로우,아토로우,atorvastatin calcium,Statin,molecule,normalized,UPDATE,HIGH
ml,ml_006,sb_006_00124,아토로우 엠,아토로우엠,아토로우엠,"atorvastatin calcium trihydrate  ( as atorvastatin),  ezetimibe",Statin/EZE,molecule,normalized,UPDATE,HIGH
ml,ml_006,sb_006_00077,아토로우 플러스,아토로우플러스,아토로우플러스,"atorvastatin calcium trihydrate  ( as atorvastatin),  ezetimibe",Statin/EZE,molecule,normalized,UPDATE,HIGH
ml,ml_006,sb_006_00534,아토로틴,아토로틴,아토로틴,atorvastatin calcium,Statin,molecule,normalized,UPDATE,HIGH
ml,ml_006,sb_006_00544,아토르,아토르,아토르,atorvastatin calcium,Statin,molecule,normalized,UPDATE,HIGH
ml,ml_006,sb_006_00608,아토르바,아토르바,아토르바,atorvastatin calcium,Statin,molecule,normalized,UPDATE,HIGH
ml,ml_006,sb_006_00604,아토르반,아토르반,아토르반,atorvastatin calcium,Statin,molecule,normalized,UPDATE,HIGH
ml,ml_006,sb_006_00684,아토르스타,아토르스타,아토르스타,atorvastatin calcium,Statin,molecule,normalized,UPDATE,HIGH
ml,ml_006,sb_006_00178,아토르젯,아토르젯,아토르젯,"atorvastatin calcium trihydrate  ( as atorvastatin),  ezetimibe",Statin/EZE,molecule,normalized,UPDATE,HIGH
ml,ml_006,sb_006_00118,아토르 큐 젯,아토르큐젯,아토르큐젯,"atorvastatin calcium trihydrate  ( as atorvastatin),  ezetimibe",Statin/EZE,molecule,normalized,UPDATE,HIGH
ml,ml_006,sb_006_00467,아토릭스,아토릭스,아토릭스,atorvastatin calcium,Statin,molecule,normalized,UPDATE,HIGH
ml,ml_006,sb_006_00596,아토린,아토린,아토린,atorvastatin calcium,Statin,molecule,normalized,UPDATE,HIGH
ml,ml_006,sb_006_00202,아토메가,아토메가,아토메가,"atorvastatin calcium trihydrate  ( as atorvastatin),  omega-3-acids ethyl esters90",제외,molecule,normalized,UPDATE,HIGH
ml,ml_006,sb_006_00145,아토미브,아토미브,아토미브,"atorvastatin calcium trihydrate  ( as atorvastatin),  ezetimibe",Statin/EZE,molecule,normalized,UPDATE,HIGH
ml,ml_006,sb_006_00136,아토바미브,아토바미브,아토바미브,"atorvastatin calcium trihydrate  ( as atorvastatin),  ezetimibe",Statin/EZE,molecule,normalized,UPDATE,HIGH
ml,ml_006,sb_006_00655,아토바스,아토바스,아토바스,atorvastatin calcium,Statin,molecule,normalized,UPDATE,HIGH
ml,ml_006,sb_006_00039,아토바 에프,아토바에프,아토바에프,"atorvastatin calcium trihydrate  ( as atorvastatin),  ezetimibe",Statin/EZE,molecule,normalized,UPDATE,HIGH
ml,ml_006,sb_006_00589,아토바진,아토바진,아토바진,atorvastatin calcium,Statin,molecule,normalized,UPDATE,HIGH
ml,ml_006,sb_006_00115,아토바진 플러스,아토바진플러스,아토바진플러스,"atorvastatin calcium trihydrate  ( as atorvastatin),  ezetimibe",Statin/EZE,molecule,normalized,UPDATE,HIGH
ml,ml_006,sb_006_00617,아토바틴,아토바틴,아토바틴,atorvastatin calcium,Statin,molecule,normalized,UPDATE,HIGH
ml,ml_006,sb_006_00498,아토반,아토반,아토반,atorvastatin calcium,Statin,molecule,normalized,UPDATE,HIGH
ml,ml_006,sb_006_00046,아토반 듀오,아토반듀오,아토반듀오,"atorvastatin calcium trihydrate  ( as atorvastatin),  ezetimibe",Statin/EZE,molecule,normalized,UPDATE,HIGH
ml,ml_006,sb_006_00175,아토브,아토브,아토브,"atorvastatin calcium trihydrate  ( as atorvastatin),  ezetimibe",Statin/EZE,molecule,normalized,UPDATE,HIGH
ml,ml_006,sb_006_00006,아토브젯,아토브젯,아토브젯,"atorvastatin calcium trihydrate  ( as atorvastatin),  ezetimibe",Statin/EZE,molecule,normalized,UPDATE,HIGH
ml,ml_006,sb_006_00676,아토산,아토산,아토산,atorvastatin calcium,Statin,molecule,normalized,UPDATE,HIGH
ml,ml_006,sb_006_00652,아토센,아토센,아토센,atorvastatin calcium,Statin,molecule,normalized,UPDATE,HIGH
ml,ml_006,sb_006_00654,아토셀 에스,아토셀에스,아토셀에스,atorvastatin calcium,Statin,molecule,normalized,UPDATE,HIGH
ml,ml_006,sb_006_00505,아토스타,아토스타,아토스타,atorvastatin calcium,Statin,molecule,normalized,UPDATE,HIGH
ml,ml_006,sb_006_00050,아토스타젯,아토스타젯,아토스타젯,"atorvastatin calcium trihydrate  ( as atorvastatin),  ezetimibe",Statin/EZE,molecule,normalized,UPDATE,HIGH
ml,ml_006,sb_006_00496,아토스탄,아토스탄,아토스탄,atorvastatin calcium,Statin,molecule,normalized,UPDATE,HIGH
ml,ml_006,sb_006_00606,아토스틴,아토스틴,아토스틴,atorvastatin calcium,Statin,molecule,normalized,UPDATE,HIGH
ml,ml_006,sb_006_00645,아토스포,아토스포,아토스포,atorvastatin calcium,Statin,molecule,normalized,UPDATE,HIGH
ml,ml_006,sb_006_00153,아토에,아토에,아토에,"atorvastatin calcium trihydrate  ( as atorvastatin),  ezetimibe",Statin/EZE,molecule,normalized,UPDATE,HIGH
ml,ml_006,sb_006_00056,아토에제,아토에제,아토에제,"atorvastatin calcium trihydrate  ( as atorvastatin),  ezetimibe",Statin/EZE,molecule,normalized,UPDATE,HIGH
ml,ml_006,sb_006_00183,아토에젯,아토에젯,아토에젯,"atorvastatin calcium trihydrate  ( as atorvastatin),  ezetimibe",Statin/EZE,molecule,normalized,UPDATE,HIGH
ml,ml_006,sb_006_00009,아토에지,아토에지,아토에지,"atorvastatin calcium trihydrate  ( as atorvastatin),  ezetimibe",Statin/EZE,molecule,normalized,UPDATE,HIGH
ml,ml_006,sb_006_00161,아토엘젯,아토엘젯,아토엘젯,"atorvastatin calcium trihydrate  ( as atorvastatin),  ezetimibe",Statin/EZE,molecule,normalized,UPDATE,HIGH
ml,ml_006,sb_006_00053,아토엠젯,아토엠젯,아토엠젯,"atorvastatin calcium trihydrate  ( as atorvastatin),  ezetimibe",Statin/EZE,molecule,normalized,UPDATE,HIGH
ml,ml_006,sb_006_00043,아토이브,아토이브,아토이브,"atorvastatin calcium trihydrate  ( as atorvastatin),  ezetimibe",Statin/EZE,molecule,normalized,UPDATE,HIGH
ml,ml_006,sb_006_00542,아토잘,아토잘,아토잘,atorvastatin calcium,Statin,molecule,normalized,UPDATE,HIGH
ml,ml_006,sb_006_00187,아토 제이,아토제이,아토제이,"atorvastatin calcium trihydrate  ( as atorvastatin),  ezetimibe",Statin/EZE,molecule,normalized,UPDATE,HIGH
ml,ml_006,sb_006_00120,아토젯,아토젯,아토젯,"atorvastatin calcium trihydrate  ( as atorvastatin),  ezetimibe",Statin/EZE,molecule,normalized,UPDATE,HIGH
ml,ml_006,sb_006_00167,아토켓,아토켓,아토켓,"atorvastatin calcium trihydrate  ( as atorvastatin),  ezetimibe",Statin/EZE,molecule,normalized,UPDATE,HIGH
ml,ml_006,sb_006_00628,아토타틴,아토타틴,아토타틴,atorvastatin calcium,Statin,molecule,normalized,UPDATE,HIGH
ml,ml_006,sb_006_00512,아토테롤,아토테롤,아토테롤,atorvastatin calcium,Statin,molecule,normalized,UPDATE,HIGH
ml,ml_006,sb_006_00197,아토티브,아토티브,아토티브,"atorvastatin calcium trihydrate  ( as atorvastatin),  ezetimibe",Statin/EZE,molecule,normalized,UPDATE,HIGH
ml,ml_006,sb_006_00510,아토틴엠,아토틴엠,아토틴엠,atorvastatin calcium,Statin,molecule,normalized,UPDATE,HIGH
ml,ml_006,sb_006_00661,아톨바,아톨바,아톨바,atorvastatin calcium,Statin,molecule,normalized,UPDATE,HIGH
ml,ml_006,sb_006_00680,아트로드,아트로드,아트로드,atorvastatin calcium,Statin,molecule,normalized,UPDATE,HIGH
ml,ml_006,sb_006_00189,아트로드 플러스,아트로드플러스,아트로드플러스,"atorvastatin calcium trihydrate  ( as atorvastatin),  ezetimibe",Statin/EZE,molecule,normalized,UPDATE,HIGH
ml,ml_006,sb_006_00461,아트로반,아트로반,아트로반,atorvastatin calcium,Statin,molecule,normalized,UPDATE,HIGH
ml,ml_006,sb_006_00068,아트로젯,아트로젯,아트로젯,"atorvastatin calcium trihydrate  ( as atorvastatin),  ezetimibe",Statin/EZE,molecule,normalized,UPDATE,HIGH
ml,ml_006,sb_006_00005,아트맥 콤비젤,아트맥콤비젤,아트맥콤비젤,"atorvastatin calcium hydrate  ( as atorvastatin),  omega-3-acids ethyl esters90 | atorvastatin calcium trihydrate  ( as atorvastatin),  omega-3-acids ethyl esters90",제외,molecule,normalized,UPDATE,HIGH
ml,ml_006,sb_006_00013,아페젯,아페젯,아페젯,"atorvastatin calcium trihydrate  ( as atorvastatin),  ezetimibe",Statin/EZE,molecule,normalized,UPDATE,HIGH
ml,ml_006,sb_006_00469,아페코,아페코,아페코,atorvastatin calcium,Statin,molecule,normalized,UPDATE,HIGH
ml,ml_006,sb_006_00471,아피토,아피토,아피토,atorvastatin calcium,Statin,molecule,normalized,UPDATE,HIGH
ml,ml_006,sb_006_00648,악토바,악토바,악토바,atorvastatin calcium,Statin,molecule,normalized,UPDATE,HIGH
ml,ml_006,sb_006_00205,알리페브,알리페브,알리페브,"ezetimibe,  fenofibrate",제외,molecule,normalized,UPDATE,HIGH
ml,ml_006,sb_006_00251,알제트,알제트,알제트,"ezetimibe,  rosuvastatin calcium  ( as rosuvastatin)",Statin/EZE,molecule,normalized,UPDATE,HIGH
ml,ml_006,sb_006_00546,알토바,알토바,알토바,atorvastatin calcium,Statin,molecule,normalized,UPDATE,HIGH
ml,ml_006,sb_006_00114,알트젯,알트젯,알트젯,"atorvastatin calcium trihydrate  ( as atorvastatin),  ezetimibe",Statin/EZE,molecule,normalized,UPDATE,HIGH
ml,ml_006,sb_006_00692,알파스타틴,알파스타틴,알파스타틴,atorvastatin calcium,Statin,molecule,normalized,UPDATE,HIGH
ml,ml_006,sb_006_00578,알피 바스타틴,알피바스타틴,알피바스타틴,atorvastatin calcium,Statin,molecule,normalized,UPDATE,HIGH
ml,ml_006,sb_006_00417,업타바,업타바,업타바,"fenofibrate granule,  pitavastatin calcium",제외,molecule,normalized,UPDATE,HIGH
ml,ml_006,sb_006_00100,에바스젯,에바스젯,에바스젯,"atorvastatin calcium trihydrate  ( as atorvastatin),  ezetimibe",Statin/EZE,molecule,normalized,UPDATE,HIGH
ml,ml_006,sb_006_00140,에브젯,에브젯,에브젯,"atorvastatin calcium trihydrate  ( as atorvastatin),  ezetimibe",Statin/EZE,molecule,normalized,UPDATE,HIGH
ml,ml_006,sb_006_00370,에슈바,에슈바,에슈바,"ezetimibe,  rosuvastatin calcium  ( as rosuvastatin)",Statin/EZE,molecule,normalized,UPDATE,HIGH
ml,ml_006,sb_006_01054,에스로틴,에스로틴,에스로틴,rosuvastatin calcium  ( as rosuvastatin),Statin,molecule,normalized,UPDATE,HIGH
ml,ml_006,sb_006_00615,에이스틴,에이스틴,에이스틴,atorvastatin calcium,Statin,molecule,normalized,UPDATE,HIGH
ml,ml_006,sb_006_00041,에이젯,에이젯,에이젯,"atorvastatin calcium trihydrate  ( as atorvastatin),  ezetimibe",Statin/EZE,molecule,normalized,UPDATE,HIGH
ml,ml_006,sb_006_01071,에이치엘비 심바스타틴,에이치엘비심바스타틴,에이치엘비심바스타틴,simvastatin,Statin,molecule,normalized,UPDATE,HIGH
ml,ml_006,sb_006_00674,에이토바,에이토바,에이토바,atorvastatin calcium,Statin,molecule,normalized,UPDATE,HIGH
ml,ml_006,sb_006_00931,에이프로젠 로수바스타틴칼슘,에이프로젠로수바스타틴칼슘,에이프로젠로수바스타틴칼슘,rosuvastatin calcium  ( as rosuvastatin),Statin,molecule,normalized,UPDATE,HIGH
ml,ml_006,sb_006_01074,에이프로젠 심바스타틴,에이프로젠심바스타틴,에이프로젠심바스타틴,simvastatin,Statin,molecule,normalized,UPDATE,HIGH
ml,ml_006,sb_006_00459,에이피토,에이피토,에이피토,atorvastatin calcium,Statin,molecule,normalized,UPDATE,HIGH
ml,ml_006,sb_006_00229,에제로바,에제로바,에제로바,"ezetimibe,  rosuvastatin calcium  ( as rosuvastatin)",Statin/EZE,molecule,normalized,UPDATE,HIGH
ml,ml_006,sb_006_00289,에제로수,에제로수,에제로수,"ezetimibe,  rosuvastatin calcium  ( as rosuvastatin)",Statin/EZE,molecule,normalized,UPDATE,HIGH
ml,ml_006,sb_006_00208,에제슈프라,에제슈프라,에제슈프라,"ezetimibe,  fenofibrate",제외,molecule,normalized,UPDATE,HIGH
ml,ml_006,sb_006_00404,에제스타,에제스타,에제스타,"ezetimibe,  simvastatin",Statin/EZE,molecule,normalized,UPDATE,HIGH
ml,ml_006,sb_006_00391,에제심바,에제심바,에제심바,"ezetimibe,  simvastatin",Statin/EZE,molecule,normalized,UPDATE,HIGH
ml,ml_006,sb_006_00128,에제토바,에제토바,에제토바,"atorvastatin calcium trihydrate  ( as atorvastatin),  ezetimibe",Statin/EZE,molecule,normalized,UPDATE,HIGH
ml,ml_006,sb_006_00194,에제토젯,에제토젯,에제토젯,"atorvastatin calcium trihydrate  ( as atorvastatin),  ezetimibe",Statin/EZE,molecule,normalized,UPDATE,HIGH
ml,ml_006,sb_006_00207,에제페노,에제페노,에제페노,"ezetimibe,  fenofibrate",제외,molecule,normalized,UPDATE,HIGH
ml,ml_006,sb_006_00059,에젯토,에젯토,에젯토,"atorvastatin calcium trihydrate  ( as atorvastatin),  ezetimibe",Statin/EZE,molecule,normalized,UPDATE,HIGH
ml,ml_006,sb_006_00195,에토르,에토르,에토르,"atorvastatin calcium trihydrate  ( as atorvastatin),  ezetimibe",Statin/EZE,molecule,normalized,UPDATE,HIGH
ml,ml_006,sb_006_00015,에티젯,에티젯,에티젯,"atorvastatin calcium trihydrate  ( as atorvastatin),  ezetimibe",Statin/EZE,molecule,normalized,UPDATE,HIGH
ml,ml_006,sb_006_00111,엔비젯,엔비젯,엔비젯,"atorvastatin calcium trihydrate  ( as atorvastatin),  ezetimibe",Statin/EZE,molecule,normalized,UPDATE,HIGH
ml,ml_006,sb_006_01067,엔티 심바,엔티심바,엔티심바,simvastatin,Statin,molecule,normalized,UPDATE,HIGH
ml,ml_006,sb_006_00381,엔피토린,엔피토린,엔피토린,"ezetimibe,  simvastatin",Statin/EZE,molecule,normalized,UPDATE,HIGH
ml,ml_006,sb_006_00576,엘디로,엘디로,엘디로,atorvastatin calcium,Statin,molecule,normalized,UPDATE,HIGH
ml,ml_006,sb_006_00990,엘로수바,엘로수바,엘로수바,rosuvastatin calcium  ( as rosuvastatin),Statin,molecule,normalized,UPDATE,HIGH
ml,ml_006,sb_006_00062,엘오공,엘오공,엘오공,"atorvastatin calcium trihydrate  ( as atorvastatin),  ezetimibe",Statin/EZE,molecule,normalized,UPDATE,HIGH
ml,ml_006,sb_006_00724,엘제로,엘제로,엘제로,pitavastatin calcium,Statin,molecule,normalized,UPDATE,HIGH
ml,ml_006,sb_006_00213,엘제로젯,엘제로젯,엘제로젯,"ezetimibe,  pitavastatin calcium hydrate  ( as pitavastatin calcium)",Statin/EZE,molecule,normalized,UPDATE,HIGH
ml,ml_006,sb_006_00453,오메가원 플러스,오메가원플러스,오메가원플러스,"omega-3-acids ethyl esters90,  rosuvastatin calcium",제외,molecule,normalized,UPDATE,HIGH
ml,ml_006,sb_006_00943,오스타틴,오스타틴,오스타틴,rosuvastatin calcium  ( as rosuvastatin),Statin,molecule,normalized,UPDATE,HIGH
ml,ml_006,sb_006_00593,오코바스타,오코바스타,오코바스타,atorvastatin calcium,Statin,molecule,normalized,UPDATE,HIGH
ml,ml_006,sb_006_00850,올스타틴,올스타틴,올스타틴,rosuvastatin calcium  ( as rosuvastatin),Statin,molecule,normalized,UPDATE,HIGH
ml,ml_006,sb_006_00566,올피트,올피트,올피트,atorvastatin calcium,Statin,molecule,normalized,UPDATE,HIGH
ml,ml_006,sb_006_00131,와이젯,와이젯,와이젯,"atorvastatin calcium trihydrate  ( as atorvastatin),  ezetimibe",Statin/EZE,molecule,normalized,UPDATE,HIGH
ml,ml_006,sb_006_00792,유니로바,유니로바,유니로바,rosuvastatin calcium  ( as rosuvastatin),Statin,molecule,normalized,UPDATE,HIGH
ml,ml_006,sb_006_01079,유니심바,유니심바,유니심바,simvastatin,Statin,molecule,normalized,UPDATE,HIGH
ml,ml_006,sb_006_00602,유니피토,유니피토,유니피토,atorvastatin calcium,Statin,molecule,normalized,UPDATE,HIGH
ml,ml_006,sb_006_00322,유로바젯,유로바젯,유로바젯,"ezetimibe,  rosuvastatin calcium  ( as rosuvastatin)",Statin/EZE,molecule,normalized,UPDATE,HIGH
ml,ml_006,sb_006_00955,유로스토,유로스토,유로스토,rosuvastatin calcium  ( as rosuvastatin),Statin,molecule,normalized,UPDATE,HIGH
ml,ml_006,sb_006_00133,유토젯,유토젯,유토젯,"atorvastatin calcium trihydrate  ( as atorvastatin),  ezetimibe",Statin/EZE,molecule,normalized,UPDATE,HIGH
ml,ml_006,sb_006_00962,이로스타,이로스타,이로스타,rosuvastatin calcium  ( as rosuvastatin),Statin,molecule,normalized,UPDATE,HIGH
ml,ml_006,sb_006_00747,이바틴,이바틴,이바틴,pitavastatin calcium,Statin,molecule,normalized,UPDATE,HIGH
ml,ml_006,sb_006_00277,이지산트,이지산트,이지산트,"ezetimibe,  rosuvastatin calcium  ( as rosuvastatin)",Statin/EZE,molecule,normalized,UPDATE,HIGH
ml,ml_006,sb_006_00385,이지심바,이지심바,이지심바,"ezetimibe,  simvastatin",Statin/EZE,molecule,normalized,UPDATE,HIGH
ml,ml_006,sb_006_00413,이지토린,이지토린,이지토린,"ezetimibe,  simvastatin",Statin/EZE,molecule,normalized,UPDATE,HIGH
ml,ml_006,sb_006_01005,이텍스 로수바스타틴칼슘,이텍스로수바스타틴칼슘,이텍스로수바스타틴칼슘,rosuvastatin calcium  ( as rosuvastatin),Statin,molecule,normalized,UPDATE,HIGH
ml,ml_006,sb_006_00144,인토젯,인토젯,인토젯,"atorvastatin calcium trihydrate  ( as atorvastatin),  ezetimibe",Statin/EZE,molecule,normalized,UPDATE,HIGH
ml,ml_006,sb_006_00149,일성 에젯틴,일성에젯틴,일성에젯틴,"atorvastatin calcium trihydrate  ( as atorvastatin),  ezetimibe",Statin/EZE,molecule,normalized,UPDATE,HIGH
ml,ml_006,sb_006_00624,일양바이오 아토르바스타틴칼슘삼수화물,일양바이오아토르바스타틴칼슘삼수화물,일양바이오아토르바스타틴칼슘삼수화물,atorvastatin calcium,Statin,molecule,normalized,UPDATE,HIGH
ml,ml_006,sb_006_00626,일양 아토르바스타틴,일양아토르바스타틴,일양아토르바스타틴,atorvastatin calcium,Statin,molecule,normalized,UPDATE,HIGH
ml,ml_006,sb_006_00410,임펙트윈,임펙트윈,임펙트윈,"ezetimibe,  simvastatin",Statin/EZE,molecule,normalized,UPDATE,HIGH
ml,ml_006,sb_006_00155,제뉴원 아제브,제뉴원아제브,제뉴원아제브,"atorvastatin calcium trihydrate  ( as atorvastatin),  ezetimibe",Statin/EZE,molecule,normalized,UPDATE,HIGH
ml,ml_006,sb_006_00982,제이로수,제이로수,제이로수,rosuvastatin calcium  ( as rosuvastatin),Statin,molecule,normalized,UPDATE,HIGH
ml,ml_006,sb_006_00070,제토바,제토바,제토바,"atorvastatin calcium trihydrate  ( as atorvastatin),  ezetimibe",Statin/EZE,molecule,normalized,UPDATE,HIGH
ml,ml_006,sb_006_00173,제티스토,제티스토,제티스토,"atorvastatin calcium trihydrate  ( as atorvastatin),  ezetimibe",Statin/EZE,molecule,normalized,UPDATE,HIGH
ml,ml_006,sb_006_00440,제피노,제피노,제피노,"micronized fenofibrate,  pitavastatin calcium",제외,molecule,normalized,UPDATE,HIGH
ml,ml_006,sb_006_00104,제피토,제피토,제피토,"atorvastatin calcium trihydrate  ( as atorvastatin),  ezetimibe",Statin/EZE,molecule,normalized,UPDATE,HIGH
ml,ml_006,sb_006_00081,젠토르,젠토르,젠토르,"atorvastatin calcium trihydrate  ( as atorvastatin),  ezetimibe",Statin/EZE,molecule,normalized,UPDATE,HIGH
ml,ml_006,sb_006_01081,조바코,조바코,조바코,simvastatin,Statin,molecule,normalized,UPDATE,HIGH
ml,ml_006,sb_006_01086,조바틴,조바틴,조바틴,simvastatin,Statin,molecule,normalized,UPDATE,HIGH
ml,ml_006,sb_006_01076,조코,조코,조코,simvastatin,Statin,molecule,normalized,UPDATE,HIGH
ml,ml_006,sb_006_00162,진토젯,진토젯,진토젯,"atorvastatin calcium trihydrate  ( as atorvastatin),  ezetimibe",Statin/EZE,molecule,normalized,UPDATE,HIGH
ml,ml_006,sb_006_00753,케이바로,케이바로,케이바로,pitavastatin calcium,Statin,molecule,normalized,UPDATE,HIGH
ml,ml_006,sb_006_00647,케이토바,케이토바,케이토바,atorvastatin calcium,Statin,molecule,normalized,UPDATE,HIGH
ml,ml_006,sb_006_01037,콜레스톱,콜레스톱,콜레스톱,rosuvastatin calcium  ( as rosuvastatin),Statin,molecule,normalized,UPDATE,HIGH
ml,ml_006,sb_006_00897,콜로스타,콜로스타,콜로스타,rosuvastatin calcium  ( as rosuvastatin),Statin,molecule,normalized,UPDATE,HIGH
ml,ml_006,sb_006_01089,콜스테롤,콜스테롤,콜스테롤,simvastatin,Statin,molecule,normalized,UPDATE,HIGH
ml,ml_006,sb_006_00367,콤비로제,콤비로제,콤비로제,"ezetimibe,  rosuvastatin calcium  ( as rosuvastatin)",Statin/EZE,molecule,normalized,UPDATE,HIGH
ml,ml_006,sb_006_00191,콤비젯,콤비젯,콤비젯,"atorvastatin calcium trihydrate  ( as atorvastatin),  ezetimibe",Statin/EZE,molecule,normalized,UPDATE,HIGH
ml,ml_006,sb_006_00446,크라티지,크라티지,크라티지,"omega-3-acids ethyl esters90,  rosuvastatin calcium",제외,molecule,normalized,UPDATE,HIGH
ml,ml_006,sb_006_00805,크라틴,크라틴,크라틴,rosuvastatin calcium  ( as rosuvastatin),Statin,molecule,normalized,UPDATE,HIGH
ml,ml_006,sb_006_00972,크래바스,크래바스,크래바스,rosuvastatin calcium  ( as rosuvastatin),Statin,molecule,normalized,UPDATE,HIGH
ml,ml_006,sb_006_00973,크레고,크레고,크레고,rosuvastatin calcium  ( as rosuvastatin),Statin,molecule,normalized,UPDATE,HIGH
ml,ml_006,sb_006_00356,크레더블,크레더블,크레더블,"ezetimibe,  rosuvastatin calcium  ( as rosuvastatin)",Statin/EZE,molecule,normalized,UPDATE,HIGH
ml,ml_006,sb_006_00857,크레라토,크레라토,크레라토,rosuvastatin calcium  ( as rosuvastatin),Statin,molecule,normalized,UPDATE,HIGH
ml,ml_006,sb_006_00795,크레로바,크레로바,크레로바,rosuvastatin calcium  ( as rosuvastatin),Statin,molecule,normalized,UPDATE,HIGH
ml,ml_006,sb_006_00868,크레로슈,크레로슈,크레로슈,rosuvastatin calcium  ( as rosuvastatin),Statin,molecule,normalized,UPDATE,HIGH
ml,ml_006,sb_006_01048,크레로스,크레로스,크레로스,rosuvastatin calcium  ( as rosuvastatin),Statin,molecule,normalized,UPDATE,HIGH
ml,ml_006,sb_006_00800,크레로우,크레로우,크레로우,rosuvastatin calcium  ( as rosuvastatin),Statin,molecule,normalized,UPDATE,HIGH
ml,ml_006,sb_006_00449,크레메가,크레메가,크레메가,"omega-3-acids ethyl esters90,  rosuvastatin calcium",제외,molecule,normalized,UPDATE,HIGH
ml,ml_006,sb_006_00329,크레바젯,크레바젯,크레바젯,"ezetimibe,  rosuvastatin calcium  ( as rosuvastatin)",Statin/EZE,molecule,normalized,UPDATE,HIGH
ml,ml_006,sb_006_00936,크레바틴,크레바틴,크레바틴,rosuvastatin calcium  ( as rosuvastatin),Statin,molecule,normalized,UPDATE,HIGH
ml,ml_006,sb_006_00855,크레산트,크레산트,크레산트,rosuvastatin calcium  ( as rosuvastatin),Statin,molecule,normalized,UPDATE,HIGH
ml,ml_006,sb_006_00916,크레스,크레스,크레스,rosuvastatin calcium  ( as rosuvastatin),Statin,molecule,normalized,UPDATE,HIGH
ml,ml_006,sb_006_00836,크레스논,크레스논,크레스논,rosuvastatin calcium  ( as rosuvastatin),Statin,molecule,normalized,UPDATE,HIGH
ml,ml_006,sb_006_01050,크레스바,크레스바,크레스바,rosuvastatin calcium  ( as rosuvastatin),Statin,molecule,normalized,UPDATE,HIGH
ml,ml_006,sb_006_00302,크레스젯,크레스젯,크레스젯,"ezetimibe,  rosuvastatin calcium  ( as rosuvastatin)",Statin/EZE,molecule,normalized,UPDATE,HIGH
ml,ml_006,sb_006_00813,크레스토,크레스토,크레스토,rosuvastatin calcium  ( as rosuvastatin),Statin,molecule,normalized,UPDATE,HIGH
ml,ml_006,sb_006_00373,크레스티브,크레스티브,크레스티브,"ezetimibe,  rosuvastatin calcium  ( as rosuvastatin)",Statin/EZE,molecule,normalized,UPDATE,HIGH
ml,ml_006,sb_006_00882,크레스틴,크레스틴,크레스틴,rosuvastatin calcium  ( as rosuvastatin),Statin,molecule,normalized,UPDATE,HIGH
ml,ml_006,sb_006_00939,크레아진,크레아진,크레아진,rosuvastatin calcium  ( as rosuvastatin),Statin,molecule,normalized,UPDATE,HIGH
ml,ml_006,sb_006_00319,크레아진 플러스,크레아진플러스,크레아진플러스,"ezetimibe,  rosuvastatin calcium  ( as rosuvastatin)",Statin/EZE,molecule,normalized,UPDATE,HIGH
ml,ml_006,sb_006_00241,크레젯,크레젯,크레젯,"ezetimibe,  rosuvastatin calcium  ( as rosuvastatin)",Statin/EZE,molecule,normalized,UPDATE,HIGH
ml,ml_006,sb_006_00869,크레지,크레지,크레지,rosuvastatin calcium  ( as rosuvastatin),Statin,molecule,normalized,UPDATE,HIGH
ml,ml_006,sb_006_00907,크레진,크레진,크레진,rosuvastatin calcium  ( as rosuvastatin),Statin,molecule,normalized,UPDATE,HIGH
ml,ml_006,sb_006_01026,크레첵,크레첵,크레첵,rosuvastatin calcium  ( as rosuvastatin),Statin,molecule,normalized,UPDATE,HIGH
ml,ml_006,sb_006_00953,크레토,크레토,크레토,rosuvastatin calcium  ( as rosuvastatin),Statin,molecule,normalized,UPDATE,HIGH
ml,ml_006,sb_006_00296,크레트롤,크레트롤,크레트롤,"ezetimibe,  rosuvastatin calcium  ( as rosuvastatin)",Statin/EZE,molecule,normalized,UPDATE,HIGH
ml,ml_006,sb_006_00979,크로바틴,크로바틴,크로바틴,rosuvastatin calcium  ( as rosuvastatin),Statin,molecule,normalized,UPDATE,HIGH
ml,ml_006,sb_006_00970,크로스타,크로스타,크로스타,rosuvastatin calcium  ( as rosuvastatin),Statin,molecule,normalized,UPDATE,HIGH
ml,ml_006,sb_006_00888,크로스틴,크로스틴,크로스틴,rosuvastatin calcium  ( as rosuvastatin),Statin,molecule,normalized,UPDATE,HIGH
ml,ml_006,sb_006_00818,크로우,크로우,크로우,rosuvastatin calcium  ( as rosuvastatin),Statin,molecule,normalized,UPDATE,HIGH
ml,ml_006,sb_006_00245,크로우젯,크로우젯,크로우젯,"ezetimibe,  rosuvastatin calcium  ( as rosuvastatin)",Statin/EZE,molecule,normalized,UPDATE,HIGH
ml,ml_006,sb_006_00816,크로원,크로원,크로원,rosuvastatin calcium  ( as rosuvastatin),Statin,molecule,normalized,UPDATE,HIGH
ml,ml_006,sb_006_01015,크바스틴,크바스틴,크바스틴,rosuvastatin calcium  ( as rosuvastatin),Statin,molecule,normalized,UPDATE,HIGH
ml,ml_006,sb_006_00344,크바젯,크바젯,크바젯,"ezetimibe,  rosuvastatin calcium  ( as rosuvastatin)",Statin/EZE,molecule,normalized,UPDATE,HIGH
ml,ml_006,sb_006_00711,타바로우,타바로우,타바로우,pitavastatin calcium,Statin,molecule,normalized,UPDATE,HIGH
ml,ml_006,sb_006_00209,타바로젯,타바로젯,타바로젯,"ezetimibe,  pitavastatin calcium hydrate  ( as pitavastatin calcium)",Statin/EZE,molecule,normalized,UPDATE,HIGH
ml,ml_006,sb_006_00763,타바스타,타바스타,타바스타,pitavastatin calcium,Statin,molecule,normalized,UPDATE,HIGH
ml,ml_006,sb_006_00743,타스틴,타스틴,타스틴,pitavastatin calcium,Statin,molecule,normalized,UPDATE,HIGH
ml,ml_006,sb_006_00426,타스페노,타스페노,타스페노,"fenofibrate granule,  pitavastatin calcium",제외,molecule,normalized,UPDATE,HIGH
ml,ml_006,sb_006_00823,탑스타틴,탑스타틴,탑스타틴,rosuvastatin calcium  ( as rosuvastatin),Statin,molecule,normalized,UPDATE,HIGH
ml,ml_006,sb_006_00248,탑스타틴 에프,탑스타틴에프,탑스타틴에프,"ezetimibe,  rosuvastatin calcium  ( as rosuvastatin)",Statin/EZE,molecule,normalized,UPDATE,HIGH
ml,ml_006,sb_006_01087,태극 심바스타틴,태극심바스타틴,태극심바스타틴,simvastatin,Statin,molecule,normalized,UPDATE,HIGH
ml,ml_006,sb_006_00660,토르비스,토르비스,토르비스,atorvastatin calcium,Statin,molecule,normalized,UPDATE,HIGH
ml,ml_006,sb_006_00671,토바스트,토바스트,토바스트,atorvastatin calcium,Statin,molecule,normalized,UPDATE,HIGH
ml,ml_006,sb_006_00550,토바스틴,토바스틴,토바스틴,atorvastatin calcium,Statin,molecule,normalized,UPDATE,HIGH
ml,ml_006,sb_006_00129,토바젯,토바젯,토바젯,"atorvastatin calcium trihydrate  ( as atorvastatin),  ezetimibe",Statin/EZE,molecule,normalized,UPDATE,HIGH
ml,ml_006,sb_006_00200,토스젯,토스젯,토스젯,"atorvastatin calcium trihydrate  ( as atorvastatin),  ezetimibe",Statin/EZE,molecule,normalized,UPDATE,HIGH
ml,ml_006,sb_006_00447,토탈산트,토탈산트,토탈산트,"omega-3-acids ethyl esters90,  rosuvastatin calcium",제외,molecule,normalized,UPDATE,HIGH
ml,ml_006,sb_006_00206,페노제티브,페노제티브,페노제티브,"ezetimibe,  fenofibrate",제외,molecule,normalized,UPDATE,HIGH
ml,ml_006,sb_006_00735,페바로,페바로,페바로,pitavastatin calcium,Statin,molecule,normalized,UPDATE,HIGH
ml,ml_006,sb_006_00425,페바로 에프,페바로에프,페바로에프,"fenofibrate granule,  pitavastatin calcium",제외,molecule,normalized,UPDATE,HIGH
ml,ml_006,sb_006_00215,페바로젯,페바로젯,페바로젯,"ezetimibe,  pitavastatin calcium hydrate  ( as pitavastatin calcium)",Statin/EZE,molecule,normalized,UPDATE,HIGH
ml,ml_006,sb_006_00439,페타바,페타바,페타바,"micronized fenofibrate,  pitavastatin calcium",제외,molecule,normalized,UPDATE,HIGH
ml,ml_006,sb_006_00432,프라바페닉스,프라바페닉스,프라바페닉스,"fenofibrate,  pravastatin sodium",제외,molecule,normalized,UPDATE,HIGH
ml,ml_006,sb_006_00778,프라스탄,프라스탄,프라스탄,pravastatin sodium,Statin,molecule,normalized,UPDATE,HIGH
ml,ml_006,sb_006_00760,피바글로,피바글로,피바글로,pitavastatin calcium,Statin,molecule,normalized,UPDATE,HIGH
ml,ml_006,sb_006_00427,피바펜,피바펜,피바펜,"fenofibrate granule,  pitavastatin calcium",제외,molecule,normalized,UPDATE,HIGH
ml,ml_006,sb_006_00752,피스타,피스타,피스타,pitavastatin calcium,Statin,molecule,normalized,UPDATE,HIGH
ml,ml_006,sb_006_00418,피에프,피에프,피에프,"fenofibrate granule,  pitavastatin calcium",제외,molecule,normalized,UPDATE,HIGH
ml,ml_006,sb_006_01010,피엠에스 로수바스타틴,피엠에스로수바스타틴,피엠에스로수바스타틴,rosuvastatin calcium  ( as rosuvastatin),Statin,molecule,normalized,UPDATE,HIGH
ml,ml_006,sb_006_00211,피제트,피제트,피제트,"ezetimibe,  pitavastatin calcium hydrate  ( as pitavastatin calcium)",Statin/EZE,molecule,normalized,UPDATE,HIGH
ml,ml_006,sb_006_00729,피큐로우,피큐로우,피큐로우,pitavastatin calcium,Statin,molecule,normalized,UPDATE,HIGH
ml,ml_006,sb_006_00730,피타,피타,피타,pitavastatin calcium,Statin,molecule,normalized,UPDATE,HIGH
ml,ml_006,sb_006_00723,피타넥스,피타넥스,피타넥스,pitavastatin calcium,Statin,molecule,normalized,UPDATE,HIGH
ml,ml_006,sb_006_00420,피타뉴펜,피타뉴펜,피타뉴펜,"fenofibrate granule,  pitavastatin calcium",제외,molecule,normalized,UPDATE,HIGH
ml,ml_006,sb_006_00765,피타듀스,피타듀스,피타듀스,pitavastatin calcium,Statin,molecule,normalized,UPDATE,HIGH
ml,ml_006,sb_006_00707,피타렌,피타렌,피타렌,pitavastatin calcium,Statin,molecule,normalized,UPDATE,HIGH
ml,ml_006,sb_006_00437,피타렛,피타렛,피타렛,"micronized fenofibrate,  pitavastatin calcium",제외,molecule,normalized,UPDATE,HIGH
ml,ml_006,sb_006_00755,피타로우,피타로우,피타로우,pitavastatin calcium,Statin,molecule,normalized,UPDATE,HIGH
ml,ml_006,sb_006_00441,피타로우 에프,피타로우에프,피타로우에프,"micronized fenofibrate,  pitavastatin calcium",제외,molecule,normalized,UPDATE,HIGH
ml,ml_006,sb_006_00731,피타로틴,피타로틴,피타로틴,pitavastatin calcium,Statin,molecule,normalized,UPDATE,HIGH
ml,ml_006,sb_006_00714,피타론,피타론,피타론,pitavastatin calcium,Statin,molecule,normalized,UPDATE,HIGH
ml,ml_006,sb_006_00419,피타론 에프,피타론에프,피타론에프,"fenofibrate granule,  pitavastatin calcium",제외,molecule,normalized,UPDATE,HIGH
ml,ml_006,sb_006_00433,피타릭,피타릭,피타릭,"fenofibric acid,  pitavastatin calcium hydrate  ( as pitavastatin calcium)",제외,molecule,normalized,UPDATE,HIGH
ml,ml_006,sb_006_00742,피타바,피타바,피타바,pitavastatin calcium,Statin,molecule,normalized,UPDATE,HIGH
ml,ml_006,sb_006_00767,피타바로틴,피타바로틴,피타바로틴,pitavastatin calcium,Statin,molecule,normalized,UPDATE,HIGH
ml,ml_006,sb_006_00757,피타바스,피타바스,피타바스,pitavastatin calcium,Statin,molecule,normalized,UPDATE,HIGH
ml,ml_006,sb_006_00435,피타스론,피타스론,피타스론,"micronized fenofibrate,  pitavastatin calcium",제외,molecule,normalized,UPDATE,HIGH
ml,ml_006,sb_006_00761,피타스탄,피타스탄,피타스탄,pitavastatin calcium,Statin,molecule,normalized,UPDATE,HIGH
ml,ml_006,sb_006_00741,피타스토,피타스토,피타스토,pitavastatin calcium,Statin,molecule,normalized,UPDATE,HIGH
ml,ml_006,sb_006_00738,피타스틴,피타스틴,피타스틴,pitavastatin calcium,Statin,molecule,normalized,UPDATE,HIGH
ml,ml_006,sb_006_00728,피타에스,피타에스,피타에스,pitavastatin calcium,Statin,molecule,normalized,UPDATE,HIGH
ml,ml_006,sb_006_00438,피타에프,피타에프,피타에프,"micronized fenofibrate,  pitavastatin calcium",제외,molecule,normalized,UPDATE,HIGH
ml,ml_006,sb_006_00750,피타큐,피타큐,피타큐,pitavastatin calcium,Statin,molecule,normalized,UPDATE,HIGH
ml,ml_006,sb_006_00719,피타테롤,피타테롤,피타테롤,pitavastatin calcium,Statin,molecule,normalized,UPDATE,HIGH
ml,ml_006,sb_006_00727,피타틴,피타틴,피타틴,pitavastatin calcium,Statin,molecule,normalized,UPDATE,HIGH
ml,ml_006,sb_006_00716,피타틴 엠,피타틴엠,피타틴엠,pitavastatin calcium,Statin,molecule,normalized,UPDATE,HIGH
ml,ml_006,sb_006_00706,피트로반,피트로반,피트로반,pitavastatin calcium,Statin,molecule,normalized,UPDATE,HIGH
ml,ml_006,sb_006_00893,하이엘,하이엘,하이엘,rosuvastatin calcium  ( as rosuvastatin),Statin,molecule,normalized,UPDATE,HIGH
ml,ml_006,sb_006_00185,한토젯,한토젯,한토젯,"atorvastatin calcium trihydrate  ( as atorvastatin),  ezetimibe",Statin/EZE,molecule,normalized,UPDATE,HIGH
ml,ml_006,sb_006_00691,휴니즈 아토르바스타틴칼슘,휴니즈아토르바스타틴칼슘,휴니즈아토르바스타틴칼슘,atorvastatin calcium,Statin,molecule,normalized,UPDATE,HIGH
ml,ml_006,sb_006_01042,휴레스토,휴레스토,휴레스토,rosuvastatin calcium  ( as rosuvastatin),Statin,molecule,normalized,UPDATE,HIGH
ml,ml_006,sb_006_00686,휴스타,휴스타,휴스타,atorvastatin calcium,Statin,molecule,normalized,UPDATE,HIGH
ml,ml_006,sb_006_01098,휴심바,휴심바,휴심바,simvastatin,Statin,molecule,normalized,UPDATE,HIGH
ml,ml_006,sb_006_00688,휴온스 아토르바스타틴,휴온스아토르바스타틴,휴온스아토르바스타틴,atorvastatin calcium,Statin,molecule,normalized,UPDATE,HIGH
ml,ml_006,sb_006_01096,휴코,휴코,휴코,simvastatin,Statin,molecule,normalized,UPDATE,HIGH
ml,ml_006,sb_006_00693,휴텍스 아토르바스타틴,휴텍스아토르바스타틴,휴텍스아토르바스타틴,atorvastatin calcium,Statin,molecule,normalized,UPDATE,HIGH
ml,ml_007,sb_007_00601,글로메가,글로메가,글로메가,omega-3-acids ethyl esters90,omega-3-acids ethyl esters90,molecule,normalized,NOOP,HIGH
ml,ml_007,sb_007_00208,글로젯,글로젯,글로젯,"atorvastatin calcium trihydrate  ( as atorvastatin),  ezetimibe",,molecule,normalized,SET_NULL,HIGH
ml,ml_007,sb_007_00534,글리펜 서방,글리펜서방,,fenofibrate,fenofibrate,molecule,unmatched,NOOP,LOW
ml,ml_007,sb_007_00535,글리펜 슈프림,글리펜슈프림,글리펜슈프림,fenofibrate,fenofibrate,molecule,normalized,NOOP,HIGH
ml,ml_007,sb_007_00529,네오페노,네오페노,네오페노,fenofibrate,fenofibrate,molecule,normalized,NOOP,HIGH
ml,ml_007,sb_007_00556,노피드,노피드,노피드,micronized fenofibrate,micronized fenofibrate,molecule,normalized,NOOP,HIGH
ml,ml_007,sb_007_00583,뉴마론,뉴마론,뉴마론,omega-3-acids ethyl esters90,omega-3-acids ethyl esters90,molecule,normalized,NOOP,HIGH
ml,ml_007,sb_007_00590,뉴마코,뉴마코,뉴마코,omega-3-acids ethyl esters90,omega-3-acids ethyl esters90,molecule,normalized,NOOP,HIGH
ml,ml_007,sb_007_00518,뉴마코 알,뉴마코알,뉴마코알,"omega-3-acids ethyl esters90,  rosuvastatin calcium",,molecule,normalized,SET_NULL,HIGH
ml,ml_007,sb_007_00594,뉴메틴,뉴메틴,뉴메틴,omega-3-acids ethyl esters90,omega-3-acids ethyl esters90,molecule,normalized,NOOP,HIGH
ml,ml_007,sb_007_00593,뉴메틴 미니,뉴메틴미니,뉴메틴미니,omega-3-acids ethyl esters90,omega-3-acids ethyl esters90,molecule,normalized,NOOP,HIGH
ml,ml_007,sb_007_00550,뉴브릭 이에이치,뉴브릭이에이치,뉴브릭이에이치,fenofibric acid,fenofibric acid,molecule,normalized,NOOP,HIGH
ml,ml_007,sb_007_00327,뉴스타젯 알,뉴스타젯알,뉴스타젯알,"ezetimibe,  rosuvastatin calcium  ( as rosuvastatin)",,molecule,normalized,SET_NULL,HIGH
ml,ml_007,sb_007_00487,뉴스타틴 듀오,뉴스타틴듀오,뉴스타틴듀오,"fenofibrate granule,  pitavastatin calcium",PTV/Fenofibrate granule,molecule,normalized,UPDATE,HIGH
ml,ml_007,sb_007_00110,뉴 아토르젯,뉴아토르젯,뉴아토르젯,"atorvastatin calcium trihydrate  ( as atorvastatin),  ezetimibe",,molecule,normalized,SET_NULL,HIGH
ml,ml_007,sb_007_00247,뉴토메가,뉴토메가,뉴토메가,"atorvastatin calcium trihydrate  ( as atorvastatin),  omega-3-acids ethyl esters90",,molecule,normalized,SET_NULL,HIGH
ml,ml_007,sb_007_00044,뉴토젯,뉴토젯,뉴토젯,"atorvastatin calcium trihydrate  ( as atorvastatin),  ezetimibe",,molecule,normalized,SET_NULL,HIGH
ml,ml_007,sb_007_00568,다림 오메가3,다림오메가3,다림오메가3,omega-3-acids ethyl esters90,omega-3-acids ethyl esters90,molecule,normalized,NOOP,HIGH
ml,ml_007,sb_007_00278,다비듀오,다비듀오,다비듀오,"ezetimibe,  rosuvastatin calcium  ( as rosuvastatin)",,molecule,normalized,SET_NULL,HIGH
ml,ml_007,sb_007_00182,듀얼 아토,듀얼아토,듀얼아토,"atorvastatin calcium trihydrate  ( as atorvastatin),  ezetimibe",,molecule,normalized,SET_NULL,HIGH
ml,ml_007,sb_007_00306,듀오논,듀오논,듀오논,"ezetimibe,  rosuvastatin calcium  ( as rosuvastatin)",,molecule,normalized,SET_NULL,HIGH
ml,ml_007,sb_007_00266,듀오로반,듀오로반,듀오로반,"ezetimibe,  rosuvastatin calcium  ( as rosuvastatin)",,molecule,normalized,SET_NULL,HIGH
ml,ml_007,sb_007_00445,듀오토린,듀오토린,듀오토린,"ezetimibe,  simvastatin",,molecule,normalized,SET_NULL,HIGH
ml,ml_007,sb_007_00006,듀오피토,듀오피토,듀오피토,"atorvastatin calcium trihydrate  ( as atorvastatin),  ezetimibe",,molecule,normalized,SET_NULL,HIGH
ml,ml_007,sb_007_00091,듀토르,듀토르,듀토르,"atorvastatin calcium trihydrate  ( as atorvastatin),  ezetimibe",,molecule,normalized,SET_NULL,HIGH
ml,ml_007,sb_007_00380,드롭탑,드롭탑,드롭탑,"ezetimibe,  rosuvastatin calcium  ( as rosuvastatin)",,molecule,normalized,SET_NULL,HIGH
ml,ml_007,sb_007_00122,라도젯,라도젯,라도젯,"atorvastatin calcium trihydrate  ( as atorvastatin),  ezetimibe",,molecule,normalized,SET_NULL,HIGH
ml,ml_007,sb_007_00595,로마코,로마코,로마코,omega-3-acids ethyl esters90,omega-3-acids ethyl esters90,molecule,normalized,NOOP,HIGH
ml,ml_007,sb_007_00510,로메가,로메가,로메가,"omega-3-acids ethyl esters90,  rosuvastatin calcium",,molecule,normalized,SET_NULL,HIGH
ml,ml_007,sb_007_00390,로미젯,로미젯,로미젯,"ezetimibe,  rosuvastatin calcium  ( as rosuvastatin)",,molecule,normalized,SET_NULL,HIGH
ml,ml_007,sb_007_00282,로바듀엣,로바듀엣,로바듀엣,"ezetimibe,  rosuvastatin calcium  ( as rosuvastatin)",,molecule,normalized,SET_NULL,HIGH
ml,ml_007,sb_007_00300,로바 이지,로바이지,로바이지,"ezetimibe,  rosuvastatin calcium  ( as rosuvastatin)",,molecule,normalized,SET_NULL,HIGH
ml,ml_007,sb_007_00360,로바젯,로바젯,로바젯,"ezetimibe,  rosuvastatin calcium  ( as rosuvastatin)",,molecule,normalized,SET_NULL,HIGH
ml,ml_007,sb_007_00357,로수 듀오,로수듀오,로수듀오,"ezetimibe,  rosuvastatin calcium  ( as rosuvastatin)",,molecule,normalized,SET_NULL,HIGH
ml,ml_007,sb_007_00517,로수맥 콤비젤,로수맥콤비젤,로수맥콤비젤,"omega-3-acids ethyl esters90,  rosuvastatin calcium | omega-3-acids ethyl esters90,  rosuvastatin calcium  ( as rosuvastatin)",,molecule,normalized,SET_NULL,HIGH
ml,ml_007,sb_007_00511,로수메가,로수메가,로수메가,"omega-3-acids ethyl esters90,  rosuvastatin calcium",,molecule,normalized,SET_NULL,HIGH
ml,ml_007,sb_007_00373,로수바미브,로수바미브,로수바미브,"ezetimibe,  rosuvastatin calcium  ( as rosuvastatin)",,molecule,normalized,SET_NULL,HIGH
ml,ml_007,sb_007_00521,로수바코,로수바코,로수바코,"omega-3-acids ethyl esters90,  rosuvastatin calcium",,molecule,normalized,SET_NULL,HIGH
ml,ml_007,sb_007_00387,로수브젯,로수브젯,로수브젯,"ezetimibe,  rosuvastatin calcium  ( as rosuvastatin)",,molecule,normalized,SET_NULL,HIGH
ml,ml_007,sb_007_00316,로수에제,로수에제,로수에제,"ezetimibe,  rosuvastatin calcium  ( as rosuvastatin)",,molecule,normalized,SET_NULL,HIGH
ml,ml_007,sb_007_00399,로수에젯,로수에젯,로수에젯,"ezetimibe,  rosuvastatin calcium  ( as rosuvastatin)",,molecule,normalized,SET_NULL,HIGH
ml,ml_007,sb_007_00269,로수에지,로수에지,로수에지,"ezetimibe,  rosuvastatin calcium  ( as rosuvastatin)",,molecule,normalized,SET_NULL,HIGH
ml,ml_007,sb_007_00312,로수엠젯,로수엠젯,로수엠젯,"ezetimibe,  rosuvastatin calcium  ( as rosuvastatin)",,molecule,normalized,SET_NULL,HIGH
ml,ml_007,sb_007_00409,로수젯,로수젯,로수젯,"ezetimibe,  rosuvastatin calcium  ( as rosuvastatin)",,molecule,normalized,SET_NULL,HIGH
ml,ml_007,sb_007_00522,로수코마,로수코마,로수코마,"omega-3-acids ethyl esters90,  rosuvastatin calcium",,molecule,normalized,SET_NULL,HIGH
ml,ml_007,sb_007_00302,로수탄젯,로수탄젯,로수탄젯,"ezetimibe,  rosuvastatin calcium  ( as rosuvastatin)",,molecule,normalized,SET_NULL,HIGH
ml,ml_007,sb_007_00396,로스토린,로스토린,로스토린,"ezetimibe,  rosuvastatin calcium  ( as rosuvastatin)",,molecule,normalized,SET_NULL,HIGH
ml,ml_007,sb_007_00284,로에제,로에제,로에제,"ezetimibe,  rosuvastatin calcium  ( as rosuvastatin)",,molecule,normalized,SET_NULL,HIGH
ml,ml_007,sb_007_00547,로오딜슈프라,로오딜슈프라,로오딜슈프라,fenofibrate,fenofibrate,molecule,normalized,NOOP,HIGH
ml,ml_007,sb_007_00305,로우로제,로우로제,로우로제,"ezetimibe,  rosuvastatin calcium  ( as rosuvastatin)",,molecule,normalized,SET_NULL,HIGH
ml,ml_007,sb_007_00383,로제듀오,로제듀오,로제듀오,"ezetimibe,  rosuvastatin calcium  ( as rosuvastatin)",,molecule,normalized,SET_NULL,HIGH
ml,ml_007,sb_007_00330,로제로우,로제로우,로제로우,"ezetimibe,  rosuvastatin calcium  ( as rosuvastatin)",,molecule,normalized,SET_NULL,HIGH
ml,ml_007,sb_007_00272,로제 케이,로제케이,로제케이,"ezetimibe,  rosuvastatin calcium  ( as rosuvastatin)",,molecule,normalized,SET_NULL,HIGH
ml,ml_007,sb_007_00519,로제코,로제코,로제코,"omega-3-acids ethyl esters90,  rosuvastatin calcium",,molecule,normalized,SET_NULL,HIGH
ml,ml_007,sb_007_00351,로제티브,로제티브,로제티브,"ezetimibe,  rosuvastatin calcium  ( as rosuvastatin)",,molecule,normalized,SET_NULL,HIGH
ml,ml_007,sb_007_00319,로젯,로젯,로젯,"ezetimibe,  rosuvastatin calcium  ( as rosuvastatin)",,molecule,normalized,SET_NULL,HIGH
ml,ml_007,sb_007_00364,로젯탐,로젯탐,로젯탐,"ezetimibe,  rosuvastatin calcium  ( as rosuvastatin)",,molecule,normalized,SET_NULL,HIGH
ml,ml_007,sb_007_00333,로타젯,로타젯,로타젯,"ezetimibe,  rosuvastatin calcium  ( as rosuvastatin)",,molecule,normalized,SET_NULL,HIGH
ml,ml_007,sb_007_00413,로티미브,로티미브,로티미브,"ezetimibe,  rosuvastatin calcium  ( as rosuvastatin)",,molecule,normalized,SET_NULL,HIGH
ml,ml_007,sb_007_00309,로티브,로티브,로티브,"ezetimibe,  rosuvastatin calcium  ( as rosuvastatin)",,molecule,normalized,SET_NULL,HIGH
ml,ml_007,sb_007_00340,로티젯,로티젯,로티젯,"ezetimibe,  rosuvastatin calcium  ( as rosuvastatin)",,molecule,normalized,SET_NULL,HIGH
ml,ml_007,sb_007_00602,로티지,로티지,로티지,omega-3-acids ethyl esters90,omega-3-acids ethyl esters90,molecule,normalized,NOOP,HIGH
ml,ml_007,sb_007_00559,로피롤에스,로피롤에스,로피롤에스,micronized fenofibrate,micronized fenofibrate,molecule,normalized,NOOP,HIGH
ml,ml_007,sb_007_00548,로피롤 에이,로피롤에이,로피롤에이,fenofibric acid,fenofibric acid,molecule,normalized,NOOP,HIGH
ml,ml_007,sb_007_00562,리도스,리도스,리도스,micronized fenofibrate,micronized fenofibrate,molecule,normalized,NOOP,HIGH
ml,ml_007,sb_007_00493,리로우펜,리로우펜,리로우펜,"fenofibrate granule,  pitavastatin calcium",PTV/Fenofibrate granule,molecule,normalized,UPDATE,HIGH
ml,ml_007,sb_007_00264,리바로젯,리바로젯,리바로젯,"ezetimibe,  pitavastatin calcium hydrate  ( as pitavastatin calcium)",,molecule,normalized,SET_NULL,HIGH
ml,ml_007,sb_canonical_010_리바로페노,리바로페노,리바로페노,리바로페노,"fenofibric acid,  pitavastatin calcium hydrate  ( as pitavastatin calcium)",PTV/Fenofibric acid,molecule,normalized,UPDATE,HIGH
ml,ml_007,sb_007_00214,리바젯,리바젯,리바젯,"atorvastatin calcium trihydrate  ( as atorvastatin),  ezetimibe",,molecule,normalized,SET_NULL,HIGH
ml,ml_007,sb_007_00496,리바페논,리바페논,리바페논,"fenofibrate granule,  pitavastatin calcium",PTV/Fenofibrate granule,molecule,normalized,UPDATE,HIGH
ml,ml_007,sb_007_00486,리바펜,리바펜,리바펜,"fenofibrate granule,  pitavastatin calcium",PTV/Fenofibrate granule,molecule,normalized,UPDATE,HIGH
ml,ml_007,sb_007_00033,리토바젯,리토바젯,리토바젯,"atorvastatin calcium trihydrate  ( as atorvastatin),  ezetimibe",,molecule,normalized,SET_NULL,HIGH
ml,ml_007,sb_007_00040,리토젯,리토젯,리토젯,"atorvastatin calcium trihydrate  ( as atorvastatin),  ezetimibe",,molecule,normalized,SET_NULL,HIGH
ml,ml_007,sb_007_00507,리파틴 듀오,리파틴듀오,리파틴듀오,"micronized fenofibrate,  pitavastatin calcium",PTV/Micronized fenofibrate,molecule,normalized,UPDATE,HIGH
ml,ml_007,sb_007_00546,리페돌,리페돌,리페돌,fenofibrate | micronized fenofibrate,fenofibrate,molecule,normalized,UPDATE,HIGH
ml,ml_007,sb_007_00494,리페스틴,리페스틴,리페스틴,"fenofibrate granule,  pitavastatin calcium",PTV/Fenofibrate granule,molecule,normalized,UPDATE,HIGH
ml,ml_007,sb_007_00013,리포듀오,리포듀오,리포듀오,"atorvastatin calcium trihydrate  ( as atorvastatin),  ezetimibe",,molecule,normalized,SET_NULL,HIGH
ml,ml_007,sb_007_00113,리포젯,리포젯,리포젯,"atorvastatin calcium trihydrate  ( as atorvastatin),  ezetimibe",,molecule,normalized,SET_NULL,HIGH
ml,ml_007,sb_007_00027,리피듀엣,리피듀엣,리피듀엣,"atorvastatin calcium trihydrate  ( as atorvastatin),  ezetimibe",,molecule,normalized,SET_NULL,HIGH
ml,ml_007,sb_007_00539,리피딜 슈프라,리피딜슈프라,리피딜슈프라,fenofibrate,fenofibrate,molecule,normalized,NOOP,HIGH
ml,ml_007,sb_007_00540,리피딜 엔티,리피딜엔티,리피딜엔티,fenofibrate,fenofibrate,molecule,normalized,NOOP,HIGH
ml,ml_007,sb_007_00191,리피로우젯,리피로우젯,리피로우젯,"atorvastatin calcium trihydrate  ( as atorvastatin),  ezetimibe",,molecule,normalized,SET_NULL,HIGH
ml,ml_007,sb_007_00537,리피멧,리피멧,리피멧,fenofibrate,fenofibrate,molecule,normalized,NOOP,HIGH
ml,ml_007,sb_007_00073,리피아젯,리피아젯,리피아젯,"atorvastatin calcium trihydrate  ( as atorvastatin),  ezetimibe",,molecule,normalized,SET_NULL,HIGH
ml,ml_007,sb_007_00097,리피젯,리피젯,리피젯,"atorvastatin calcium trihydrate  ( as atorvastatin),  ezetimibe",,molecule,normalized,SET_NULL,HIGH
ml,ml_007,sb_007_00081,리피토 플러스,리피토플러스,리피토플러스,"atorvastatin calcium trihydrate  ( as atorvastatin),  ezetimibe",,molecule,normalized,SET_NULL,HIGH
ml,ml_007,sb_007_00105,리피티젯,리피티젯,리피티젯,"atorvastatin calcium trihydrate  ( as atorvastatin),  ezetimibe",,molecule,normalized,SET_NULL,HIGH
ml,ml_007,sb_007_00544,리피페노,리피페노,리피페노,fenofibrate,fenofibrate,molecule,normalized,NOOP,HIGH
ml,ml_007,sb_007_00554,리필펜,리필펜,리필펜,micronized fenofibrate,micronized fenofibrate,molecule,normalized,NOOP,HIGH
ml,ml_007,sb_007_00354,립스타 플러스,립스타플러스,립스타플러스,"ezetimibe,  rosuvastatin calcium  ( as rosuvastatin)",,molecule,normalized,SET_NULL,HIGH
ml,ml_007,sb_007_00558,마이페노,마이페노,마이페노,micronized fenofibrate,micronized fenofibrate,molecule,normalized,NOOP,HIGH
ml,ml_007,sb_007_00512,메가로반,메가로반,메가로반,"omega-3-acids ethyl esters90,  rosuvastatin calcium",,molecule,normalized,SET_NULL,HIGH
ml,ml_007,sb_007_00574,메가로우,메가로우,메가로우,omega-3-acids ethyl esters90,omega-3-acids ethyl esters90,molecule,normalized,NOOP,HIGH
ml,ml_007,sb_007_00402,메가로젯,메가로젯,메가로젯,"ezetimibe,  rosuvastatin calcium  ( as rosuvastatin)",,molecule,normalized,SET_NULL,HIGH
ml,ml_007,sb_007_00577,메가엠,메가엠,메가엠,omega-3-acids ethyl esters90,omega-3-acids ethyl esters90,molecule,normalized,NOOP,HIGH
ml,ml_007,sb_007_00515,메가 엠 듀얼,메가엠듀얼,메가엠듀얼,"omega-3-acids ethyl esters90,  rosuvastatin calcium",,molecule,normalized,SET_NULL,HIGH
ml,ml_007,sb_007_00576,메가엠 미니,메가엠미니,메가엠미니,omega-3-acids ethyl esters90,omega-3-acids ethyl esters90,molecule,normalized,NOOP,HIGH
ml,ml_007,sb_007_00582,메가트리,메가트리,메가트리,omega-3-acids ethyl esters90,omega-3-acids ethyl esters90,molecule,normalized,NOOP,HIGH
ml,ml_007,sb_007_00579,미니마코,미니마코,미니마코,omega-3-acids ethyl esters90,omega-3-acids ethyl esters90,molecule,normalized,NOOP,HIGH
ml,ml_007,sb_007_00600,미니메가,미니메가,미니메가,omega-3-acids ethyl esters90,omega-3-acids ethyl esters90,molecule,normalized,NOOP,HIGH
ml,ml_007,sb_007_00597,미니플로,미니플로,미니플로,omega-3-acids ethyl esters90,omega-3-acids ethyl esters90,molecule,normalized,NOOP,HIGH
ml,ml_007,sb_007_00087,바로다운,바로다운,바로다운,"atorvastatin calcium trihydrate  ( as atorvastatin),  ezetimibe",,molecule,normalized,SET_NULL,HIGH
ml,ml_007,sb_007_00501,바로페노,바로페노,바로페노,"micronized fenofibrate,  pitavastatin calcium",PTV/Micronized fenofibrate,molecule,normalized,UPDATE,HIGH
ml,ml_007,sb_007_00464,바스타에,바스타에,바스타에,"ezetimibe,  simvastatin",,molecule,normalized,SET_NULL,HIGH
ml,ml_007,sb_007_00170,바스타젯,바스타젯,바스타젯,"atorvastatin calcium trihydrate  ( as atorvastatin),  ezetimibe",,molecule,normalized,SET_NULL,HIGH
ml,ml_007,sb_007_00470,바이스타,바이스타,바이스타,"ezetimibe,  simvastatin",,molecule,normalized,SET_NULL,HIGH
ml,ml_007,sb_007_00476,바이스틴,바이스틴,바이스틴,"ezetimibe,  simvastatin",,molecule,normalized,SET_NULL,HIGH
ml,ml_007,sb_007_00443,바이시브,바이시브,바이시브,"ezetimibe,  simvastatin",,molecule,normalized,SET_NULL,HIGH
ml,ml_007,sb_007_00462,바이제타,바이제타,바이제타,"ezetimibe,  simvastatin",,molecule,normalized,SET_NULL,HIGH
ml,ml_007,sb_007_00426,바이제틴,바이제틴,바이제틴,"ezetimibe,  simvastatin",,molecule,normalized,SET_NULL,HIGH
ml,ml_007,sb_007_00015,바이젯,바이젯,바이젯,"atorvastatin calcium trihydrate  ( as atorvastatin),  ezetimibe",,molecule,normalized,SET_NULL,HIGH
ml,ml_007,sb_007_00437,바이테롤,바이테롤,바이테롤,"ezetimibe,  simvastatin",,molecule,normalized,SET_NULL,HIGH
ml,ml_007,sb_007_00468,바이테브,바이테브,바이테브,"ezetimibe,  simvastatin",,molecule,normalized,SET_NULL,HIGH
ml,ml_007,sb_007_00453,바이토린,바이토린,바이토린,"ezetimibe,  simvastatin",,molecule,normalized,SET_NULL,HIGH
ml,ml_007,sb_007_00451,바이트린 큐,바이트린큐,바이트린큐,"ezetimibe,  simvastatin",,molecule,normalized,SET_NULL,HIGH
ml,ml_007,sb_007_00429,베아토린,베아토린,베아토린,"ezetimibe,  simvastatin",,molecule,normalized,SET_NULL,HIGH
ml,ml_007,sb_007_00524,베자립,베자립,베자립,bezafibrate,,molecule,normalized,SET_NULL,HIGH
ml,ml_007,sb_007_00024,브이 토젯,브이토젯,브이토젯,"atorvastatin calcium trihydrate  ( as atorvastatin),  ezetimibe",,molecule,normalized,SET_NULL,HIGH
ml,ml_007,sb_007_00553,비스론,비스론,비스론,micronized fenofibrate,micronized fenofibrate,molecule,normalized,NOOP,HIGH
ml,ml_007,sb_007_00084,삼토젯,삼토젯,삼토젯,"atorvastatin calcium trihydrate  ( as atorvastatin),  ezetimibe",,molecule,normalized,SET_NULL,HIGH
ml,ml_007,sb_007_00575,서울 오메가 3,서울오메가3,서울오메가3,omega-3-acids ethyl esters90,omega-3-acids ethyl esters90,molecule,normalized,NOOP,HIGH
ml,ml_007,sb_007_00488,셀타펜,셀타펜,셀타펜,"fenofibrate granule,  pitavastatin calcium",PTV/Fenofibrate granule,molecule,normalized,UPDATE,HIGH
ml,ml_007,sb_007_00095,셀토젯,셀토젯,셀토젯,"atorvastatin calcium trihydrate  ( as atorvastatin),  ezetimibe",,molecule,normalized,SET_NULL,HIGH
ml,ml_007,sb_007_00346,슈바젯,슈바젯,슈바젯,"ezetimibe,  rosuvastatin calcium  ( as rosuvastatin)",,molecule,normalized,SET_NULL,HIGH
ml,ml_007,sb_007_00262,스타젯,스타젯,스타젯,"ezetimibe,  pitavastatin calcium hydrate  ( as pitavastatin calcium)",,molecule,normalized,SET_NULL,HIGH
ml,ml_007,sb_007_00489,스타페노,스타페노,스타페노,"fenofibrate granule,  pitavastatin calcium",PTV/Fenofibrate granule,molecule,normalized,UPDATE,HIGH
ml,ml_007,sb_007_00495,스타펜,스타펜,스타펜,"fenofibrate granule,  pitavastatin calcium",PTV/Fenofibrate granule,molecule,normalized,UPDATE,HIGH
ml,ml_007,sb_007_00598,시코,시코,시코,omega-3-acids ethyl esters90,omega-3-acids ethyl esters90,molecule,normalized,NOOP,HIGH
ml,ml_007,sb_007_00474,심록스 에이,심록스에이,심록스에이,"ezetimibe,  simvastatin",,molecule,normalized,SET_NULL,HIGH
ml,ml_007,sb_007_00475,심록스 에프,심록스에프,심록스에프,"ezetimibe,  simvastatin",,molecule,normalized,SET_NULL,HIGH
ml,ml_007,sb_007_00428,심바듀엣,심바듀엣,심바듀엣,"ezetimibe,  simvastatin",,molecule,normalized,SET_NULL,HIGH
ml,ml_007,sb_007_00439,심바제트,심바제트,심바제트,"ezetimibe,  simvastatin",,molecule,normalized,SET_NULL,HIGH
ml,ml_007,sb_007_00456,심바토린,심바토린,심바토린,"ezetimibe,  simvastatin",,molecule,normalized,SET_NULL,HIGH
ml,ml_007,sb_007_00435,심바트롤,심바트롤,심바트롤,"ezetimibe,  simvastatin",,molecule,normalized,SET_NULL,HIGH
ml,ml_007,sb_007_00480,심바티브,심바티브,심바티브,"ezetimibe,  simvastatin",,molecule,normalized,SET_NULL,HIGH
ml,ml_007,sb_007_00458,심제트,심제트,심제트,"ezetimibe,  simvastatin",,molecule,normalized,SET_NULL,HIGH
ml,ml_007,sb_007_00460,심펙스 듀오,심펙스듀오,심펙스듀오,"ezetimibe,  simvastatin",,molecule,normalized,SET_NULL,HIGH
ml,ml_007,sb_007_00449,씨트토린,씨트토린,씨트토린,"ezetimibe,  simvastatin",,molecule,normalized,SET_NULL,HIGH
ml,ml_007,sb_007_00201,아드젯,아드젯,아드젯,"atorvastatin calcium trihydrate  ( as atorvastatin),  ezetimibe",,molecule,normalized,SET_NULL,HIGH
ml,ml_007,sb_007_00099,아로젯,아로젯,아로젯,"atorvastatin calcium trihydrate  ( as atorvastatin),  ezetimibe",,molecule,normalized,SET_NULL,HIGH
ml,ml_007,sb_007_00102,아로틴 플러스,아로틴플러스,아로틴플러스,"atorvastatin calcium trihydrate  ( as atorvastatin),  ezetimibe",,molecule,normalized,SET_NULL,HIGH
ml,ml_007,sb_007_00115,아르바젯,아르바젯,아르바젯,"atorvastatin calcium trihydrate  ( as atorvastatin),  ezetimibe",,molecule,normalized,SET_NULL,HIGH
ml,ml_007,sb_007_00205,아르젯,아르젯,아르젯,"atorvastatin calcium trihydrate  ( as atorvastatin),  ezetimibe",,molecule,normalized,SET_NULL,HIGH
ml,ml_007,sb_007_00218,아리토린,아리토린,아리토린,"atorvastatin calcium trihydrate  ( as atorvastatin),  ezetimibe",,molecule,normalized,SET_NULL,HIGH
ml,ml_007,sb_007_00238,아미브,아미브,아미브,"atorvastatin calcium trihydrate  ( as atorvastatin),  ezetimibe",,molecule,normalized,SET_NULL,HIGH
ml,ml_007,sb_007_00037,아미젯,아미젯,아미젯,"atorvastatin calcium trihydrate  ( as atorvastatin),  ezetimibe",,molecule,normalized,SET_NULL,HIGH
ml,ml_007,sb_007_00150,아바젯,아바젯,아바젯,"atorvastatin calcium trihydrate  ( as atorvastatin),  ezetimibe",,molecule,normalized,SET_NULL,HIGH
ml,ml_007,sb_007_00030,아에제,아에제,아에제,"atorvastatin calcium trihydrate  ( as atorvastatin),  ezetimibe",,molecule,normalized,SET_NULL,HIGH
ml,ml_007,sb_007_00431,아이토린,아이토린,아이토린,"ezetimibe,  simvastatin",,molecule,normalized,SET_NULL,HIGH
ml,ml_007,sb_007_00106,아이토젯,아이토젯,아이토젯,"atorvastatin calcium trihydrate  ( as atorvastatin),  ezetimibe",,molecule,normalized,SET_NULL,HIGH
ml,ml_007,sb_007_00117,아제티브,아제티브,아제티브,"atorvastatin calcium trihydrate  ( as atorvastatin),  ezetimibe",,molecule,normalized,SET_NULL,HIGH
ml,ml_007,sb_007_00021,아젯듀오,아젯듀오,아젯듀오,"atorvastatin calcium trihydrate  ( as atorvastatin),  ezetimibe",,molecule,normalized,SET_NULL,HIGH
ml,ml_007,sb_007_00131,아젯탐,아젯탐,아젯탐,"atorvastatin calcium trihydrate  ( as atorvastatin),  ezetimibe",,molecule,normalized,SET_NULL,HIGH
ml,ml_007,sb_007_00578,아주코,아주코,아주코,omega-3-acids ethyl esters90,omega-3-acids ethyl esters90,molecule,normalized,NOOP,HIGH
ml,ml_007,sb_007_00148,아토로우 엠,아토로우엠,아토로우엠,"atorvastatin calcium trihydrate  ( as atorvastatin),  ezetimibe",,molecule,normalized,SET_NULL,HIGH
ml,ml_007,sb_007_00089,아토로우 플러스,아토로우플러스,아토로우플러스,"atorvastatin calcium trihydrate  ( as atorvastatin),  ezetimibe",,molecule,normalized,SET_NULL,HIGH
ml,ml_007,sb_007_00216,아토르젯,아토르젯,아토르젯,"atorvastatin calcium trihydrate  ( as atorvastatin),  ezetimibe",,molecule,normalized,SET_NULL,HIGH
ml,ml_007,sb_007_00142,아토르 큐 젯,아토르큐젯,아토르큐젯,"atorvastatin calcium trihydrate  ( as atorvastatin),  ezetimibe",,molecule,normalized,SET_NULL,HIGH
ml,ml_007,sb_007_00246,아토메가,아토메가,아토메가,"atorvastatin calcium trihydrate  ( as atorvastatin),  omega-3-acids ethyl esters90",,molecule,normalized,SET_NULL,HIGH
ml,ml_007,sb_007_00175,아토미브,아토미브,아토미브,"atorvastatin calcium trihydrate  ( as atorvastatin),  ezetimibe",,molecule,normalized,SET_NULL,HIGH
ml,ml_007,sb_007_00163,아토바미브,아토바미브,아토바미브,"atorvastatin calcium trihydrate  ( as atorvastatin),  ezetimibe",,molecule,normalized,SET_NULL,HIGH
ml,ml_007,sb_007_00046,아토바 에프,아토바에프,아토바에프,"atorvastatin calcium trihydrate  ( as atorvastatin),  ezetimibe",,molecule,normalized,SET_NULL,HIGH
ml,ml_007,sb_007_00139,아토바진 플러스,아토바진플러스,아토바진플러스,"atorvastatin calcium trihydrate  ( as atorvastatin),  ezetimibe",,molecule,normalized,SET_NULL,HIGH
ml,ml_007,sb_007_00053,아토반 듀오,아토반듀오,아토반듀오,"atorvastatin calcium trihydrate  ( as atorvastatin),  ezetimibe",,molecule,normalized,SET_NULL,HIGH
ml,ml_007,sb_007_00212,아토브,아토브,아토브,"atorvastatin calcium trihydrate  ( as atorvastatin),  ezetimibe",,molecule,normalized,SET_NULL,HIGH
ml,ml_007,sb_007_00008,아토브젯,아토브젯,아토브젯,"atorvastatin calcium trihydrate  ( as atorvastatin),  ezetimibe",,molecule,normalized,SET_NULL,HIGH
ml,ml_007,sb_007_00057,아토스타젯,아토스타젯,아토스타젯,"atorvastatin calcium trihydrate  ( as atorvastatin),  ezetimibe",,molecule,normalized,SET_NULL,HIGH
ml,ml_007,sb_007_00184,아토에,아토에,아토에,"atorvastatin calcium trihydrate  ( as atorvastatin),  ezetimibe",,molecule,normalized,SET_NULL,HIGH
ml,ml_007,sb_007_00172,아토에브,아토에브,아토에브,"atorvastatin calcium trihydrate  ( as atorvastatin),  ezetimibe",,molecule,normalized,SET_NULL,HIGH
ml,ml_007,sb_007_00063,아토에제,아토에제,아토에제,"atorvastatin calcium trihydrate  ( as atorvastatin),  ezetimibe",,molecule,normalized,SET_NULL,HIGH
ml,ml_007,sb_007_00189,아토에제트,아토에제트,아토에제트,"atorvastatin calcium trihydrate  ( as atorvastatin),  ezetimibe",,molecule,normalized,SET_NULL,HIGH
ml,ml_007,sb_007_00221,아토에젯,아토에젯,아토에젯,"atorvastatin calcium trihydrate  ( as atorvastatin),  ezetimibe",,molecule,normalized,SET_NULL,HIGH
ml,ml_007,sb_007_00011,아토에지,아토에지,아토에지,"atorvastatin calcium trihydrate  ( as atorvastatin),  ezetimibe",,molecule,normalized,SET_NULL,HIGH
ml,ml_007,sb_007_00195,아토엘젯,아토엘젯,아토엘젯,"atorvastatin calcium trihydrate  ( as atorvastatin),  ezetimibe",,molecule,normalized,SET_NULL,HIGH
ml,ml_007,sb_007_00125,아토 엠,아토엠,아토엠,"atorvastatin calcium trihydrate  ( as atorvastatin),  ezetimibe",,molecule,normalized,SET_NULL,HIGH
ml,ml_007,sb_007_00060,아토엠젯,아토엠젯,아토엠젯,"atorvastatin calcium trihydrate  ( as atorvastatin),  ezetimibe",,molecule,normalized,SET_NULL,HIGH
ml,ml_007,sb_007_00050,아토이브,아토이브,아토이브,"atorvastatin calcium trihydrate  ( as atorvastatin),  ezetimibe",,molecule,normalized,SET_NULL,HIGH
ml,ml_007,sb_007_00225,아토 제이,아토제이,아토제이,"atorvastatin calcium trihydrate  ( as atorvastatin),  ezetimibe",,molecule,normalized,SET_NULL,HIGH
ml,ml_007,sb_007_00144,아토젯,아토젯,아토젯,"atorvastatin calcium trihydrate  ( as atorvastatin),  ezetimibe",,molecule,normalized,SET_NULL,HIGH
ml,ml_007,sb_007_00203,아토켓,아토켓,아토켓,"atorvastatin calcium trihydrate  ( as atorvastatin),  ezetimibe",,molecule,normalized,SET_NULL,HIGH
ml,ml_007,sb_007_00240,아토티브,아토티브,아토티브,"atorvastatin calcium trihydrate  ( as atorvastatin),  ezetimibe",,molecule,normalized,SET_NULL,HIGH
ml,ml_007,sb_007_00227,아트로드 플러스,아트로드플러스,아트로드플러스,"atorvastatin calcium trihydrate  ( as atorvastatin),  ezetimibe",,molecule,normalized,SET_NULL,HIGH
ml,ml_007,sb_007_00076,아트로젯,아트로젯,아트로젯,"atorvastatin calcium trihydrate  ( as atorvastatin),  ezetimibe",,molecule,normalized,SET_NULL,HIGH
ml,ml_007,sb_007_00005,아트맥 콤비젤,아트맥콤비젤,아트맥콤비젤,"atorvastatin calcium hydrate  ( as atorvastatin),  omega-3-acids ethyl esters90 | atorvastatin calcium trihydrate  ( as atorvastatin),  omega-3-acids ethyl esters90",,molecule,normalized,SET_NULL,HIGH
ml,ml_007,sb_007_00017,아페젯,아페젯,아페젯,"atorvastatin calcium trihydrate  ( as atorvastatin),  ezetimibe",,molecule,normalized,SET_NULL,HIGH
ml,ml_007,sb_007_00250,알리페브,알리페브,알리페브,"ezetimibe,  fenofibrate",,molecule,normalized,SET_NULL,HIGH
ml,ml_007,sb_007_00297,알제트,알제트,알제트,"ezetimibe,  rosuvastatin calcium  ( as rosuvastatin)",,molecule,normalized,SET_NULL,HIGH
ml,ml_007,sb_007_00137,알트젯,알트젯,알트젯,"atorvastatin calcium trihydrate  ( as atorvastatin),  ezetimibe",,molecule,normalized,SET_NULL,HIGH
ml,ml_007,sb_007_00482,업타바,업타바,업타바,"fenofibrate granule,  pitavastatin calcium",PTV/Fenofibrate granule,molecule,normalized,UPDATE,HIGH
ml,ml_007,sb_007_00120,에바스젯,에바스젯,에바스젯,"atorvastatin calcium trihydrate  ( as atorvastatin),  ezetimibe",,molecule,normalized,SET_NULL,HIGH
ml,ml_007,sb_007_00167,에브젯,에브젯,에브젯,"atorvastatin calcium trihydrate  ( as atorvastatin),  ezetimibe",,molecule,normalized,SET_NULL,HIGH
ml,ml_007,sb_007_00419,에슈바,에슈바,에슈바,"ezetimibe,  rosuvastatin calcium  ( as rosuvastatin)",,molecule,normalized,SET_NULL,HIGH
ml,ml_007,sb_007_00048,에이젯,에이젯,에이젯,"atorvastatin calcium trihydrate  ( as atorvastatin),  ezetimibe",,molecule,normalized,SET_NULL,HIGH
ml,ml_007,sb_007_00275,에제로바,에제로바,에제로바,"ezetimibe,  rosuvastatin calcium  ( as rosuvastatin)",,molecule,normalized,SET_NULL,HIGH
ml,ml_007,sb_007_00336,에제로수,에제로수,에제로수,"ezetimibe,  rosuvastatin calcium  ( as rosuvastatin)",,molecule,normalized,SET_NULL,HIGH
ml,ml_007,sb_007_00253,에제슈프라,에제슈프라,에제슈프라,"ezetimibe,  fenofibrate",,molecule,normalized,SET_NULL,HIGH
ml,ml_007,sb_007_00466,에제스타,에제스타,에제스타,"ezetimibe,  simvastatin",,molecule,normalized,SET_NULL,HIGH
ml,ml_007,sb_007_00447,에제심바,에제심바,에제심바,"ezetimibe,  simvastatin",,molecule,normalized,SET_NULL,HIGH
ml,ml_007,sb_007_00153,에제토바,에제토바,에제토바,"atorvastatin calcium trihydrate  ( as atorvastatin),  ezetimibe",,molecule,normalized,SET_NULL,HIGH
ml,ml_007,sb_007_00233,에제토젯,에제토젯,에제토젯,"atorvastatin calcium trihydrate  ( as atorvastatin),  ezetimibe",,molecule,normalized,SET_NULL,HIGH
ml,ml_007,sb_007_00252,에제페노,에제페노,에제페노,"ezetimibe,  fenofibrate",,molecule,normalized,SET_NULL,HIGH
ml,ml_007,sb_007_00066,에젯토,에젯토,에젯토,"atorvastatin calcium trihydrate  ( as atorvastatin),  ezetimibe",,molecule,normalized,SET_NULL,HIGH
ml,ml_007,sb_007_00234,에토르,에토르,에토르,"atorvastatin calcium trihydrate  ( as atorvastatin),  ezetimibe",,molecule,normalized,SET_NULL,HIGH
ml,ml_007,sb_007_00019,에티젯,에티젯,에티젯,"atorvastatin calcium trihydrate  ( as atorvastatin),  ezetimibe",,molecule,normalized,SET_NULL,HIGH
ml,ml_007,sb_007_00134,엔비젯,엔비젯,엔비젯,"atorvastatin calcium trihydrate  ( as atorvastatin),  ezetimibe",,molecule,normalized,SET_NULL,HIGH
ml,ml_007,sb_007_00433,엔피토린,엔피토린,엔피토린,"ezetimibe,  simvastatin",,molecule,normalized,SET_NULL,HIGH
ml,ml_007,sb_007_00069,엘오공,엘오공,엘오공,"atorvastatin calcium trihydrate  ( as atorvastatin),  ezetimibe",,molecule,normalized,SET_NULL,HIGH
ml,ml_007,sb_007_00258,엘제로젯,엘제로젯,엘제로젯,"ezetimibe,  pitavastatin calcium hydrate  ( as pitavastatin calcium)",,molecule,normalized,SET_NULL,HIGH
ml,ml_007,sb_007_00585,오마론,오마론,오마론,omega-3-acids ethyl esters90,omega-3-acids ethyl esters90,molecule,normalized,NOOP,HIGH
ml,ml_007,sb_007_00584,오마론 미니,오마론미니,오마론미니,omega-3-acids ethyl esters90,omega-3-acids ethyl esters90,molecule,normalized,NOOP,HIGH
ml,ml_007,sb_007_00571,오마스 미니,오마스미니,오마스미니,omega-3-acids ethyl esters90,omega-3-acids ethyl esters90,molecule,normalized,NOOP,HIGH
ml,ml_007,sb_007_00566,오마칸,오마칸,오마칸,omega-3-acids ethyl esters90,omega-3-acids ethyl esters90,molecule,normalized,NOOP,HIGH
ml,ml_007,sb_007_00565,오마코,오마코,오마코,omega-3-acids ethyl esters90,omega-3-acids ethyl esters90,molecule,normalized,NOOP,HIGH
ml,ml_007,sb_007_00564,오마코 미니,오마코미니,오마코미니,omega-3-acids ethyl esters90,omega-3-acids ethyl esters90,molecule,normalized,NOOP,HIGH
ml,ml_007,sb_007_00570,오마티지,오마티지,오마티지,omega-3-acids ethyl esters90,omega-3-acids ethyl esters90,molecule,normalized,NOOP,HIGH
ml,ml_007,sb_007_00569,오마티지 미니,오마티지미니,오마티지미니,omega-3-acids ethyl esters90,omega-3-acids ethyl esters90,molecule,normalized,NOOP,HIGH
ml,ml_007,sb_007_00603,오메가 원,오메가원,오메가원,omega-3-acids ethyl esters90,omega-3-acids ethyl esters90,molecule,normalized,NOOP,HIGH
ml,ml_007,sb_007_00604,오메가원 프로,오메가원프로,오메가원프로,omega-3-acids ethyl esters90,omega-3-acids ethyl esters90,molecule,normalized,NOOP,HIGH
ml,ml_007,sb_007_00520,오메가원 플러스,오메가원플러스,오메가원플러스,"omega-3-acids ethyl esters90,  rosuvastatin calcium",,molecule,normalized,SET_NULL,HIGH
ml,ml_007,sb_007_00596,오메로,오메로,오메로,omega-3-acids ethyl esters90,omega-3-acids ethyl esters90,molecule,normalized,NOOP,HIGH
ml,ml_007,sb_007_00567,오메신,오메신,오메신,omega-3-acids ethyl esters90,omega-3-acids ethyl esters90,molecule,normalized,NOOP,HIGH
ml,ml_007,sb_007_00605,오메티드 큐티렛,오메티드큐티렛,오메티드큐티렛,omega-3-acids ethyl esters90,omega-3-acids ethyl esters90,molecule,normalized,NOOP,HIGH
ml,ml_007,sb_007_00588,오메틸 큐티렛,오메틸큐티렛,오메틸큐티렛,omega-3-acids ethyl esters90,omega-3-acids ethyl esters90,molecule,normalized,NOOP,HIGH
ml,ml_007,sb_007_00586,오스메가,오스메가,오스메가,omega-3-acids ethyl esters90,omega-3-acids ethyl esters90,molecule,normalized,NOOP,HIGH
ml,ml_007,sb_007_00243,오스젯,오스젯,오스젯,"atorvastatin calcium trihydrate  ( as atorvastatin),  ezetimibe",,molecule,normalized,SET_NULL,HIGH
ml,ml_007,sb_007_00573,오엠지 미니,오엠지미니,오엠지미니,omega-3-acids ethyl esters90,omega-3-acids ethyl esters90,molecule,normalized,NOOP,HIGH
ml,ml_007,sb_007_00592,오테르,오테르,오테르,omega-3-acids ethyl esters90,omega-3-acids ethyl esters90,molecule,normalized,NOOP,HIGH
ml,ml_007,sb_007_00108,올피토젯,올피토젯,올피토젯,"atorvastatin calcium trihydrate  ( as atorvastatin),  ezetimibe",,molecule,normalized,SET_NULL,HIGH
ml,ml_007,sb_007_00158,와이젯,와이젯,와이젯,"atorvastatin calcium trihydrate  ( as atorvastatin),  ezetimibe",,molecule,normalized,SET_NULL,HIGH
ml,ml_007,sb_007_00612,웰마코,웰마코,웰마코,omega-3-acids ethyl esters90,omega-3-acids ethyl esters90,molecule,normalized,NOOP,HIGH
ml,ml_007,sb_007_00611,웰마코 미니,웰마코미니,웰마코미니,omega-3-acids ethyl esters90,omega-3-acids ethyl esters90,molecule,normalized,NOOP,HIGH
ml,ml_007,sb_007_00587,위마코,위마코,위마코,omega-3-acids ethyl esters90,omega-3-acids ethyl esters90,molecule,normalized,NOOP,HIGH
ml,ml_007,sb_007_00589,유니메가 미니,유니메가미니,유니메가미니,omega-3-acids ethyl esters90,omega-3-acids ethyl esters90,molecule,normalized,NOOP,HIGH
ml,ml_007,sb_007_00370,유로바젯,유로바젯,유로바젯,"ezetimibe,  rosuvastatin calcium  ( as rosuvastatin)",,molecule,normalized,SET_NULL,HIGH
ml,ml_007,sb_007_00160,유토젯,유토젯,유토젯,"atorvastatin calcium trihydrate  ( as atorvastatin),  ezetimibe",,molecule,normalized,SET_NULL,HIGH
ml,ml_007,sb_007_00323,이지산트,이지산트,이지산트,"ezetimibe,  rosuvastatin calcium  ( as rosuvastatin)",,molecule,normalized,SET_NULL,HIGH
ml,ml_007,sb_007_00441,이지심바,이지심바,이지심바,"ezetimibe,  simvastatin",,molecule,normalized,SET_NULL,HIGH
ml,ml_007,sb_007_00478,이지토린,이지토린,이지토린,"ezetimibe,  simvastatin",,molecule,normalized,SET_NULL,HIGH
ml,ml_007,sb_007_00173,인토젯,인토젯,인토젯,"atorvastatin calcium trihydrate  ( as atorvastatin),  ezetimibe",,molecule,normalized,SET_NULL,HIGH
ml,ml_007,sb_007_00179,일성 에젯틴,일성에젯틴,일성에젯틴,"atorvastatin calcium trihydrate  ( as atorvastatin),  ezetimibe",,molecule,normalized,SET_NULL,HIGH
ml,ml_007,sb_007_00472,임펙트윈,임펙트윈,임펙트윈,"ezetimibe,  simvastatin",,molecule,normalized,SET_NULL,HIGH
ml,ml_007,sb_007_00186,제뉴원 아제브,제뉴원아제브,제뉴원아제브,"atorvastatin calcium trihydrate  ( as atorvastatin),  ezetimibe",,molecule,normalized,SET_NULL,HIGH
ml,ml_007,sb_007_00552,제일 로피드,제일로피드,제일로피드,gemfibrozil,,molecule,normalized,SET_NULL,HIGH
ml,ml_007,sb_007_00079,제토바,제토바,제토바,"atorvastatin calcium trihydrate  ( as atorvastatin),  ezetimibe",,molecule,normalized,SET_NULL,HIGH
ml,ml_007,sb_007_00210,제티스토,제티스토,제티스토,"atorvastatin calcium trihydrate  ( as atorvastatin),  ezetimibe",,molecule,normalized,SET_NULL,HIGH
ml,ml_007,sb_007_00505,제피노,제피노,제피노,"micronized fenofibrate,  pitavastatin calcium",PTV/Micronized fenofibrate,molecule,normalized,UPDATE,HIGH
ml,ml_007,sb_007_00127,제피토,제피토,제피토,"atorvastatin calcium trihydrate  ( as atorvastatin),  ezetimibe",,molecule,normalized,SET_NULL,HIGH
ml,ml_007,sb_007_00093,젠토르,젠토르,젠토르,"atorvastatin calcium trihydrate  ( as atorvastatin),  ezetimibe",,molecule,normalized,SET_NULL,HIGH
ml,ml_007,sb_007_00599,종근당 오메가 미니,종근당오메가미니,종근당오메가미니,omega-3-acids ethyl esters90,omega-3-acids ethyl esters90,molecule,normalized,NOOP,HIGH
ml,ml_007,sb_007_00563,지마코 미니,지마코미니,지마코미니,omega-3-acids ethyl esters90,omega-3-acids ethyl esters90,molecule,normalized,NOOP,HIGH
ml,ml_007,sb_007_00198,진토젯,진토젯,진토젯,"atorvastatin calcium trihydrate  ( as atorvastatin),  ezetimibe",,molecule,normalized,SET_NULL,HIGH
ml,ml_007,sb_007_00610,코마코,코마코,코마코,omega-3-acids ethyl esters90,omega-3-acids ethyl esters90,molecule,normalized,NOOP,HIGH
ml,ml_007,sb_007_00609,코마코 미니,코마코미니,코마코미니,omega-3-acids ethyl esters90,omega-3-acids ethyl esters90,molecule,normalized,NOOP,HIGH
ml,ml_007,sb_007_00508,콜립,콜립,콜립,"micronized fenofibrate,  simvastatin",SMV/Micronized fenofibrate,molecule,normalized,UPDATE,HIGH
ml,ml_007,sb_007_00416,콤비로제,콤비로제,콤비로제,"ezetimibe,  rosuvastatin calcium  ( as rosuvastatin)",,molecule,normalized,SET_NULL,HIGH
ml,ml_007,sb_007_00230,콤비젯,콤비젯,콤비젯,"atorvastatin calcium trihydrate  ( as atorvastatin),  ezetimibe",,molecule,normalized,SET_NULL,HIGH
ml,ml_007,sb_007_00513,크라티지,크라티지,크라티지,"omega-3-acids ethyl esters90,  rosuvastatin calcium",,molecule,normalized,SET_NULL,HIGH
ml,ml_007,sb_007_00405,크레더블,크레더블,크레더블,"ezetimibe,  rosuvastatin calcium  ( as rosuvastatin)",,molecule,normalized,SET_NULL,HIGH
ml,ml_007,sb_007_00516,크레메가,크레메가,크레메가,"omega-3-acids ethyl esters90,  rosuvastatin calcium",,molecule,normalized,SET_NULL,HIGH
ml,ml_007,sb_007_00377,크레바젯,크레바젯,크레바젯,"ezetimibe,  rosuvastatin calcium  ( as rosuvastatin)",,molecule,normalized,SET_NULL,HIGH
ml,ml_007,sb_007_00349,크레스젯,크레스젯,크레스젯,"ezetimibe,  rosuvastatin calcium  ( as rosuvastatin)",,molecule,normalized,SET_NULL,HIGH
ml,ml_007,sb_007_00422,크레스티브,크레스티브,크레스티브,"ezetimibe,  rosuvastatin calcium  ( as rosuvastatin)",,molecule,normalized,SET_NULL,HIGH
ml,ml_007,sb_007_00367,크레아진 플러스,크레아진플러스,크레아진플러스,"ezetimibe,  rosuvastatin calcium  ( as rosuvastatin)",,molecule,normalized,SET_NULL,HIGH
ml,ml_007,sb_007_00287,크레젯,크레젯,크레젯,"ezetimibe,  rosuvastatin calcium  ( as rosuvastatin)",,molecule,normalized,SET_NULL,HIGH
ml,ml_007,sb_007_00343,크레트롤,크레트롤,크레트롤,"ezetimibe,  rosuvastatin calcium  ( as rosuvastatin)",,molecule,normalized,SET_NULL,HIGH
ml,ml_007,sb_007_00291,크로우젯,크로우젯,크로우젯,"ezetimibe,  rosuvastatin calcium  ( as rosuvastatin)",,molecule,normalized,SET_NULL,HIGH
ml,ml_007,sb_007_00393,크바젯,크바젯,크바젯,"ezetimibe,  rosuvastatin calcium  ( as rosuvastatin)",,molecule,normalized,SET_NULL,HIGH
ml,ml_007,sb_007_00254,타바로젯,타바로젯,타바로젯,"ezetimibe,  pitavastatin calcium hydrate  ( as pitavastatin calcium)",,molecule,normalized,SET_NULL,HIGH
ml,ml_007,sb_007_00491,타스페노,타스페노,타스페노,"fenofibrate granule,  pitavastatin calcium",PTV/Fenofibrate granule,molecule,normalized,UPDATE,HIGH
ml,ml_007,sb_007_00294,탑스타틴 에프,탑스타틴에프,탑스타틴에프,"ezetimibe,  rosuvastatin calcium  ( as rosuvastatin)",,molecule,normalized,SET_NULL,HIGH
ml,ml_007,sb_007_00156,토르제토,토르제토,토르제토,"atorvastatin calcium trihydrate  ( as atorvastatin),  ezetimibe",,molecule,normalized,SET_NULL,HIGH
ml,ml_007,sb_007_00154,토바젯,토바젯,토바젯,"atorvastatin calcium trihydrate  ( as atorvastatin),  ezetimibe",,molecule,normalized,SET_NULL,HIGH
ml,ml_007,sb_007_00244,토스젯,토스젯,토스젯,"atorvastatin calcium trihydrate  ( as atorvastatin),  ezetimibe",,molecule,normalized,SET_NULL,HIGH
ml,ml_007,sb_007_00514,토탈산트,토탈산트,토탈산트,"omega-3-acids ethyl esters90,  rosuvastatin calcium",,molecule,normalized,SET_NULL,HIGH
ml,ml_007,sb_007_00591,티지웰,티지웰,티지웰,omega-3-acids ethyl esters90,omega-3-acids ethyl esters90,molecule,normalized,NOOP,HIGH
ml,ml_007,sb_007_00572,티지코,티지코,티지코,omega-3-acids ethyl esters90,omega-3-acids ethyl esters90,molecule,normalized,NOOP,HIGH
ml,ml_007,sb_007_00526,티지페논,티지페논,티지페논,choline fenofibrate  ( as fenofibric acid),Choline fenofibrate,molecule,normalized,UPDATE,HIGH
ml,ml_007,sb_007_00541,티지프리,티지프리,티지프리,fenofibrate,fenofibrate,molecule,normalized,NOOP,HIGH
ml,ml_007,sb_007_00606,파마 오메가,파마오메가,파마오메가,omega-3-acids ethyl esters90,omega-3-acids ethyl esters90,molecule,normalized,NOOP,HIGH
ml,ml_007,sb_007_00538,페노딜,페노딜,페노딜,fenofibrate,fenofibrate,molecule,normalized,NOOP,HIGH
ml,ml_007,sb_007_00543,페노레이트,페노레이트,페노레이트,fenofibrate,fenofibrate,molecule,normalized,NOOP,HIGH
ml,ml_007,sb_007_00557,페노렌,페노렌,페노렌,micronized fenofibrate,micronized fenofibrate,molecule,normalized,NOOP,HIGH
ml,ml_007,sb_007_00549,페노릭스 EH,페노릭스EH,페노릭스EH,fenofibric acid,fenofibric acid,molecule,normalized,NOOP,HIGH
ml,ml_007,sb_007_00528,페노바,페노바,페노바,fenofibrate,fenofibrate,molecule,normalized,NOOP,HIGH
ml,ml_007,sb_007_00555,페노베이트,페노베이트,페노베이트,micronized fenofibrate,micronized fenofibrate,molecule,normalized,NOOP,HIGH
ml,ml_007,sb_007_00531,페노브,페노브,페노브,fenofibrate,fenofibrate,molecule,normalized,NOOP,HIGH
ml,ml_007,sb_007_00551,페노시드,페노시드,페노시드,fenofibric acid,fenofibric acid,molecule,normalized,NOOP,HIGH
ml,ml_007,sb_007_00542,페노웰,페노웰,페노웰,fenofibrate,fenofibrate,molecule,normalized,NOOP,HIGH
ml,ml_007,sb_007_00251,페노제티브,페노제티브,페노제티브,"ezetimibe,  fenofibrate",,molecule,normalized,SET_NULL,HIGH
ml,ml_007,sb_007_00527,페노코린,페노코린,페노코린,choline fenofibrate  ( as fenofibric acid),Choline fenofibrate,molecule,normalized,UPDATE,HIGH
ml,ml_007,sb_007_00536,페노피,페노피,페노피,fenofibrate,fenofibrate,molecule,normalized,NOOP,HIGH
ml,ml_007,sb_007_00560,페노피딜,페노피딜,페노피딜,micronized fenofibrate,micronized fenofibrate,molecule,normalized,NOOP,HIGH
ml,ml_007,sb_007_00545,페노피브,페노피브,페노피브,fenofibrate,fenofibrate,molecule,normalized,NOOP,HIGH
ml,ml_007,sb_007_00533,페노핀,페노핀,페노핀,fenofibrate,fenofibrate,molecule,normalized,NOOP,HIGH
ml,ml_007,sb_007_00532,페노핍,페노핍,페노핍,fenofibrate,fenofibrate,molecule,normalized,NOOP,HIGH
ml,ml_007,sb_007_00490,페바로 에프,페바로에프,페바로에프,"fenofibrate granule,  pitavastatin calcium",PTV/Fenofibrate granule,molecule,normalized,UPDATE,HIGH
ml,ml_007,sb_007_00260,페바로젯,페바로젯,페바로젯,"ezetimibe,  pitavastatin calcium hydrate  ( as pitavastatin calcium)",,molecule,normalized,SET_NULL,HIGH
ml,ml_007,sb_007_00504,페타바,페타바,페타바,"micronized fenofibrate,  pitavastatin calcium",PTV/Micronized fenofibrate,molecule,normalized,UPDATE,HIGH
ml,ml_007,sb_007_00497,프라바페닉스,프라바페닉스,프라바페닉스,"fenofibrate,  pravastatin sodium",PRV/Fenofibrate,molecule,normalized,UPDATE,HIGH
ml,ml_007,sb_007_00607,프라임 오메가,프라임오메가,프라임오메가,omega-3-acids ethyl esters90,omega-3-acids ethyl esters90,molecule,normalized,NOOP,HIGH
ml,ml_007,sb_007_00492,피바펜,피바펜,피바펜,"fenofibrate granule,  pitavastatin calcium",PTV/Fenofibrate granule,molecule,normalized,UPDATE,HIGH
ml,ml_007,sb_007_00483,피에프,피에프,피에프,"fenofibrate granule,  pitavastatin calcium",PTV/Fenofibrate granule,molecule,normalized,UPDATE,HIGH
ml,ml_007,sb_007_00256,피제트,피제트,피제트,"ezetimibe,  pitavastatin calcium hydrate  ( as pitavastatin calcium)",,molecule,normalized,SET_NULL,HIGH
ml,ml_007,sb_007_00485,피타뉴펜,피타뉴펜,피타뉴펜,"fenofibrate granule,  pitavastatin calcium",PTV/Fenofibrate granule,molecule,normalized,UPDATE,HIGH
ml,ml_007,sb_007_00502,피타렛,피타렛,피타렛,"micronized fenofibrate,  pitavastatin calcium",PTV/Micronized fenofibrate,molecule,normalized,UPDATE,HIGH
ml,ml_007,sb_007_00506,피타로우 에프,피타로우에프,피타로우에프,"micronized fenofibrate,  pitavastatin calcium",PTV/Micronized fenofibrate,molecule,normalized,UPDATE,HIGH
ml,ml_007,sb_007_00484,피타론 에프,피타론에프,피타론에프,"fenofibrate granule,  pitavastatin calcium",PTV/Fenofibrate granule,molecule,normalized,UPDATE,HIGH
ml,ml_007,sb_007_00498,피타릭,피타릭,피타릭,"fenofibric acid,  pitavastatin calcium hydrate  ( as pitavastatin calcium)",PTV/Fenofibric acid,molecule,normalized,UPDATE,HIGH
ml,ml_007,sb_007_00500,피타스론,피타스론,피타스론,"micronized fenofibrate,  pitavastatin calcium",PTV/Micronized fenofibrate,molecule,normalized,UPDATE,HIGH
ml,ml_007,sb_007_00503,피타에프,피타에프,피타에프,"micronized fenofibrate,  pitavastatin calcium",PTV/Micronized fenofibrate,molecule,normalized,UPDATE,HIGH
ml,ml_007,sb_007_00608,한미 오메가,한미오메가,한미오메가,omega-3-acids ethyl esters90,omega-3-acids ethyl esters90,molecule,normalized,NOOP,HIGH
ml,ml_007,sb_007_00223,한토젯,한토젯,한토젯,"atorvastatin calcium trihydrate  ( as atorvastatin),  ezetimibe",,molecule,normalized,SET_NULL,HIGH
ml,ml_007,sb_007_00581,휴메가,휴메가,휴메가,omega-3-acids ethyl esters90,omega-3-acids ethyl esters90,molecule,normalized,NOOP,HIGH
ml,ml_007,sb_007_00580,휴메가 미니,휴메가미니,휴메가미니,omega-3-acids ethyl esters90,omega-3-acids ethyl esters90,molecule,normalized,NOOP,HIGH
ml,ml_007,sb_007_00249,휴토메가,휴토메가,휴토메가,"atorvastatin calcium trihydrate  ( as atorvastatin),  omega-3-acids ethyl esters90",,molecule,normalized,SET_NULL,HIGH
ml,ml_007,sb_007_00237,휴토젯,휴토젯,휴토젯,"atorvastatin calcium trihydrate  ( as atorvastatin),  ezetimibe",,molecule,normalized,SET_NULL,HIGH
ml,ml_008,sb_008_00401,건일바이오 로사베실,건일바이오로사베실,건일바이오로사베실,Losartan/Amlodipine,Losartan/Amlodipine,molecule,normalized,NOOP,HIGH
ml,ml_008,sb_008_00448,건일바이오 투비카,건일바이오투비카,건일바이오투비카,Olmesartan/amlodipine,Olmesartan/amlodipine,molecule,normalized,NOOP,HIGH
ml,ml_008,sb_008_00987,건일바이오팜 아토노바,건일바이오팜아토노바,건일바이오팜아토노바,Atorvastatin/Amlodipine,Atorvastatin/Amlodipine,molecule,normalized,NOOP,HIGH
ml,ml_008,sb_008_00899,건카베딜,건카베딜,건카베딜,Carvedilol,Carvedilol,molecule,normalized,NOOP,HIGH
ml,ml_008,sb_008_00657,건카브,건카브,건카브,Fimasartan/S-amlodipine,Fimasartan/S-amlodipine,molecule,normalized,NOOP,HIGH
ml,ml_008,sb_008_00839,경동 에스암로실,경동에스암로실,경동에스암로실,S-amlodipine,S-amlodipine,molecule,normalized,NOOP,HIGH
ml,ml_008,sb_008_00901,경보 카르베딜롤,경보카르베딜롤,경보카르베딜롤,Carvedilol,Carvedilol,molecule,normalized,NOOP,HIGH
ml,ml_008,sb_008_00008,고려 칸데사르탄,고려칸데사르탄,고려칸데사르탄,Candesartan,Candesartan,molecule,normalized,NOOP,HIGH
ml,ml_008,sb_008_00228,고려 칸데사르탄플러스,고려칸데사르탄플러스,고려칸데사르탄플러스,Candesartan/Hydrochlorothiazide,Candesartan/Hydrochlorothiazide,molecule,normalized,NOOP,HIGH
ml,ml_008,sb_008_01052,구 스피로닥톤,구스피로닥톤,,Spironolactone,Spironolactone,molecule,unmatched,NOOP,LOW
ml,ml_008,sb_008_00049,국제 로잘탄,국제로잘탄,국제로잘탄,Iosartan,Iosartan,molecule,normalized,NOOP,HIGH
ml,ml_008,sb_008_00261,국제 로잘탄 플러스,국제로잘탄플러스,국제로잘탄플러스,Losartan/Hydrochlorothiazide,Losartan/Hydrochlorothiazide,molecule,normalized,NOOP,HIGH
ml,ml_008,sb_008_00689,국제 암로디핀,국제암로디핀,국제암로디핀,Amlodipine,Amlodipine,molecule,normalized,NOOP,HIGH
ml,ml_008,sb_008_00933,글로디올,글로디올,글로디올,Carvedilol,Carvedilol,molecule,normalized,NOOP,HIGH
ml,ml_008,sb_008_00026,글로아타,글로아타,글로아타,Candesartan,Candesartan,molecule,normalized,NOOP,HIGH
ml,ml_008,sb_008_00242,글로아타 플러스,글로아타플러스,글로아타플러스,Candesartan/Hydrochlorothiazide,Candesartan/Hydrochlorothiazide,molecule,normalized,NOOP,HIGH
ml,ml_008,sb_008_00618,글로포지,글로포지,글로포지,Valsartan/amlodipine,Valsartan/amlodipine,molecule,normalized,NOOP,HIGH
ml,ml_008,sb_008_00943,나도가드,나도가드,나도가드,Nadolol,Nadolol,molecule,normalized,NOOP,HIGH
ml,ml_008,sb_008_01067,나트릭스,나트릭스,나트릭스,Indapamide,Indapamide,molecule,normalized,NOOP,HIGH
ml,ml_008,sb_008_01078,날프릴,날프릴,날프릴,Enalapril,Enalapril,molecule,normalized,NOOP,HIGH
ml,ml_008,sb_008_00947,네보트론,네보트론,네보트론,Nebivolol,Nebivolol,molecule,normalized,NOOP,HIGH
ml,ml_008,sb_008_00951,네비레트,네비레트,네비레트,Nebivolol,Nebivolol,molecule,normalized,NOOP,HIGH
ml,ml_008,sb_008_00945,네비레트 엠,네비레트엠,네비레트엠,Nebivolol,Nebivolol,molecule,normalized,NOOP,HIGH
ml,ml_008,sb_008_01030,네비로스타,네비로스타,네비로스타,Rosuvastatin/Nebivolol,Rosuvastatin/Nebivolol,molecule,normalized,NOOP,HIGH
ml,ml_008,sb_008_00950,네비롤,네비롤,네비롤,Nebivolol,Nebivolol,molecule,normalized,NOOP,HIGH
ml,ml_008,sb_008_00953,네비베타,네비베타,네비베타,Nebivolol,Nebivolol,molecule,normalized,NOOP,HIGH
ml,ml_008,sb_008_00944,네비스톨,네비스톨,네비스톨,Nebivolol,Nebivolol,molecule,normalized,NOOP,HIGH
ml,ml_008,sb_008_00949,네비올렛,네비올렛,네비올렛,Nebivolol,Nebivolol,molecule,normalized,NOOP,HIGH
ml,ml_008,sb_008_00948,네비칸,네비칸,네비칸,Nebivolol,Nebivolol,molecule,normalized,NOOP,HIGH
ml,ml_008,sb_008_00196,네오반,네오반,네오반,Valsartan,Valsartan,molecule,normalized,NOOP,HIGH
ml,ml_008,sb_008_00510,네오스타,네오스타,네오스타,Telmisartan/amlodipine,Telmisartan/amlodipine,molecule,normalized,NOOP,HIGH
ml,ml_008,sb_008_00009,네오칸데,네오칸데,네오칸데,Candesartan,Candesartan,molecule,normalized,NOOP,HIGH
ml,ml_008,sb_008_00229,네오칸데 플러스,네오칸데플러스,네오칸데플러스,Candesartan/Hydrochlorothiazide,Candesartan/Hydrochlorothiazide,molecule,normalized,NOOP,HIGH
ml,ml_008,sb_008_00147,네오 텔미,네오텔미,네오텔미,Telmisartan,Telmisartan,molecule,normalized,NOOP,HIGH
ml,ml_008,sb_008_00841,넥스디핀,넥스디핀,넥스디핀,S-amlodipine,S-amlodipine,molecule,normalized,NOOP,HIGH
ml,ml_008,sb_008_00595,넥포,넥포,넥포,Valsartan/amlodipine,Valsartan/amlodipine,molecule,normalized,NOOP,HIGH
ml,ml_008,sb_008_00485,넬스타,넬스타,넬스타,Telmisartan/amlodipine,Telmisartan/amlodipine,molecule,normalized,NOOP,HIGH
ml,ml_008,sb_008_00749,노마로크,노마로크,노마로크,Amlodipine,Amlodipine,molecule,normalized,NOOP,HIGH
ml,ml_008,sb_008_00411,노마로핀,노마로핀,노마로핀,Losartan/Amlodipine,Losartan/Amlodipine,molecule,normalized,NOOP,HIGH
ml,ml_008,sb_008_00868,노마에스,노마에스,노마에스,S-amlodipine,S-amlodipine,molecule,normalized,NOOP,HIGH
ml,ml_008,sb_008_00690,노바넬,노바넬,노바넬,Amlodipine,Amlodipine,molecule,normalized,NOOP,HIGH
ml,ml_008,sb_008_00710,노바디크,노바디크,노바디크,Amlodipine,Amlodipine,molecule,normalized,NOOP,HIGH
ml,ml_008,sb_008_00707,노바로크,노바로크,노바로크,Amlodipine,Amlodipine,molecule,normalized,NOOP,HIGH
ml,ml_008,sb_008_00781,노바로핀,노바로핀,노바로핀,Amlodipine,Amlodipine,molecule,normalized,NOOP,HIGH
ml,ml_008,sb_008_00742,노바모핀,노바모핀,노바모핀,Amlodipine,Amlodipine,molecule,normalized,NOOP,HIGH
ml,ml_008,sb_008_00607,노바살탄,노바살탄,노바살탄,Valsartan/amlodipine,Valsartan/amlodipine,molecule,normalized,NOOP,HIGH
ml,ml_008,sb_008_00738,노바스칸,노바스칸,노바스칸,Amlodipine,Amlodipine,molecule,normalized,NOOP,HIGH
ml,ml_008,sb_008_00711,노바스핀,노바스핀,노바스핀,Amlodipine,Amlodipine,molecule,normalized,NOOP,HIGH
ml,ml_008,sb_008_00712,노바젠,노바젠,노바젠,Amlodipine,Amlodipine,molecule,normalized,NOOP,HIGH
ml,ml_008,sb_008_00776,노바코트,노바코트,노바코트,Amlodipine,Amlodipine,molecule,normalized,NOOP,HIGH
ml,ml_008,sb_008_00728,노바크,노바크,노바크,Amlodipine,Amlodipine,molecule,normalized,NOOP,HIGH
ml,ml_008,sb_008_00768,노바텍,노바텍,노바텍,Amlodipine,Amlodipine,molecule,normalized,NOOP,HIGH
ml,ml_008,sb_008_00688,노바틴,노바틴,노바틴,Amlodipine,Amlodipine,molecule,normalized,NOOP,HIGH
ml,ml_008,sb_008_00701,노바포스,노바포스,노바포스,Amlodipine,Amlodipine,molecule,normalized,NOOP,HIGH
ml,ml_008,sb_008_00762,노바핀,노바핀,노바핀,Amlodipine,Amlodipine,molecule,normalized,NOOP,HIGH
ml,ml_008,sb_008_00560,노발탄,노발탄,노발탄,Valsartan/amlodipine,Valsartan/amlodipine,molecule,normalized,NOOP,HIGH
ml,ml_008,sb_008_00757,노브디핀,노브디핀,노브디핀,Amlodipine,Amlodipine,molecule,normalized,NOOP,HIGH
ml,ml_008,sb_008_00870,노브디핀 에스,노브디핀에스,노브디핀에스,S-amlodipine,S-amlodipine,molecule,normalized,NOOP,HIGH
ml,ml_008,sb_008_00780,노브카핀,노브카핀,노브카핀,Amlodipine,Amlodipine,molecule,normalized,NOOP,HIGH
ml,ml_008,sb_008_00850,노텐션,노텐션,노텐션,S-amlodipine,S-amlodipine,molecule,normalized,NOOP,HIGH
ml,ml_008,sb_008_01003,노토바,노토바,노토바,Atorvastatin/Amlodipine,Atorvastatin/Amlodipine,molecule,normalized,NOOP,HIGH
ml,ml_008,sb_008_01023,누보로젯,누보로젯,누보로젯,Rosuvastatin/EZ/Telmisartan/S-amlodipine,Rosuvastatin/EZ/Telmisartan/S-amlodipine,molecule,normalized,NOOP,HIGH
ml,ml_008,sb_008_00766,뉴디핀,뉴디핀,뉴디핀,Amlodipine,Amlodipine,molecule,normalized,NOOP,HIGH
ml,ml_008,sb_008_00845,뉴디핀 에스,뉴디핀에스,뉴디핀에스,S-amlodipine,S-amlodipine,molecule,normalized,NOOP,HIGH
ml,ml_008,sb_008_00903,뉴딜렌,뉴딜렌,뉴딜렌,Carvedilol,Carvedilol,molecule,normalized,NOOP,HIGH
ml,ml_008,sb_008_00072,뉴로탄,뉴로탄,뉴로탄,Iosartan,Iosartan,molecule,normalized,NOOP,HIGH
ml,ml_008,sb_008_00279,뉴로탄 플러스,뉴로탄플러스,뉴로탄플러스,Losartan/Hydrochlorothiazide,Losartan/Hydrochlorothiazide,molecule,normalized,NOOP,HIGH
ml,ml_008,sb_008_00099,뉴메살탄,뉴메살탄,뉴메살탄,Olmesartan,Olmesartan,molecule,normalized,NOOP,HIGH
ml,ml_008,sb_008_00199,뉴발사타반,뉴발사타반,뉴발사타반,Valsartan,Valsartan,molecule,normalized,NOOP,HIGH
ml,ml_008,sb_008_00454,뉴비카,뉴비카,뉴비카,Olmesartan/amlodipine,Olmesartan/amlodipine,molecule,normalized,NOOP,HIGH
ml,ml_008,sb_008_00426,뉴비카 플러스,뉴비카플러스,뉴비카플러스,Olmesartan/amlodipine/Hydrochlothiazide,Olmesartan/amlodipine/Hydrochlothiazide,molecule,normalized,NOOP,HIGH
ml,ml_008,sb_008_00205,뉴사탄,뉴사탄,뉴사탄,Valsartan,Valsartan,molecule,normalized,NOOP,HIGH
ml,ml_008,sb_008_00730,뉴스크,뉴스크,뉴스크,Amlodipine,Amlodipine,molecule,normalized,NOOP,HIGH
ml,ml_008,sb_008_00745,뉴아딘,뉴아딘,뉴아딘,Amlodipine,Amlodipine,molecule,normalized,NOOP,HIGH
ml,ml_008,sb_008_00722,뉴 암로디프,뉴암로디프,뉴암로디프,Amlodipine,Amlodipine,molecule,normalized,NOOP,HIGH
ml,ml_008,sb_008_00584,뉴젠포지,뉴젠포지,뉴젠포지,Valsartan/amlodipine,Valsartan/amlodipine,molecule,normalized,NOOP,HIGH
ml,ml_008,sb_008_00921,뉴카르벨로,뉴카르벨로,뉴카르벨로,Carvedilol,Carvedilol,molecule,normalized,NOOP,HIGH
ml,ml_008,sb_008_00158,뉴텔미,뉴텔미,뉴텔미,Telmisartan,Telmisartan,molecule,normalized,NOOP,HIGH
ml,ml_008,sb_008_01005,뉴펙스 듀오,뉴펙스듀오,뉴펙스듀오,Atorvastatin/Amlodipine,Atorvastatin/Amlodipine,molecule,normalized,NOOP,HIGH
ml,ml_008,sb_008_00836,니페딕스,니페딕스,니페딕스,nifedipine,nifedipine,molecule,normalized,NOOP,HIGH
ml,ml_008,sb_008_00834,니페론,니페론,니페론,nifedipine,nifedipine,molecule,normalized,NOOP,HIGH
ml,ml_008,sb_008_01065,다이크로짇,다이크로짇,다이크로짇,Hydrochlorothiazide,Hydrochlorothiazide,molecule,normalized,NOOP,HIGH
ml,ml_008,sb_008_01068,다피드,다피드,다피드,Indapamide,Indapamide,molecule,normalized,NOOP,HIGH
ml,ml_008,sb_008_00940,달라트,달라트,달라트,Carvedilol,Carvedilol,molecule,normalized,NOOP,HIGH
ml,ml_008,sb_008_00878,대우 아테놀올,대우아테놀올,대우아테놀올,Atenolol,Atenolol,molecule,normalized,NOOP,HIGH
ml,ml_008,sb_008_00692,대웅바이오 암로디핀,대웅바이오암로디핀,대웅바이오암로디핀,Amlodipine,Amlodipine,molecule,normalized,NOOP,HIGH
ml,ml_008,sb_008_00904,대웅바이오 카베디아,대웅바이오카베디아,대웅바이오카베디아,Carvedilol,Carvedilol,molecule,normalized,NOOP,HIGH
ml,ml_008,sb_008_00264,대한뉴팜 로잘탄,대한뉴팜로잘탄,대한뉴팜로잘탄,Losartan/Hydrochlorothiazide,Losartan/Hydrochlorothiazide,molecule,normalized,NOOP,HIGH
ml,ml_008,sb_008_00529,더블로우,더블로우,더블로우,Telmisartan/amlodipine,Telmisartan/amlodipine,molecule,normalized,NOOP,HIGH
ml,ml_008,sb_008_00542,더블스타,더블스타,더블스타,Telmisartan/amlodipine,Telmisartan/amlodipine,molecule,normalized,NOOP,HIGH
ml,ml_008,sb_008_00612,더블포지,더블포지,더블포지,Valsartan/amlodipine,Valsartan/amlodipine,molecule,normalized,NOOP,HIGH
ml,ml_008,sb_008_00028,데잘탄,데잘탄,데잘탄,Candesartan,Candesartan,molecule,normalized,NOOP,HIGH
ml,ml_008,sb_008_00245,데잘탄 플러스,데잘탄플러스,데잘탄플러스,Candesartan/Hydrochlorothiazide,Candesartan/Hydrochlorothiazide,molecule,normalized,NOOP,HIGH
ml,ml_008,sb_008_00017,데카르탄,데카르탄,데카르탄,Candesartan,Candesartan,molecule,normalized,NOOP,HIGH
ml,ml_008,sb_008_00696,동성 암로디핀,동성암로디핀,동성암로디핀,Amlodipine,Amlodipine,molecule,normalized,NOOP,HIGH
ml,ml_008,sb_008_00697,동화 암로디핀베실산염,동화암로디핀베실산염,동화암로디핀베실산염,Amlodipine,Amlodipine,molecule,normalized,NOOP,HIGH
ml,ml_008,sb_008_00650,듀나브,듀나브,듀나브,Fimasartan/s-amlodipine | Fimasartan/S-amlodipine,Fimasartan/s-amlodipine,molecule,normalized,UPDATE,HIGH
ml,ml_008,sb_008_01037,듀로텔,듀로텔,듀로텔,Rosuvastatin/Telmisartan,Rosuvastatin/Telmisartan,molecule,normalized,NOOP,HIGH
ml,ml_008,sb_008_00929,듀베롤,듀베롤,듀베롤,Carvedilol,Carvedilol,molecule,normalized,NOOP,HIGH
ml,ml_008,sb_008_00997,듀스틴,듀스틴,듀스틴,Atorvastatin/Amlodipine,Atorvastatin/Amlodipine,molecule,normalized,NOOP,HIGH
ml,ml_008,sb_008_00608,듀얼다운,듀얼다운,듀얼다운,Valsartan/amlodipine,Valsartan/amlodipine,molecule,normalized,NOOP,HIGH
ml,ml_008,sb_008_00512,듀얼살탄,듀얼살탄,듀얼살탄,Telmisartan/amlodipine,Telmisartan/amlodipine,molecule,normalized,NOOP,HIGH
ml,ml_008,sb_008_00483,듀얼스타,듀얼스타,듀얼스타,Telmisartan/amlodipine,Telmisartan/amlodipine,molecule,normalized,NOOP,HIGH
ml,ml_008,sb_008_00575,듀얼 엑스,듀얼엑스,듀얼엑스,Valsartan/amlodipine,Valsartan/amlodipine,molecule,normalized,NOOP,HIGH
ml,ml_008,sb_008_01012,듀오디핀,듀오디핀,듀오디핀,Atorvastatin/Amlodipine,Atorvastatin/Amlodipine,molecule,normalized,NOOP,HIGH
ml,ml_008,sb_008_00995,듀오맥스,듀오맥스,듀오맥스,Atorvastatin/Amlodipine,Atorvastatin/Amlodipine,molecule,normalized,NOOP,HIGH
ml,ml_008,sb_008_00366,듀오살탄,듀오살탄,듀오살탄,Valsartan/Hydrochlorothiazide,Valsartan/Hydrochlorothiazide,molecule,normalized,NOOP,HIGH
ml,ml_008,sb_008_01036,듀오스타,듀오스타,듀오스타,Rosuvastatin/Telmisartan,Rosuvastatin/Telmisartan,molecule,normalized,NOOP,HIGH
ml,ml_008,sb_008_00497,듀오엠,듀오엠,듀오엠,Telmisartan/amlodipine,Telmisartan/amlodipine,molecule,normalized,NOOP,HIGH
ml,ml_008,sb_008_01038,듀오웰,듀오웰,듀오웰,Rosuvastatin/Telmisartan,Rosuvastatin/Telmisartan,molecule,normalized,NOOP,HIGH
ml,ml_008,sb_008_00980,듀오웰 에이,듀오웰에이,듀오웰에이,Rosuvastatin/Telmisartan/Amlodipine,Rosuvastatin/Telmisartan/Amlodipine,molecule,normalized,NOOP,HIGH
ml,ml_008,sb_008_01025,듀오웰 플러스,듀오웰플러스,듀오웰플러스,Rosuvastatin/EZ/Telmisartan,Rosuvastatin/EZ/Telmisartan,molecule,normalized,NOOP,HIGH
ml,ml_008,sb_008_00373,듀오탄,듀오탄,듀오탄,Valsartan/Hydrochlorothiazide,Valsartan/Hydrochlorothiazide,molecule,normalized,NOOP,HIGH
ml,ml_008,sb_008_00602,듀오포지,듀오포지,듀오포지,Valsartan/amlodipine,Valsartan/amlodipine,molecule,normalized,NOOP,HIGH
ml,ml_008,sb_008_00678,듀카나젠,듀카나젠,듀카나젠,Fimasartan/S-amlodipine,Fimasartan/S-amlodipine,molecule,normalized,NOOP,HIGH
ml,ml_008,sb_008_00642,듀카노바,듀카노바,듀카노바,Fimasartan/s-amlodipine | Fimasartan/S-amlodipine,Fimasartan/s-amlodipine,molecule,normalized,UPDATE,HIGH
ml,ml_008,sb_008_00677,듀카디핀,듀카디핀,듀카디핀,Fimasartan/S-amlodipine,Fimasartan/S-amlodipine,molecule,normalized,NOOP,HIGH
ml,ml_008,sb_008_00970,듀카로,듀카로,듀카로,Rosuvastatin/Fimasartan/Amlodipine,Rosuvastatin/Fimasartan/Amlodipine,molecule,normalized,NOOP,HIGH
ml,ml_008,sb_008_00396,듀카브,듀카브,듀카브,Fimasartan/amlodipine,Fimasartan/amlodipine,molecule,normalized,NOOP,HIGH
ml,ml_008,sb_008_00397,듀카브 플러스,듀카브플러스,듀카브플러스,Fimasartan/amlodipine,Fimasartan/amlodipine,molecule,normalized,NOOP,HIGH
ml,ml_008,sb_008_00644,듀카엠,듀카엠,듀카엠,Fimasartan/s-amlodipine | Fimasartan/S-amlodipine,Fimasartan/s-amlodipine,molecule,normalized,UPDATE,HIGH
ml,ml_008,sb_008_00649,듀카포지,듀카포지,듀카포지,Fimasartan/s-amlodipine | Fimasartan/S-amlodipine,Fimasartan/s-amlodipine,molecule,normalized,UPDATE,HIGH
ml,ml_008,sb_008_00586,듀크포지,듀크포지,듀크포지,Valsartan/amlodipine,Valsartan/amlodipine,molecule,normalized,NOOP,HIGH
ml,ml_008,sb_008_00999,듀타딘,듀타딘,듀타딘,Atorvastatin/Amlodipine,Atorvastatin/Amlodipine,molecule,normalized,NOOP,HIGH
ml,ml_008,sb_008_00932,디란트,디란트,디란트,Carvedilol,Carvedilol,molecule,normalized,NOOP,HIGH
ml,ml_008,sb_008_00708,디로바,디로바,디로바,Amlodipine,Amlodipine,molecule,normalized,NOOP,HIGH
ml,ml_008,sb_008_00210,디로탄,디로탄,디로탄,Valsartan,Valsartan,molecule,normalized,NOOP,HIGH
ml,ml_008,sb_008_00375,디로탄 플러스,디로탄플러스,디로탄플러스,Valsartan/Hydrochlorothiazide,Valsartan/Hydrochlorothiazide,molecule,normalized,NOOP,HIGH
ml,ml_008,sb_008_00604,디로포지,디로포지,디로포지,Valsartan/amlodipine,Valsartan/amlodipine,molecule,normalized,NOOP,HIGH
ml,ml_008,sb_008_00804,디로핀,디로핀,디로핀,felodipine,felodipine,molecule,normalized,NOOP,HIGH
ml,ml_008,sb_008_00197,디발탄,디발탄,디발탄,Valsartan,Valsartan,molecule,normalized,NOOP,HIGH
ml,ml_008,sb_008_00364,디발탄 플러스,디발탄플러스,디발탄플러스,Valsartan/Hydrochlorothiazide,Valsartan/Hydrochlorothiazide,molecule,normalized,NOOP,HIGH
ml,ml_008,sb_008_00566,디스포지,디스포지,디스포지,Valsartan/amlodipine,Valsartan/amlodipine,molecule,normalized,NOOP,HIGH
ml,ml_008,sb_008_00219,디에스반,디에스반,디에스반,Valsartan,Valsartan,molecule,normalized,NOOP,HIGH
ml,ml_008,sb_008_00592,디오디핀,디오디핀,디오디핀,Valsartan/amlodipine,Valsartan/amlodipine,molecule,normalized,NOOP,HIGH
ml,ml_008,sb_008_00201,디오르반,디오르반,디오르반,Valsartan,Valsartan,molecule,normalized,NOOP,HIGH
ml,ml_008,sb_008_00187,디오르탄,디오르탄,디오르탄,Valsartan,Valsartan,molecule,normalized,NOOP,HIGH
ml,ml_008,sb_008_00183,디오반,디오반,디오반,Valsartan,Valsartan,molecule,normalized,NOOP,HIGH
ml,ml_008,sb_008_00215,디오발탄,디오발탄,디오발탄,Valsartan,Valsartan,molecule,normalized,NOOP,HIGH
ml,ml_008,sb_008_00185,디오브이,디오브이,디오브이,Valsartan,Valsartan,molecule,normalized,NOOP,HIGH
ml,ml_008,sb_008_00353,디오브이 플러스,디오브이플러스,디오브이플러스,Valsartan/Hydrochlorothiazide,Valsartan/Hydrochlorothiazide,molecule,normalized,NOOP,HIGH
ml,ml_008,sb_008_00209,디오살탄,디오살탄,디오살탄,Valsartan,Valsartan,molecule,normalized,NOOP,HIGH
ml,ml_008,sb_008_00192,디오잘탄,디오잘탄,디오잘탄,Valsartan,Valsartan,molecule,normalized,NOOP,HIGH
ml,ml_008,sb_008_00213,디오탄,디오탄,디오탄,Valsartan,Valsartan,molecule,normalized,NOOP,HIGH
ml,ml_008,sb_008_00212,디오패스,디오패스,디오패스,Valsartan,Valsartan,molecule,normalized,NOOP,HIGH
ml,ml_008,sb_008_00207,디잔틴,디잔틴,디잔틴,Valsartan,Valsartan,molecule,normalized,NOOP,HIGH
ml,ml_008,sb_008_00909,디카베 엠,디카베엠,디카베엠,Carvedilol,Carvedilol,molecule,normalized,NOOP,HIGH
ml,ml_008,sb_008_00013,디케이에스에이치 아타칸,디케이에스에이치아타칸,디케이에스에이치아타칸,Candesartan,Candesartan,molecule,normalized,NOOP,HIGH
ml,ml_008,sb_008_00231,디케이에스에이치 아타칸 플러스,디케이에스에이치아타칸플러스,디케이에스에이치아타칸플러스,Candesartan/Hydrochlorothiazide,Candesartan/Hydrochlorothiazide,molecule,normalized,NOOP,HIGH
ml,ml_008,sb_008_00200,디큐반,디큐반,디큐반,Valsartan,Valsartan,molecule,normalized,NOOP,HIGH
ml,ml_008,sb_008_00815,디크리핀,디크리핀,디크리핀,felodipine,felodipine,molecule,normalized,NOOP,HIGH
ml,ml_008,sb_008_00526,디핀스,디핀스,디핀스,Telmisartan/amlodipine,Telmisartan/amlodipine,molecule,normalized,NOOP,HIGH
ml,ml_008,sb_008_00913,딜라돌,딜라돌,딜라돌,Carvedilol,Carvedilol,molecule,normalized,NOOP,HIGH
ml,ml_008,sb_008_00930,딜라트렌,딜라트렌,딜라트렌,Carvedilol,Carvedilol,molecule,normalized,NOOP,HIGH
ml,ml_008,sb_008_00941,딜라트렌 에스알,딜라트렌에스알,딜라트렌에스알,Carvedilol,Carvedilol,molecule,normalized,NOOP,HIGH
ml,ml_008,sb_008_00939,딜라트롤,딜라트롤,딜라트롤,Carvedilol,Carvedilol,molecule,normalized,NOOP,HIGH
ml,ml_008,sb_008_01002,라듀엣,라듀엣,라듀엣,Atorvastatin/Amlodipine,Atorvastatin/Amlodipine,molecule,normalized,NOOP,HIGH
ml,ml_008,sb_008_01057,라식스,라식스,라식스,Furosemide,Furosemide,molecule,normalized,NOOP,HIGH
ml,ml_008,sb_008_00855,라이트 암로,라이트암로,라이트암로,S-amlodipine,S-amlodipine,molecule,normalized,NOOP,HIGH
ml,ml_008,sb_008_00252,라코르,라코르,라코르,Fimasartan/Hydrochlorothiazide,Fimasartan/Hydrochlorothiazide,molecule,normalized,NOOP,HIGH
ml,ml_008,sb_008_00827,레니디핀,레니디핀,레니디핀,lercanidipine,lercanidipine,molecule,normalized,NOOP,HIGH
ml,ml_008,sb_008_00822,레니딥,레니딥,레니딥,lercanidipine,lercanidipine,molecule,normalized,NOOP,HIGH
ml,ml_008,sb_008_00828,레도핀,레도핀,레도핀,lercanidipine,lercanidipine,molecule,normalized,NOOP,HIGH
ml,ml_008,sb_008_00653,레바캄,레바캄,레바캄,Valsartan/Lecarnidipine,Valsartan/Lecarnidipine,molecule,normalized,NOOP,HIGH
ml,ml_008,sb_008_00853,레보디핀,레보디핀,레보디핀,S-amlodipine,S-amlodipine,molecule,normalized,NOOP,HIGH
ml,ml_008,sb_008_00655,레보모스,레보모스,레보모스,Olmesartan/S-amlodipine,Olmesartan/S-amlodipine,molecule,normalized,NOOP,HIGH
ml,ml_008,sb_008_00666,레보발사,레보발사,레보발사,Valsartan/S-amlodipine,Valsartan/S-amlodipine,molecule,normalized,NOOP,HIGH
ml,ml_008,sb_008_00667,레보살탄,레보살탄,레보살탄,Valsartan/S-amlodipine,Valsartan/S-amlodipine,molecule,normalized,NOOP,HIGH
ml,ml_008,sb_008_00956,레보테놀,레보테놀,레보테놀,S-atenolol,S-atenolol,molecule,normalized,NOOP,HIGH
ml,ml_008,sb_008_00854,레보텐션,레보텐션,레보텐션,S-amlodipine,S-amlodipine,molecule,normalized,NOOP,HIGH
ml,ml_008,sb_008_00829,레카니,레카니,레카니,lercanidipine,lercanidipine,molecule,normalized,NOOP,HIGH
ml,ml_008,sb_008_00821,레카디핀,레카디핀,레카디핀,lercanidipine,lercanidipine,molecule,normalized,NOOP,HIGH
ml,ml_008,sb_008_00831,레카핀,레카핀,레카핀,lercanidipine,lercanidipine,molecule,normalized,NOOP,HIGH
ml,ml_008,sb_008_00826,레칼핀,레칼핀,레칼핀,lercanidipine,lercanidipine,molecule,normalized,NOOP,HIGH
ml,ml_008,sb_008_00597,렉스파지큐,렉스파지큐,렉스파지큐,Valsartan/amlodipine,Valsartan/amlodipine,molecule,normalized,NOOP,HIGH
ml,ml_008,sb_008_00070,로더스,로더스,로더스,Iosartan,Iosartan,molecule,normalized,NOOP,HIGH
ml,ml_008,sb_008_00277,로더플러스,로더플러스,로더플러스,Losartan/Hydrochlorothiazide,Losartan/Hydrochlorothiazide,molecule,normalized,NOOP,HIGH
ml,ml_008,sb_008_00656,로디비카,로디비카,로디비카,Olmesartan/S-amlodipine,Olmesartan/S-amlodipine,molecule,normalized,NOOP,HIGH
ml,ml_008,sb_008_00498,로디스타,로디스타,로디스타,Telmisartan/amlodipine,Telmisartan/amlodipine,molecule,normalized,NOOP,HIGH
ml,ml_008,sb_008_00872,로디엔,로디엔,로디엔,S-amlodipine,S-amlodipine,molecule,normalized,NOOP,HIGH
ml,ml_008,sb_008_00641,로디엔셋,로디엔셋,로디엔셋,Telmisartan/s-amlodipine/Chlorthalidone,Telmisartan/s-amlodipine/Chlorthalidone,molecule,normalized,NOOP,HIGH
ml,ml_008,sb_008_00685,로디엔 티,로디엔티,로디엔티,Telmisartan/S-amlodipine,Telmisartan/S-amlodipine,molecule,normalized,NOOP,HIGH
ml,ml_008,sb_008_00469,로메탄,로메탄,로메탄,Olmesartan/amlodipine,Olmesartan/amlodipine,molecule,normalized,NOOP,HIGH
ml,ml_008,sb_008_00856,로바디핀 에스,로바디핀에스,로바디핀에스,S-amlodipine,S-amlodipine,molecule,normalized,NOOP,HIGH
ml,ml_008,sb_008_00736,로바스크,로바스크,로바스크,Amlodipine,Amlodipine,molecule,normalized,NOOP,HIGH
ml,ml_008,sb_008_01004,로바토,로바토,로바토,Atorvastatin/Amlodipine,Atorvastatin/Amlodipine,molecule,normalized,NOOP,HIGH
ml,ml_008,sb_008_01048,로바티탄,로바티탄,로바티탄,Rosuvastatin/Valsartan,Rosuvastatin/Valsartan,molecule,normalized,NOOP,HIGH
ml,ml_008,sb_008_01047,로바하이,로바하이,로바하이,Rosuvastatin/Valsartan,Rosuvastatin/Valsartan,molecule,normalized,NOOP,HIGH
ml,ml_008,sb_008_01015,로벨리토,로벨리토,로벨리토,Atorvastatin/Irbesartan,Atorvastatin/Irbesartan,molecule,normalized,NOOP,HIGH
ml,ml_008,sb_008_00088,로사,로사,로사,Iosartan,Iosartan,molecule,normalized,NOOP,HIGH
ml,ml_008,sb_008_00092,로사르,로사르,로사르,Iosartan,Iosartan,molecule,normalized,NOOP,HIGH
ml,ml_008,sb_008_00291,로사르플러스,로사르플러스,로사르플러스,Losartan/Hydrochlorothiazide,Losartan/Hydrochlorothiazide,molecule,normalized,NOOP,HIGH
ml,ml_008,sb_008_00064,로사맥스,로사맥스,로사맥스,Iosartan,Iosartan,molecule,normalized,NOOP,HIGH
ml,ml_008,sb_008_00272,로사맥스 플러스,로사맥스플러스,로사맥스플러스,Losartan/Hydrochlorothiazide,Losartan/Hydrochlorothiazide,molecule,normalized,NOOP,HIGH
ml,ml_008,sb_008_00086,로사벨,로사벨,로사벨,Iosartan,Iosartan,molecule,normalized,NOOP,HIGH
ml,ml_008,sb_008_00057,로사칼,로사칼,로사칼,Iosartan,Iosartan,molecule,normalized,NOOP,HIGH
ml,ml_008,sb_008_00090,로사탄,로사탄,로사탄,Iosartan,Iosartan,molecule,normalized,NOOP,HIGH
ml,ml_008,sb_008_00289,로사탄 플러스,로사탄플러스,로사탄플러스,Losartan/Hydrochlorothiazide,Losartan/Hydrochlorothiazide,molecule,normalized,NOOP,HIGH
ml,ml_008,sb_008_00051,로사텍,로사텍,로사텍,Iosartan,Iosartan,molecule,normalized,NOOP,HIGH
ml,ml_008,sb_008_00263,로사텍 플러스,로사텍플러스,로사텍플러스,Losartan/Hydrochlorothiazide,Losartan/Hydrochlorothiazide,molecule,normalized,NOOP,HIGH
ml,ml_008,sb_008_00975,로수암핀,로수암핀,로수암핀,Rosuvastatin/Amlodipine,Rosuvastatin/Amlodipine,molecule,normalized,NOOP,HIGH
ml,ml_008,sb_008_01017,로수칸데,로수칸데,로수칸데,Rosuvastatin/Candesartan,Rosuvastatin/Candesartan,molecule,normalized,NOOP,HIGH
ml,ml_008,sb_008_01035,로스텔,로스텔,로스텔,Rosuvastatin/Telmisartan,Rosuvastatin/Telmisartan,molecule,normalized,NOOP,HIGH
ml,ml_008,sb_008_00732,로우딘,로우딘,로우딘,Amlodipine,Amlodipine,molecule,normalized,NOOP,HIGH
ml,ml_008,sb_008_00438,로우비카 에이치씨티,로우비카에이치씨티,로우비카에이치씨티,Olmesartan/amlodipine/Hydrochlothiazide,Olmesartan/amlodipine/Hydrochlothiazide,molecule,normalized,NOOP,HIGH
ml,ml_008,sb_008_00541,로우스타,로우스타,로우스타,Telmisartan/amlodipine,Telmisartan/amlodipine,molecule,normalized,NOOP,HIGH
ml,ml_008,sb_008_00311,로우탄 플러스,로우탄플러스,로우탄플러스,Olmesartan/Hydrochlorothiazide,Olmesartan/Hydrochlorothiazide,molecule,normalized,NOOP,HIGH
ml,ml_008,sb_008_00404,로자디핀,로자디핀,로자디핀,Losartan/Amlodipine,Losartan/Amlodipine,molecule,normalized,NOOP,HIGH
ml,ml_008,sb_008_00074,로자딘,로자딘,로자딘,Iosartan,Iosartan,molecule,normalized,NOOP,HIGH
ml,ml_008,sb_008_00281,로자딘 플러스,로자딘플러스,로자딘플러스,Losartan/Hydrochlorothiazide,Losartan/Hydrochlorothiazide,molecule,normalized,NOOP,HIGH
ml,ml_008,sb_008_00073,로자살탄,로자살탄,로자살탄,Iosartan,Iosartan,molecule,normalized,NOOP,HIGH
ml,ml_008,sb_008_00280,로자살탄 플러스,로자살탄플러스,로자살탄플러스,Losartan/Hydrochlorothiazide,Losartan/Hydrochlorothiazide,molecule,normalized,NOOP,HIGH
ml,ml_008,sb_008_00407,로자스크,로자스크,로자스크,Losartan/Amlodipine,Losartan/Amlodipine,molecule,normalized,NOOP,HIGH
ml,ml_008,sb_008_00060,로자신,로자신,로자신,Iosartan,Iosartan,molecule,normalized,NOOP,HIGH
ml,ml_008,sb_008_00270,로자신 플러스,로자신플러스,로자신플러스,Losartan/Hydrochlorothiazide,Losartan/Hydrochlorothiazide,molecule,normalized,NOOP,HIGH
ml,ml_008,sb_008_00061,로자인,로자인,로자인,Iosartan,Iosartan,molecule,normalized,NOOP,HIGH
ml,ml_008,sb_008_00075,로자칼,로자칼,로자칼,Iosartan,Iosartan,molecule,normalized,NOOP,HIGH
ml,ml_008,sb_008_00080,로자케이,로자케이,로자케이,Iosartan,Iosartan,molecule,normalized,NOOP,HIGH
ml,ml_008,sb_008_00079,로자타,로자타,로자타,Iosartan,Iosartan,molecule,normalized,NOOP,HIGH
ml,ml_008,sb_008_00284,로자타 플러스,로자타플러스,로자타플러스,Losartan/Hydrochlorothiazide,Losartan/Hydrochlorothiazide,molecule,normalized,NOOP,HIGH
ml,ml_008,sb_008_00077,로자탐,로자탐,로자탐,Iosartan,Iosartan,molecule,normalized,NOOP,HIGH
ml,ml_008,sb_008_00282,로자탐 플러스,로자탐플러스,로자탐플러스,Losartan/Hydrochlorothiazide,Losartan/Hydrochlorothiazide,molecule,normalized,NOOP,HIGH
ml,ml_008,sb_008_00062,로자토,로자토,로자토,Iosartan,Iosartan,molecule,normalized,NOOP,HIGH
ml,ml_008,sb_008_00065,로자틴,로자틴,로자틴,Iosartan,Iosartan,molecule,normalized,NOOP,HIGH
ml,ml_008,sb_008_00273,로자틴 플러스,로자틴플러스,로자틴플러스,Losartan/Hydrochlorothiazide,Losartan/Hydrochlorothiazide,molecule,normalized,NOOP,HIGH
ml,ml_008,sb_008_00266,로자플엠,로자플엠,로자플엠,Losartan/Hydrochlorothiazide,Losartan/Hydrochlorothiazide,molecule,normalized,NOOP,HIGH
ml,ml_008,sb_008_00071,로잘,로잘,로잘,Iosartan,Iosartan,molecule,normalized,NOOP,HIGH
ml,ml_008,sb_008_00278,로잘플러스,로잘플러스,로잘플러스,Losartan/Hydrochlorothiazide,Losartan/Hydrochlorothiazide,molecule,normalized,NOOP,HIGH
ml,ml_008,sb_008_01024,로제텔,로제텔,로제텔,Rosuvastatin/EZ/Telmisartan,Rosuvastatin/EZ/Telmisartan,molecule,normalized,NOOP,HIGH
ml,ml_008,sb_008_00966,로제텔핀,로제텔핀,로제텔핀,Rosuvastatin/EZ/Telmisartan/Amlodipine,Rosuvastatin/EZ/Telmisartan/Amlodipine,molecule,normalized,NOOP,HIGH
ml,ml_008,sb_008_00267,로제틴,로제틴,로제틴,Losartan/Hydrochlorothiazide,Losartan/Hydrochlorothiazide,molecule,normalized,NOOP,HIGH
ml,ml_008,sb_008_00823,로카딘,로카딘,로카딘,lercanidipine,lercanidipine,molecule,normalized,NOOP,HIGH
ml,ml_008,sb_008_00091,로카탄,로카탄,로카탄,Iosartan,Iosartan,molecule,normalized,NOOP,HIGH
ml,ml_008,sb_008_00290,로카탄 플러스,로카탄플러스,로카탄플러스,Losartan/Hydrochlorothiazide,Losartan/Hydrochlorothiazide,molecule,normalized,NOOP,HIGH
ml,ml_008,sb_008_01020,로칸 듀오,로칸듀오,로칸듀오,Rosuvastatin/Candesartan,Rosuvastatin/Candesartan,molecule,normalized,NOOP,HIGH
ml,ml_008,sb_008_00083,로코탄,로코탄,로코탄,Iosartan,Iosartan,molecule,normalized,NOOP,HIGH
ml,ml_008,sb_008_01018,로타칸,로타칸,로타칸,Rosuvastatin/Candesartan,Rosuvastatin/Candesartan,molecule,normalized,NOOP,HIGH
ml,ml_008,sb_008_00084,로탄,로탄,로탄,Iosartan,Iosartan,molecule,normalized,NOOP,HIGH
ml,ml_008,sb_008_00974,로토디핀,로토디핀,로토디핀,Rosuvastatin/Amlodipine,Rosuvastatin/Amlodipine,molecule,normalized,NOOP,HIGH
ml,ml_008,sb_canonical_012_리바로브이,리바로브이,리바로브이,리바로브이,Pitavastatin/Valsartan,Pitavastatin/Valsartan,molecule,normalized,NOOP,HIGH
ml,ml_008,sb_canonical_011_리바로하이,리바로하이,리바로하이,리바로하이,Pitavastatin/Valsartan/amlodipine,Pitavastatin/Valsartan/amlodipine,molecule,normalized,NOOP,HIGH
ml,ml_008,sb_008_00475,리비카,리비카,리비카,Olmesartan/amlodipine,Olmesartan/amlodipine,molecule,normalized,NOOP,HIGH
ml,ml_008,sb_008_00833,마디핀,마디핀,마디핀,manidipine,manidipine,molecule,normalized,NOOP,HIGH
ml,ml_008,sb_008_00390,마하칸,마하칸,마하칸,Candesartan/amlodipine,Candesartan/amlodipine,molecule,normalized,NOOP,HIGH
ml,ml_008,sb_008_00456,맥세비카,맥세비카,맥세비카,Olmesartan/amlodipine,Olmesartan/amlodipine,molecule,normalized,NOOP,HIGH
ml,ml_008,sb_008_00202,맥스디오,맥스디오,맥스디오,Valsartan,Valsartan,molecule,normalized,NOOP,HIGH
ml,ml_008,sb_008_00369,맥스디오플러스,맥스디오플러스,맥스디오플러스,Valsartan/Hydrochlorothiazide,Valsartan/Hydrochlorothiazide,molecule,normalized,NOOP,HIGH
ml,ml_008,sb_008_00515,맥스미카,맥스미카,맥스미카,Telmisartan/amlodipine,Telmisartan/amlodipine,molecule,normalized,NOOP,HIGH
ml,ml_008,sb_008_00405,맥스잘탄,맥스잘탄,맥스잘탄,Losartan/Amlodipine,Losartan/Amlodipine,molecule,normalized,NOOP,HIGH
ml,ml_008,sb_008_00066,메가 로사탄,메가로사탄,메가로사탄,Iosartan,Iosartan,molecule,normalized,NOOP,HIGH
ml,ml_008,sb_008_00518,메가텔디핀,메가텔디핀,메가텔디핀,Telmisartan/amlodipine,Telmisartan/amlodipine,molecule,normalized,NOOP,HIGH
ml,ml_008,sb_008_00156,메가 텔미,메가텔미,메가텔미,Telmisartan,Telmisartan,molecule,normalized,NOOP,HIGH
ml,ml_008,sb_008_00329,메가텔미클,메가텔미클,메가텔미클,Telmisartan/Hydrochlorothiazide,Telmisartan/Hydrochlorothiazide,molecule,normalized,NOOP,HIGH
ml,ml_008,sb_008_00576,메디로텐,메디로텐,메디로텐,Valsartan/amlodipine,Valsartan/amlodipine,molecule,normalized,NOOP,HIGH
ml,ml_008,sb_008_00699,메디핀,메디핀,메디핀,Amlodipine,Amlodipine,molecule,normalized,NOOP,HIGH
ml,ml_008,sb_008_00122,메사르,메사르,메사르,Olmesartan,Olmesartan,molecule,normalized,NOOP,HIGH
ml,ml_008,sb_008_00858,멜로디핀 에스,멜로디핀에스,멜로디핀에스,S-amlodipine,S-amlodipine,molecule,normalized,NOOP,HIGH
ml,ml_008,sb_008_00700,명문 암로디핀,명문암로디핀,명문암로디핀,Amlodipine,Amlodipine,molecule,normalized,NOOP,HIGH
ml,ml_008,sb_008_00139,모노스핀,모노스핀,모노스핀,Telmisartan,Telmisartan,molecule,normalized,NOOP,HIGH
ml,ml_008,sb_008_00151,모노티탄,모노티탄,모노티탄,Telmisartan,Telmisartan,molecule,normalized,NOOP,HIGH
ml,ml_008,sb_008_00819,무노발,무노발,무노발,felodipine,felodipine,molecule,normalized,NOOP,HIGH
ml,ml_008,sb_008_00144,미르텔,미르텔,미르텔,Telmisartan,Telmisartan,molecule,normalized,NOOP,HIGH
ml,ml_008,sb_008_00322,미르텔 플러스,미르텔플러스,미르텔플러스,Telmisartan/Hydrochlorothiazide,Telmisartan/Hydrochlorothiazide,molecule,normalized,NOOP,HIGH
ml,ml_008,sb_008_00159,미르토,미르토,미르토,Telmisartan,Telmisartan,molecule,normalized,NOOP,HIGH
ml,ml_008,sb_008_00330,미르토 플러스,미르토플러스,미르토플러스,Telmisartan/Hydrochlorothiazide,Telmisartan/Hydrochlorothiazide,molecule,normalized,NOOP,HIGH
ml,ml_008,sb_008_00161,미살탄,미살탄,미살탄,Telmisartan,Telmisartan,molecule,normalized,NOOP,HIGH
ml,ml_008,sb_008_01039,미살탄 스타,미살탄스타,미살탄스타,Rosuvastatin/Telmisartan,Rosuvastatin/Telmisartan,molecule,normalized,NOOP,HIGH
ml,ml_008,sb_008_00527,미살탄 트윈,미살탄트윈,미살탄트윈,Telmisartan/amlodipine,Telmisartan/amlodipine,molecule,normalized,NOOP,HIGH
ml,ml_008,sb_008_00332,미살탄 플러스,미살탄플러스,미살탄플러스,Telmisartan/Hydrochlorothiazide,Telmisartan/Hydrochlorothiazide,molecule,normalized,NOOP,HIGH
ml,ml_008,sb_008_00140,미카르디스,미카르디스,미카르디스,Telmisartan,Telmisartan,molecule,normalized,NOOP,HIGH
ml,ml_008,sb_008_00319,미카르디스 플러스,미카르디스플러스,미카르디스플러스,Telmisartan/Hydrochlorothiazide,Telmisartan/Hydrochlorothiazide,molecule,normalized,NOOP,HIGH
ml,ml_008,sb_008_00162,미카테르,미카테르,미카테르,Telmisartan,Telmisartan,molecule,normalized,NOOP,HIGH
ml,ml_008,sb_008_00333,미카테르 플러스,미카테르플러스,미카테르플러스,Telmisartan/Hydrochlorothiazide,Telmisartan/Hydrochlorothiazide,molecule,normalized,NOOP,HIGH
ml,ml_008,sb_008_00898,미케란,미케란,미케란,Carteolol,Carteolol,molecule,normalized,NOOP,HIGH
ml,ml_008,sb_008_00220,바라탄,바라탄,바라탄,Valsartan,Valsartan,molecule,normalized,NOOP,HIGH
ml,ml_008,sb_008_00198,바레탄,바레탄,바레탄,Valsartan,Valsartan,molecule,normalized,NOOP,HIGH
ml,ml_008,sb_008_00365,바레탄 플러스,바레탄플러스,바레탄플러스,Valsartan/Hydrochlorothiazide,Valsartan/Hydrochlorothiazide,molecule,normalized,NOOP,HIGH
ml,ml_008,sb_008_00716,바로디핀,바로디핀,바로디핀,Amlodipine,Amlodipine,molecule,normalized,NOOP,HIGH
ml,ml_008,sb_008_00189,바로살탄,바로살탄,바로살탄,Valsartan,Valsartan,molecule,normalized,NOOP,HIGH
ml,ml_008,sb_008_00394,바로셋,바로셋,바로셋,Valsartan/amlodipine/Chlorthalidone,Valsartan/amlodipine/Chlorthalidone,molecule,normalized,NOOP,HIGH
ml,ml_008,sb_008_00752,바로스크,바로스크,바로스크,Amlodipine,Amlodipine,molecule,normalized,NOOP,HIGH
ml,ml_008,sb_008_00571,바로포지,바로포지,바로포지,Valsartan/amlodipine,Valsartan/amlodipine,molecule,normalized,NOOP,HIGH
ml,ml_008,sb_008_00621,바르디핀,바르디핀,바르디핀,Valsartan/amlodipine,Valsartan/amlodipine,molecule,normalized,NOOP,HIGH
ml,ml_008,sb_008_00218,바르반,바르반,바르반,Valsartan,Valsartan,molecule,normalized,NOOP,HIGH
ml,ml_008,sb_008_00380,바르반 플러스,바르반플러스,바르반플러스,Valsartan/Hydrochlorothiazide,Valsartan/Hydrochlorothiazide,molecule,normalized,NOOP,HIGH
ml,ml_008,sb_008_00211,바르사르,바르사르,바르사르,Valsartan,Valsartan,molecule,normalized,NOOP,HIGH
ml,ml_008,sb_008_00222,바사탄,바사탄,바사탄,Valsartan,Valsartan,molecule,normalized,NOOP,HIGH
ml,ml_008,sb_008_00384,바사탄 플러스,바사탄플러스,바사탄플러스,Valsartan/Hydrochlorothiazide,Valsartan/Hydrochlorothiazide,molecule,normalized,NOOP,HIGH
ml,ml_008,sb_008_00598,바살핀,바살핀,바살핀,Valsartan/amlodipine,Valsartan/amlodipine,molecule,normalized,NOOP,HIGH
ml,ml_008,sb_008_00902,바소딜렌,바소딜렌,바소딜렌,Carvedilol,Carvedilol,molecule,normalized,NOOP,HIGH
ml,ml_008,sb_008_00908,바소트롤,바소트롤,바소트롤,Carvedilol,Carvedilol,molecule,normalized,NOOP,HIGH
ml,ml_008,sb_008_00912,바이넥스 카르베딜롤,바이넥스카르베딜롤,바이넥스카르베딜롤,Carvedilol,Carvedilol,molecule,normalized,NOOP,HIGH
ml,ml_008,sb_008_00808,바이넥스 펠로디핀,바이넥스펠로디핀,바이넥스펠로디핀,felodipine,felodipine,molecule,normalized,NOOP,HIGH
ml,ml_008,sb_008_00606,바이포지,바이포지,바이포지,Valsartan/amlodipine,Valsartan/amlodipine,molecule,normalized,NOOP,HIGH
ml,ml_008,sb_008_00820,박사르,박사르,박사르,lacidipine,lacidipine,molecule,normalized,NOOP,HIGH
ml,ml_008,sb_008_00351,발데사르 플러스,발데사르플러스,발데사르플러스,Valsartan/Hydrochlorothiazide,Valsartan/Hydrochlorothiazide,molecule,normalized,NOOP,HIGH
ml,ml_008,sb_008_00559,발디핀,발디핀,발디핀,Valsartan/amlodipine,Valsartan/amlodipine,molecule,normalized,NOOP,HIGH
ml,ml_008,sb_008_00393,발디핀 플러스,발디핀플러스,발디핀플러스,Valsartan/amlodipine/Chlorthalidone,Valsartan/amlodipine/Chlorthalidone,molecule,normalized,NOOP,HIGH
ml,ml_008,sb_008_00622,발라디핀,발라디핀,발라디핀,Valsartan/amlodipine,Valsartan/amlodipine,molecule,normalized,NOOP,HIGH
ml,ml_008,sb_008_00379,발미탄,발미탄,발미탄,Valsartan/Hydrochlorothiazide,Valsartan/Hydrochlorothiazide,molecule,normalized,NOOP,HIGH
ml,ml_008,sb_008_00217,발미탄 에이,발미탄에이,발미탄에이,Valsartan,Valsartan,molecule,normalized,NOOP,HIGH
ml,ml_008,sb_008_00191,발사닌,발사닌,발사닌,Valsartan,Valsartan,molecule,normalized,NOOP,HIGH
ml,ml_008,sb_008_00359,발사닌 플러스,발사닌플러스,발사닌플러스,Valsartan/Hydrochlorothiazide,Valsartan/Hydrochlorothiazide,molecule,normalized,NOOP,HIGH
ml,ml_008,sb_008_00629,발사렉스,발사렉스,발사렉스,Valsartan/amlodipine,Valsartan/amlodipine,molecule,normalized,NOOP,HIGH
ml,ml_008,sb_008_00225,발사렉트,발사렉트,발사렉트,Valsartan,Valsartan,molecule,normalized,NOOP,HIGH
ml,ml_008,sb_008_01046,발사로브,발사로브,발사로브,Rosuvastatin/Valsartan,Rosuvastatin/Valsartan,molecule,normalized,NOOP,HIGH
ml,ml_008,sb_008_00224,발사르반,발사르반,발사르반,Valsartan,Valsartan,molecule,normalized,NOOP,HIGH
ml,ml_008,sb_008_00214,발사르텔,발사르텔,발사르텔,Valsartan,Valsartan,molecule,normalized,NOOP,HIGH
ml,ml_008,sb_008_00216,발사벨,발사벨,발사벨,Valsartan,Valsartan,molecule,normalized,NOOP,HIGH
ml,ml_008,sb_008_00204,발사원,발사원,발사원,Valsartan,Valsartan,molecule,normalized,NOOP,HIGH
ml,ml_008,sb_008_00370,발사원 플러스,발사원플러스,발사원플러스,Valsartan/Hydrochlorothiazide,Valsartan/Hydrochlorothiazide,molecule,normalized,NOOP,HIGH
ml,ml_008,sb_008_00186,발사텍,발사텍,발사텍,Valsartan,Valsartan,molecule,normalized,NOOP,HIGH
ml,ml_008,sb_008_00633,발사포스,발사포스,발사포스,Valsartan/amlodipine,Valsartan/amlodipine,molecule,normalized,NOOP,HIGH
ml,ml_008,sb_008_00626,발사핀,발사핀,발사핀,Valsartan/amlodipine,Valsartan/amlodipine,molecule,normalized,NOOP,HIGH
ml,ml_008,sb_008_00208,발산,발산,발산,Valsartan,Valsartan,molecule,normalized,NOOP,HIGH
ml,ml_008,sb_008_00188,발탄,발탄,발탄,Valsartan,Valsartan,molecule,normalized,NOOP,HIGH
ml,ml_008,sb_008_00572,발탄엑스,발탄엑스,발탄엑스,Valsartan/amlodipine,Valsartan/amlodipine,molecule,normalized,NOOP,HIGH
ml,ml_008,sb_008_00356,발탄 플러스,발탄플러스,발탄플러스,Valsartan/Hydrochlorothiazide,Valsartan/Hydrochlorothiazide,molecule,normalized,NOOP,HIGH
ml,ml_008,sb_008_00181,발트렙,발트렙,발트렙,Valsartan,Valsartan,molecule,normalized,NOOP,HIGH
ml,ml_008,sb_008_00349,발트렙 플러스,발트렙플러스,발트렙플러스,Valsartan/Hydrochlorothiazide,Valsartan/Hydrochlorothiazide,molecule,normalized,NOOP,HIGH
ml,ml_008,sb_008_00983,발트리오,발트리오,발트리오,Rosuvastatin/Valsartan/Amlodipine,Rosuvastatin/Valsartan/Amlodipine,molecule,normalized,NOOP,HIGH
ml,ml_008,sb_008_00750,베로디핀,베로디핀,베로디핀,Amlodipine,Amlodipine,molecule,normalized,NOOP,HIGH
ml,ml_008,sb_008_00754,베로핀,베로핀,베로핀,Amlodipine,Amlodipine,molecule,normalized,NOOP,HIGH
ml,ml_008,sb_008_00505,베르사체,베르사체,베르사체,Telmisartan/amlodipine,Telmisartan/amlodipine,molecule,normalized,NOOP,HIGH
ml,ml_008,sb_008_00741,베스디핀,베스디핀,베스디핀,Amlodipine,Amlodipine,molecule,normalized,NOOP,HIGH
ml,ml_008,sb_008_00413,베실살탄,베실살탄,베실살탄,Losartan/Amlodipine,Losartan/Amlodipine,molecule,normalized,NOOP,HIGH
ml,ml_008,sb_008_00786,베아디핀,베아디핀,베아디핀,Amlodipine,Amlodipine,molecule,normalized,NOOP,HIGH
ml,ml_008,sb_008_00842,베아디핀 에스,베아디핀에스,베아디핀에스,S-amlodipine,S-amlodipine,molecule,normalized,NOOP,HIGH
ml,ml_008,sb_008_00050,베아로탄,베아로탄,베아로탄,Iosartan,Iosartan,molecule,normalized,NOOP,HIGH
ml,ml_008,sb_008_00262,베아로탄 플러스,베아로탄플러스,베아로탄플러스,Losartan/Hydrochlorothiazide,Losartan/Hydrochlorothiazide,molecule,normalized,NOOP,HIGH
ml,ml_008,sb_008_00402,베아잘탄,베아잘탄,베아잘탄,Losartan/Amlodipine,Losartan/Amlodipine,molecule,normalized,NOOP,HIGH
ml,ml_008,sb_008_00896,베타드렌,베타드렌,베타드렌,Bisoprolol,Bisoprolol,molecule,normalized,NOOP,HIGH
ml,ml_008,sb_008_00942,베타록,베타록,베타록,Metoprolol,Metoprolol,molecule,normalized,NOOP,HIGH
ml,ml_008,sb_008_00893,베타원,베타원,베타원,Bisoprolol,Bisoprolol,molecule,normalized,NOOP,HIGH
ml,ml_008,sb_008_00895,베타프롤,베타프롤,베타프롤,Bisoprolol,Bisoprolol,molecule,normalized,NOOP,HIGH
ml,ml_008,sb_008_00879,베테놀,베테놀,베테놀,Atenolol,Atenolol,molecule,normalized,NOOP,HIGH
ml,ml_008,sb_008_00797,벤디핀,벤디핀,벤디핀,Benidipine,Benidipine,molecule,normalized,NOOP,HIGH
ml,ml_008,sb_008_01058,보령 토르세미드,보령토르세미드,보령토르세미드,Torasemide,Torasemide,molecule,normalized,NOOP,HIGH
ml,ml_008,sb_008_01069,부광 디유렉산,부광디유렉산,부광디유렉산,Xipamide,Xipamide,molecule,normalized,NOOP,HIGH
ml,ml_008,sb_008_00193,부광 발사르탄,부광발사르탄,부광발사르탄,Valsartan,Valsartan,molecule,normalized,NOOP,HIGH
ml,ml_008,sb_008_00888,부광 켈론,부광켈론,부광켈론,Betaxolol,Betaxolol,molecule,normalized,NOOP,HIGH
ml,ml_008,sb_008_00206,브이디오,브이디오,브이디오,Valsartan,Valsartan,molecule,normalized,NOOP,HIGH
ml,ml_008,sb_008_00599,브이디핀,브이디핀,브이디핀,Valsartan/amlodipine,Valsartan/amlodipine,molecule,normalized,NOOP,HIGH
ml,ml_008,sb_008_00182,브이반,브이반,브이반,Valsartan,Valsartan,molecule,normalized,NOOP,HIGH
ml,ml_008,sb_008_00350,브이반 플러스,브이반플러스,브이반플러스,Valsartan/Hydrochlorothiazide,Valsartan/Hydrochlorothiazide,molecule,normalized,NOOP,HIGH
ml,ml_008,sb_008_01045,브이알,브이알,브이알,Rosuvastatin/Valsartan,Rosuvastatin/Valsartan,molecule,normalized,NOOP,HIGH
ml,ml_008,sb_008_00567,브이포지,브이포지,브이포지,Valsartan/amlodipine,Valsartan/amlodipine,molecule,normalized,NOOP,HIGH
ml,ml_008,sb_008_00984,브이포지알,브이포지알,브이포지알,Rosuvastatin/Valsartan/Amlodipine,Rosuvastatin/Valsartan/Amlodipine,molecule,normalized,NOOP,HIGH
ml,ml_008,sb_008_00998,비듀엣,비듀엣,비듀엣,Atorvastatin/Amlodipine,Atorvastatin/Amlodipine,molecule,normalized,NOOP,HIGH
ml,ml_008,sb_008_00455,비바스,비바스,비바스,Olmesartan/amlodipine,Olmesartan/amlodipine,molecule,normalized,NOOP,HIGH
ml,ml_008,sb_008_00897,비소폴,비소폴,비소폴,Bisoprolol,Bisoprolol,molecule,normalized,NOOP,HIGH
ml,ml_008,sb_008_00620,비스포지,비스포지,비스포지,Valsartan/amlodipine,Valsartan/amlodipine,molecule,normalized,NOOP,HIGH
ml,ml_008,sb_008_00705,비씨로우,비씨로우,비씨로우,Amlodipine,Amlodipine,molecule,normalized,NOOP,HIGH
ml,ml_008,sb_008_00706,비아트리스 노바스크,비아트리스노바스크,비아트리스노바스크,Amlodipine,Amlodipine,molecule,normalized,NOOP,HIGH
ml,ml_008,sb_008_00717,비엘 노바스,비엘노바스,비엘노바스,Amlodipine,Amlodipine,molecule,normalized,NOOP,HIGH
ml,ml_008,sb_008_00471,비카원스,비카원스,비카원스,Olmesartan/amlodipine,Olmesartan/amlodipine,molecule,normalized,NOOP,HIGH
ml,ml_008,sb_008_00184,사르반,사르반,사르반,Valsartan,Valsartan,molecule,normalized,NOOP,HIGH
ml,ml_008,sb_008_00195,사르발탄,사르발탄,사르발탄,Valsartan,Valsartan,molecule,normalized,NOOP,HIGH
ml,ml_008,sb_008_00363,사르발탄 플러스,사르발탄플러스,사르발탄플러스,Valsartan/Hydrochlorothiazide,Valsartan/Hydrochlorothiazide,molecule,normalized,NOOP,HIGH
ml,ml_008,sb_008_00861,사브,사브,사브,S-amlodipine,S-amlodipine,molecule,normalized,NOOP,HIGH
ml,ml_008,sb_008_00081,살로탄,살로탄,살로탄,Iosartan,Iosartan,molecule,normalized,NOOP,HIGH
ml,ml_008,sb_008_00285,살로탄 플러스,살로탄플러스,살로탄플러스,Losartan/Hydrochlorothiazide,Losartan/Hydrochlorothiazide,molecule,normalized,NOOP,HIGH
ml,ml_008,sb_008_00432,삼비카 에이치씨티,삼비카에이치씨티,삼비카에이치씨티,Olmesartan/amlodipine/Hydrochlothiazide,Olmesartan/amlodipine/Hydrochlothiazide,molecule,normalized,NOOP,HIGH
ml,ml_008,sb_008_00809,삼익 펠로디핀,삼익펠로디핀,삼익펠로디핀,felodipine,felodipine,molecule,normalized,NOOP,HIGH
ml,ml_008,sb_008_00709,서울 암로디핀베실산염,서울암로디핀베실산염,서울암로디핀베실산염,Amlodipine,Amlodipine,molecule,normalized,NOOP,HIGH
ml,ml_008,sb_008_00508,서울 티스타,서울티스타,서울티스타,Telmisartan/amlodipine,Telmisartan/amlodipine,molecule,normalized,NOOP,HIGH
ml,ml_008,sb_008_00436,세라칸 에이치씨티,세라칸에이치씨티,세라칸에이치씨티,Olmesartan/amlodipine/Hydrochlothiazide,Olmesartan/amlodipine/Hydrochlothiazide,molecule,normalized,NOOP,HIGH
ml,ml_008,sb_008_00463,세바코,세바코,세바코,Olmesartan/amlodipine,Olmesartan/amlodipine,molecule,normalized,NOOP,HIGH
ml,ml_008,sb_008_00435,세바코 에이치씨티,세바코에이치씨티,세바코에이치씨티,Olmesartan/amlodipine/Hydrochlothiazide,Olmesartan/amlodipine/Hydrochlothiazide,molecule,normalized,NOOP,HIGH
ml,ml_008,sb_008_00470,세비듀오,세비듀오,세비듀오,Olmesartan/amlodipine,Olmesartan/amlodipine,molecule,normalized,NOOP,HIGH
ml,ml_008,sb_008_00441,세비듀오 에이치씨티,세비듀오에이치씨티,세비듀오에이치씨티,Olmesartan/amlodipine/Hydrochlothiazide,Olmesartan/amlodipine/Hydrochlothiazide,molecule,normalized,NOOP,HIGH
ml,ml_008,sb_008_00457,세비로텐,세비로텐,세비로텐,Olmesartan/amlodipine,Olmesartan/amlodipine,molecule,normalized,NOOP,HIGH
ml,ml_008,sb_008_00453,세비루카,세비루카,세비루카,Olmesartan/amlodipine,Olmesartan/amlodipine,molecule,normalized,NOOP,HIGH
ml,ml_008,sb_008_00425,세비루카 에이치씨티,세비루카에이치씨티,세비루카에이치씨티,Olmesartan/amlodipine/Hydrochlothiazide,Olmesartan/amlodipine/Hydrochlothiazide,molecule,normalized,NOOP,HIGH
ml,ml_008,sb_008_00638,세비살탄,세비살탄,세비살탄,Olmesartan/amlodipine,Olmesartan/amlodipine,molecule,normalized,NOOP,HIGH
ml,ml_008,sb_008_00429,세비엠 에이치씨티,세비엠에이치씨티,세비엠에이치씨티,Olmesartan/amlodipine/Hydrochlothiazide,Olmesartan/amlodipine/Hydrochlothiazide,molecule,normalized,NOOP,HIGH
ml,ml_008,sb_008_00473,세비원,세비원,세비원,Olmesartan/amlodipine,Olmesartan/amlodipine,molecule,normalized,NOOP,HIGH
ml,ml_008,sb_008_00443,세비원 에이치씨티,세비원에이치씨티,세비원에이치씨티,Olmesartan/amlodipine/Hydrochlothiazide,Olmesartan/amlodipine/Hydrochlothiazide,molecule,normalized,NOOP,HIGH
ml,ml_008,sb_008_00452,세비카,세비카,세비카,Olmesartan/amlodipine,Olmesartan/amlodipine,molecule,normalized,NOOP,HIGH
ml,ml_008,sb_008_00423,세비카 에이치씨티,세비카에이치씨티,세비카에이치씨티,Olmesartan/amlodipine/Hydrochlothiazide,Olmesartan/amlodipine/Hydrochlothiazide,molecule,normalized,NOOP,HIGH
ml,ml_008,sb_008_00442,세비테라 에이치씨티,세비테라에이치씨티,세비테라에이치씨티,Olmesartan/amlodipine/Hydrochlothiazide,Olmesartan/amlodipine/Hydrochlothiazide,molecule,normalized,NOOP,HIGH
ml,ml_008,sb_008_00451,세비텐션,세비텐션,세비텐션,Olmesartan/amlodipine,Olmesartan/amlodipine,molecule,normalized,NOOP,HIGH
ml,ml_008,sb_008_00055,세자르,세자르,세자르,Iosartan,Iosartan,molecule,normalized,NOOP,HIGH
ml,ml_008,sb_008_00268,세자르 플러스,세자르플러스,세자르플러스,Losartan/Hydrochlorothiazide,Losartan/Hydrochlorothiazide,molecule,normalized,NOOP,HIGH
ml,ml_008,sb_008_00269,세자르 플러스 프로,세자르플러스프로,세자르플러스프로,Losartan/Hydrochlorothiazide,Losartan/Hydrochlorothiazide,molecule,normalized,NOOP,HIGH
ml,ml_008,sb_008_01072,세타프릴,세타프릴,세타프릴,Alacepril,Alacepril,molecule,normalized,NOOP,HIGH
ml,ml_008,sb_008_01060,세토람,세토람,세토람,Torasemide,Torasemide,molecule,normalized,NOOP,HIGH
ml,ml_008,sb_008_00462,셀레비카,셀레비카,셀레비카,Olmesartan/amlodipine,Olmesartan/amlodipine,molecule,normalized,NOOP,HIGH
ml,ml_008,sb_008_00746,셀로디핀,셀로디핀,셀로디핀,Amlodipine,Amlodipine,molecule,normalized,NOOP,HIGH
ml,ml_008,sb_008_00107,셀메텍,셀메텍,셀메텍,Olmesartan,Olmesartan,molecule,normalized,NOOP,HIGH
ml,ml_008,sb_008_00301,셀메텍 플러스,셀메텍플러스,셀메텍플러스,Olmesartan/Hydrochlorothiazide,Olmesartan/Hydrochlorothiazide,molecule,normalized,NOOP,HIGH
ml,ml_008,sb_008_00146,셀미살탄,셀미살탄,셀미살탄,Telmisartan,Telmisartan,molecule,normalized,NOOP,HIGH
ml,ml_008,sb_008_00509,셀미스타,셀미스타,셀미스타,Telmisartan/amlodipine,Telmisartan/amlodipine,molecule,normalized,NOOP,HIGH
ml,ml_008,sb_008_00323,셀미 플러스,셀미플러스,셀미플러스,Telmisartan/Hydrochlorothiazide,Telmisartan/Hydrochlorothiazide,molecule,normalized,NOOP,HIGH
ml,ml_008,sb_008_00585,셀트포지,셀트포지,셀트포지,Valsartan/amlodipine,Valsartan/amlodipine,molecule,normalized,NOOP,HIGH
ml,ml_008,sb_008_00042,셀프로벨,셀프로벨,셀프로벨,Irbesartan,Irbesartan,molecule,normalized,NOOP,HIGH
ml,ml_008,sb_008_00256,셀프로벨 플러스,셀프로벨플러스,셀프로벨플러스,Irbesartan/Hydrochlorothiazide,Irbesartan/Hydrochlorothiazide,molecule,normalized,NOOP,HIGH
ml,ml_008,sb_008_00957,소타론,소타론,소타론,Sotalol,Sotalol,molecule,normalized,NOOP,HIGH
ml,ml_008,sb_008_00492,수피아,수피아,수피아,Telmisartan/amlodipine,Telmisartan/amlodipine,molecule,normalized,NOOP,HIGH
ml,ml_008,sb_008_00758,스카드 비,스카드비,스카드비,Amlodipine,Amlodipine,molecule,normalized,NOOP,HIGH
ml,ml_008,sb_008_00779,스타디핀,스타디핀,스타디핀,Amlodipine,Amlodipine,molecule,normalized,NOOP,HIGH
ml,ml_008,sb_008_00627,스타포지,스타포지,스타포지,Valsartan/amlodipine,Valsartan/amlodipine,molecule,normalized,NOOP,HIGH
ml,ml_008,sb_008_01053,스피락톤,스피락톤,스피락톤,Spironolactone,Spironolactone,molecule,normalized,NOOP,HIGH
ml,ml_008,sb_008_00798,시나롱,시나롱,시나롱,Cilnidipine,Cilnidipine,molecule,normalized,NOOP,HIGH
ml,ml_008,sb_008_00579,시넥트,시넥트,시넥트,Valsartan/amlodipine,Valsartan/amlodipine,molecule,normalized,NOOP,HIGH
ml,ml_008,sb_008_00725,시암로핀,시암로핀,시암로핀,Amlodipine,Amlodipine,molecule,normalized,NOOP,HIGH
ml,ml_008,sb_008_00715,신노바핀,신노바핀,신노바핀,Amlodipine,Amlodipine,molecule,normalized,NOOP,HIGH
ml,ml_008,sb_008_00881,신일 아테놀올,신일아테놀올,신일아테놀올,Atenolol,Atenolol,molecule,normalized,NOOP,HIGH
ml,ml_008,sb_008_00203,씨르탄,씨르탄,씨르탄,Valsartan,Valsartan,molecule,normalized,NOOP,HIGH
ml,ml_008,sb_008_00327,씨르텔미 플러스,씨르텔미플러스,씨르텔미플러스,Telmisartan/Hydrochlorothiazide,Telmisartan/Hydrochlorothiazide,molecule,normalized,NOOP,HIGH
ml,ml_008,sb_008_00562,씨알비,씨알비,씨알비,Valsartan/amlodipine,Valsartan/amlodipine,molecule,normalized,NOOP,HIGH
ml,ml_008,sb_008_00718,씨엠지 암로디핀,씨엠지암로디핀,씨엠지암로디핀,Amlodipine,Amlodipine,molecule,normalized,NOOP,HIGH
ml,ml_008,sb_008_00593,씨트포지,씨트포지,씨트포지,Valsartan/amlodipine,Valsartan/amlodipine,molecule,normalized,NOOP,HIGH
ml,ml_008,sb_008_00825,아나딥,아나딥,아나딥,lercanidipine,lercanidipine,molecule,normalized,NOOP,HIGH
ml,ml_008,sb_008_00020,아나탄,아나탄,아나탄,Candesartan,Candesartan,molecule,normalized,NOOP,HIGH
ml,ml_008,sb_008_00236,아나탄 플러스,아나탄플러스,아나탄플러스,Candesartan/Hydrochlorothiazide,Candesartan/Hydrochlorothiazide,molecule,normalized,NOOP,HIGH
ml,ml_008,sb_008_00150,아나텔,아나텔,아나텔,Telmisartan,Telmisartan,molecule,normalized,NOOP,HIGH
ml,ml_008,sb_008_00326,아나텔 플러스,아나텔플러스,아나텔플러스,Telmisartan/Hydrochlorothiazide,Telmisartan/Hydrochlorothiazide,molecule,normalized,NOOP,HIGH
ml,ml_008,sb_008_00591,아나퍼지,아나퍼지,아나퍼지,Valsartan/amlodipine,Valsartan/amlodipine,molecule,normalized,NOOP,HIGH
ml,ml_008,sb_008_00882,아놀렉스,아놀렉스,아놀렉스,Atenolol,Atenolol,molecule,normalized,NOOP,HIGH
ml,ml_008,sb_008_00835,아다핀오스모,아다핀오스모,아다핀오스모,nifedipine,nifedipine,molecule,normalized,NOOP,HIGH
ml,ml_008,sb_008_00837,아달라트 오로스,아달라트오로스,아달라트오로스,nifedipine,nifedipine,molecule,normalized,NOOP,HIGH
ml,ml_008,sb_008_01007,아듀오,아듀오,아듀오,Atorvastatin/Amlodipine,Atorvastatin/Amlodipine,molecule,normalized,NOOP,HIGH
ml,ml_008,sb_008_00719,아드,아드,아드,Amlodipine,Amlodipine,molecule,normalized,NOOP,HIGH
ml,ml_008,sb_008_00852,아드에스,아드에스,아드에스,S-amlodipine,S-amlodipine,molecule,normalized,NOOP,HIGH
ml,ml_008,sb_008_00818,아디핀,아디핀,아디핀,felodipine,felodipine,molecule,normalized,NOOP,HIGH
ml,ml_008,sb_008_00691,아로노바,아로노바,아로노바,Amlodipine,Amlodipine,molecule,normalized,NOOP,HIGH
ml,ml_008,sb_008_00771,아로디핀,아로디핀,아로디핀,Amlodipine,Amlodipine,molecule,normalized,NOOP,HIGH
ml,ml_008,sb_008_00737,아로딥,아로딥,아로딥,Amlodipine,Amlodipine,molecule,normalized,NOOP,HIGH
ml,ml_008,sb_008_00760,아모디핀,아모디핀,아모디핀,Amlodipine,Amlodipine,molecule,normalized,NOOP,HIGH
ml,ml_008,sb_008_00777,아모딘,아모딘,아모딘,Amlodipine,Amlodipine,molecule,normalized,NOOP,HIGH
ml,ml_008,sb_008_00589,아모르탄,아모르탄,아모르탄,Valsartan/amlodipine,Valsartan/amlodipine,molecule,normalized,NOOP,HIGH
ml,ml_008,sb_008_00985,아모르탄 알,아모르탄알,아모르탄알,Rosuvastatin/Valsartan/Amlodipine,Rosuvastatin/Valsartan/Amlodipine,molecule,normalized,NOOP,HIGH
ml,ml_008,sb_008_00412,아모사르,아모사르,아모사르,Losartan/Amlodipine,Losartan/Amlodipine,molecule,normalized,NOOP,HIGH
ml,ml_008,sb_008_00511,아모스타,아모스타,아모스타,Telmisartan/amlodipine,Telmisartan/amlodipine,molecule,normalized,NOOP,HIGH
ml,ml_008,sb_008_00408,아모엘탄,아모엘탄,아모엘탄,Losartan/Amlodipine,Losartan/Amlodipine,molecule,normalized,NOOP,HIGH
ml,ml_008,sb_008_00636,아모잘탄,아모잘탄,아모잘탄,Losartan/amlodipine,Losartan/amlodipine,molecule,normalized,NOOP,HIGH
ml,ml_008,sb_008_00968,아모잘탄 엑스큐,아모잘탄엑스큐,아모잘탄엑스큐,Rosuvastatin/EZ/Losartan/Amlodipine,Rosuvastatin/EZ/Losartan/Amlodipine,molecule,normalized,NOOP,HIGH
ml,ml_008,sb_008_01014,아모잘탄 큐,아모잘탄큐,아모잘탄큐,Rosuvastatin/Losartan/Amlodipine,Rosuvastatin/Losartan/Amlodipine,molecule,normalized,NOOP,HIGH
ml,ml_008,sb_008_00634,아모잘탄 플러스,아모잘탄플러스,아모잘탄플러스,Losartan/amlodipine/Chlorthalidone,Losartan/amlodipine/Chlorthalidone,molecule,normalized,NOOP,HIGH
ml,ml_008,sb_008_00704,아모텐션,아모텐션,아모텐션,Amlodipine,Amlodipine,molecule,normalized,NOOP,HIGH
ml,ml_008,sb_008_00392,아모프렐,아모프렐,아모프렐,Losartan/amlodipine/Chlorthalidone,Losartan/amlodipine/Chlorthalidone,molecule,normalized,NOOP,HIGH
ml,ml_008,sb_008_00726,아모핀,아모핀,아모핀,Amlodipine,Amlodipine,molecule,normalized,NOOP,HIGH
ml,ml_008,sb_008_00479,아몰비카,아몰비카,아몰비카,Olmesartan/amlodipine,Olmesartan/amlodipine,molecule,normalized,NOOP,HIGH
ml,ml_008,sb_008_00446,아몰비카 에이치씨티,아몰비카에이치씨티,아몰비카에이치씨티,Olmesartan/amlodipine/Hydrochlothiazide,Olmesartan/amlodipine/Hydrochlothiazide,molecule,normalized,NOOP,HIGH
ml,ml_008,sb_008_01049,아미로,아미로,아미로,Amiloride,Amiloride,molecule,normalized,NOOP,HIGH
ml,ml_008,sb_008_00590,아미포지,아미포지,아미포지,Valsartan/amlodipine,Valsartan/amlodipine,molecule,normalized,NOOP,HIGH
ml,ml_008,sb_008_00959,아바트리,아바트리,아바트리,Atorvastatin/Valsartan/Amlodipine,Atorvastatin/Valsartan/Amlodipine,molecule,normalized,NOOP,HIGH
ml,ml_008,sb_008_00573,아발탄,아발탄,아발탄,Valsartan/amlodipine,Valsartan/amlodipine,molecule,normalized,NOOP,HIGH
ml,ml_008,sb_008_00960,아발탄 에이 플러스,아발탄에이플러스,아발탄에이플러스,Atorvastatin/Valsartan/Amlodipine,Atorvastatin/Valsartan/Amlodipine,molecule,normalized,NOOP,HIGH
ml,ml_008,sb_008_01081,아서틸,아서틸,아서틸,Perindopril,Perindopril,molecule,normalized,NOOP,HIGH
ml,ml_008,sb_008_01080,아서틸 아르기닌,아서틸아르기닌,아서틸아르기닌,Perindopril,Perindopril,molecule,normalized,NOOP,HIGH
ml,ml_008,sb_008_01085,아서틸 플러스 아르기닌,아서틸플러스아르기닌,아서틸플러스아르기닌,indapamide/perindopril,indapamide/perindopril,molecule,normalized,NOOP,HIGH
ml,ml_008,sb_008_01082,아서프릴,아서프릴,아서프릴,Perindopril,Perindopril,molecule,normalized,NOOP,HIGH
ml,ml_008,sb_008_01008,아스퀘어,아스퀘어,아스퀘어,Atorvastatin/Amlodipine,Atorvastatin/Amlodipine,molecule,normalized,NOOP,HIGH
ml,ml_008,sb_008_00038,아이살탄,아이살탄,아이살탄,Irbesartan,Irbesartan,molecule,normalized,NOOP,HIGH
ml,ml_008,sb_008_00792,아제로핀,아제로핀,아제로핀,Azelnidine,Azelnidine,molecule,normalized,NOOP,HIGH
ml,ml_008,sb_008_00791,아제리아,아제리아,아제리아,Azelnidine,Azelnidine,molecule,normalized,NOOP,HIGH
ml,ml_008,sb_008_00793,아젤디핀,아젤디핀,아젤디핀,Azelnidine,Azelnidine,molecule,normalized,NOOP,HIGH
ml,ml_008,sb_008_00790,아젤블럭,아젤블럭,아젤블럭,Azelnidine,Azelnidine,molecule,normalized,NOOP,HIGH
ml,ml_008,sb_008_00789,아젤핀,아젤핀,아젤핀,Azelnidine,Azelnidine,molecule,normalized,NOOP,HIGH
ml,ml_008,sb_008_00513,아주스타,아주스타,아주스타,Telmisartan/amlodipine,Telmisartan/amlodipine,molecule,normalized,NOOP,HIGH
ml,ml_008,sb_008_01016,아카브,아카브,아카브,Atorvastatin/Fimasartan,Atorvastatin/Fimasartan,molecule,normalized,NOOP,HIGH
ml,ml_008,sb_008_00029,아칸데,아칸데,아칸데,Candesartan,Candesartan,molecule,normalized,NOOP,HIGH
ml,ml_008,sb_008_00014,아타칸,아타칸,아타칸,Candesartan,Candesartan,molecule,normalized,NOOP,HIGH
ml,ml_008,sb_008_00886,아테나,아테나,아테나,Atenolol,Atenolol,molecule,normalized,NOOP,HIGH
ml,ml_008,sb_008_00880,아테날,아테날,아테날,Atenolol,Atenolol,molecule,normalized,NOOP,HIGH
ml,ml_008,sb_008_00877,아테놀,아테놀,아테놀,Atenolol,Atenolol,molecule,normalized,NOOP,HIGH
ml,ml_008,sb_008_00884,아테놀민,아테놀민,아테놀민,Atenolol,Atenolol,molecule,normalized,NOOP,HIGH
ml,ml_008,sb_008_01013,아토듀엣,아토듀엣,아토듀엣,Atorvastatin/Amlodipine,Atorvastatin/Amlodipine,molecule,normalized,NOOP,HIGH
ml,ml_008,sb_008_00988,아토디핀,아토디핀,아토디핀,Atorvastatin/Amlodipine,Atorvastatin/Amlodipine,molecule,normalized,NOOP,HIGH
ml,ml_008,sb_008_00989,아토바디핀,아토바디핀,아토바디핀,Atorvastatin/Amlodipine,Atorvastatin/Amlodipine,molecule,normalized,NOOP,HIGH
ml,ml_008,sb_008_00964,아토바미브 에이,아토바미브에이,아토바미브에이,Atorvastatin/EZ/Amlodipine,Atorvastatin/EZ/Amlodipine,molecule,normalized,NOOP,HIGH
ml,ml_008,sb_008_00400,아프로바스크,아프로바스크,아프로바스크,Irbesartan/Amlodipine,Irbesartan/Amlodipine,molecule,normalized,NOOP,HIGH
ml,ml_008,sb_008_00040,아프로벨,아프로벨,아프로벨,Irbesartan,Irbesartan,molecule,normalized,NOOP,HIGH
ml,ml_008,sb_008_00922,안국 카르베딜롤,안국카르베딜롤,안국카르베딜롤,Carvedilol,Carvedilol,molecule,normalized,NOOP,HIGH
ml,ml_008,sb_008_01054,알닥톤,알닥톤,알닥톤,Spironolactone,Spironolactone,molecule,normalized,NOOP,HIGH
ml,ml_008,sb_008_00645,알듀카,알듀카,알듀카,Fimasartan/s-amlodipine | Fimasartan/S-amlodipine,Fimasartan/s-amlodipine,molecule,normalized,UPDATE,HIGH
ml,ml_008,sb_008_00876,알말,알말,알말,Arotinolol,Arotinolol,molecule,normalized,NOOP,HIGH
ml,ml_008,sb_008_00923,알베롤,알베롤,알베롤,Carvedilol,Carvedilol,molecule,normalized,NOOP,HIGH
ml,ml_008,sb_008_00924,알보젠 카베디롤,알보젠카베디롤,알보젠카베디롤,Carvedilol,Carvedilol,molecule,normalized,NOOP,HIGH
ml,ml_008,sb_008_00875,알잘,알잘,알잘,Arotinolol,Arotinolol,molecule,normalized,NOOP,HIGH
ml,ml_008,sb_008_00035,알카나,알카나,알카나,Fimasartan,Fimasartan,molecule,normalized,NOOP,HIGH
ml,ml_008,sb_008_00152,알텔미,알텔미,알텔미,Telmisartan,Telmisartan,molecule,normalized,NOOP,HIGH
ml,ml_008,sb_008_00914,알파디롤,알파디롤,알파디롤,Carvedilol,Carvedilol,molecule,normalized,NOOP,HIGH
ml,ml_008,sb_008_00578,알파포지,알파포지,알파포지,Valsartan/amlodipine,Valsartan/amlodipine,molecule,normalized,NOOP,HIGH
ml,ml_008,sb_008_00646,암디카브 큐,암디카브큐,암디카브큐,Fimasartan/s-amlodipine,Fimasartan/s-amlodipine,molecule,normalized,NOOP,HIGH
ml,ml_008,sb_008_00739,암로닌,암로닌,암로닌,Amlodipine,Amlodipine,molecule,normalized,NOOP,HIGH
ml,ml_008,sb_008_00751,암로다,암로다,암로다,Amlodipine,Amlodipine,molecule,normalized,NOOP,HIGH
ml,ml_008,sb_008_00740,암로다운,암로다운,암로다운,Amlodipine,Amlodipine,molecule,normalized,NOOP,HIGH
ml,ml_008,sb_008_00785,암로다핀,암로다핀,암로다핀,Amlodipine,Amlodipine,molecule,normalized,NOOP,HIGH
ml,ml_008,sb_008_00724,암로디,암로디,암로디,Amlodipine,Amlodipine,molecule,normalized,NOOP,HIGH
ml,ml_008,sb_008_00687,암로디바,암로디바,암로디바,Amlodipine,Amlodipine,molecule,normalized,NOOP,HIGH
ml,ml_008,sb_008_00693,암로디젠,암로디젠,암로디젠,Amlodipine,Amlodipine,molecule,normalized,NOOP,HIGH
ml,ml_008,sb_008_00763,암로딘,암로딘,암로딘,Amlodipine,Amlodipine,molecule,normalized,NOOP,HIGH
ml,ml_008,sb_008_00783,암로맥스,암로맥스,암로맥스,Amlodipine,Amlodipine,molecule,normalized,NOOP,HIGH
ml,ml_008,sb_008_00743,암로바,암로바,암로바,Amlodipine,Amlodipine,molecule,normalized,NOOP,HIGH
ml,ml_008,sb_008_00582,암로반,암로반,암로반,Valsartan/amlodipine,Valsartan/amlodipine,molecule,normalized,NOOP,HIGH
ml,ml_008,sb_008_00588,암로발탄,암로발탄,암로발탄,Valsartan/amlodipine,Valsartan/amlodipine,molecule,normalized,NOOP,HIGH
ml,ml_008,sb_008_00723,암로베틴,암로베틴,암로베틴,Amlodipine,Amlodipine,molecule,normalized,NOOP,HIGH
ml,ml_008,sb_008_00748,암로비스,암로비스,암로비스,Amlodipine,Amlodipine,molecule,normalized,NOOP,HIGH
ml,ml_008,sb_008_00428,암로비카 에이치씨티,암로비카에이치씨티,암로비카에이치씨티,Olmesartan/amlodipine/Hydrochlothiazide,Olmesartan/amlodipine/Hydrochlothiazide,molecule,normalized,NOOP,HIGH
ml,ml_008,sb_008_00574,암로살탄,암로살탄,암로살탄,Valsartan/amlodipine,Valsartan/amlodipine,molecule,normalized,NOOP,HIGH
ml,ml_008,sb_008_00765,암로스크,암로스크,암로스크,Amlodipine,Amlodipine,molecule,normalized,NOOP,HIGH
ml,ml_008,sb_008_00686,암로스타,암로스타,암로스타,Amlodipine,Amlodipine,molecule,normalized,NOOP,HIGH
ml,ml_008,sb_008_01010,암로스틴,암로스틴,암로스틴,Atorvastatin/Amlodipine,Atorvastatin/Amlodipine,molecule,normalized,NOOP,HIGH
ml,ml_008,sb_008_00695,암로스핀,암로스핀,암로스핀,Amlodipine,Amlodipine,molecule,normalized,NOOP,HIGH
ml,ml_008,sb_008_00846,암로스핀 에스,암로스핀에스,암로스핀에스,S-amlodipine,S-amlodipine,molecule,normalized,NOOP,HIGH
ml,ml_008,sb_008_00702,암로원,암로원,암로원,Amlodipine,Amlodipine,molecule,normalized,NOOP,HIGH
ml,ml_008,sb_008_00409,암로잘,암로잘,암로잘,Losartan/Amlodipine,Losartan/Amlodipine,molecule,normalized,NOOP,HIGH
ml,ml_008,sb_008_00414,암로잘탄,암로잘탄,암로잘탄,Losartan/Amlodipine,Losartan/Amlodipine,molecule,normalized,NOOP,HIGH
ml,ml_008,sb_008_00969,암로젯,암로젯,암로젯,Rosuvastatin/EZ/amlodipine,Rosuvastatin/EZ/amlodipine,molecule,normalized,NOOP,HIGH
ml,ml_008,sb_008_00782,암로칸,암로칸,암로칸,Amlodipine,Amlodipine,molecule,normalized,NOOP,HIGH
ml,ml_008,sb_008_00694,암로크,암로크,암로크,Amlodipine,Amlodipine,molecule,normalized,NOOP,HIGH
ml,ml_008,sb_008_00609,암로탄,암로탄,암로탄,Valsartan/amlodipine,Valsartan/amlodipine,molecule,normalized,NOOP,HIGH
ml,ml_008,sb_008_00787,암로텐,암로텐,암로텐,Amlodipine,Amlodipine,molecule,normalized,NOOP,HIGH
ml,ml_008,sb_008_00869,암로텐션 에스,암로텐션에스,암로텐션에스,S-amlodipine,S-amlodipine,molecule,normalized,NOOP,HIGH
ml,ml_008,sb_008_00484,암로텔,암로텔,암로텔,Telmisartan/amlodipine,Telmisartan/amlodipine,molecule,normalized,NOOP,HIGH
ml,ml_008,sb_008_00514,암로텔미,암로텔미,암로텔미,Telmisartan/amlodipine,Telmisartan/amlodipine,molecule,normalized,NOOP,HIGH
ml,ml_008,sb_008_00769,암로핀,암로핀,암로핀,Amlodipine,Amlodipine,molecule,normalized,NOOP,HIGH
ml,ml_008,sb_008_00720,암롤,암롤,암롤,Amlodipine,Amlodipine,molecule,normalized,NOOP,HIGH
ml,ml_008,sb_008_00857,암바스,암바스,암바스,S-amlodipine,S-amlodipine,molecule,normalized,NOOP,HIGH
ml,ml_008,sb_008_00994,암바스타,암바스타,암바스타,Atorvastatin/Amlodipine,Atorvastatin/Amlodipine,molecule,normalized,NOOP,HIGH
ml,ml_008,sb_008_00613,암발탄,암발탄,암발탄,Valsartan/amlodipine,Valsartan/amlodipine,molecule,normalized,NOOP,HIGH
ml,ml_008,sb_008_00714,암베스,암베스,암베스,Amlodipine,Amlodipine,molecule,normalized,NOOP,HIGH
ml,ml_008,sb_008_00703,암베스크,암베스크,암베스크,Amlodipine,Amlodipine,molecule,normalized,NOOP,HIGH
ml,ml_008,sb_008_00849,암베스크 에스,암베스크에스,암베스크에스,S-amlodipine,S-amlodipine,molecule,normalized,NOOP,HIGH
ml,ml_008,sb_008_00784,암비피,암비피,암비피,Amlodipine,Amlodipine,molecule,normalized,NOOP,HIGH
ml,ml_008,sb_008_00862,암비피 에스,암비피에스,암비피에스,S-amlodipine,S-amlodipine,molecule,normalized,NOOP,HIGH
ml,ml_008,sb_008_00772,애니디핀,애니디핀,애니디핀,Amlodipine,Amlodipine,molecule,normalized,NOOP,HIGH
ml,ml_008,sb_008_00864,애니디핀 에스,애니디핀에스,애니디핀에스,S-amlodipine,S-amlodipine,molecule,normalized,NOOP,HIGH
ml,ml_008,sb_008_01077,에나프린,에나프린,에나프린,Enalapril,Enalapril,molecule,normalized,NOOP,HIGH
ml,ml_008,sb_008_01076,에날,에날,에날,Enalapril,Enalapril,molecule,normalized,NOOP,HIGH
ml,ml_008,sb_008_01075,에날린,에날린,에날린,Enalapril,Enalapril,molecule,normalized,NOOP,HIGH
ml,ml_008,sb_008_00778,에니틴,에니틴,에니틴,Amlodipine,Amlodipine,molecule,normalized,NOOP,HIGH
ml,ml_008,sb_008_00775,에버디핀,에버디핀,에버디핀,Amlodipine,Amlodipine,molecule,normalized,NOOP,HIGH
ml,ml_008,sb_008_00190,에살탄,에살탄,에살탄,Valsartan,Valsartan,molecule,normalized,NOOP,HIGH
ml,ml_008,sb_008_00867,에스디핀,에스디핀,에스디핀,S-amlodipine,S-amlodipine,molecule,normalized,NOOP,HIGH
ml,ml_008,sb_008_00859,에스로핀,에스로핀,에스로핀,S-amlodipine,S-amlodipine,molecule,normalized,NOOP,HIGH
ml,ml_008,sb_008_00848,에스메디,에스메디,에스메디,S-amlodipine,S-amlodipine,molecule,normalized,NOOP,HIGH
ml,ml_008,sb_008_00863,에스아로딥,에스아로딥,에스아로딥,S-amlodipine,S-amlodipine,molecule,normalized,NOOP,HIGH
ml,ml_008,sb_008_00840,에스 암로딕스,에스암로딕스,에스암로딕스,S-amlodipine,S-amlodipine,molecule,normalized,NOOP,HIGH
ml,ml_008,sb_008_00866,에스암로민,에스암로민,에스암로민,S-amlodipine,S-amlodipine,molecule,normalized,NOOP,HIGH
ml,ml_008,sb_008_00843,에스암핀,에스암핀,에스암핀,S-amlodipine,S-amlodipine,molecule,normalized,NOOP,HIGH
ml,ml_008,sb_008_00105,에스올,에스올,에스올,Olmesartan,Olmesartan,molecule,normalized,NOOP,HIGH
ml,ml_008,sb_008_00299,에스올 플러스,에스올플러스,에스올플러스,Olmesartan/Hydrochlorothiazide,Olmesartan/Hydrochlorothiazide,molecule,normalized,NOOP,HIGH
ml,ml_008,sb_008_00460,에스카,에스카,에스카,Olmesartan/amlodipine,Olmesartan/amlodipine,molecule,normalized,NOOP,HIGH
ml,ml_008,sb_008_00643,에스카브,에스카브,에스카브,Fimasartan/s-amlodipine | Fimasartan/S-amlodipine,Fimasartan/s-amlodipine,molecule,normalized,UPDATE,HIGH
ml,ml_008,sb_008_00433,에스카 에이치씨티,에스카에이치씨티,에스카에이치씨티,Olmesartan/amlodipine/Hydrochlothiazide,Olmesartan/amlodipine/Hydrochlothiazide,molecule,normalized,NOOP,HIGH
ml,ml_008,sb_008_00292,에스케이 코스카 플러스,에스케이코스카플러스,에스케이코스카플러스,Losartan/Hydrochlorothiazide,Losartan/Hydrochlorothiazide,molecule,normalized,NOOP,HIGH
ml,ml_008,sb_008_00631,에이바스타,에이바스타,에이바스타,Valsartan/amlodipine,Valsartan/amlodipine,molecule,normalized,NOOP,HIGH
ml,ml_008,sb_008_00056,에이알비,에이알비,에이알비,Iosartan,Iosartan,molecule,normalized,NOOP,HIGH
ml,ml_008,sb_008_00106,에이알비-에스,에이알비-에스,에이알비-에스,Olmesartan,Olmesartan,molecule,normalized,NOOP,HIGH
ml,ml_008,sb_008_00300,에이알비-에스디,에이알비-에스디,에이알비-에스디,Olmesartan/Hydrochlorothiazide,Olmesartan/Hydrochlorothiazide,molecule,normalized,NOOP,HIGH
ml,ml_008,sb_008_00581,에이알비-엑스지,에이알비-엑스지,에이알비-엑스지,Valsartan/amlodipine,Valsartan/amlodipine,molecule,normalized,NOOP,HIGH
ml,ml_008,sb_008_00506,에이알비티에스,에이알비티에스,에이알비티에스,Telmisartan/amlodipine,Telmisartan/amlodipine,molecule,normalized,NOOP,HIGH
ml,ml_008,sb_008_00773,에이엠,에이엠,에이엠,Amlodipine,Amlodipine,molecule,normalized,NOOP,HIGH
ml,ml_008,sb_008_00744,에이엠비즈,에이엠비즈,에이엠비즈,Amlodipine,Amlodipine,molecule,normalized,NOOP,HIGH
ml,ml_008,sb_008_00538,에이엠살탄,에이엠살탄,에이엠살탄,Telmisartan/amlodipine,Telmisartan/amlodipine,molecule,normalized,NOOP,HIGH
ml,ml_008,sb_008_00865,에이엠에스,에이엠에스,에이엠에스,S-amlodipine,S-amlodipine,molecule,normalized,NOOP,HIGH
ml,ml_008,sb_008_00625,에이치포지,에이치포지,에이치포지,Valsartan/amlodipine,Valsartan/amlodipine,molecule,normalized,NOOP,HIGH
ml,ml_008,sb_008_00507,에이트윈,에이트윈,에이트윈,Telmisartan/amlodipine,Telmisartan/amlodipine,molecule,normalized,NOOP,HIGH
ml,ml_008,sb_008_00555,에이티스타,에이티스타,에이티스타,Telmisartan/amlodipine,Telmisartan/amlodipine,molecule,normalized,NOOP,HIGH
ml,ml_008,sb_008_00764,에이핀,에이핀,에이핀,Amlodipine,Amlodipine,molecule,normalized,NOOP,HIGH
ml,ml_008,sb_008_00594,엑사디핀,엑사디핀,엑사디핀,Valsartan/amlodipine,Valsartan/amlodipine,molecule,normalized,NOOP,HIGH
ml,ml_008,sb_008_00558,엑스건,엑스건,엑스건,Valsartan/amlodipine,Valsartan/amlodipine,molecule,normalized,NOOP,HIGH
ml,ml_008,sb_008_00577,엑스닌,엑스닌,엑스닌,Valsartan/amlodipine,Valsartan/amlodipine,molecule,normalized,NOOP,HIGH
ml,ml_008,sb_008_00563,엑스듀오,엑스듀오,엑스듀오,Valsartan/amlodipine,Valsartan/amlodipine,molecule,normalized,NOOP,HIGH
ml,ml_008,sb_008_00623,엑스디핀,엑스디핀,엑스디핀,Valsartan/amlodipine,Valsartan/amlodipine,molecule,normalized,NOOP,HIGH
ml,ml_008,sb_008_00564,엑스로탄,엑스로탄,엑스로탄,Valsartan/amlodipine,Valsartan/amlodipine,molecule,normalized,NOOP,HIGH
ml,ml_008,sb_008_00628,엑스로핀,엑스로핀,엑스로핀,Valsartan/amlodipine,Valsartan/amlodipine,molecule,normalized,NOOP,HIGH
ml,ml_008,sb_008_00194,엑스반,엑스반,엑스반,Valsartan,Valsartan,molecule,normalized,NOOP,HIGH
ml,ml_008,sb_008_00362,엑스반 플러스,엑스반플러스,엑스반플러스,Valsartan/Hydrochlorothiazide,Valsartan/Hydrochlorothiazide,molecule,normalized,NOOP,HIGH
ml,ml_008,sb_008_00568,엑스발사텍,엑스발사텍,엑스발사텍,Valsartan/amlodipine,Valsartan/amlodipine,molecule,normalized,NOOP,HIGH
ml,ml_008,sb_008_00561,엑스브이,엑스브이,엑스브이,Valsartan/amlodipine,Valsartan/amlodipine,molecule,normalized,NOOP,HIGH
ml,ml_008,sb_008_00963,엑스아토르,엑스아토르,엑스아토르,Atorvastatin/Valsartan/Amlodipine,Atorvastatin/Valsartan/Amlodipine,molecule,normalized,NOOP,HIGH
ml,ml_008,sb_008_00386,엑스원,엑스원,엑스원,Valsartan/amlodipine,Valsartan/amlodipine,molecule,normalized,NOOP,HIGH
ml,ml_008,sb_008_00986,엑스원 알,엑스원알,엑스원알,Rosuvastatin/Valsartan/Amlodipine,Rosuvastatin/Valsartan/Amlodipine,molecule,normalized,NOOP,HIGH
ml,ml_008,sb_008_00961,엑스원 에이,엑스원에이,엑스원에이,Atorvastatin/Valsartan/Amlodipine,Atorvastatin/Valsartan/Amlodipine,molecule,normalized,NOOP,HIGH
ml,ml_008,sb_008_00395,엑스원 플러스,엑스원플러스,엑스원플러스,Valsartan/amlodipine/Chlorthalidone,Valsartan/amlodipine/Chlorthalidone,molecule,normalized,NOOP,HIGH
ml,ml_008,sb_008_00569,엑스콤비,엑스콤비,엑스콤비,Valsartan/amlodipine,Valsartan/amlodipine,molecule,normalized,NOOP,HIGH
ml,ml_008,sb_008_00619,엑스페라,엑스페라,엑스페라,Valsartan/amlodipine,Valsartan/amlodipine,molecule,normalized,NOOP,HIGH
ml,ml_008,sb_008_00614,엑스포르,엑스포르,엑스포르,Valsartan/amlodipine,Valsartan/amlodipine,molecule,normalized,NOOP,HIGH
ml,ml_008,sb_008_00632,엑스포르테,엑스포르테,엑스포르테,Valsartan/amlodipine,Valsartan/amlodipine,molecule,normalized,NOOP,HIGH
ml,ml_008,sb_008_00605,엑스포스,엑스포스,엑스포스,Valsartan/amlodipine,Valsartan/amlodipine,molecule,normalized,NOOP,HIGH
ml,ml_008,sb_008_00565,엑스포지,엑스포지,엑스포지,Valsartan/amlodipine,Valsartan/amlodipine,molecule,normalized,NOOP,HIGH
ml,ml_008,sb_008_00587,엑스포텐,엑스포텐,엑스포텐,Valsartan/amlodipine,Valsartan/amlodipine,molecule,normalized,NOOP,HIGH
ml,ml_008,sb_008_00583,엑스폴,엑스폴,엑스폴,Valsartan/amlodipine,Valsartan/amlodipine,molecule,normalized,NOOP,HIGH
ml,ml_008,sb_008_00603,엑스핀,엑스핀,엑스핀,Valsartan/amlodipine,Valsartan/amlodipine,molecule,normalized,NOOP,HIGH
ml,ml_008,sb_008_00596,엑스핀탄,엑스핀탄,엑스핀탄,Valsartan/amlodipine,Valsartan/amlodipine,molecule,normalized,NOOP,HIGH
ml,ml_008,sb_008_00615,엑시비탄,엑시비탄,엑시비탄,Valsartan/amlodipine,Valsartan/amlodipine,molecule,normalized,NOOP,HIGH
ml,ml_008,sb_008_00491,엔피스타,엔피스타,엔피스타,Telmisartan/amlodipine,Telmisartan/amlodipine,molecule,normalized,NOOP,HIGH
ml,ml_008,sb_008_00570,엔피포지,엔피포지,엔피포지,Valsartan/amlodipine,Valsartan/amlodipine,molecule,normalized,NOOP,HIGH
ml,ml_008,sb_008_00467,엠디비카,엠디비카,엠디비카,Olmesartan/amlodipine,Olmesartan/amlodipine,molecule,normalized,NOOP,HIGH
ml,ml_008,sb_008_00770,엠디핀,엠디핀,엠디핀,Amlodipine,Amlodipine,molecule,normalized,NOOP,HIGH
ml,ml_008,sb_008_00860,엠디핀에스,엠디핀에스,엠디핀에스,S-amlodipine,S-amlodipine,molecule,normalized,NOOP,HIGH
ml,ml_008,sb_008_00698,엠피디핀,엠피디핀,엠피디핀,Amlodipine,Amlodipine,molecule,normalized,NOOP,HIGH
ml,ml_008,sb_008_00727,영진 암로디핀,영진암로디핀,영진암로디핀,Amlodipine,Amlodipine,molecule,normalized,NOOP,HIGH
ml,ml_008,sb_008_00157,영텔미탄,영텔미탄,영텔미탄,Telmisartan,Telmisartan,molecule,normalized,NOOP,HIGH
ml,ml_008,sb_008_00069,오가논 코자,오가논코자,오가논코자,Iosartan,Iosartan,molecule,normalized,NOOP,HIGH
ml,ml_008,sb_008_00276,오가논 코자 플러스,오가논코자플러스,오가논코자플러스,Losartan/Hydrochlorothiazide,Losartan/Hydrochlorothiazide,molecule,normalized,NOOP,HIGH
ml,ml_008,sb_008_00788,오로디핀,오로디핀,오로디핀,Amlodipine,Amlodipine,molecule,normalized,NOOP,HIGH
ml,ml_008,sb_008_00637,오로살탄,오로살탄,오로살탄,Valsartan/amlodipine,Valsartan/amlodipine,molecule,normalized,NOOP,HIGH
ml,ml_008,sb_008_00450,오로텐션,오로텐션,오로텐션,Olmesartan/amlodipine,Olmesartan/amlodipine,molecule,normalized,NOOP,HIGH
ml,ml_008,sb_008_00097,오르메탄,오르메탄,오르메탄,Olmesartan,Olmesartan,molecule,normalized,NOOP,HIGH
ml,ml_008,sb_008_00293,오르메탄 플러스,오르메탄플러스,오르메탄플러스,Olmesartan/Hydrochlorothiazide,Olmesartan/Hydrochlorothiazide,molecule,normalized,NOOP,HIGH
ml,ml_008,sb_008_00118,오메탄,오메탄,오메탄,Olmesartan,Olmesartan,molecule,normalized,NOOP,HIGH
ml,ml_008,sb_008_00306,오메탄 플러스,오메탄플러스,오메탄플러스,Olmesartan/Hydrochlorothiazide,Olmesartan/Hydrochlorothiazide,molecule,normalized,NOOP,HIGH
ml,ml_008,sb_008_00108,오멕실,오멕실,오멕실,Olmesartan,Olmesartan,molecule,normalized,NOOP,HIGH
ml,ml_008,sb_008_00089,오잘탄,오잘탄,오잘탄,Iosartan,Iosartan,molecule,normalized,NOOP,HIGH
ml,ml_008,sb_008_00288,오잘탄 플러스,오잘탄플러스,오잘탄플러스,Losartan/Hydrochlorothiazide,Losartan/Hydrochlorothiazide,molecule,normalized,NOOP,HIGH
ml,ml_008,sb_008_00729,오코디핀,오코디핀,오코디핀,Amlodipine,Amlodipine,molecule,normalized,NOOP,HIGH
ml,ml_008,sb_008_00753,옥타디핀,옥타디핀,옥타디핀,Amlodipine,Amlodipine,molecule,normalized,NOOP,HIGH
ml,ml_008,sb_008_00114,올고탄,올고탄,올고탄,Olmesartan,Olmesartan,molecule,normalized,NOOP,HIGH
ml,ml_008,sb_008_00794,올데카,올데카,올데카,Barnidipine,Barnidipine,molecule,normalized,NOOP,HIGH
ml,ml_008,sb_008_00461,올듀오 비,올듀오비,올듀오비,Olmesartan/amlodipine,Olmesartan/amlodipine,molecule,normalized,NOOP,HIGH
ml,ml_008,sb_008_00434,올디피,올디피,올디피,Olmesartan/amlodipine/Hydrochlothiazide,Olmesartan/amlodipine/Hydrochlothiazide,molecule,normalized,NOOP,HIGH
ml,ml_008,sb_008_00468,올딥,올딥,올딥,Olmesartan/amlodipine,Olmesartan/amlodipine,molecule,normalized,NOOP,HIGH
ml,ml_008,sb_008_00439,올딥 에이치씨티,올딥에이치씨티,올딥에이치씨티,Olmesartan/amlodipine/Hydrochlothiazide,Olmesartan/amlodipine/Hydrochlothiazide,molecule,normalized,NOOP,HIGH
ml,ml_008,sb_008_00465,올레스크,올레스크,올레스크,Olmesartan/amlodipine,Olmesartan/amlodipine,molecule,normalized,NOOP,HIGH
ml,ml_008,sb_008_00111,올레텐,올레텐,올레텐,Olmesartan,Olmesartan,molecule,normalized,NOOP,HIGH
ml,ml_008,sb_008_00302,올레텐 플러스,올레텐플러스,올레텐플러스,Olmesartan/Hydrochlorothiazide,Olmesartan/Hydrochlorothiazide,molecule,normalized,NOOP,HIGH
ml,ml_008,sb_008_00449,올로디핀,올로디핀,올로디핀,Olmesartan/amlodipine,Olmesartan/amlodipine,molecule,normalized,NOOP,HIGH
ml,ml_008,sb_008_00422,올로디핀 에이치씨티,올로디핀에이치씨티,올로디핀에이치씨티,Olmesartan/amlodipine/Hydrochlothiazide,Olmesartan/amlodipine/Hydrochlothiazide,molecule,normalized,NOOP,HIGH
ml,ml_008,sb_008_00971,올로맥스,올로맥스,올로맥스,Rosuvastatin/Olmesartan/Amlodipine,Rosuvastatin/Olmesartan/Amlodipine,molecule,normalized,NOOP,HIGH
ml,ml_008,sb_008_01032,올로스타,올로스타,올로스타,Rosuvastatin/Olmesartan,Rosuvastatin/Olmesartan,molecule,normalized,NOOP,HIGH
ml,ml_008,sb_008_00096,올메건,올메건,올메건,Olmesartan,Olmesartan,molecule,normalized,NOOP,HIGH
ml,ml_008,sb_008_00478,올메듀오,올메듀오,올메듀오,Olmesartan/amlodipine,Olmesartan/amlodipine,molecule,normalized,NOOP,HIGH
ml,ml_008,sb_008_00424,올메디카 에이치씨티,올메디카에이치씨티,올메디카에이치씨티,Olmesartan/amlodipine/Hydrochlothiazide,Olmesartan/amlodipine/Hydrochlothiazide,molecule,normalized,NOOP,HIGH
ml,ml_008,sb_008_00476,올메디퀄,올메디퀄,올메디퀄,Olmesartan/amlodipine,Olmesartan/amlodipine,molecule,normalized,NOOP,HIGH
ml,ml_008,sb_008_00444,올메디퀄 에이치씨티,올메디퀄에이치씨티,올메디퀄에이치씨티,Olmesartan/amlodipine/Hydrochlothiazide,Olmesartan/amlodipine/Hydrochlothiazide,molecule,normalized,NOOP,HIGH
ml,ml_008,sb_008_00458,올메디핀,올메디핀,올메디핀,Olmesartan/amlodipine,Olmesartan/amlodipine,molecule,normalized,NOOP,HIGH
ml,ml_008,sb_008_00102,올메딜,올메딜,올메딜,Olmesartan,Olmesartan,molecule,normalized,NOOP,HIGH
ml,ml_008,sb_008_00430,올메딜 에이치씨티,올메딜에이치씨티,올메딜에이치씨티,Olmesartan/amlodipine/Hydrochlothiazide,Olmesartan/amlodipine/Hydrochlothiazide,molecule,normalized,NOOP,HIGH
ml,ml_008,sb_008_00464,올메로핀,올메로핀,올메로핀,Olmesartan/amlodipine,Olmesartan/amlodipine,molecule,normalized,NOOP,HIGH
ml,ml_008,sb_008_00437,올메로핀 에이치씨티,올메로핀에이치씨티,올메로핀에이치씨티,Olmesartan/amlodipine/Hydrochlothiazide,Olmesartan/amlodipine/Hydrochlothiazide,molecule,normalized,NOOP,HIGH
ml,ml_008,sb_008_00101,올메론,올메론,올메론,Olmesartan,Olmesartan,molecule,normalized,NOOP,HIGH
ml,ml_008,sb_008_00297,올메론 플러스,올메론플러스,올메론플러스,Olmesartan/Hydrochlorothiazide,Olmesartan/Hydrochlorothiazide,molecule,normalized,NOOP,HIGH
ml,ml_008,sb_008_00123,올메린,올메린,올메린,Olmesartan,Olmesartan,molecule,normalized,NOOP,HIGH
ml,ml_008,sb_008_00654,올메비카,올메비카,올메비카,Olmesartan/S-amlodipine,Olmesartan/S-amlodipine,molecule,normalized,NOOP,HIGH
ml,ml_008,sb_008_00651,올메비카 에이치씨티,올메비카에이치씨티,올메비카에이치씨티,Olmesartan/s-amlodipine/hydrochlorothiazide,Olmesartan/s-amlodipine/hydrochlorothiazide,molecule,normalized,NOOP,HIGH
ml,ml_008,sb_008_00103,올메산,올메산,올메산,Olmesartan,Olmesartan,molecule,normalized,NOOP,HIGH
ml,ml_008,sb_008_00109,올메살탄,올메살탄,올메살탄,Olmesartan,Olmesartan,molecule,normalized,NOOP,HIGH
ml,ml_008,sb_008_00117,올메세틸엠,올메세틸엠,올메세틸엠,Olmesartan,Olmesartan,molecule,normalized,NOOP,HIGH
ml,ml_008,sb_008_00305,올메세틸엠 플러스,올메세틸엠플러스,올메세틸엠플러스,Olmesartan/Hydrochlorothiazide,Olmesartan/Hydrochlorothiazide,molecule,normalized,NOOP,HIGH
ml,ml_008,sb_008_00310,올메자이드,올메자이드,올메자이드,Olmesartan/Hydrochlorothiazide,Olmesartan/Hydrochlorothiazide,molecule,normalized,NOOP,HIGH
ml,ml_008,sb_008_00115,올메잘탄,올메잘탄,올메잘탄,Olmesartan,Olmesartan,molecule,normalized,NOOP,HIGH
ml,ml_008,sb_008_00098,올메텍,올메텍,올메텍,Olmesartan,Olmesartan,molecule,normalized,NOOP,HIGH
ml,ml_008,sb_008_00295,올메텍 플러스,올메텍플러스,올메텍플러스,Olmesartan/Hydrochlorothiazide,Olmesartan/Hydrochlorothiazide,molecule,normalized,NOOP,HIGH
ml,ml_008,sb_008_00113,올메팜,올메팜,올메팜,Olmesartan,Olmesartan,molecule,normalized,NOOP,HIGH
ml,ml_008,sb_008_00304,올메팜 플러스,올메팜플러스,올메팜플러스,Olmesartan/Hydrochlorothiazide,Olmesartan/Hydrochlorothiazide,molecule,normalized,NOOP,HIGH
ml,ml_008,sb_008_00294,올메히드 플러스,올메히드플러스,올메히드플러스,Olmesartan/Hydrochlorothiazide,Olmesartan/Hydrochlorothiazide,molecule,normalized,NOOP,HIGH
ml,ml_008,sb_008_00126,올멕,올멕,올멕,Olmesartan,Olmesartan,molecule,normalized,NOOP,HIGH
ml,ml_008,sb_008_00480,올멕포스,올멕포스,올멕포스,Olmesartan/amlodipine,Olmesartan/amlodipine,molecule,normalized,NOOP,HIGH
ml,ml_008,sb_008_00447,올멕포스 에이치,올멕포스에이치,올멕포스에이치,Olmesartan/amlodipine/Hydrochlothiazide,Olmesartan/amlodipine/Hydrochlothiazide,molecule,normalized,NOOP,HIGH
ml,ml_008,sb_008_00312,올멕 플러스,올멕플러스,올멕플러스,Olmesartan/Hydrochlorothiazide,Olmesartan/Hydrochlorothiazide,molecule,normalized,NOOP,HIGH
ml,ml_008,sb_008_00427,올세비탄 에이치씨티,올세비탄에이치씨티,올세비탄에이치씨티,Olmesartan/amlodipine/Hydrochlothiazide,Olmesartan/amlodipine/Hydrochlothiazide,molecule,normalized,NOOP,HIGH
ml,ml_008,sb_008_00472,올스디핀,올스디핀,올스디핀,Olmesartan/amlodipine,Olmesartan/amlodipine,molecule,normalized,NOOP,HIGH
ml,ml_008,sb_008_00120,올스텍,올스텍,올스텍,Olmesartan,Olmesartan,molecule,normalized,NOOP,HIGH
ml,ml_008,sb_008_00308,올스텍 플러스,올스텍플러스,올스텍플러스,Olmesartan/Hydrochlorothiazide,Olmesartan/Hydrochlorothiazide,molecule,normalized,NOOP,HIGH
ml,ml_008,sb_008_00100,올위너,올위너,올위너,Olmesartan,Olmesartan,molecule,normalized,NOOP,HIGH
ml,ml_008,sb_008_00296,올위너 플러스,올위너플러스,올위너플러스,Olmesartan/Hydrochlorothiazide,Olmesartan/Hydrochlorothiazide,molecule,normalized,NOOP,HIGH
ml,ml_008,sb_008_00466,올탄디핀,올탄디핀,올탄디핀,Olmesartan/amlodipine,Olmesartan/amlodipine,molecule,normalized,NOOP,HIGH
ml,ml_008,sb_008_00303,올탄 플러스,올탄플러스,올탄플러스,Olmesartan/Hydrochlorothiazide,Olmesartan/Hydrochlorothiazide,molecule,normalized,NOOP,HIGH
ml,ml_008,sb_008_00883,올테놀,올테놀,올테놀,Atenolol,Atenolol,molecule,normalized,NOOP,HIGH
ml,ml_008,sb_008_00121,올프레,올프레,올프레,Olmesartan,Olmesartan,molecule,normalized,NOOP,HIGH
ml,ml_008,sb_008_00309,올프레 플러스,올프레플러스,올프레플러스,Olmesartan/Hydrochlorothiazide,Olmesartan/Hydrochlorothiazide,molecule,normalized,NOOP,HIGH
ml,ml_008,sb_008_01001,올핀,올핀,올핀,Atorvastatin/Amlodipine,Atorvastatin/Amlodipine,molecule,normalized,NOOP,HIGH
ml,ml_008,sb_008_00906,원베롤,원베롤,원베롤,Carvedilol,Carvedilol,molecule,normalized,NOOP,HIGH
ml,ml_008,sb_008_00052,원살탄,원살탄,원살탄,Iosartan,Iosartan,molecule,normalized,NOOP,HIGH
ml,ml_008,sb_008_00110,위메탄,위메탄,위메탄,Olmesartan,Olmesartan,molecule,normalized,NOOP,HIGH
ml,ml_008,sb_008_00733,유나스크,유나스크,유나스크,Amlodipine,Amlodipine,molecule,normalized,NOOP,HIGH
ml,ml_008,sb_008_00600,유나잘탄,유나잘탄,유나잘탄,Valsartan/amlodipine,Valsartan/amlodipine,molecule,normalized,NOOP,HIGH
ml,ml_008,sb_008_00112,유니메드 올탄,유니메드올탄,유니메드올탄,Olmesartan,Olmesartan,molecule,normalized,NOOP,HIGH
ml,ml_008,sb_008_00223,유니발탄,유니발탄,유니발탄,Valsartan,Valsartan,molecule,normalized,NOOP,HIGH
ml,ml_008,sb_008_00601,유니포지,유니포지,유니포지,Valsartan/amlodipine,Valsartan/amlodipine,molecule,normalized,NOOP,HIGH
ml,ml_008,sb_008_01055,유레틴,유레틴,유레틴,Azosemide,Azosemide,molecule,normalized,NOOP,HIGH
ml,ml_008,sb_008_00153,유앤 텔미,유앤텔미,유앤텔미,Telmisartan,Telmisartan,molecule,normalized,NOOP,HIGH
ml,ml_008,sb_008_00331,유유 텔미타,유유텔미타,유유텔미타,Telmisartan/Hydrochlorothiazide,Telmisartan/Hydrochlorothiazide,molecule,normalized,NOOP,HIGH
ml,ml_008,sb_008_00811,유한 스프렌딜,유한스프렌딜,유한스프렌딜,felodipine,felodipine,molecule,normalized,NOOP,HIGH
ml,ml_008,sb_008_00045,이노엔 아벨탄,이노엔아벨탄,이노엔아벨탄,Irbesartan,Irbesartan,molecule,normalized,NOOP,HIGH
ml,ml_008,sb_008_00259,이노엔 아벨탄 플러스,이노엔아벨탄플러스,이노엔아벨탄플러스,Irbesartan/Hydrochlorothiazide,Irbesartan/Hydrochlorothiazide,molecule,normalized,NOOP,HIGH
ml,ml_008,sb_008_00387,이달디핀,이달디핀,이달디핀,Azilsartan/Amlodipine,Azilsartan/Amlodipine,molecule,normalized,NOOP,HIGH
ml,ml_008,sb_008_00127,이달비,이달비,이달비,Azilsartan,Azilsartan,molecule,normalized,NOOP,HIGH
ml,ml_008,sb_008_00250,이달비클로,이달비클로,이달비클로,Azilsartan/chlorthalidone,Azilsartan/chlorthalidone,molecule,normalized,NOOP,HIGH
ml,ml_008,sb_008_01006,이듀엣,이듀엣,이듀엣,Atorvastatin/Amlodipine,Atorvastatin/Amlodipine,molecule,normalized,NOOP,HIGH
ml,ml_008,sb_008_00735,이디핀,이디핀,이디핀,Amlodipine,Amlodipine,molecule,normalized,NOOP,HIGH
ml,ml_008,sb_008_00048,이르벨,이르벨,이르벨,Irbesartan,Irbesartan,molecule,normalized,NOOP,HIGH
ml,ml_008,sb_008_00043,이베라,이베라,이베라,Irbesartan,Irbesartan,molecule,normalized,NOOP,HIGH
ml,ml_008,sb_008_00257,이베라 플러스,이베라플러스,이베라플러스,Irbesartan/Hydrochlorothiazide,Irbesartan/Hydrochlorothiazide,molecule,normalized,NOOP,HIGH
ml,ml_008,sb_008_00047,이베로,이베로,이베로,Irbesartan,Irbesartan,molecule,normalized,NOOP,HIGH
ml,ml_008,sb_008_00039,이베르탄,이베르탄,이베르탄,Irbesartan,Irbesartan,molecule,normalized,NOOP,HIGH
ml,ml_008,sb_008_00253,이베르탄 듀오,이베르탄듀오,이베르탄듀오,Irbesartan/Hydrochlorothiazide,Irbesartan/Hydrochlorothiazide,molecule,normalized,NOOP,HIGH
ml,ml_008,sb_008_00044,이베스딜,이베스딜,이베스딜,Irbesartan,Irbesartan,molecule,normalized,NOOP,HIGH
ml,ml_008,sb_008_00046,이베텔,이베텔,이베텔,Irbesartan,Irbesartan,molecule,normalized,NOOP,HIGH
ml,ml_008,sb_008_00255,이베프,이베프,이베프,Irbesartan/Hydrochlorothiazide,Irbesartan/Hydrochlorothiazide,molecule,normalized,NOOP,HIGH
ml,ml_008,sb_008_00041,이베프로,이베프로,이베프로,Irbesartan,Irbesartan,molecule,normalized,NOOP,HIGH
ml,ml_008,sb_008_00260,이벨탄 플러스,이벨탄플러스,이벨탄플러스,Irbesartan/Hydrochlorothiazide,Irbesartan/Hydrochlorothiazide,molecule,normalized,NOOP,HIGH
ml,ml_008,sb_008_00847,이지텐션,이지텐션,이지텐션,S-amlodipine,S-amlodipine,molecule,normalized,NOOP,HIGH
ml,ml_008,sb_008_00119,이텍스 올메사탄,이텍스올메사탄,이텍스올메사탄,Olmesartan,Olmesartan,molecule,normalized,NOOP,HIGH
ml,ml_008,sb_008_00307,이텍스 올메사탄 플러스,이텍스올메사탄플러스,이텍스올메사탄플러스,Olmesartan/Hydrochlorothiazide,Olmesartan/Hydrochlorothiazide,molecule,normalized,NOOP,HIGH
ml,ml_008,sb_008_00954,인데놀,인데놀,인데놀,Propranolol,Propranolol,molecule,normalized,NOOP,HIGH
ml,ml_008,sb_008_00916,인트랙,인트랙,인트랙,Carvedilol,Carvedilol,molecule,normalized,NOOP,HIGH
ml,ml_008,sb_008_00874,일성 이솦틴,일성이솦틴,일성이솦틴,verapamil,verapamil,molecule,normalized,NOOP,HIGH
ml,ml_008,sb_008_00078,일양 로자탄,일양로자탄,일양로자탄,Iosartan,Iosartan,molecule,normalized,NOOP,HIGH
ml,ml_008,sb_008_00283,일양 로자탄 플러스,일양로자탄플러스,일양로자탄플러스,Losartan/Hydrochlorothiazide,Losartan/Hydrochlorothiazide,molecule,normalized,NOOP,HIGH
ml,ml_008,sb_008_00164,일양 텔미사탄,일양텔미사탄,일양텔미사탄,Telmisartan,Telmisartan,molecule,normalized,NOOP,HIGH
ml,ml_008,sb_008_00335,일양 텔미사탄 플러스,일양텔미사탄플러스,일양텔미사탄플러스,Telmisartan/Hydrochlorothiazide,Telmisartan/Hydrochlorothiazide,molecule,normalized,NOOP,HIGH
ml,ml_008,sb_008_00832,자니딥,자니딥,자니딥,lercanidipine,lercanidipine,molecule,normalized,NOOP,HIGH
ml,ml_008,sb_008_00067,자라탄,자라탄,자라탄,Iosartan,Iosartan,molecule,normalized,NOOP,HIGH
ml,ml_008,sb_008_00274,자라탄 플러스,자라탄플러스,자라탄플러스,Losartan/Hydrochlorothiazide,Losartan/Hydrochlorothiazide,molecule,normalized,NOOP,HIGH
ml,ml_008,sb_008_00116,제뉴원 올메사탄,제뉴원올메사탄,제뉴원올메사탄,Olmesartan,Olmesartan,molecule,normalized,NOOP,HIGH
ml,ml_008,sb_008_00024,제뉴원 칸데사르탄,제뉴원칸데사르탄,제뉴원칸데사르탄,Candesartan,Candesartan,molecule,normalized,NOOP,HIGH
ml,ml_008,sb_008_00166,제뉴원 텔미사르탄,제뉴원텔미사르탄,제뉴원텔미사르탄,Telmisartan,Telmisartan,molecule,normalized,NOOP,HIGH
ml,ml_008,sb_008_00440,제뉴파마 로메탄 에이치씨티,제뉴파마로메탄에이치씨티,제뉴파마로메탄에이치씨티,Olmesartan/amlodipine/Hydrochlothiazide,Olmesartan/amlodipine/Hydrochlothiazide,molecule,normalized,NOOP,HIGH
ml,ml_008,sb_008_00459,제이비카,제이비카,제이비카,Olmesartan/amlodipine,Olmesartan/amlodipine,molecule,normalized,NOOP,HIGH
ml,ml_008,sb_008_00431,제이비카 에이치씨티,제이비카에이치씨티,제이비카에이치씨티,Olmesartan/amlodipine/Hydrochlothiazide,Olmesartan/amlodipine/Hydrochlothiazide,molecule,normalized,NOOP,HIGH
ml,ml_008,sb_008_00611,제이포지,제이포지,제이포지,Valsartan/amlodipine,Valsartan/amlodipine,molecule,normalized,NOOP,HIGH
ml,ml_008,sb_008_01074,제일 실라자프릴,제일실라자프릴,제일실라자프릴,Cilazapril,Cilazapril,molecule,normalized,NOOP,HIGH
ml,ml_008,sb_008_00816,지로디핀,지로디핀,지로디핀,felodipine,felodipine,molecule,normalized,NOOP,HIGH
ml,ml_008,sb_008_00851,지텐션,지텐션,지텐션,S-amlodipine,S-amlodipine,molecule,normalized,NOOP,HIGH
ml,ml_008,sb_008_00032,카나덴,카나덴,카나덴,Fimasartan,Fimasartan,molecule,normalized,NOOP,HIGH
ml,ml_008,sb_008_00034,카나브,카나브,카나브,Fimasartan,Fimasartan,molecule,normalized,NOOP,HIGH
ml,ml_008,sb_008_00580,카덴자,카덴자,카덴자,Valsartan/amlodipine,Valsartan/amlodipine,molecule,normalized,NOOP,HIGH
ml,ml_008,sb_008_00991,카듀스틴,카듀스틴,카듀스틴,Atorvastatin/Amlodipine,Atorvastatin/Amlodipine,molecule,normalized,NOOP,HIGH
ml,ml_008,sb_008_00996,카듀엣,카듀엣,카듀엣,Atorvastatin/Amlodipine,Atorvastatin/Amlodipine,molecule,normalized,NOOP,HIGH
ml,ml_008,sb_008_00907,카디렌,카디렌,카디렌,Carvedilol,Carvedilol,molecule,normalized,NOOP,HIGH
ml,ml_008,sb_008_00801,카디아젬,카디아젬,카디아젬,diltiazem,diltiazem,molecule,normalized,NOOP,HIGH
ml,ml_008,sb_008_00830,카디아핀,카디아핀,카디아핀,lercanidipine,lercanidipine,molecule,normalized,NOOP,HIGH
ml,ml_008,sb_008_01000,카디엔,카디엔,카디엔,Atorvastatin/Amlodipine,Atorvastatin/Amlodipine,molecule,normalized,NOOP,HIGH
ml,ml_008,sb_008_01009,카디페어,카디페어,카디페어,Atorvastatin/Amlodipine,Atorvastatin/Amlodipine,molecule,normalized,NOOP,HIGH
ml,ml_008,sb_008_00900,카딜란,카딜란,카딜란,Carvedilol,Carvedilol,molecule,normalized,NOOP,HIGH
ml,ml_008,sb_008_00992,카로디엣,카로디엣,카로디엣,Atorvastatin/Amlodipine,Atorvastatin/Amlodipine,molecule,normalized,NOOP,HIGH
ml,ml_008,sb_008_00919,카르디날,카르디날,카르디날,Carvedilol,Carvedilol,molecule,normalized,NOOP,HIGH
ml,ml_008,sb_008_00936,카르베,카르베,카르베,Carvedilol,Carvedilol,molecule,normalized,NOOP,HIGH
ml,ml_008,sb_008_00938,카르베롤,카르베롤,카르베롤,Carvedilol,Carvedilol,molecule,normalized,NOOP,HIGH
ml,ml_008,sb_008_00937,카르베롤 서방,카르베롤서방,,Carvedilol,Carvedilol,molecule,unmatched,NOOP,LOW
ml,ml_008,sb_008_00925,카르베타,카르베타,카르베타,Carvedilol,Carvedilol,molecule,normalized,NOOP,HIGH
ml,ml_008,sb_008_00918,카베날,카베날,카베날,Carvedilol,Carvedilol,molecule,normalized,NOOP,HIGH
ml,ml_008,sb_008_00935,카베닐,카베닐,카베닐,Carvedilol,Carvedilol,molecule,normalized,NOOP,HIGH
ml,ml_008,sb_008_00927,카베돌,카베돌,카베돌,Carvedilol,Carvedilol,molecule,normalized,NOOP,HIGH
ml,ml_008,sb_008_00905,카베디아,카베디아,카베디아,Carvedilol,Carvedilol,molecule,normalized,NOOP,HIGH
ml,ml_008,sb_008_00917,카베딘,카베딘,카베딘,Carvedilol,Carvedilol,molecule,normalized,NOOP,HIGH
ml,ml_008,sb_008_00928,카베딜,카베딜,카베딜,Carvedilol,Carvedilol,molecule,normalized,NOOP,HIGH
ml,ml_008,sb_008_00920,카베씨티,카베씨티,카베씨티,Carvedilol,Carvedilol,molecule,normalized,NOOP,HIGH
ml,ml_008,sb_008_00926,카베올,카베올,카베올,Carvedilol,Carvedilol,molecule,normalized,NOOP,HIGH
ml,ml_008,sb_008_00910,카베타,카베타,카베타,Carvedilol,Carvedilol,molecule,normalized,NOOP,HIGH
ml,ml_008,sb_008_00934,카베트렌,카베트렌,카베트렌,Carvedilol,Carvedilol,molecule,normalized,NOOP,HIGH
ml,ml_008,sb_008_00915,카비롤,카비롤,카비롤,Carvedilol,Carvedilol,molecule,normalized,NOOP,HIGH
ml,ml_008,sb_008_00844,카이로핀,카이로핀,카이로핀,S-amlodipine,S-amlodipine,molecule,normalized,NOOP,HIGH
ml,ml_008,sb_008_00082,카자탄,카자탄,카자탄,Iosartan,Iosartan,molecule,normalized,NOOP,HIGH
ml,ml_008,sb_008_00911,카터,카터,카터,Carvedilol,Carvedilol,molecule,normalized,NOOP,HIGH
ml,ml_008,sb_008_01073,카프릴,카프릴,카프릴,Captopril,Captopril,molecule,normalized,NOOP,HIGH
ml,ml_008,sb_008_00239,칸단테 플러스,칸단테플러스,칸단테플러스,Candesartan/Hydrochlorothiazide,Candesartan/Hydrochlorothiazide,molecule,normalized,NOOP,HIGH
ml,ml_008,sb_008_00388,칸데디핀,칸데디핀,칸데디핀,Candesartan/amlodipine,Candesartan/amlodipine,molecule,normalized,NOOP,HIGH
ml,ml_008,sb_008_00027,칸데라,칸데라,칸데라,Candesartan,Candesartan,molecule,normalized,NOOP,HIGH
ml,ml_008,sb_008_00243,칸데라플러스,칸데라플러스,칸데라플러스,Candesartan/Hydrochlorothiazide,Candesartan/Hydrochlorothiazide,molecule,normalized,NOOP,HIGH
ml,ml_008,sb_008_00023,칸데로탄,칸데로탄,칸데로탄,Candesartan,Candesartan,molecule,normalized,NOOP,HIGH
ml,ml_008,sb_008_00240,칸데로탄 플러스,칸데로탄플러스,칸데로탄플러스,Candesartan/Hydrochlorothiazide,Candesartan/Hydrochlorothiazide,molecule,normalized,NOOP,HIGH
ml,ml_008,sb_008_00011,칸데르탄,칸데르탄,칸데르탄,Candesartan,Candesartan,molecule,normalized,NOOP,HIGH
ml,ml_008,sb_008_00025,칸데모어,칸데모어,칸데모어,Candesartan,Candesartan,molecule,normalized,NOOP,HIGH
ml,ml_008,sb_008_00241,칸데모어 플러스,칸데모어플러스,칸데모어플러스,Candesartan/Hydrochlorothiazide,Candesartan/Hydrochlorothiazide,molecule,normalized,NOOP,HIGH
ml,ml_008,sb_008_00640,칸데바로,칸데바로,칸데바로,Telmisartan/s-amlodipine,Telmisartan/s-amlodipine,molecule,normalized,NOOP,HIGH
ml,ml_008,sb_008_00244,칸데사 플러스,칸데사플러스,칸데사플러스,Candesartan/Hydrochlorothiazide,Candesartan/Hydrochlorothiazide,molecule,normalized,NOOP,HIGH
ml,ml_008,sb_008_00016,칸데산,칸데산,칸데산,Candesartan,Candesartan,molecule,normalized,NOOP,HIGH
ml,ml_008,sb_008_00639,칸데산 에스,칸데산에스,칸데산에스,Telmisartan/s-amlodipine,Telmisartan/s-amlodipine,molecule,normalized,NOOP,HIGH
ml,ml_008,sb_008_00232,칸데산 플러스,칸데산플러스,칸데산플러스,Candesartan/Hydrochlorothiazide,Candesartan/Hydrochlorothiazide,molecule,normalized,NOOP,HIGH
ml,ml_008,sb_008_00015,칸데살탄,칸데살탄,칸데살탄,Candesartan,Candesartan,molecule,normalized,NOOP,HIGH
ml,ml_008,sb_008_00389,칸데암로,칸데암로,칸데암로,Candesartan/amlodipine,Candesartan/amlodipine,molecule,normalized,NOOP,HIGH
ml,ml_008,sb_008_00010,칸데칸,칸데칸,칸데칸,Candesartan,Candesartan,molecule,normalized,NOOP,HIGH
ml,ml_008,sb_008_01019,칸데칸 듀오,칸데칸듀오,칸데칸듀오,Rosuvastatin/Candesartan,Rosuvastatin/Candesartan,molecule,normalized,NOOP,HIGH
ml,ml_008,sb_008_00230,칸데칸 플러스,칸데칸플러스,칸데칸플러스,Candesartan/Hydrochlorothiazide,Candesartan/Hydrochlorothiazide,molecule,normalized,NOOP,HIGH
ml,ml_008,sb_008_00007,칸데탄,칸데탄,칸데탄,Candesartan,Candesartan,molecule,normalized,NOOP,HIGH
ml,ml_008,sb_008_00227,칸데탄 플러스,칸데탄플러스,칸데탄플러스,Candesartan/Hydrochlorothiazide,Candesartan/Hydrochlorothiazide,molecule,normalized,NOOP,HIGH
ml,ml_008,sb_008_00246,칸데 플러스,칸데플러스,칸데플러스,Candesartan/Hydrochlorothiazide,Candesartan/Hydrochlorothiazide,molecule,normalized,NOOP,HIGH
ml,ml_008,sb_008_00012,칸델탄,칸델탄,칸델탄,Candesartan,Candesartan,molecule,normalized,NOOP,HIGH
ml,ml_008,sb_008_00006,칸사타,칸사타,칸사타,Candesartan,Candesartan,molecule,normalized,NOOP,HIGH
ml,ml_008,sb_008_00226,칸사타 플러스,칸사타플러스,칸사타플러스,Candesartan/Hydrochlorothiazide,Candesartan/Hydrochlorothiazide,molecule,normalized,NOOP,HIGH
ml,ml_008,sb_008_00022,칸살탄,칸살탄,칸살탄,Candesartan,Candesartan,molecule,normalized,NOOP,HIGH
ml,ml_008,sb_008_00238,칸살탄 플러스,칸살탄플러스,칸살탄플러스,Candesartan/Hydrochlorothiazide,Candesartan/Hydrochlorothiazide,molecule,normalized,NOOP,HIGH
ml,ml_008,sb_008_00019,칸세틸,칸세틸,칸세틸,Candesartan,Candesartan,molecule,normalized,NOOP,HIGH
ml,ml_008,sb_008_00235,칸세틸 플러스,칸세틸플러스,칸세틸플러스,Candesartan/Hydrochlorothiazide,Candesartan/Hydrochlorothiazide,molecule,normalized,NOOP,HIGH
ml,ml_008,sb_008_00391,칸타벨,칸타벨,칸타벨,Candesartan/amlodipine,Candesartan/amlodipine,molecule,normalized,NOOP,HIGH
ml,ml_008,sb_008_00958,칸타벨 에이,칸타벨에이,칸타벨에이,Atorvastatin/Candesartan/Amlodipine,Atorvastatin/Candesartan/Amlodipine,molecule,normalized,NOOP,HIGH
ml,ml_008,sb_008_00018,칸타칸,칸타칸,칸타칸,Candesartan,Candesartan,molecule,normalized,NOOP,HIGH
ml,ml_008,sb_008_00234,칸타칸 플러스,칸타칸플러스,칸타칸플러스,Candesartan/Hydrochlorothiazide,Candesartan/Hydrochlorothiazide,molecule,normalized,NOOP,HIGH
ml,ml_008,sb_008_00233,칸타 플러스,칸타플러스,칸타플러스,Candesartan/Hydrochlorothiazide,Candesartan/Hydrochlorothiazide,molecule,normalized,NOOP,HIGH
ml,ml_008,sb_008_00824,칼딥,칼딥,칼딥,lercanidipine,lercanidipine,molecule,normalized,NOOP,HIGH
ml,ml_008,sb_008_00734,칼브록,칼브록,칼브록,Amlodipine,Amlodipine,molecule,normalized,NOOP,HIGH
ml,ml_008,sb_008_01050,케렌디아,케렌디아,케렌디아,Finerenone,Finerenone,molecule,normalized,NOOP,HIGH
ml,ml_008,sb_008_00885,케이엠에스 아테놀올,케이엠에스아테놀올,케이엠에스아테놀올,Atenolol,Atenolol,molecule,normalized,NOOP,HIGH
ml,ml_008,sb_008_00795,코닐,코닐,코닐,Benidipine,Benidipine,molecule,normalized,NOOP,HIGH
ml,ml_008,sb_008_00990,코듀원,코듀원,코듀원,Atorvastatin/Amlodipine,Atorvastatin/Amlodipine,molecule,normalized,NOOP,HIGH
ml,ml_008,sb_008_00383,코디바드,코디바드,코디바드,Valsartan/Hydrochlorothiazide,Valsartan/Hydrochlorothiazide,molecule,normalized,NOOP,HIGH
ml,ml_008,sb_008_00368,코디오르반,코디오르반,코디오르반,Valsartan/Hydrochlorothiazide,Valsartan/Hydrochlorothiazide,molecule,normalized,NOOP,HIGH
ml,ml_008,sb_008_00355,코디오르탄,코디오르탄,코디오르탄,Valsartan/Hydrochlorothiazide,Valsartan/Hydrochlorothiazide,molecule,normalized,NOOP,HIGH
ml,ml_008,sb_008_00352,코디오반,코디오반,코디오반,Valsartan/Hydrochlorothiazide,Valsartan/Hydrochlorothiazide,molecule,normalized,NOOP,HIGH
ml,ml_008,sb_008_00377,코디오발탄,코디오발탄,코디오발탄,Valsartan/Hydrochlorothiazide,Valsartan/Hydrochlorothiazide,molecule,normalized,NOOP,HIGH
ml,ml_008,sb_008_00374,코디오살탄,코디오살탄,코디오살탄,Valsartan/Hydrochlorothiazide,Valsartan/Hydrochlorothiazide,molecule,normalized,NOOP,HIGH
ml,ml_008,sb_008_00360,코디오잘탄,코디오잘탄,코디오잘탄,Valsartan/Hydrochlorothiazide,Valsartan/Hydrochlorothiazide,molecule,normalized,NOOP,HIGH
ml,ml_008,sb_008_00376,코디오패스,코디오패스,코디오패스,Valsartan/Hydrochlorothiazide,Valsartan/Hydrochlorothiazide,molecule,normalized,NOOP,HIGH
ml,ml_008,sb_008_00371,코디잔틴,코디잔틴,코디잔틴,Valsartan/Hydrochlorothiazide,Valsartan/Hydrochlorothiazide,molecule,normalized,NOOP,HIGH
ml,ml_008,sb_008_00367,코디큐반,코디큐반,코디큐반,Valsartan/Hydrochlorothiazide,Valsartan/Hydrochlorothiazide,molecule,normalized,NOOP,HIGH
ml,ml_008,sb_008_00796,코디핀,코디핀,코디핀,Benidipine,Benidipine,molecule,normalized,NOOP,HIGH
ml,ml_008,sb_008_00085,코로자,코로자,코로자,Iosartan,Iosartan,molecule,normalized,NOOP,HIGH
ml,ml_008,sb_008_00286,코로자 플러스,코로자플러스,코로자플러스,Losartan/Hydrochlorothiazide,Losartan/Hydrochlorothiazide,molecule,normalized,NOOP,HIGH
ml,ml_008,sb_008_00410,코로잘탄,코로잘탄,코로잘탄,Losartan/Amlodipine,Losartan/Amlodipine,molecule,normalized,NOOP,HIGH
ml,ml_008,sb_008_00381,코바라탄,코바라탄,코바라탄,Valsartan/Hydrochlorothiazide,Valsartan/Hydrochlorothiazide,molecule,normalized,NOOP,HIGH
ml,ml_008,sb_008_00358,코바로살탄,코바로살탄,코바로살탄,Valsartan/Hydrochlorothiazide,Valsartan/Hydrochlorothiazide,molecule,normalized,NOOP,HIGH
ml,ml_008,sb_008_00357,코바소탄,코바소탄,코바소탄,Valsartan/Hydrochlorothiazide,Valsartan/Hydrochlorothiazide,molecule,normalized,NOOP,HIGH
ml,ml_008,sb_008_00385,코발사렉트,코발사렉트,코발사렉트,Valsartan/Hydrochlorothiazide,Valsartan/Hydrochlorothiazide,molecule,normalized,NOOP,HIGH
ml,ml_008,sb_008_00378,코발사벨,코발사벨,코발사벨,Valsartan/Hydrochlorothiazide,Valsartan/Hydrochlorothiazide,molecule,normalized,NOOP,HIGH
ml,ml_008,sb_008_00354,코발사텍,코발사텍,코발사텍,Valsartan/Hydrochlorothiazide,Valsartan/Hydrochlorothiazide,molecule,normalized,NOOP,HIGH
ml,ml_008,sb_008_00372,코발산,코발산,코발산,Valsartan/Hydrochlorothiazide,Valsartan/Hydrochlorothiazide,molecule,normalized,NOOP,HIGH
ml,ml_008,sb_008_01071,코비스,코비스,코비스,bisoprolol/hydrochlorothiazide,bisoprolol/hydrochlorothiazide,molecule,normalized,NOOP,HIGH
ml,ml_008,sb_008_00721,코비스크,코비스크,코비스크,Amlodipine,Amlodipine,molecule,normalized,NOOP,HIGH
ml,ml_008,sb_008_00076,코사로탄,코사로탄,코사로탄,Iosartan,Iosartan,molecule,normalized,NOOP,HIGH
ml,ml_008,sb_008_00087,코사탄,코사탄,코사탄,Iosartan,Iosartan,molecule,normalized,NOOP,HIGH
ml,ml_008,sb_008_00287,코사탄 플러스,코사탄플러스,코사탄플러스,Losartan/Hydrochlorothiazide,Losartan/Hydrochlorothiazide,molecule,normalized,NOOP,HIGH
ml,ml_008,sb_008_00058,코살,코살,코살,Iosartan,Iosartan,molecule,normalized,NOOP,HIGH
ml,ml_008,sb_008_00093,코스카,코스카,코스카,Iosartan,Iosartan,molecule,normalized,NOOP,HIGH
ml,ml_008,sb_008_00415,코스카 이엑스,코스카이엑스,코스카이엑스,Losartan/Amlodipine,Losartan/Amlodipine,molecule,normalized,NOOP,HIGH
ml,ml_008,sb_008_00254,코아프로벨,코아프로벨,코아프로벨,Irbesartan/Hydrochlorothiazide,Irbesartan/Hydrochlorothiazide,molecule,normalized,NOOP,HIGH
ml,ml_008,sb_008_00258,코이베스딜,코이베스딜,코이베스딜,Irbesartan/Hydrochlorothiazide,Irbesartan/Hydrochlorothiazide,molecule,normalized,NOOP,HIGH
ml,ml_008,sb_008_00059,코자뉴,코자뉴,코자뉴,Iosartan,Iosartan,molecule,normalized,NOOP,HIGH
ml,ml_008,sb_008_00054,코자르탄,코자르탄,코자르탄,Iosartan,Iosartan,molecule,normalized,NOOP,HIGH
ml,ml_008,sb_008_00265,코자르탄 플러스,코자르탄플러스,코자르탄플러스,Losartan/Hydrochlorothiazide,Losartan/Hydrochlorothiazide,molecule,normalized,NOOP,HIGH
ml,ml_008,sb_008_00063,코자살탄,코자살탄,코자살탄,Iosartan,Iosartan,molecule,normalized,NOOP,HIGH
ml,ml_008,sb_008_00271,코자살탄 플러스,코자살탄플러스,코자살탄플러스,Losartan/Hydrochlorothiazide,Losartan/Hydrochlorothiazide,molecule,normalized,NOOP,HIGH
ml,ml_008,sb_008_00635,코자 엑스큐,코자엑스큐,코자엑스큐,Losartan/amlodipine,Losartan/amlodipine,molecule,normalized,NOOP,HIGH
ml,ml_008,sb_008_00068,코잘탄,코잘탄,코잘탄,Iosartan,Iosartan,molecule,normalized,NOOP,HIGH
ml,ml_008,sb_008_00406,코잘탄-엑스,코잘탄-엑스,코잘탄-엑스,Losartan/Amlodipine,Losartan/Amlodipine,molecule,normalized,NOOP,HIGH
ml,ml_008,sb_008_00275,코잘탄-플러스,코잘탄-플러스,코잘탄-플러스,Losartan/Hydrochlorothiazide,Losartan/Hydrochlorothiazide,molecule,normalized,NOOP,HIGH
ml,ml_008,sb_008_00382,코플렉스,코플렉스,코플렉스,Valsartan/Hydrochlorothiazide,Valsartan/Hydrochlorothiazide,molecule,normalized,NOOP,HIGH
ml,ml_008,sb_008_01011,콜듀엣,콜듀엣,콜듀엣,Atorvastatin/Amlodipine,Atorvastatin/Amlodipine,molecule,normalized,NOOP,HIGH
ml,ml_008,sb_008_01021,콤비로칸,콤비로칸,콤비로칸,Rosuvastatin/Candesartan,Rosuvastatin/Candesartan,molecule,normalized,NOOP,HIGH
ml,ml_008,sb_008_00617,콤비포지,콤비포지,콤비포지,Valsartan/amlodipine,Valsartan/amlodipine,molecule,normalized,NOOP,HIGH
ml,ml_008,sb_008_00889,콩브럭,콩브럭,콩브럭,Bisoprolol,Bisoprolol,molecule,normalized,NOOP,HIGH
ml,ml_008,sb_008_00891,콩코르,콩코르,콩코르,Bisoprolol,Bisoprolol,molecule,normalized,NOOP,HIGH
ml,ml_008,sb_008_00890,콩크린,콩크린,콩크린,Bisoprolol,Bisoprolol,molecule,normalized,NOOP,HIGH
ml,ml_008,sb_008_00713,크라노스,크라노스,크라노스,Amlodipine,Amlodipine,molecule,normalized,NOOP,HIGH
ml,ml_008,sb_008_01022,크레칸데,크레칸데,크레칸데,Rosuvastatin/Candesartan,Rosuvastatin/Candesartan,molecule,normalized,NOOP,HIGH
ml,ml_008,sb_008_01063,클로베네,클로베네,클로베네,Chlorthalidone,Chlorthalidone,molecule,normalized,NOOP,HIGH
ml,ml_008,sb_008_00249,클로잘탄,클로잘탄,클로잘탄,Losartan/Chlorthalidone,Losartan/Chlorthalidone,molecule,normalized,NOOP,HIGH
ml,ml_008,sb_008_00774,태극 암로디핀,태극암로디핀,태극암로디핀,Amlodipine,Amlodipine,molecule,normalized,NOOP,HIGH
ml,ml_008,sb_008_01070,테노레틱,테노레틱,테노레틱,atenolol/chlorthalidone,atenolol/chlorthalidone,molecule,normalized,NOOP,HIGH
ml,ml_008,sb_008_00524,테라모핀,테라모핀,테라모핀,Telmisartan/amlodipine,Telmisartan/amlodipine,molecule,normalized,NOOP,HIGH
ml,ml_008,sb_008_00504,테람트윈,테람트윈,테람트윈,Telmisartan/amlodipine,Telmisartan/amlodipine,molecule,normalized,NOOP,HIGH
ml,ml_008,sb_008_00133,테르탄,테르탄,테르탄,Telmisartan,Telmisartan,molecule,normalized,NOOP,HIGH
ml,ml_008,sb_008_00535,테미스타,테미스타,테미스타,Telmisartan/amlodipine,Telmisartan/amlodipine,molecule,normalized,NOOP,HIGH
ml,ml_008,sb_008_00031,테베텐,테베텐,테베텐,Eprosartan,Eprosartan,molecule,normalized,NOOP,HIGH
ml,ml_008,sb_008_00251,테베텐 플러스,테베텐플러스,테베텐플러스,eprosartan/hydrochlorothiazide,eprosartan/hydrochlorothiazide,molecule,normalized,NOOP,HIGH
ml,ml_008,sb_008_00522,테살핀,테살핀,테살핀,Telmisartan/amlodipine,Telmisartan/amlodipine,molecule,normalized,NOOP,HIGH
ml,ml_008,sb_008_00554,테잘바이,테잘바이,테잘바이,Telmisartan/amlodipine,Telmisartan/amlodipine,molecule,normalized,NOOP,HIGH
ml,ml_008,sb_008_00955,테프라,테프라,테프라,Propranolol,Propranolol,molecule,normalized,NOOP,HIGH
ml,ml_008,sb_008_00517,텔라스타,텔라스타,텔라스타,Telmisartan/amlodipine,Telmisartan/amlodipine,molecule,normalized,NOOP,HIGH
ml,ml_008,sb_008_01041,텔로다운,텔로다운,텔로다운,Rosuvastatin/Telmisartan,Rosuvastatin/Telmisartan,molecule,normalized,NOOP,HIGH
ml,ml_008,sb_008_00530,텔로디탄,텔로디탄,텔로디탄,Telmisartan/amlodipine,Telmisartan/amlodipine,molecule,normalized,NOOP,HIGH
ml,ml_008,sb_008_00543,텔로디핀,텔로디핀,텔로디핀,Telmisartan/amlodipine,Telmisartan/amlodipine,molecule,normalized,NOOP,HIGH
ml,ml_008,sb_008_01042,텔로바틴,텔로바틴,텔로바틴,Rosuvastatin/Telmisartan,Rosuvastatin/Telmisartan,molecule,normalized,NOOP,HIGH
ml,ml_008,sb_008_00172,텔로살탄,텔로살탄,텔로살탄,Telmisartan,Telmisartan,molecule,normalized,NOOP,HIGH
ml,ml_008,sb_008_00342,텔로살탄 플러스,텔로살탄플러스,텔로살탄플러스,Telmisartan/Hydrochlorothiazide,Telmisartan/Hydrochlorothiazide,molecule,normalized,NOOP,HIGH
ml,ml_008,sb_008_00521,텔로스탄,텔로스탄,텔로스탄,Telmisartan/amlodipine,Telmisartan/amlodipine,molecule,normalized,NOOP,HIGH
ml,ml_008,sb_008_01040,텔로스톱,텔로스톱,텔로스톱,Rosuvastatin/Telmisartan,Rosuvastatin/Telmisartan,molecule,normalized,NOOP,HIGH
ml,ml_008,sb_008_00981,텔로스톱 플러스,텔로스톱플러스,텔로스톱플러스,Rosuvastatin/Telmisartan/Amlodipine,Rosuvastatin/Telmisartan/Amlodipine,molecule,normalized,NOOP,HIGH
ml,ml_008,sb_008_00979,텔로타틴,텔로타틴,텔로타틴,Rosuvastatin/Telmisartan/Amlodipine,Rosuvastatin/Telmisartan/Amlodipine,molecule,normalized,NOOP,HIGH
ml,ml_008,sb_008_00519,텔로트윈,텔로트윈,텔로트윈,Telmisartan/amlodipine,Telmisartan/amlodipine,molecule,normalized,NOOP,HIGH
ml,ml_008,sb_008_00532,텔로핀,텔로핀,텔로핀,Telmisartan/amlodipine,Telmisartan/amlodipine,molecule,normalized,NOOP,HIGH
ml,ml_008,sb_008_00420,텔로핀 셋,텔로핀셋,텔로핀셋,Telmisartan/Amlodipine/Chlorthalidone,Telmisartan/Amlodipine/Chlorthalidone,molecule,normalized,NOOP,HIGH
ml,ml_008,sb_008_00537,텔론스타,텔론스타,텔론스타,Telmisartan/amlodipine,Telmisartan/amlodipine,molecule,normalized,NOOP,HIGH
ml,ml_008,sb_008_00141,텔리토,텔리토,텔리토,Telmisartan,Telmisartan,molecule,normalized,NOOP,HIGH
ml,ml_008,sb_008_00320,텔리토 플러스,텔리토플러스,텔리토플러스,Telmisartan/Hydrochlorothiazide,Telmisartan/Hydrochlorothiazide,molecule,normalized,NOOP,HIGH
ml,ml_008,sb_008_00138,텔미,텔미,텔미,Telmisartan,Telmisartan,molecule,normalized,NOOP,HIGH
ml,ml_008,sb_008_00487,텔미노바,텔미노바,텔미노바,Telmisartan/amlodipine,Telmisartan/amlodipine,molecule,normalized,NOOP,HIGH
ml,ml_008,sb_008_00683,텔미누보,텔미누보,텔미누보,Telmisartan/S-amlodipine | Telmisartan/s-amlodipine,Telmisartan/S-amlodipine,molecule,normalized,UPDATE,HIGH
ml,ml_008,sb_008_00173,텔미다운,텔미다운,텔미다운,Telmisartan,Telmisartan,molecule,normalized,NOOP,HIGH
ml,ml_008,sb_008_00499,텔미듀얼,텔미듀얼,텔미듀얼,Telmisartan/amlodipine,Telmisartan/amlodipine,molecule,normalized,NOOP,HIGH
ml,ml_008,sb_008_00982,텔미듀오 플러스,텔미듀오플러스,텔미듀오플러스,Rosuvastatin/Telmisartan/Amlodipine,Rosuvastatin/Telmisartan/Amlodipine,molecule,normalized,NOOP,HIGH
ml,ml_008,sb_008_00546,텔미디퀄,텔미디퀄,텔미디퀄,Telmisartan/amlodipine,Telmisartan/amlodipine,molecule,normalized,NOOP,HIGH
ml,ml_008,sb_008_00544,텔미디핀,텔미디핀,텔미디핀,Telmisartan/amlodipine,Telmisartan/amlodipine,molecule,normalized,NOOP,HIGH
ml,ml_008,sb_008_00399,텔미디핀 플러스,텔미디핀플러스,텔미디핀플러스,Temisartan/amlodipine/Hydrochlothiazide,Temisartan/amlodipine/Hydrochlothiazide,molecule,normalized,NOOP,HIGH
ml,ml_008,sb_008_00174,텔미라,텔미라,텔미라,Telmisartan,Telmisartan,molecule,normalized,NOOP,HIGH
ml,ml_008,sb_008_00343,텔미라 플러스,텔미라플러스,텔미라플러스,Telmisartan/Hydrochlorothiazide,Telmisartan/Hydrochlorothiazide,molecule,normalized,NOOP,HIGH
ml,ml_008,sb_008_00540,텔미로디,텔미로디,텔미로디,Telmisartan/amlodipine,Telmisartan/amlodipine,molecule,normalized,NOOP,HIGH
ml,ml_008,sb_008_01034,텔미로브,텔미로브,텔미로브,Rosuvastatin/Telmisartan,Rosuvastatin/Telmisartan,molecule,normalized,NOOP,HIGH
ml,ml_008,sb_008_01044,텔미로원,텔미로원,텔미로원,Rosuvastatin/Telmisartan,Rosuvastatin/Telmisartan,molecule,normalized,NOOP,HIGH
ml,ml_008,sb_008_01026,텔미로젯,텔미로젯,텔미로젯,Rosuvastatin/EZ/Telmisartan,Rosuvastatin/EZ/Telmisartan,molecule,normalized,NOOP,HIGH
ml,ml_008,sb_008_00149,텔미로탄,텔미로탄,텔미로탄,Telmisartan,Telmisartan,molecule,normalized,NOOP,HIGH
ml,ml_008,sb_008_00325,텔미로탄 플러스,텔미로탄플러스,텔미로탄플러스,Telmisartan/Hydrochlorothiazide,Telmisartan/Hydrochlorothiazide,molecule,normalized,NOOP,HIGH
ml,ml_008,sb_008_00337,텔미로 플러스,텔미로플러스,텔미로플러스,Telmisartan/Hydrochlorothiazide,Telmisartan/Hydrochlorothiazide,molecule,normalized,NOOP,HIGH
ml,ml_008,sb_008_00482,텔미로핀,텔미로핀,텔미로핀,Telmisartan/amlodipine,Telmisartan/amlodipine,molecule,normalized,NOOP,HIGH
ml,ml_008,sb_008_00176,텔미르,텔미르,텔미르,Telmisartan,Telmisartan,molecule,normalized,NOOP,HIGH
ml,ml_008,sb_008_00344,텔미르플러스,텔미르플러스,텔미르플러스,Telmisartan/Hydrochlorothiazide,Telmisartan/Hydrochlorothiazide,molecule,normalized,NOOP,HIGH
ml,ml_008,sb_008_00551,텔미르핀,텔미르핀,텔미르핀,Telmisartan/amlodipine,Telmisartan/amlodipine,molecule,normalized,NOOP,HIGH
ml,ml_008,sb_008_00175,텔미린,텔미린,텔미린,Telmisartan,Telmisartan,molecule,normalized,NOOP,HIGH
ml,ml_008,sb_008_00318,텔미모어,텔미모어,텔미모어,Telmisartan/Hydrochlorothiazide,Telmisartan/Hydrochlorothiazide,molecule,normalized,NOOP,HIGH
ml,ml_008,sb_008_00132,텔미베타,텔미베타,텔미베타,Telmisartan,Telmisartan,molecule,normalized,NOOP,HIGH
ml,ml_008,sb_008_00315,텔미베타 플러스,텔미베타플러스,텔미베타플러스,Telmisartan/Hydrochlorothiazide,Telmisartan/Hydrochlorothiazide,molecule,normalized,NOOP,HIGH
ml,ml_008,sb_008_00137,텔미살탄,텔미살탄,텔미살탄,Telmisartan,Telmisartan,molecule,normalized,NOOP,HIGH
ml,ml_008,sb_008_00143,텔미스,텔미스,텔미스,Telmisartan,Telmisartan,molecule,normalized,NOOP,HIGH
ml,ml_008,sb_008_00536,텔미스크,텔미스크,텔미스크,Telmisartan/amlodipine,Telmisartan/amlodipine,molecule,normalized,NOOP,HIGH
ml,ml_008,sb_008_00135,텔미스타,텔미스타,텔미스타,Telmisartan,Telmisartan,molecule,normalized,NOOP,HIGH
ml,ml_008,sb_008_00493,텔미스타 엑스,텔미스타엑스,텔미스타엑스,Telmisartan/amlodipine,Telmisartan/amlodipine,molecule,normalized,NOOP,HIGH
ml,ml_008,sb_008_00317,텔미스타 플러스,텔미스타플러스,텔미스타플러스,Telmisartan/Hydrochlorothiazide,Telmisartan/Hydrochlorothiazide,molecule,normalized,NOOP,HIGH
ml,ml_008,sb_008_00321,텔미스 플러스,텔미스플러스,텔미스플러스,Telmisartan/Hydrochlorothiazide,Telmisartan/Hydrochlorothiazide,molecule,normalized,NOOP,HIGH
ml,ml_008,sb_008_00548,텔미암,텔미암,텔미암,Telmisartan/amlodipine,Telmisartan/amlodipine,molecule,normalized,NOOP,HIGH
ml,ml_008,sb_008_00534,텔미암로,텔미암로,텔미암로,Telmisartan/amlodipine,Telmisartan/amlodipine,molecule,normalized,NOOP,HIGH
ml,ml_008,sb_008_00489,텔미암핀,텔미암핀,텔미암핀,Telmisartan/amlodipine,Telmisartan/amlodipine,molecule,normalized,NOOP,HIGH
ml,ml_008,sb_008_00154,텔미원,텔미원,텔미원,Telmisartan,Telmisartan,molecule,normalized,NOOP,HIGH
ml,ml_008,sb_008_00977,텔미원스플러스,텔미원스플러스,텔미원스플러스,Rosuvastatin/Telmisartan/Amlodipine,Rosuvastatin/Telmisartan/Amlodipine,molecule,normalized,NOOP,HIGH
ml,ml_008,sb_008_00328,텔미원 플러스,텔미원플러스,텔미원플러스,Telmisartan/Hydrochlorothiazide,Telmisartan/Hydrochlorothiazide,molecule,normalized,NOOP,HIGH
ml,ml_008,sb_008_00178,텔미일,텔미일,텔미일,Telmisartan,Telmisartan,molecule,normalized,NOOP,HIGH
ml,ml_008,sb_008_00346,텔미일 플러스,텔미일플러스,텔미일플러스,Telmisartan/Hydrochlorothiazide,Telmisartan/Hydrochlorothiazide,molecule,normalized,NOOP,HIGH
ml,ml_008,sb_008_00179,텔미즈,텔미즈,텔미즈,Telmisartan,Telmisartan,molecule,normalized,NOOP,HIGH
ml,ml_008,sb_008_00347,텔미즈 플러스,텔미즈플러스,텔미즈플러스,Telmisartan/Hydrochlorothiazide,Telmisartan/Hydrochlorothiazide,molecule,normalized,NOOP,HIGH
ml,ml_008,sb_008_00129,텔미카르,텔미카르,텔미카르,Telmisartan,Telmisartan,molecule,normalized,NOOP,HIGH
ml,ml_008,sb_008_00167,텔미칸,텔미칸,텔미칸,Telmisartan,Telmisartan,molecule,normalized,NOOP,HIGH
ml,ml_008,sb_008_00533,텔미칸 에이,텔미칸에이,텔미칸에이,Telmisartan/amlodipine,Telmisartan/amlodipine,molecule,normalized,NOOP,HIGH
ml,ml_008,sb_008_00421,텔미칸 에이 플러스,텔미칸에이플러스,텔미칸에이플러스,Telmisartan/Amlodipine/Chlorthalidone,Telmisartan/Amlodipine/Chlorthalidone,molecule,normalized,NOOP,HIGH
ml,ml_008,sb_008_00967,텔미칸 큐,텔미칸큐,텔미칸큐,Rosuvastatin/EZ/Telmisartan/Amlodipine,Rosuvastatin/EZ/Telmisartan/Amlodipine,molecule,normalized,NOOP,HIGH
ml,ml_008,sb_008_00338,텔미칸 플러스,텔미칸플러스,텔미칸플러스,Telmisartan/Hydrochlorothiazide,Telmisartan/Hydrochlorothiazide,molecule,normalized,NOOP,HIGH
ml,ml_008,sb_008_00155,텔미코르,텔미코르,텔미코르,Telmisartan,Telmisartan,molecule,normalized,NOOP,HIGH
ml,ml_008,sb_008_00177,텔미콜,텔미콜,텔미콜,Telmisartan,Telmisartan,molecule,normalized,NOOP,HIGH
ml,ml_008,sb_008_00345,텔미콜 플러스,텔미콜플러스,텔미콜플러스,Telmisartan/Hydrochlorothiazide,Telmisartan/Hydrochlorothiazide,molecule,normalized,NOOP,HIGH
ml,ml_008,sb_008_00170,텔미큐어,텔미큐어,텔미큐어,Telmisartan,Telmisartan,molecule,normalized,NOOP,HIGH
ml,ml_008,sb_008_00340,텔미큐어 플러스,텔미큐어플러스,텔미큐어플러스,Telmisartan/Hydrochlorothiazide,Telmisartan/Hydrochlorothiazide,molecule,normalized,NOOP,HIGH
ml,ml_008,sb_008_00148,텔미탄,텔미탄,텔미탄,Telmisartan,Telmisartan,molecule,normalized,NOOP,HIGH
ml,ml_008,sb_008_00324,텔미탄 플러스,텔미탄플러스,텔미탄플러스,Telmisartan/Hydrochlorothiazide,Telmisartan/Hydrochlorothiazide,molecule,normalized,NOOP,HIGH
ml,ml_008,sb_008_00134,텔미텐션,텔미텐션,텔미텐션,Telmisartan,Telmisartan,molecule,normalized,NOOP,HIGH
ml,ml_008,sb_008_00316,텔미텐션 플러스,텔미텐션플러스,텔미텐션플러스,Telmisartan/Hydrochlorothiazide,Telmisartan/Hydrochlorothiazide,molecule,normalized,NOOP,HIGH
ml,ml_008,sb_008_00163,텔미토,텔미토,텔미토,Telmisartan,Telmisartan,molecule,normalized,NOOP,HIGH
ml,ml_008,sb_008_00334,텔미토 플러스,텔미토플러스,텔미토플러스,Telmisartan/Hydrochlorothiazide,Telmisartan/Hydrochlorothiazide,molecule,normalized,NOOP,HIGH
ml,ml_008,sb_008_00168,텔미트렌,텔미트렌,텔미트렌,Telmisartan,Telmisartan,molecule,normalized,NOOP,HIGH
ml,ml_008,sb_008_00339,텔미트렌 플러스,텔미트렌플러스,텔미트렌플러스,Telmisartan/Hydrochlorothiazide,Telmisartan/Hydrochlorothiazide,molecule,normalized,NOOP,HIGH
ml,ml_008,sb_008_00547,텔미트윈,텔미트윈,텔미트윈,Telmisartan/amlodipine,Telmisartan/amlodipine,molecule,normalized,NOOP,HIGH
ml,ml_008,sb_008_00169,텔미프리,텔미프리,텔미프리,Telmisartan,Telmisartan,molecule,normalized,NOOP,HIGH
ml,ml_008,sb_008_00550,텔민스타,텔민스타,텔민스타,Telmisartan/amlodipine,Telmisartan/amlodipine,molecule,normalized,NOOP,HIGH
ml,ml_008,sb_008_00142,텔바로,텔바로,텔바로,Telmisartan,Telmisartan,molecule,normalized,NOOP,HIGH
ml,ml_008,sb_008_00553,텔사로핀,텔사로핀,텔사로핀,Telmisartan/amlodipine,Telmisartan/amlodipine,molecule,normalized,NOOP,HIGH
ml,ml_008,sb_008_00165,텔카디,텔카디,텔카디,Telmisartan,Telmisartan,molecule,normalized,NOOP,HIGH
ml,ml_008,sb_008_00336,텔카디 플러스,텔카디플러스,텔카디플러스,Telmisartan/Hydrochlorothiazide,Telmisartan/Hydrochlorothiazide,molecule,normalized,NOOP,HIGH
ml,ml_008,sb_008_00481,텔카디핀,텔카디핀,텔카디핀,Telmisartan/amlodipine,Telmisartan/amlodipine,molecule,normalized,NOOP,HIGH
ml,ml_008,sb_008_00128,텔카딘,텔카딘,텔카딘,Telmisartan,Telmisartan,molecule,normalized,NOOP,HIGH
ml,ml_008,sb_008_00171,텔카탄,텔카탄,텔카탄,Telmisartan,Telmisartan,molecule,normalized,NOOP,HIGH
ml,ml_008,sb_008_00341,텔카탄 플러스,텔카탄플러스,텔카탄플러스,Telmisartan/Hydrochlorothiazide,Telmisartan/Hydrochlorothiazide,molecule,normalized,NOOP,HIGH
ml,ml_008,sb_008_00160,텔탄,텔탄,텔탄,Telmisartan,Telmisartan,molecule,normalized,NOOP,HIGH
ml,ml_008,sb_008_00525,텔탄스타,텔탄스타,텔탄스타,Telmisartan/amlodipine,Telmisartan/amlodipine,molecule,normalized,NOOP,HIGH
ml,ml_008,sb_008_00549,텔핀스타,텔핀스타,텔핀스타,Telmisartan/amlodipine,Telmisartan/amlodipine,molecule,normalized,NOOP,HIGH
ml,ml_008,sb_008_01061,토렘,토렘,토렘,Torasemide,Torasemide,molecule,normalized,NOOP,HIGH
ml,ml_008,sb_008_01062,토르셈,토르셈,토르셈,Torasemide,Torasemide,molecule,normalized,NOOP,HIGH
ml,ml_008,sb_008_01059,토르신,토르신,토르신,Torasemide,Torasemide,molecule,normalized,NOOP,HIGH
ml,ml_008,sb_008_00965,토스젯 에이,토스젯에이,토스젯에이,Atorvastatin/EZ/Amlodipine,Atorvastatin/EZ/Amlodipine,molecule,normalized,NOOP,HIGH
ml,ml_008,sb_008_00993,투믹스,투믹스,투믹스,Atorvastatin/Amlodipine,Atorvastatin/Amlodipine,molecule,normalized,NOOP,HIGH
ml,ml_008,sb_008_01029,투베로,투베로,투베로,Rosuvastatin/Fimasartan,Rosuvastatin/Fimasartan,molecule,normalized,NOOP,HIGH
ml,ml_008,sb_008_00528,투탑스,투탑스,투탑스,Telmisartan/amlodipine,Telmisartan/amlodipine,molecule,normalized,NOOP,HIGH
ml,ml_008,sb_008_00398,투탑스 플러스,투탑스플러스,투탑스플러스,Temisartan/amlodipine/Hydrochlothiazide,Temisartan/amlodipine/Hydrochlothiazide,molecule,normalized,NOOP,HIGH
ml,ml_008,sb_008_00616,투투포지,투투포지,투투포지,Valsartan/amlodipine,Valsartan/amlodipine,molecule,normalized,NOOP,HIGH
ml,ml_008,sb_008_00978,트레블,트레블,트레블,Rosuvastatin/Telmisartan/Amlodipine,Rosuvastatin/Telmisartan/Amlodipine,molecule,normalized,NOOP,HIGH
ml,ml_008,sb_008_00418,트루베타,트루베타,트루베타,Telmisartan/Amlodipine/Chlorthalidone,Telmisartan/Amlodipine/Chlorthalidone,molecule,normalized,NOOP,HIGH
ml,ml_008,sb_008_00417,트루셋,트루셋,트루셋,Telmisartan/amlodipine/Chlorthalidone | Telmisartan/Amlodipine/Chlorthalidone,Telmisartan/amlodipine/Chlorthalidone,molecule,normalized,UPDATE,HIGH
ml,ml_008,sb_008_01043,트루스타,트루스타,트루스타,Rosuvastatin/Telmisartan,Rosuvastatin/Telmisartan,molecule,normalized,NOOP,HIGH
ml,ml_008,sb_008_01086,트리아핀,트리아핀,트리아핀,felodipine/ramipril,felodipine/ramipril,molecule,normalized,NOOP,HIGH
ml,ml_008,sb_008_00976,트리인원,트리인원,트리인원,Rosuvastatin/Telmisartan/Amlodipine,Rosuvastatin/Telmisartan/Amlodipine,molecule,normalized,NOOP,HIGH
ml,ml_008,sb_008_01083,트리테이스,트리테이스,트리테이스,Ramipril,Ramipril,molecule,normalized,NOOP,HIGH
ml,ml_008,sb_008_01084,트리테이스 프로텍트,트리테이스프로텍트,트리테이스프로텍트,Ramipril,Ramipril,molecule,normalized,NOOP,HIGH
ml,ml_008,sb_008_00496,트윈 다운,트윈다운,트윈다운,Telmisartan/amlodipine,Telmisartan/amlodipine,molecule,normalized,NOOP,HIGH
ml,ml_008,sb_008_00416,트윈로우,트윈로우,트윈로우,Telmisartan/amlodipine,Telmisartan/amlodipine,molecule,normalized,NOOP,HIGH
ml,ml_008,sb_008_00545,트윈맥스,트윈맥스,트윈맥스,Telmisartan/amlodipine,Telmisartan/amlodipine,molecule,normalized,NOOP,HIGH
ml,ml_008,sb_008_00488,트윈베타,트윈베타,트윈베타,Telmisartan/amlodipine,Telmisartan/amlodipine,molecule,normalized,NOOP,HIGH
ml,ml_008,sb_008_00501,트윈스타,트윈스타,트윈스타,Telmisartan/amlodipine,Telmisartan/amlodipine,molecule,normalized,NOOP,HIGH
ml,ml_008,sb_008_00500,트윈스핀,트윈스핀,트윈스핀,Telmisartan/amlodipine,Telmisartan/amlodipine,molecule,normalized,NOOP,HIGH
ml,ml_008,sb_008_00486,트윈액트,트윈액트,트윈액트,Telmisartan/amlodipine,Telmisartan/amlodipine,molecule,normalized,NOOP,HIGH
ml,ml_008,sb_008_00516,트윈에코,트윈에코,트윈에코,Telmisartan/amlodipine,Telmisartan/amlodipine,molecule,normalized,NOOP,HIGH
ml,ml_008,sb_008_00520,트윈 엑스,트윈엑스,트윈엑스,Telmisartan/amlodipine,Telmisartan/amlodipine,molecule,normalized,NOOP,HIGH
ml,ml_008,sb_008_00503,트윈원,트윈원,트윈원,Telmisartan/amlodipine,Telmisartan/amlodipine,molecule,normalized,NOOP,HIGH
ml,ml_008,sb_008_00531,트윈케라,트윈케라,트윈케라,Telmisartan/amlodipine,Telmisartan/amlodipine,molecule,normalized,NOOP,HIGH
ml,ml_008,sb_008_00490,트윈콤비,트윈콤비,트윈콤비,Telmisartan/amlodipine,Telmisartan/amlodipine,molecule,normalized,NOOP,HIGH
ml,ml_008,sb_008_00557,트윈테라,트윈테라,트윈테라,Telmisartan/amlodipine,Telmisartan/amlodipine,molecule,normalized,NOOP,HIGH
ml,ml_008,sb_008_00502,트윈텔라,트윈텔라,트윈텔라,Telmisartan/amlodipine,Telmisartan/amlodipine,molecule,normalized,NOOP,HIGH
ml,ml_008,sb_008_00552,트윈포지,트윈포지,트윈포지,Telmisartan/amlodipine,Telmisartan/amlodipine,molecule,normalized,NOOP,HIGH
ml,ml_008,sb_008_00523,트윈플러스,트윈플러스,트윈플러스,Telmisartan/amlodipine,Telmisartan/amlodipine,molecule,normalized,NOOP,HIGH
ml,ml_008,sb_008_00494,트윈하트,트윈하트,트윈하트,Telmisartan/amlodipine,Telmisartan/amlodipine,molecule,normalized,NOOP,HIGH
ml,ml_008,sb_008_00539,트윈히트,트윈히트,트윈히트,Telmisartan/amlodipine,Telmisartan/amlodipine,molecule,normalized,NOOP,HIGH
ml,ml_008,sb_008_00747,티디에스 베실산암로디핀,티디에스베실산암로디핀,티디에스베실산암로디핀,Amlodipine,Amlodipine,molecule,normalized,NOOP,HIGH
ml,ml_008,sb_008_00145,티살탄,티살탄,티살탄,Telmisartan,Telmisartan,molecule,normalized,NOOP,HIGH
ml,ml_008,sb_008_00474,파미카,파미카,파미카,Olmesartan/amlodipine,Olmesartan/amlodipine,molecule,normalized,NOOP,HIGH
ml,ml_008,sb_008_00767,파인디핀,파인디핀,파인디핀,Amlodipine,Amlodipine,molecule,normalized,NOOP,HIGH
ml,ml_008,sb_008_00817,펠로덴,펠로덴,펠로덴,felodipine,felodipine,molecule,normalized,NOOP,HIGH
ml,ml_008,sb_008_00810,펠로디온,펠로디온,펠로디온,felodipine,felodipine,molecule,normalized,NOOP,HIGH
ml,ml_008,sb_008_00814,펠로딥,펠로딥,펠로딥,felodipine,felodipine,molecule,normalized,NOOP,HIGH
ml,ml_008,sb_008_00806,펠로핀,펠로핀,펠로핀,felodipine,felodipine,molecule,normalized,NOOP,HIGH
ml,ml_008,sb_008_00813,펠론,펠론,펠론,felodipine,felodipine,molecule,normalized,NOOP,HIGH
ml,ml_008,sb_008_00800,푸로골,푸로골,푸로골,diltiazem,diltiazem,molecule,normalized,NOOP,HIGH
ml,ml_008,sb_008_00756,프레스틴,프레스틴,프레스틴,Amlodipine,Amlodipine,molecule,normalized,NOOP,HIGH
ml,ml_008,sb_008_00053,프로자탄,프로자탄,프로자탄,Iosartan,Iosartan,molecule,normalized,NOOP,HIGH
ml,ml_008,sb_008_00136,프리모노,프리모노,프리모노,Telmisartan,Telmisartan,molecule,normalized,NOOP,HIGH
ml,ml_008,sb_008_00104,프리살탄,프리살탄,프리살탄,Olmesartan,Olmesartan,molecule,normalized,NOOP,HIGH
ml,ml_008,sb_008_00298,프리살탄 플러스,프리살탄플러스,프리살탄플러스,Olmesartan/Hydrochlorothiazide,Olmesartan/Hydrochlorothiazide,molecule,normalized,NOOP,HIGH
ml,ml_008,sb_008_00131,프리텐션,프리텐션,프리텐션,Telmisartan,Telmisartan,molecule,normalized,NOOP,HIGH
ml,ml_008,sb_008_00314,프리텐션 플러스,프리텐션플러스,프리텐션플러스,Telmisartan/Hydrochlorothiazide,Telmisartan/Hydrochlorothiazide,molecule,normalized,NOOP,HIGH
ml,ml_008,sb_008_00130,프리토,프리토,프리토,Telmisartan,Telmisartan,molecule,normalized,NOOP,HIGH
ml,ml_008,sb_008_00313,프리토 플러스,프리토플러스,프리토플러스,Telmisartan/Hydrochlorothiazide,Telmisartan/Hydrochlorothiazide,molecule,normalized,NOOP,HIGH
ml,ml_008,sb_008_00495,프리트윈,프리트윈,프리트윈,Telmisartan/amlodipine,Telmisartan/amlodipine,molecule,normalized,NOOP,HIGH
ml,ml_008,sb_008_00680,피마듀엣,피마듀엣,피마듀엣,Fimasartan/S-amlodipine,Fimasartan/S-amlodipine,molecule,normalized,NOOP,HIGH
ml,ml_008,sb_008_00662,피마듀오,피마듀오,피마듀오,Fimasartan/S-amlodipine,Fimasartan/S-amlodipine,molecule,normalized,NOOP,HIGH
ml,ml_008,sb_008_00033,피마모노,피마모노,피마모노,Fimasartan,Fimasartan,molecule,normalized,NOOP,HIGH
ml,ml_008,sb_008_00664,피마사브,피마사브,피마사브,Fimasartan/S-amlodipine,Fimasartan/S-amlodipine,molecule,normalized,NOOP,HIGH
ml,ml_008,sb_008_00036,피마솔로,피마솔로,피마솔로,Fimasartan,Fimasartan,molecule,normalized,NOOP,HIGH
ml,ml_008,sb_008_00660,피마에스,피마에스,피마에스,Fimasartan/S-amlodipine,Fimasartan/S-amlodipine,molecule,normalized,NOOP,HIGH
ml,ml_008,sb_008_00648,피마원 에스,피마원에스,피마원에스,Fimasartan/s-amlodipine | Fimasartan/S-amlodipine,Fimasartan/s-amlodipine,molecule,normalized,UPDATE,HIGH
ml,ml_008,sb_008_00647,핀카브,핀카브,핀카브,Fimasartan/s-amlodipine | Fimasartan/S-amlodipine,Fimasartan/s-amlodipine,molecule,normalized,UPDATE,HIGH
ml,ml_008,sb_008_00803,핀테,핀테,핀테,efonidipine,efonidipine,molecule,normalized,NOOP,HIGH
ml,ml_008,sb_008_00477,하비카,하비카,하비카,Olmesartan/amlodipine,Olmesartan/amlodipine,molecule,normalized,NOOP,HIGH
ml,ml_008,sb_008_00445,하비카 에이치씨티,하비카에이치씨티,하비카에이치씨티,Olmesartan/amlodipine/Hydrochlothiazide,Olmesartan/amlodipine/Hydrochlothiazide,molecule,normalized,NOOP,HIGH
ml,ml_008,sb_008_01064,하이그로톤,하이그로톤,하이그로톤,Chlorthalidone,Chlorthalidone,molecule,normalized,NOOP,HIGH
ml,ml_008,sb_008_00807,하이드로핀,하이드로핀,하이드로핀,felodipine,felodipine,molecule,normalized,NOOP,HIGH
ml,ml_008,sb_008_00361,하이든 플러스,하이든플러스,하이든플러스,Valsartan/Hydrochlorothiazide,Valsartan/Hydrochlorothiazide,molecule,normalized,NOOP,HIGH
ml,ml_008,sb_008_00403,하이로텐,하이로텐,하이로텐,Losartan/Amlodipine,Losartan/Amlodipine,molecule,normalized,NOOP,HIGH
ml,ml_008,sb_008_00021,하이살탄,하이살탄,하이살탄,Candesartan,Candesartan,molecule,normalized,NOOP,HIGH
ml,ml_008,sb_008_00237,하이살탄플러스,하이살탄플러스,하이살탄플러스,Candesartan/Hydrochlorothiazide,Candesartan/Hydrochlorothiazide,molecule,normalized,NOOP,HIGH
ml,ml_008,sb_008_00871,하이탑핀,하이탑핀,하이탑핀,S-amlodipine,S-amlodipine,molecule,normalized,NOOP,HIGH
ml,ml_008,sb_008_00812,하이퍼,하이퍼,하이퍼,felodipine,felodipine,molecule,normalized,NOOP,HIGH
ml,ml_008,sb_008_00802,하이퍼벤,하이퍼벤,하이퍼벤,diltiazem,diltiazem,molecule,normalized,NOOP,HIGH
ml,ml_008,sb_008_00556,하이퍼스타,하이퍼스타,하이퍼스타,Telmisartan/amlodipine,Telmisartan/amlodipine,molecule,normalized,NOOP,HIGH
ml,ml_008,sb_008_00180,하이퍼텔미,하이퍼텔미,하이퍼텔미,Telmisartan,Telmisartan,molecule,normalized,NOOP,HIGH
ml,ml_008,sb_008_00348,하이퍼텔미 플러스,하이퍼텔미플러스,하이퍼텔미플러스,Telmisartan/Hydrochlorothiazide,Telmisartan/Hydrochlorothiazide,molecule,normalized,NOOP,HIGH
ml,ml_008,sb_008_00610,하이포지,하이포지,하이포지,Valsartan/amlodipine,Valsartan/amlodipine,molecule,normalized,NOOP,HIGH
ml,ml_008,sb_008_00962,하이포지 에이,하이포지에이,하이포지에이,Atorvastatin/Valsartan/Amlodipine,Atorvastatin/Valsartan/Amlodipine,molecule,normalized,NOOP,HIGH
ml,ml_008,sb_008_00731,하퍼텐,하퍼텐,하퍼텐,Amlodipine,Amlodipine,molecule,normalized,NOOP,HIGH
ml,ml_008,sb_008_00624,한올 네오포지,한올네오포지,한올네오포지,Valsartan/amlodipine,Valsartan/amlodipine,molecule,normalized,NOOP,HIGH
ml,ml_008,sb_008_00805,할로핀,할로핀,할로핀,felodipine,felodipine,molecule,normalized,NOOP,HIGH
ml,ml_008,sb_008_00799,헤르벤,헤르벤,헤르벤,diltiazem,diltiazem,molecule,normalized,NOOP,HIGH
ml,ml_008,sb_008_00892,헤미푸롤,헤미푸롤,헤미푸롤,Bisoprolol,Bisoprolol,molecule,normalized,NOOP,HIGH
ml,ml_008,sb_008_00221,현대 발사르탄,현대발사르탄,현대발사르탄,Valsartan,Valsartan,molecule,normalized,NOOP,HIGH
ml,ml_008,sb_008_01079,현대 제스트릴,현대제스트릴,현대제스트릴,Lisinopril,Lisinopril,molecule,normalized,NOOP,HIGH
ml,ml_008,sb_008_00887,현대 테놀민,현대테놀민,현대테놀민,Atenolol,Atenolol,molecule,normalized,NOOP,HIGH
ml,ml_008,sb_008_01066,후루덱스,후루덱스,후루덱스,Indapamide,Indapamide,molecule,normalized,NOOP,HIGH
ml,ml_008,sb_008_01056,후릭스,후릭스,후릭스,Furosemide,Furosemide,molecule,normalized,NOOP,HIGH
ml,ml_008,sb_008_00037,휴나브,휴나브,휴나브,Fimasartan,Fimasartan,molecule,normalized,NOOP,HIGH
ml,ml_008,sb_008_00630,휴니즈 발사르핀,휴니즈발사르핀,휴니즈발사르핀,Valsartan/amlodipine,Valsartan/amlodipine,molecule,normalized,NOOP,HIGH
ml,ml_008,sb_008_00124,휴니즈 올메사탄메독소밀,휴니즈올메사탄메독소밀,휴니즈올메사탄메독소밀,Olmesartan,Olmesartan,molecule,normalized,NOOP,HIGH
ml,ml_008,sb_008_00247,휴니즈 칸데르플러스,휴니즈칸데르플러스,휴니즈칸데르플러스,Candesartan/Hydrochlorothiazide,Candesartan/Hydrochlorothiazide,molecule,normalized,NOOP,HIGH
ml,ml_008,sb_008_00125,휴메텍,휴메텍,휴메텍,Olmesartan,Olmesartan,molecule,normalized,NOOP,HIGH
ml,ml_008,sb_008_00755,휴온스 암로디핀,휴온스암로디핀,휴온스암로디핀,Amlodipine,Amlodipine,molecule,normalized,NOOP,HIGH
ml,ml_008,sb_008_00030,휴테칸,휴테칸,휴테칸,Candesartan,Candesartan,molecule,normalized,NOOP,HIGH
ml,ml_008,sb_008_00248,휴테칸 플러스,휴테칸플러스,휴테칸플러스,Candesartan/Hydrochlorothiazide,Candesartan/Hydrochlorothiazide,molecule,normalized,NOOP,HIGH
ml,ml_009,sb_009_00166,건일바이오팜 두모보,건일바이오팜두모보,건일바이오팜두모보,dutasteride,dutasteride,molecule,normalized,NOOP,HIGH
ml,ml_009,sb_009_00358,건일바이오팜 솔라신,건일바이오팜솔라신,건일바이오팜솔라신,solifenacin succinate,solifenacin,molecule,normalized,UPDATE,HIGH
ml,ml_009,sb_009_00037,건일바이오팜 팜스로신,건일바이오팜팜스로신,건일바이오팜팜스로신,tamsulosin hydrochloride,tamsulosin,molecule,normalized,UPDATE,HIGH
ml,ml_009,sb_009_00263,그로모,그로모,그로모,finasteride,finasteride,molecule,normalized,NOOP,HIGH
ml,ml_009,sb_009_00351,글로베린,글로베린,글로베린,propiverine HCl,propiverine,molecule,normalized,UPDATE,HIGH
ml,ml_009,sb_009_00027,나스타,나스타,나스타,naftopidil,naftopidil,molecule,normalized,NOOP,HIGH
ml,ml_009,sb_009_00024,나토딜,나토딜,나토딜,naftopidil,naftopidil,molecule,normalized,NOOP,HIGH
ml,ml_009,sb_009_00022,나포피딜,나포피딜,나포피딜,naftopidil,naftopidil,molecule,normalized,NOOP,HIGH
ml,ml_009,sb_009_00029,나프딜,나프딜,나프딜,naftopidil,naftopidil,molecule,normalized,NOOP,HIGH
ml,ml_009,sb_009_00031,나프바스,나프바스,나프바스,naftopidil,naftopidil,molecule,normalized,NOOP,HIGH
ml,ml_009,sb_009_00026,나프토엠,나프토엠,나프토엠,naftopidil,naftopidil,molecule,normalized,NOOP,HIGH
ml,ml_009,sb_009_00220,네오다트,네오다트,네오다트,dutasteride,dutasteride,molecule,normalized,NOOP,HIGH
ml,ml_009,sb_009_00071,네오로신,네오로신,네오로신,tamsulosin hydrochloride,tamsulosin,molecule,normalized,UPDATE,HIGH
ml,ml_009,sb_009_00132,네오트린,네오트린,네오트린,terazosin HCl,terazosin,molecule,normalized,UPDATE,HIGH
ml,ml_009,sb_009_00362,넥스페나신,넥스페나신,넥스페나신,solifenacin succinate,solifenacin,molecule,normalized,UPDATE,HIGH
ml,ml_009,sb_009_00133,뉴라조신,뉴라조신,뉴라조신,terazosin HCl,terazosin,molecule,normalized,UPDATE,HIGH
ml,ml_009,sb_009_00320,뉴미가,뉴미가,뉴미가,mirabegron,mirabegron,molecule,normalized,NOOP,HIGH
ml,ml_009,sb_009_00046,다나 탐스,다나탐스,다나탐스,tamsulosin hydrochloride,tamsulosin,molecule,normalized,UPDATE,HIGH
ml,ml_009,sb_009_00216,다모다트,다모다트,다모다트,dutasteride,dutasteride,molecule,normalized,NOOP,HIGH
ml,ml_009,sb_009_00173,대웅바이오 두타스테리드,대웅바이오두타스테리드,대웅바이오두타스테리드,dutasteride,dutasteride,molecule,normalized,NOOP,HIGH
ml,ml_009,sb_009_00334,대웅바이오 프로피베린,대웅바이오프로피베린,대웅바이오프로피베린,propiverine HCl,propiverine,molecule,normalized,UPDATE,HIGH
ml,ml_009,sb_009_00228,대웅바이오 피나스테리드,대웅바이오피나스테리드,대웅바이오피나스테리드,finasteride,finasteride,molecule,normalized,NOOP,HIGH
ml,ml_009,sb_009_00062,더블탐스,더블탐스,더블탐스,tamsulosin hydrochloride,tamsulosin,molecule,normalized,UPDATE,HIGH
ml,ml_009,sb_009_00050,더유 탐스케어,더유탐스케어,더유탐스케어,tamsulosin hydrochloride,tamsulosin,molecule,normalized,UPDATE,HIGH
ml,ml_009,sb_009_00061,데이탐스,데이탐스,데이탐스,tamsulosin hydrochloride,tamsulosin,molecule,normalized,UPDATE,HIGH
ml,ml_009,sb_009_00052,동광 탐스로신,동광탐스로신,동광탐스로신,tamsulosin hydrochloride,tamsulosin,molecule,normalized,UPDATE,HIGH
ml,ml_009,sb_009_00179,동구 두타리드,동구두타리드,동구두타리드,dutasteride,dutasteride,molecule,normalized,NOOP,HIGH
ml,ml_009,sb_009_00055,동성 탐스로신,동성탐스로신,동성탐스로신,tamsulosin hydrochloride,tamsulosin,molecule,normalized,UPDATE,HIGH
ml,ml_009,sb_009_00333,동화 디트로판,동화디트로판,동화디트로판,oxybutynin chloride,oxybutynin,molecule,normalized,UPDATE,HIGH
ml,ml_009,sb_009_00167,두로칸,두로칸,두로칸,dutasteride,dutasteride,molecule,normalized,NOOP,HIGH
ml,ml_009,sb_009_00210,두로케어,두로케어,두로케어,dutasteride,dutasteride,molecule,normalized,NOOP,HIGH
ml,ml_009,sb_009_00168,두아보,두아보,두아보,dutasteride,dutasteride,molecule,normalized,NOOP,HIGH
ml,ml_009,sb_009_00174,두타겟,두타겟,두타겟,dutasteride,dutasteride,molecule,normalized,NOOP,HIGH
ml,ml_009,sb_009_00181,두타드,두타드,두타드,dutasteride,dutasteride,molecule,normalized,NOOP,HIGH
ml,ml_009,sb_009_00194,두타락,두타락,두타락,dutasteride,dutasteride,molecule,normalized,NOOP,HIGH
ml,ml_009,sb_009_00195,두타론,두타론,두타론,dutasteride,dutasteride,molecule,normalized,NOOP,HIGH
ml,ml_009,sb_009_00180,두타리드,두타리드,두타리드,dutasteride,dutasteride,molecule,normalized,NOOP,HIGH
ml,ml_009,sb_009_00182,두타반,두타반,두타반,dutasteride,dutasteride,molecule,normalized,NOOP,HIGH
ml,ml_009,sb_009_00183,두타반 플러스,두타반플러스,두타반플러스,dutasteride,dutasteride,molecule,normalized,NOOP,HIGH
ml,ml_009,sb_009_00201,두타스카,두타스카,두타스카,dutasteride,dutasteride,molecule,normalized,NOOP,HIGH
ml,ml_009,sb_009_00217,두타스타,두타스타,두타스타,dutasteride,dutasteride,molecule,normalized,NOOP,HIGH
ml,ml_009,sb_009_00197,두타스테린,두타스테린,두타스테린,dutasteride,dutasteride,molecule,normalized,NOOP,HIGH
ml,ml_009,sb_009_00207,두타엘,두타엘,두타엘,dutasteride,dutasteride,molecule,normalized,NOOP,HIGH
ml,ml_009,sb_009_00204,두타젠,두타젠,두타젠,dutasteride,dutasteride,molecule,normalized,NOOP,HIGH
ml,ml_009,sb_009_00177,두타케어,두타케어,두타케어,dutasteride,dutasteride,molecule,normalized,NOOP,HIGH
ml,ml_009,sb_009_00175,두타텍트,두타텍트,두타텍트,dutasteride,dutasteride,molecule,normalized,NOOP,HIGH
ml,ml_009,sb_009_00172,두타프렌,두타프렌,두타프렌,dutasteride,dutasteride,molecule,normalized,NOOP,HIGH
ml,ml_009,sb_009_00214,두테드,두테드,두테드,dutasteride,dutasteride,molecule,normalized,NOOP,HIGH
ml,ml_009,sb_009_00178,두테론,두테론,두테론,dutasteride,dutasteride,molecule,normalized,NOOP,HIGH
ml,ml_009,sb_009_00171,두테스,두테스,두테스,dutasteride,dutasteride,molecule,normalized,NOOP,HIGH
ml,ml_009,sb_009_00205,두테스몰,두테스몰,두테스몰,dutasteride,dutasteride,molecule,normalized,NOOP,HIGH
ml,ml_009,sb_009_00306,듀오다트,듀오다트,듀오다트,"dutasteride,  tamsulosin hydrochloride",dutasteride+tamsulosin,molecule,normalized,UPDATE,HIGH
ml,ml_009,sb_009_00145,드림파마 트라신,드림파마트라신,드림파마트라신,terazosin HCl,terazosin,molecule,normalized,UPDATE,HIGH
ml,ml_009,sb_009_00409,디트로딘,디트로딘,디트로딘,tolterodine tartrate,tolterodine,molecule,normalized,UPDATE,HIGH
ml,ml_009,sb_009_00353,디트루베린,디트루베린,디트루베린,propiverine HCl,propiverine,molecule,normalized,UPDATE,HIGH
ml,ml_009,sb_009_00408,디트루시톨,디트루시톨,디트루시톨,tolterodine tartrate,tolterodine,molecule,normalized,UPDATE,HIGH
ml,ml_009,sb_009_00310,라블론,라블론,라블론,mirabegron,mirabegron,molecule,normalized,NOOP,HIGH
ml,ml_009,sb_009_00080,러츠날,러츠날,러츠날,tamsulosin hydrochloride,tamsulosin,molecule,normalized,UPDATE,HIGH
ml,ml_009,sb_009_00288,리모날,리모날,리모날,finasteride,finasteride,molecule,normalized,NOOP,HIGH
ml,ml_009,sb_009_00278,마이피나,마이피나,마이피나,finasteride,finasteride,molecule,normalized,NOOP,HIGH
ml,ml_009,sb_009_00184,머카나,머카나,머카나,dutasteride,dutasteride,molecule,normalized,NOOP,HIGH
ml,ml_009,sb_009_00389,메가 솔페나,메가솔페나,메가솔페나,solifenacin succinate,solifenacin,molecule,normalized,UPDATE,HIGH
ml,ml_009,sb_009_00264,메가페시아,메가페시아,메가페시아,finasteride,finasteride,molecule,normalized,NOOP,HIGH
ml,ml_009,sb_009_00361,메디페나신,메디페나신,메디페나신,solifenacin succinate,solifenacin,molecule,normalized,UPDATE,HIGH
ml,ml_009,sb_009_00240,명문 피나스테리드,명문피나스테리드,명문피나스테리드,finasteride,finasteride,molecule,normalized,NOOP,HIGH
ml,ml_009,sb_009_00322,미가론,미가론,미가론,mirabegron,mirabegron,molecule,normalized,NOOP,HIGH
ml,ml_009,sb_009_00312,미라론,미라론,미라론,mirabegron,mirabegron,molecule,normalized,NOOP,HIGH
ml,ml_009,sb_009_00318,미라베,미라베,미라베,mirabegron,mirabegron,molecule,normalized,NOOP,HIGH
ml,ml_009,sb_009_00315,미라베가,미라베가,미라베가,mirabegron,mirabegron,molecule,normalized,NOOP,HIGH
ml,ml_009,sb_009_00328,미라벡,미라벡,미라벡,mirabegron,mirabegron,molecule,normalized,NOOP,HIGH
ml,ml_009,sb_009_00317,미라 엠,미라엠,미라엠,mirabegron,mirabegron,molecule,normalized,NOOP,HIGH
ml,ml_009,sb_009_00327,미라큐론,미라큐론,미라큐론,mirabegron,mirabegron,molecule,normalized,NOOP,HIGH
ml,ml_009,sb_009_00158,바소조신,바소조신,바소조신,terazosin HCl,terazosin,molecule,normalized,UPDATE,HIGH
ml,ml_009,sb_009_00059,바이넥스 탐스로신염산염,바이넥스탐스로신염산염,바이넥스탐스로신염산염,tamsulosin hydrochloride,tamsulosin,molecule,normalized,UPDATE,HIGH
ml,ml_009,sb_009_00012,바이트랄엑스엘,바이트랄엑스엘,바이트랄엑스엘,alfuzosin HCl,alfuzosin,molecule,normalized,UPDATE,HIGH
ml,ml_009,sb_009_00329,베미가,베미가,베미가,mirabegron,mirabegron,molecule,normalized,NOOP,HIGH
ml,ml_009,sb_009_00314,베미그론,베미그론,베미그론,mirabegron,mirabegron,molecule,normalized,NOOP,HIGH
ml,ml_009,sb_009_00406,베시금,베시금,베시금,solifenacin tartate,solifenacin,molecule,normalized,UPDATE,HIGH
ml,ml_009,sb_009_00402,베시나,베시나,베시나,solifenacin succinate,solifenacin,molecule,normalized,UPDATE,HIGH
ml,ml_009,sb_009_00364,베시솔,베시솔,베시솔,solifenacin succinate,solifenacin,molecule,normalized,UPDATE,HIGH
ml,ml_009,sb_009_00388,베시스타,베시스타,베시스타,solifenacin succinate,solifenacin,molecule,normalized,UPDATE,HIGH
ml,ml_009,sb_009_00368,베시칼린,베시칼린,베시칼린,solifenacin succinate,solifenacin,molecule,normalized,UPDATE,HIGH
ml,ml_009,sb_009_00395,베시캄,베시캄,베시캄,solifenacin succinate,solifenacin,molecule,normalized,UPDATE,HIGH
ml,ml_009,sb_009_00367,베시커버,베시커버,베시커버,solifenacin succinate,solifenacin,molecule,normalized,UPDATE,HIGH
ml,ml_009,sb_009_00382,베시케어,베시케어,베시케어,solifenacin succinate,solifenacin,molecule,normalized,UPDATE,HIGH
ml,ml_009,sb_009_00396,베시콜,베시콜,베시콜,solifenacin succinate,solifenacin,molecule,normalized,UPDATE,HIGH
ml,ml_009,sb_009_00375,베시 퀸,베시퀸,베시퀸,solifenacin succinate,solifenacin,molecule,normalized,UPDATE,HIGH
ml,ml_009,sb_009_00401,베시큐,베시큐,베시큐,solifenacin succinate,solifenacin,molecule,normalized,UPDATE,HIGH
ml,ml_009,sb_009_00044,베아로신,베아로신,베아로신,tamsulosin hydrochloride,tamsulosin,molecule,normalized,UPDATE,HIGH
ml,ml_009,sb_009_00335,베아베린,베아베린,베아베린,propiverine HCl,propiverine,molecule,normalized,UPDATE,HIGH
ml,ml_009,sb_009_00008,베아자트 엑스엘,베아자트엑스엘,베아자트엑스엘,alfuzosin HCl,alfuzosin,molecule,normalized,UPDATE,HIGH
ml,ml_009,sb_009_00325,베타그론,베타그론,베타그론,mirabegron,mirabegron,molecule,normalized,NOOP,HIGH
ml,ml_009,sb_009_00321,베타미가,베타미가,베타미가,mirabegron,mirabegron,molecule,normalized,NOOP,HIGH
ml,ml_009,sb_009_00331,베타미라,베타미라,베타미라,mirabegron,mirabegron,molecule,normalized,NOOP,HIGH
ml,ml_009,sb_009_00313,베타믹,베타믹,베타믹,mirabegron,mirabegron,molecule,normalized,NOOP,HIGH
ml,ml_009,sb_009_00316,베타유론,베타유론,베타유론,mirabegron,mirabegron,molecule,normalized,NOOP,HIGH
ml,ml_009,sb_009_00319,보령 미라베그론,보령미라베그론,보령미라베그론,mirabegron,mirabegron,molecule,normalized,NOOP,HIGH
ml,ml_009,sb_009_00060,보령 탐스로신염산염,보령탐스로신염산염,보령탐스로신염산염,tamsulosin hydrochloride,tamsulosin,molecule,normalized,UPDATE,HIGH
ml,ml_009,sb_009_00242,보령 피나스테리드,보령피나스테리드,보령피나스테리드,finasteride,finasteride,molecule,normalized,NOOP,HIGH
ml,ml_009,sb_009_00063,비보존 탐스로신,비보존탐스로신,비보존탐스로신,tamsulosin hydrochloride,tamsulosin,molecule,normalized,UPDATE,HIGH
ml,ml_009,sb_009_00244,비보존 피나스테리드,비보존피나스테리드,비보존피나스테리드,finasteride,finasteride,molecule,normalized,NOOP,HIGH
ml,ml_009,sb_009_00355,비유프로,비유프로,비유프로,propiverine HCl,propiverine,molecule,normalized,UPDATE,HIGH
ml,ml_009,sb_009_00349,비유피-4,비유피-4,비유피-4,propiverine HCl,propiverine,molecule,normalized,UPDATE,HIGH
ml,ml_009,sb_009_00141,비판티,비판티,비판티,terazosin HCl,terazosin,molecule,normalized,UPDATE,HIGH
ml,ml_009,sb_009_00352,비프로,비프로,비프로,propiverine HCl,propiverine,molecule,normalized,UPDATE,HIGH
ml,ml_009,sb_009_00234,비피스타,비피스타,비피스타,finasteride,finasteride,molecule,normalized,NOOP,HIGH
ml,ml_009,sb_009_00187,삼성 두타스테리드,삼성두타스테리드,삼성두타스테리드,dutasteride,dutasteride,molecule,normalized,NOOP,HIGH
ml,ml_009,sb_009_00377,삼성 솔리페나신,삼성솔리페나신,삼성솔리페나신,solifenacin succinate,solifenacin,molecule,normalized,UPDATE,HIGH
ml,ml_009,sb_009_00064,삼성 탐스로신,삼성탐스로신,삼성탐스로신,tamsulosin hydrochloride,tamsulosin,molecule,normalized,UPDATE,HIGH
ml,ml_009,sb_009_00245,삼성 피나스테리드,삼성피나스테리드,삼성피나스테리드,finasteride,finasteride,molecule,normalized,NOOP,HIGH
ml,ml_009,sb_009_00189,삼천당 두타스테리드,삼천당두타스테리드,삼천당두타스테리드,dutasteride,dutasteride,molecule,normalized,NOOP,HIGH
ml,ml_009,sb_009_00066,삼천당 탐스로신,삼천당탐스로신,삼천당탐스로신,tamsulosin hydrochloride,tamsulosin,molecule,normalized,UPDATE,HIGH
ml,ml_009,sb_009_00326,셀레베타,셀레베타,셀레베타,mirabegron,mirabegron,molecule,normalized,NOOP,HIGH
ml,ml_009,sb_009_00248,셀비온 엔티 테리드,셀비온엔티테리드,셀비온엔티테리드,finasteride,finasteride,molecule,normalized,NOOP,HIGH
ml,ml_009,sb_009_00379,셀페리나,셀페리나,셀페리나,solifenacin succinate,solifenacin,molecule,normalized,UPDATE,HIGH
ml,ml_009,sb_009_00366,소울큐,소울큐,소울큐,solifenacin succinate,solifenacin,molecule,normalized,UPDATE,HIGH
ml,ml_009,sb_009_00376,솔레나신,솔레나신,솔레나신,solifenacin succinate,solifenacin,molecule,normalized,UPDATE,HIGH
ml,ml_009,sb_009_00397,솔리나신,솔리나신,솔리나신,solifenacin succinate,solifenacin,molecule,normalized,UPDATE,HIGH
ml,ml_009,sb_009_00360,솔리스탑,솔리스탑,솔리스탑,solifenacin succinate,solifenacin,molecule,normalized,UPDATE,HIGH
ml,ml_009,sb_009_00385,솔리시톨,솔리시톨,솔리시톨,solifenacin succinate,solifenacin,molecule,normalized,UPDATE,HIGH
ml,ml_009,sb_009_00391,솔리신,솔리신,솔리신,solifenacin succinate,solifenacin,molecule,normalized,UPDATE,HIGH
ml,ml_009,sb_009_00373,솔리케어,솔리케어,솔리케어,solifenacin succinate,solifenacin,molecule,normalized,UPDATE,HIGH
ml,ml_009,sb_009_00374,솔리콘,솔리콘,솔리콘,solifenacin succinate,solifenacin,molecule,normalized,UPDATE,HIGH
ml,ml_009,sb_009_00378,솔리테어,솔리테어,솔리테어,solifenacin succinate,solifenacin,molecule,normalized,UPDATE,HIGH
ml,ml_009,sb_009_00371,솔리페노실,솔리페노실,솔리페노실,solifenacin succinate,solifenacin,molecule,normalized,UPDATE,HIGH
ml,ml_009,sb_009_00390,솔리페신,솔리페신,솔리페신,solifenacin succinate,solifenacin,molecule,normalized,UPDATE,HIGH
ml,ml_009,sb_009_00365,솔리프로,솔리프로,솔리프로,solifenacin succinate,solifenacin,molecule,normalized,UPDATE,HIGH
ml,ml_009,sb_009_00403,솔베나,솔베나,솔베나,solifenacin succinate,solifenacin,molecule,normalized,UPDATE,HIGH
ml,ml_009,sb_009_00370,솔베신,솔베신,솔베신,solifenacin succinate,solifenacin,molecule,normalized,UPDATE,HIGH
ml,ml_009,sb_009_00383,솔신,솔신,솔신,solifenacin succinate,solifenacin,molecule,normalized,UPDATE,HIGH
ml,ml_009,sb_009_00394,솔토니신,솔토니신,솔토니신,solifenacin succinate,solifenacin,molecule,normalized,UPDATE,HIGH
ml,ml_009,sb_009_00400,솔페나신,솔페나신,솔페나신,solifenacin succinate,solifenacin,molecule,normalized,UPDATE,HIGH
ml,ml_009,sb_009_00384,솔페락,솔페락,솔페락,solifenacin succinate,solifenacin,molecule,normalized,UPDATE,HIGH
ml,ml_009,sb_009_00359,솔페신,솔페신,솔페신,solifenacin succinate,solifenacin,molecule,normalized,UPDATE,HIGH
ml,ml_009,sb_009_00256,스카렉스,스카렉스,스카렉스,finasteride,finasteride,molecule,normalized,NOOP,HIGH
ml,ml_009,sb_009_00239,스카테론,스카테론,스카테론,finasteride,finasteride,molecule,normalized,NOOP,HIGH
ml,ml_009,sb_009_00411,스파스몰리트,스파스몰리트,스파스몰리트,trospium chloride,trospium,molecule,normalized,UPDATE,HIGH
ml,ml_009,sb_009_00047,시워날,시워날,시워날,tamsulosin hydrochloride,tamsulosin,molecule,normalized,UPDATE,HIGH
ml,ml_009,sb_009_00104,실론탐,실론탐,실론탐,tamsulosin hydrochloride,tamsulosin,molecule,normalized,UPDATE,HIGH
ml,ml_009,sb_009_00033,실루로신,실루로신,실루로신,silodosin,silodosin,molecule,normalized,NOOP,HIGH
ml,ml_009,sb_009_00307,쏘메토,쏘메토,쏘메토,serenoa repens lipidosterolic ext.,제외,molecule,normalized,UPDATE,HIGH
ml,ml_009,sb_009_00190,씨엠두타,씨엠두타,씨엠두타,dutasteride,dutasteride,molecule,normalized,NOOP,HIGH
ml,ml_009,sb_009_00381,씨엠케어,씨엠케어,씨엠케어,solifenacin succinate,solifenacin,molecule,normalized,UPDATE,HIGH
ml,ml_009,sb_009_00252,씨엠피나,씨엠피나,씨엠피나,finasteride,finasteride,molecule,normalized,NOOP,HIGH
ml,ml_009,sb_009_00085,씨트로신,씨트로신,씨트로신,tamsulosin hydrochloride,tamsulosin,molecule,normalized,UPDATE,HIGH
ml,ml_009,sb_009_00387,씨트케어,씨트케어,씨트케어,solifenacin succinate,solifenacin,molecule,normalized,UPDATE,HIGH
ml,ml_009,sb_009_00192,아나딘,아나딘,아나딘,dutasteride,dutasteride,molecule,normalized,NOOP,HIGH
ml,ml_009,sb_009_00215,아다모,아다모,아다모,dutasteride,dutasteride,molecule,normalized,NOOP,HIGH
ml,ml_009,sb_009_00188,아두타,아두타,아두타,dutasteride,dutasteride,molecule,normalized,NOOP,HIGH
ml,ml_009,sb_009_00208,아보그로,아보그로,아보그로,dutasteride,dutasteride,molecule,normalized,NOOP,HIGH
ml,ml_009,sb_009_00170,아보다트,아보다트,아보다트,dutasteride,dutasteride,molecule,normalized,NOOP,HIGH
ml,ml_009,sb_009_00209,아보두타,아보두타,아보두타,dutasteride,dutasteride,molecule,normalized,NOOP,HIGH
ml,ml_009,sb_009_00202,아보스타,아보스타,아보스타,dutasteride,dutasteride,molecule,normalized,NOOP,HIGH
ml,ml_009,sb_009_00169,아보스티드,아보스티드,아보스티드,dutasteride,dutasteride,molecule,normalized,NOOP,HIGH
ml,ml_009,sb_009_00185,아보엠,아보엠,아보엠,dutasteride,dutasteride,molecule,normalized,NOOP,HIGH
ml,ml_009,sb_009_00211,아보타스,아보타스,아보타스,dutasteride,dutasteride,molecule,normalized,NOOP,HIGH
ml,ml_009,sb_009_00198,아보탄,아보탄,아보탄,dutasteride,dutasteride,molecule,normalized,NOOP,HIGH
ml,ml_009,sb_009_00196,아보테드,아보테드,아보테드,dutasteride,dutasteride,molecule,normalized,NOOP,HIGH
ml,ml_009,sb_009_00200,아보테리드,아보테리드,아보테리드,dutasteride,dutasteride,molecule,normalized,NOOP,HIGH
ml,ml_009,sb_009_00206,아보투윈,아보투윈,아보투윈,dutasteride,dutasteride,molecule,normalized,NOOP,HIGH
ml,ml_009,sb_009_00238,알로피나,알로피나,알로피나,finasteride,finasteride,molecule,normalized,NOOP,HIGH
ml,ml_009,sb_009_00079,알루날,알루날,알루날,tamsulosin hydrochloride,tamsulosin,molecule,normalized,UPDATE,HIGH
ml,ml_009,sb_009_00275,알파스카,알파스카,알파스카,finasteride,finasteride,molecule,normalized,NOOP,HIGH
ml,ml_009,sb_009_00009,알푸랄 엑스엘,알푸랄엑스엘,알푸랄엑스엘,alfuzosin HCl,alfuzosin,molecule,normalized,UPDATE,HIGH
ml,ml_009,sb_009_00014,알푸릭스엑스엘,알푸릭스엑스엘,알푸릭스엑스엘,alfuzosin HCl,alfuzosin,molecule,normalized,UPDATE,HIGH
ml,ml_009,sb_009_00010,알푸케어,알푸케어,알푸케어,alfuzosin HCl,alfuzosin,molecule,normalized,UPDATE,HIGH
ml,ml_009,sb_009_00006,알프신엑스엘,알프신엑스엘,알프신엑스엘,alfuzosin HCl,alfuzosin,molecule,normalized,UPDATE,HIGH
ml,ml_009,sb_009_00019,알프엑스엘,알프엑스엘,알프엑스엘,alfuzosin HCl,alfuzosin,molecule,normalized,UPDATE,HIGH
ml,ml_009,sb_009_00018,알프존,알프존,알프존,alfuzosin HCl,alfuzosin,molecule,normalized,UPDATE,HIGH
ml,ml_009,sb_009_00193,에이두타,에이두타,에이두타,dutasteride,dutasteride,molecule,normalized,NOOP,HIGH
ml,ml_009,sb_009_00323,에이미가,에이미가,에이미가,mirabegron,mirabegron,molecule,normalized,NOOP,HIGH
ml,ml_009,sb_009_00082,에이블 탐스로신,에이블탐스로신,에이블탐스로신,tamsulosin hydrochloride,tamsulosin,molecule,normalized,UPDATE,HIGH
ml,ml_009,sb_009_00357,에이케어,에이케어,에이케어,solifenacin fumarate,solifenacin,molecule,normalized,UPDATE,HIGH
ml,ml_009,sb_009_00176,엔피 다트,엔피다트,엔피다트,dutasteride,dutasteride,molecule,normalized,NOOP,HIGH
ml,ml_009,sb_009_00232,엔피스카,엔피스카,엔피스카,finasteride,finasteride,molecule,normalized,NOOP,HIGH
ml,ml_009,sb_009_00267,오가논 프로스카,오가논프로스카,오가논프로스카,finasteride,finasteride,molecule,normalized,NOOP,HIGH
ml,ml_009,sb_009_00399,오에이비,오에이비,오에이비,solifenacin succinate,solifenacin,molecule,normalized,UPDATE,HIGH
ml,ml_009,sb_009_00161,오트린,오트린,오트린,terazosin HCl,terazosin,molecule,normalized,UPDATE,HIGH
ml,ml_009,sb_009_00363,올페나신,올페나신,올페나신,solifenacin succinate,solifenacin,molecule,normalized,UPDATE,HIGH
ml,ml_009,sb_009_00393,요시케어,요시케어,요시케어,solifenacin succinate,solifenacin,molecule,normalized,UPDATE,HIGH
ml,ml_009,sb_009_00219,원투스테리드,원투스테리드,원투스테리드,dutasteride,dutasteride,molecule,normalized,NOOP,HIGH
ml,ml_009,sb_009_00404,웰유로,웰유로,웰유로,solifenacin succinate,solifenacin,molecule,normalized,UPDATE,HIGH
ml,ml_009,sb_009_00269,위피나,위피나,위피나,finasteride,finasteride,molecule,normalized,NOOP,HIGH
ml,ml_009,sb_009_00021,윈트랄엑스엘,윈트랄엑스엘,윈트랄엑스엘,alfuzosin HCl,alfuzosin,molecule,normalized,UPDATE,HIGH
ml,ml_009,sb_009_00152,유니트린,유니트린,유니트린,terazosin HCl,terazosin,molecule,normalized,UPDATE,HIGH
ml,ml_009,sb_009_00253,유레이드,유레이드,유레이드,finasteride,finasteride,molecule,normalized,NOOP,HIGH
ml,ml_009,sb_009_00340,유로나,유로나,유로나,propiverine HCl,propiverine,molecule,normalized,UPDATE,HIGH
ml,ml_009,sb_009_00038,유로날,유로날,유로날,tamsulosin hydrochloride,tamsulosin,molecule,normalized,UPDATE,HIGH
ml,ml_009,sb_009_00191,유로다트,유로다트,유로다트,dutasteride,dutasteride,molecule,normalized,NOOP,HIGH
ml,ml_009,sb_009_00235,유로리드,유로리드,유로리드,finasteride,finasteride,molecule,normalized,NOOP,HIGH
ml,ml_009,sb_009_00023,유로바스,유로바스,유로바스,naftopidil,naftopidil,molecule,normalized,NOOP,HIGH
ml,ml_009,sb_009_00342,유로베린,유로베린,유로베린,propiverine HCl,propiverine,molecule,normalized,UPDATE,HIGH
ml,ml_009,sb_009_00223,유로스칸,유로스칸,유로스칸,finasteride,finasteride,molecule,normalized,NOOP,HIGH
ml,ml_009,sb_009_00123,유로신,유로신,유로신,tamsulosin hydrochloride,tamsulosin,molecule,normalized,UPDATE,HIGH
ml,ml_009,sb_009_00011,유로알파 엑스엘,유로알파엑스엘,유로알파엑스엘,alfuzosin HCl,alfuzosin,molecule,normalized,UPDATE,HIGH
ml,ml_009,sb_009_00016,유로지트엑스엘,유로지트엑스엘,유로지트엑스엘,alfuzosin HCl,alfuzosin,molecule,normalized,UPDATE,HIGH
ml,ml_009,sb_009_00392,유로케어,유로케어,유로케어,solifenacin succinate,solifenacin,molecule,normalized,UPDATE,HIGH
ml,ml_009,sb_009_00341,유로콘,유로콘,유로콘,propiverine HCl,propiverine,molecule,normalized,UPDATE,HIGH
ml,ml_009,sb_009_00410,유로큐,유로큐,유로큐,tolterodine tartrate,tolterodine,molecule,normalized,UPDATE,HIGH
ml,ml_009,sb_009_00098,유로탐스,유로탐스,유로탐스,tamsulosin hydrochloride,tamsulosin,molecule,normalized,UPDATE,HIGH
ml,ml_009,sb_009_00372,유로테라,유로테라,유로테라,solifenacin succinate,solifenacin,molecule,normalized,UPDATE,HIGH
ml,ml_009,sb_009_00015,유로트랄엑스엘,유로트랄엑스엘,유로트랄엑스엘,alfuzosin HCl,alfuzosin,molecule,normalized,UPDATE,HIGH
ml,ml_009,sb_009_00150,유로트린,유로트린,유로트린,terazosin HCl,terazosin,molecule,normalized,UPDATE,HIGH
ml,ml_009,sb_009_00053,유로파,유로파,유로파,tamsulosin hydrochloride,tamsulosin,molecule,normalized,UPDATE,HIGH
ml,ml_009,sb_009_00380,유로페나신,유로페나신,유로페나신,solifenacin succinate,solifenacin,molecule,normalized,UPDATE,HIGH
ml,ml_009,sb_009_00337,유로프로,유로프로,유로프로,propiverine HCl,propiverine,molecule,normalized,UPDATE,HIGH
ml,ml_009,sb_009_00224,유로피나,유로피나,유로피나,finasteride,finasteride,molecule,normalized,NOOP,HIGH
ml,ml_009,sb_009_00030,유로피딜,유로피딜,유로피딜,naftopidil,naftopidil,molecule,normalized,NOOP,HIGH
ml,ml_009,sb_009_00348,유로픽스,유로픽스,유로픽스,propiverine HCl,propiverine,molecule,normalized,UPDATE,HIGH
ml,ml_009,sb_009_00309,유리토스,유리토스,유리토스,Imidafenacin,Imidafenacin,molecule,normalized,NOOP,HIGH
ml,ml_009,sb_009_00398,유리페나,유리페나,유리페나,solifenacin succinate,solifenacin,molecule,normalized,UPDATE,HIGH
ml,ml_009,sb_009_00073,유린스타,유린스타,유린스타,tamsulosin hydrochloride,tamsulosin,molecule,normalized,UPDATE,HIGH
ml,ml_009,sb_009_00338,유베린,유베린,유베린,propiverine HCl,propiverine,molecule,normalized,UPDATE,HIGH
ml,ml_009,sb_009_00040,유타날,유타날,유타날,tamsulosin hydrochloride,tamsulosin,molecule,normalized,UPDATE,HIGH
ml,ml_009,sb_009_00369,유토케어,유토케어,유토케어,solifenacin succinate,solifenacin,molecule,normalized,UPDATE,HIGH
ml,ml_009,sb_009_00344,유프베린,유프베린,유프베린,propiverine HCl,propiverine,molecule,normalized,UPDATE,HIGH
ml,ml_009,sb_009_00339,유피베린,유피베린,유피베린,propiverine HCl,propiverine,molecule,normalized,UPDATE,HIGH
ml,ml_009,sb_009_00199,유힐릭스,유힐릭스,유힐릭스,dutasteride,dutasteride,molecule,normalized,NOOP,HIGH
ml,ml_009,sb_009_00262,이노엔 피나스테리드,이노엔피나스테리드,이노엔피나스테리드,finasteride,finasteride,molecule,normalized,NOOP,HIGH
ml,ml_009,sb_009_00346,이연 프로피베린,이연프로피베린,이연프로피베린,propiverine HCl,propiverine,molecule,normalized,UPDATE,HIGH
ml,ml_009,sb_009_00386,인페나신,인페나신,인페나신,solifenacin succinate,solifenacin,molecule,normalized,UPDATE,HIGH
ml,ml_009,sb_009_00277,일양 피나스테리드,일양피나스테리드,일양피나스테리드,finasteride,finasteride,molecule,normalized,NOOP,HIGH
ml,ml_009,sb_009_00157,일양 하이트린,일양하이트린,일양하이트린,terazosin HCl,terazosin,molecule,normalized,UPDATE,HIGH
ml,ml_009,sb_009_00213,자이가드,자이가드,자이가드,dutasteride,dutasteride,molecule,normalized,NOOP,HIGH
ml,ml_009,sb_009_00020,자트랄 엑스엘,자트랄엑스엘,자트랄엑스엘,alfuzosin HCl,alfuzosin,molecule,normalized,UPDATE,HIGH
ml,ml_009,sb_009_00007,자트론 엑스엘,자트론엑스엘,자트론엑스엘,alfuzosin HCl,alfuzosin,molecule,normalized,UPDATE,HIGH
ml,ml_009,sb_009_00013,잘트린 엑스엘,잘트린엑스엘,잘트린엑스엘,alfuzosin HCl,alfuzosin,molecule,normalized,UPDATE,HIGH
ml,ml_009,sb_canonical_015_제이다트,제이다트,제이다트,제이다트,dutasteride,dutasteride,molecule,normalized,NOOP,HIGH
ml,ml_009,sb_009_00271,제이피나,제이피나,제이피나,finasteride,finasteride,molecule,normalized,NOOP,HIGH
ml,ml_009,sb_009_00311,지타미가,지타미가,지타미가,mirabegron,mirabegron,molecule,normalized,NOOP,HIGH
ml,ml_009,sb_009_00017,코트랄,코트랄,코트랄,alfuzosin HCl,alfuzosin,molecule,normalized,UPDATE,HIGH
ml,ml_009,sb_009_00284,큐로이드,큐로이드,큐로이드,finasteride,finasteride,molecule,normalized,NOOP,HIGH
ml,ml_009,sb_009_00109,큐미날,큐미날,큐미날,tamsulosin hydrochloride,tamsulosin,molecule,normalized,UPDATE,HIGH
ml,ml_009,sb_009_00405,큐어나신,큐어나신,큐어나신,solifenacin succinate,solifenacin,molecule,normalized,UPDATE,HIGH
ml,ml_009,sb_009_00356,큐어베린,큐어베린,큐어베린,propiverine HCl,propiverine,molecule,normalized,UPDATE,HIGH
ml,ml_009,sb_009_00049,타로신,타로신,타로신,tamsulosin hydrochloride,tamsulosin,molecule,normalized,UPDATE,HIGH
ml,ml_009,sb_009_00054,타루날,타루날,타루날,tamsulosin hydrochloride,tamsulosin,molecule,normalized,UPDATE,HIGH
ml,ml_009,sb_009_00105,타무날,타무날,타무날,tamsulosin hydrochloride,tamsulosin,molecule,normalized,UPDATE,HIGH
ml,ml_009,sb_009_00099,타무로신,타무로신,타무로신,tamsulosin hydrochloride,tamsulosin,molecule,normalized,UPDATE,HIGH
ml,ml_009,sb_009_00332,타미가,타미가,타미가,mirabegron,mirabegron,molecule,normalized,NOOP,HIGH
ml,ml_009,sb_009_00101,타미날,타미날,타미날,tamsulosin hydrochloride,tamsulosin,molecule,normalized,UPDATE,HIGH
ml,ml_009,sb_009_00118,타미로신,타미로신,타미로신,tamsulosin hydrochloride,tamsulosin,molecule,normalized,UPDATE,HIGH
ml,ml_009,sb_009_00067,타임에스,타임에스,타임에스,tamsulosin hydrochloride,tamsulosin,molecule,normalized,UPDATE,HIGH
ml,ml_009,sb_009_00186,타테린,타테린,타테린,dutasteride,dutasteride,molecule,normalized,NOOP,HIGH
ml,ml_009,sb_009_00096,탐로딘,탐로딘,탐로딘,tamsulosin hydrochloride,tamsulosin,molecule,normalized,UPDATE,HIGH
ml,ml_009,sb_009_00110,탐로스,탐로스,탐로스,tamsulosin hydrochloride,tamsulosin,molecule,normalized,UPDATE,HIGH
ml,ml_009,sb_009_00086,탐로스타,탐로스타,탐로스타,tamsulosin hydrochloride,tamsulosin,molecule,normalized,UPDATE,HIGH
ml,ml_009,sb_009_00088,탐로신,탐로신,탐로신,tamsulosin hydrochloride,tamsulosin,molecule,normalized,UPDATE,HIGH
ml,ml_009,sb_009_00126,탐루신디,탐루신디,탐루신디,tamsulosin hydrochloride,tamsulosin,molecule,normalized,UPDATE,HIGH
ml,ml_009,sb_009_00057,탐센,탐센,탐센,tamsulosin hydrochloride,tamsulosin,molecule,normalized,UPDATE,HIGH
ml,ml_009,sb_009_00058,탐소날,탐소날,탐소날,tamsulosin hydrochloride,tamsulosin,molecule,normalized,UPDATE,HIGH
ml,ml_009,sb_009_00128,탐소신,탐소신,탐소신,tamsulosin hydrochloride,tamsulosin,molecule,normalized,UPDATE,HIGH
ml,ml_009,sb_009_00069,탐솔,탐솔,탐솔,tamsulosin hydrochloride,tamsulosin,molecule,normalized,UPDATE,HIGH
ml,ml_009,sb_009_00115,탐수날,탐수날,탐수날,tamsulosin hydrochloride,tamsulosin,molecule,normalized,UPDATE,HIGH
ml,ml_009,sb_009_00043,탐수로신,탐수로신,탐수로신,tamsulosin hydrochloride,tamsulosin,molecule,normalized,UPDATE,HIGH
ml,ml_009,sb_009_00056,탐술엠,탐술엠,탐술엠,tamsulosin hydrochloride,tamsulosin,molecule,normalized,UPDATE,HIGH
ml,ml_009,sb_009_00089,탐스,탐스,탐스,tamsulosin hydrochloride,tamsulosin,molecule,normalized,UPDATE,HIGH
ml,ml_009,sb_009_00095,탐스날,탐스날,탐스날,tamsulosin hydrochloride,tamsulosin,molecule,normalized,UPDATE,HIGH
ml,ml_009,sb_009_00091,탐스돌,탐스돌,탐스돌,tamsulosin hydrochloride,tamsulosin,molecule,normalized,UPDATE,HIGH
ml,ml_009,sb_009_00108,탐스로,탐스로,탐스로,tamsulosin hydrochloride,tamsulosin,molecule,normalized,UPDATE,HIGH
ml,ml_009,sb_009_00039,탐스로날,탐스로날,탐스로날,tamsulosin hydrochloride,tamsulosin,molecule,normalized,UPDATE,HIGH
ml,ml_009,sb_009_00087,탐스로신,탐스로신,탐스로신,tamsulosin hydrochloride,tamsulosin,molecule,normalized,UPDATE,HIGH
ml,ml_009,sb_009_00097,탐스로진,탐스로진,탐스로진,tamsulosin hydrochloride,tamsulosin,molecule,normalized,UPDATE,HIGH
ml,ml_009,sb_009_00090,탐스론,탐스론,탐스론,tamsulosin hydrochloride,tamsulosin,molecule,normalized,UPDATE,HIGH
ml,ml_009,sb_009_00068,탐스롤,탐스롤,탐스롤,tamsulosin hydrochloride,tamsulosin,molecule,normalized,UPDATE,HIGH
ml,ml_009,sb_009_00106,탐스루신,탐스루신,탐스루신,tamsulosin hydrochloride,tamsulosin,molecule,normalized,UPDATE,HIGH
ml,ml_009,sb_009_00083,탐스에이블,탐스에이블,탐스에이블,tamsulosin hydrochloride,tamsulosin,molecule,normalized,UPDATE,HIGH
ml,ml_009,sb_009_00042,탐스올,탐스올,탐스올,tamsulosin hydrochloride,tamsulosin,molecule,normalized,UPDATE,HIGH
ml,ml_009,sb_009_00048,탐스웰,탐스웰,탐스웰,tamsulosin hydrochloride,tamsulosin,molecule,normalized,UPDATE,HIGH
ml,ml_009,sb_009_00076,탐스진,탐스진,탐스진,tamsulosin hydrochloride,tamsulosin,molecule,normalized,UPDATE,HIGH
ml,ml_009,sb_009_00051,탐스케어,탐스케어,탐스케어,tamsulosin hydrochloride,tamsulosin,molecule,normalized,UPDATE,HIGH
ml,ml_009,sb_009_00113,탐스타,탐스타,탐스타,tamsulosin hydrochloride,tamsulosin,molecule,normalized,UPDATE,HIGH
ml,ml_009,sb_009_00093,탐스트로,탐스트로,탐스트로,tamsulosin hydrochloride,tamsulosin,molecule,normalized,UPDATE,HIGH
ml,ml_009,sb_009_00125,탐스폰,탐스폰,탐스폰,tamsulosin hydrochloride,tamsulosin,molecule,normalized,UPDATE,HIGH
ml,ml_009,sb_009_00112,탐스프로,탐스프로,탐스프로,tamsulosin hydrochloride,tamsulosin,molecule,normalized,UPDATE,HIGH
ml,ml_009,sb_009_00129,탐스플라,탐스플라,탐스플라,tamsulosin hydrochloride,tamsulosin,molecule,normalized,UPDATE,HIGH
ml,ml_009,sb_009_00065,탐스피드,탐스피드,탐스피드,tamsulosin hydrochloride,tamsulosin,molecule,normalized,UPDATE,HIGH
ml,ml_009,sb_009_00124,탐스핀,탐스핀,탐스핀,tamsulosin hydrochloride,tamsulosin,molecule,normalized,UPDATE,HIGH
ml,ml_009,sb_009_00081,탐슬로,탐슬로,탐슬로,tamsulosin hydrochloride,tamsulosin,molecule,normalized,UPDATE,HIGH
ml,ml_009,sb_009_00070,탐시원,탐시원,탐시원,tamsulosin hydrochloride,tamsulosin,molecule,normalized,UPDATE,HIGH
ml,ml_009,sb_009_00127,탐시케어,탐시케어,탐시케어,tamsulosin hydrochloride,tamsulosin,molecule,normalized,UPDATE,HIGH
ml,ml_009,sb_009_00072,탐신,탐신,탐신,tamsulosin hydrochloride,tamsulosin,molecule,normalized,UPDATE,HIGH
ml,ml_009,sb_009_00075,탐실,탐실,탐실,tamsulosin hydrochloride,tamsulosin,molecule,normalized,UPDATE,HIGH
ml,ml_009,sb_009_00100,탐파신,탐파신,탐파신,tamsulosin hydrochloride,tamsulosin,molecule,normalized,UPDATE,HIGH
ml,ml_009,sb_009_00041,탐피론,탐피론,탐피론,tamsulosin hydrochloride,tamsulosin,molecule,normalized,UPDATE,HIGH
ml,ml_009,sb_009_00146,테라딘,테라딘,테라딘,terazosin HCl,terazosin,molecule,normalized,UPDATE,HIGH
ml,ml_009,sb_009_00140,테라루신,테라루신,테라루신,terazosin HCl,terazosin,molecule,normalized,UPDATE,HIGH
ml,ml_009,sb_009_00130,테라메드,테라메드,테라메드,terazosin HCl,terazosin,molecule,normalized,UPDATE,HIGH
ml,ml_009,sb_009_00143,테라산,테라산,테라산,terazosin HCl,terazosin,molecule,normalized,UPDATE,HIGH
ml,ml_009,sb_009_00135,테라신,테라신,테라신,terazosin HCl,terazosin,molecule,normalized,UPDATE,HIGH
ml,ml_009,sb_009_00160,테라엘,테라엘,테라엘,terazosin HCl,terazosin,molecule,normalized,UPDATE,HIGH
ml,ml_009,sb_009_00149,테라온,테라온,테라온,terazosin HCl,terazosin,molecule,normalized,UPDATE,HIGH
ml,ml_009,sb_009_00139,테라젠,테라젠,테라젠,terazosin HCl,terazosin,molecule,normalized,UPDATE,HIGH
ml,ml_009,sb_009_00111,테라젠 탐스민,테라젠탐스민,테라젠탐스민,tamsulosin hydrochloride,tamsulosin,molecule,normalized,UPDATE,HIGH
ml,ml_009,sb_009_00153,테라조,테라조,테라조,terazosin HCl,terazosin,molecule,normalized,UPDATE,HIGH
ml,ml_009,sb_009_00144,테라졸,테라졸,테라졸,terazosin HCl,terazosin,molecule,normalized,UPDATE,HIGH
ml,ml_009,sb_009_00154,테라지트,테라지트,테라지트,terazosin HCl,terazosin,molecule,normalized,UPDATE,HIGH
ml,ml_009,sb_009_00156,테라팜,테라팜,테라팜,terazosin HCl,terazosin,molecule,normalized,UPDATE,HIGH
ml,ml_009,sb_009_00155,테라포스,테라포스,테라포스,terazosin HCl,terazosin,molecule,normalized,UPDATE,HIGH
ml,ml_009,sb_009_00162,테레신,테레신,테레신,terazosin HCl,terazosin,molecule,normalized,UPDATE,HIGH
ml,ml_009,sb_009_00163,테로스,테로스,테로스,terazosin HCl,terazosin,molecule,normalized,UPDATE,HIGH
ml,ml_009,sb_009_00147,테로신,테로신,테로신,terazosin HCl,terazosin,molecule,normalized,UPDATE,HIGH
ml,ml_009,sb_009_00137,테로조신,테로조신,테로조신,terazosin HCl,terazosin,molecule,normalized,UPDATE,HIGH
ml,ml_009,sb_009_00142,테로핀,테로핀,테로핀,terazosin HCl,terazosin,molecule,normalized,UPDATE,HIGH
ml,ml_009,sb_009_00159,테조신,테조신,테조신,terazosin HCl,terazosin,molecule,normalized,UPDATE,HIGH
ml,ml_009,sb_009_00136,테트린,테트린,테트린,terazosin HCl,terazosin,molecule,normalized,UPDATE,HIGH
ml,ml_009,sb_009_00165,텔라조신,텔라조신,텔라조신,terazosin HCl,terazosin,molecule,normalized,UPDATE,HIGH
ml,ml_009,sb_009_00407,텔로딘,텔로딘,텔로딘,tolterodine tartrate,tolterodine,molecule,normalized,UPDATE,HIGH
ml,ml_009,sb_009_00308,토비애즈,토비애즈,토비애즈,fesoterodine fumarate,fesoterodine,molecule,normalized,UPDATE,HIGH
ml,ml_009,sb_009_00131,트라조신,트라조신,트라조신,terazosin HCl,terazosin,molecule,normalized,UPDATE,HIGH
ml,ml_009,sb_009_00237,트로피나,트로피나,트로피나,finasteride,finasteride,molecule,normalized,NOOP,HIGH
ml,ml_009,sb_009_00034,트루렌,트루렌,트루렌,silodosin,silodosin,molecule,normalized,NOOP,HIGH
ml,ml_009,sb_009_00032,트루테라,트루테라,트루테라,silodosin,silodosin,molecule,normalized,NOOP,HIGH
ml,ml_009,sb_canonical_013_트루패스,트루패스,트루패스,트루패스,silodosin,silodosin,molecule,normalized,NOOP,HIGH
ml,ml_009,sb_009_00102,티피로신,티피로신,티피로신,tamsulosin hydrochloride,tamsulosin,molecule,normalized,UPDATE,HIGH
ml,ml_009,sb_009_00246,파나드,파나드,파나드,finasteride,finasteride,molecule,normalized,NOOP,HIGH
ml,ml_009,sb_009_00290,파나리드,파나리드,파나리드,finasteride,finasteride,molecule,normalized,NOOP,HIGH
ml,ml_009,sb_009_00273,파나스카,파나스카,파나스카,finasteride,finasteride,molecule,normalized,NOOP,HIGH
ml,ml_009,sb_009_00117,파마 탐스로신,파마탐스로신,파마탐스로신,tamsulosin hydrochloride,tamsulosin,molecule,normalized,UPDATE,HIGH
ml,ml_009,sb_009_00084,팜스로신,팜스로신,팜스로신,tamsulosin hydrochloride,tamsulosin,molecule,normalized,UPDATE,HIGH
ml,ml_009,sb_009_00347,포베린,포베린,포베린,propiverine HCl,propiverine,molecule,normalized,UPDATE,HIGH
ml,ml_009,sb_009_00266,푸로스타,푸로스타,푸로스타,finasteride,finasteride,molecule,normalized,NOOP,HIGH
ml,ml_009,sb_009_00138,푸로조신,푸로조신,푸로조신,terazosin HCl,terazosin,molecule,normalized,UPDATE,HIGH
ml,ml_009,sb_009_00291,푸로케어,푸로케어,푸로케어,finasteride,finasteride,molecule,normalized,NOOP,HIGH
ml,ml_009,sb_009_00212,프라임 아리드,프라임아리드,프라임아리드,dutasteride,dutasteride,molecule,normalized,NOOP,HIGH
ml,ml_009,sb_009_00114,프라탐,프라탐,프라탐,tamsulosin hydrochloride,tamsulosin,molecule,normalized,UPDATE,HIGH
ml,ml_009,sb_009_00297,프로나드,프로나드,프로나드,finasteride,finasteride,molecule,normalized,NOOP,HIGH
ml,ml_009,sb_009_00203,프로다트,프로다트,프로다트,dutasteride,dutasteride,molecule,normalized,NOOP,HIGH
ml,ml_009,sb_009_00272,프로리드,프로리드,프로리드,finasteride,finasteride,molecule,normalized,NOOP,HIGH
ml,ml_009,sb_009_00345,프로베,프로베,프로베,propiverine HCl,propiverine,molecule,normalized,UPDATE,HIGH
ml,ml_009,sb_009_00350,프로빈,프로빈,프로빈,propiverine HCl,propiverine,molecule,normalized,UPDATE,HIGH
ml,ml_009,sb_009_00281,프로스몰,프로스몰,프로스몰,finasteride,finasteride,molecule,normalized,NOOP,HIGH
ml,ml_009,sb_009_00241,프로스타트,프로스타트,프로스타트,finasteride,finasteride,molecule,normalized,NOOP,HIGH
ml,ml_009,sb_009_00303,프로스테리드,프로스테리드,프로스테리드,finasteride,finasteride,molecule,normalized,NOOP,HIGH
ml,ml_009,sb_009_00254,프로스틸,프로스틸,프로스틸,finasteride,finasteride,molecule,normalized,NOOP,HIGH
ml,ml_009,sb_009_00343,프로시톨,프로시톨,프로시톨,propiverine HCl,propiverine,molecule,normalized,UPDATE,HIGH
ml,ml_009,sb_009_00107,프로탐스,프로탐스,프로탐스,tamsulosin hydrochloride,tamsulosin,molecule,normalized,UPDATE,HIGH
ml,ml_009,sb_009_00251,프로피나,프로피나,프로피나,finasteride,finasteride,molecule,normalized,NOOP,HIGH
ml,ml_009,sb_009_00229,프로핀카,프로핀카,프로핀카,finasteride,finasteride,molecule,normalized,NOOP,HIGH
ml,ml_009,sb_009_00233,프로화,프로화,프로화,finasteride,finasteride,molecule,normalized,NOOP,HIGH
ml,ml_009,sb_009_00336,프롭,프롭,프롭,propiverine HCl,propiverine,molecule,normalized,UPDATE,HIGH
ml,ml_009,sb_009_00299,프리스타,프리스타,프리스타,finasteride,finasteride,molecule,normalized,NOOP,HIGH
ml,ml_009,sb_009_00028,플로리스,플로리스,플로리스,naftopidil,naftopidil,molecule,normalized,NOOP,HIGH
ml,ml_009,sb_009_00025,플리바스,플리바스,플리바스,naftopidil,naftopidil,molecule,normalized,NOOP,HIGH
ml,ml_009,sb_009_00225,피나그렌,피나그렌,피나그렌,finasteride,finasteride,molecule,normalized,NOOP,HIGH
ml,ml_009,sb_009_00274,피나드,피나드,피나드,finasteride,finasteride,molecule,normalized,NOOP,HIGH
ml,ml_009,sb_009_00258,피나드론,피나드론,피나드론,finasteride,finasteride,molecule,normalized,NOOP,HIGH
ml,ml_009,sb_009_00230,피나론,피나론,피나론,finasteride,finasteride,molecule,normalized,NOOP,HIGH
ml,ml_009,sb_009_00247,피나리,피나리,피나리,finasteride,finasteride,molecule,normalized,NOOP,HIGH
ml,ml_009,sb_009_00279,피나린,피나린,피나린,finasteride,finasteride,molecule,normalized,NOOP,HIGH
ml,ml_009,sb_009_00265,피나베린,피나베린,피나베린,finasteride,finasteride,molecule,normalized,NOOP,HIGH
ml,ml_009,sb_009_00276,피나세트,피나세트,피나세트,finasteride,finasteride,molecule,normalized,NOOP,HIGH
ml,ml_009,sb_009_00227,피나스,피나스,피나스,finasteride,finasteride,molecule,normalized,NOOP,HIGH
ml,ml_009,sb_009_00257,피나스로,피나스로,피나스로,finasteride,finasteride,molecule,normalized,NOOP,HIGH
ml,ml_009,sb_009_00287,피나스카,피나스카,피나스카,finasteride,finasteride,molecule,normalized,NOOP,HIGH
ml,ml_009,sb_009_00286,피나스칸,피나스칸,피나스칸,finasteride,finasteride,molecule,normalized,NOOP,HIGH
ml,ml_009,sb_canonical_014_피나스타,피나스타,피나스타,피나스타,finasteride,finasteride,molecule,normalized,NOOP,HIGH
ml,ml_009,sb_009_00259,피나스테린,피나스테린,피나스테린,finasteride,finasteride,molecule,normalized,NOOP,HIGH
ml,ml_009,sb_009_00261,피나스테아,피나스테아,피나스테아,finasteride,finasteride,molecule,normalized,NOOP,HIGH
ml,ml_009,sb_009_00282,피나스톤,피나스톤,피나스톤,finasteride,finasteride,molecule,normalized,NOOP,HIGH
ml,ml_009,sb_009_00249,피나스트리온,피나스트리온,피나스트리온,finasteride,finasteride,molecule,normalized,NOOP,HIGH
ml,ml_009,sb_009_00226,피나스티드,피나스티드,피나스티드,finasteride,finasteride,molecule,normalized,NOOP,HIGH
ml,ml_009,sb_009_00243,피나스틴,피나스틴,피나스틴,finasteride,finasteride,molecule,normalized,NOOP,HIGH
ml,ml_009,sb_009_00283,피나시드,피나시드,피나시드,finasteride,finasteride,molecule,normalized,NOOP,HIGH
ml,ml_009,sb_009_00236,피나시딜,피나시딜,피나시딜,finasteride,finasteride,molecule,normalized,NOOP,HIGH
ml,ml_009,sb_009_00292,피나시아,피나시아,피나시아,finasteride,finasteride,molecule,normalized,NOOP,HIGH
ml,ml_009,sb_009_00285,피나신,피나신,피나신,finasteride,finasteride,molecule,normalized,NOOP,HIGH
ml,ml_009,sb_009_00296,피나에스,피나에스,피나에스,finasteride,finasteride,molecule,normalized,NOOP,HIGH
ml,ml_009,sb_009_00260,피나에이블,피나에이블,피나에이블,finasteride,finasteride,molecule,normalized,NOOP,HIGH
ml,ml_009,sb_009_00280,피나젠,피나젠,피나젠,finasteride,finasteride,molecule,normalized,NOOP,HIGH
ml,ml_009,sb_009_00302,피나즈,피나즈,피나즈,finasteride,finasteride,molecule,normalized,NOOP,HIGH
ml,ml_009,sb_009_00298,피나진,피나진,피나진,finasteride,finasteride,molecule,normalized,NOOP,HIGH
ml,ml_009,sb_009_00250,피나테크,피나테크,피나테크,finasteride,finasteride,molecule,normalized,NOOP,HIGH
ml,ml_009,sb_009_00300,피나텐,피나텐,피나텐,finasteride,finasteride,molecule,normalized,NOOP,HIGH
ml,ml_009,sb_009_00294,피나트라,피나트라,피나트라,finasteride,finasteride,molecule,normalized,NOOP,HIGH
ml,ml_009,sb_009_00222,피나프로,피나프로,피나프로,finasteride,finasteride,molecule,normalized,NOOP,HIGH
ml,ml_009,sb_009_00289,피나프로스,피나프로스,피나프로스,finasteride,finasteride,molecule,normalized,NOOP,HIGH
ml,ml_009,sb_009_00304,피로이드,피로이드,피로이드,finasteride,finasteride,molecule,normalized,NOOP,HIGH
ml,ml_009,sb_009_00094,피스 에이,피스에이,피스에이,tamsulosin hydrochloride,tamsulosin,molecule,normalized,UPDATE,HIGH
ml,ml_009,sb_009_00255,피테스,피테스,피테스,finasteride,finasteride,molecule,normalized,NOOP,HIGH
ml,ml_009,sb_009_00268,핀스타,핀스타,핀스타,finasteride,finasteride,molecule,normalized,NOOP,HIGH
ml,ml_009,sb_009_00231,핀카,핀카,핀카,finasteride,finasteride,molecule,normalized,NOOP,HIGH
ml,ml_009,sb_009_00270,필라스트,필라스트,필라스트,finasteride,finasteride,molecule,normalized,NOOP,HIGH
ml,ml_009,sb_009_00074,하루날,하루날,하루날,tamsulosin hydrochloride,tamsulosin,molecule,normalized,UPDATE,HIGH
ml,ml_009,sb_009_00092,하루디,하루디,하루디,tamsulosin hydrochloride,tamsulosin,molecule,normalized,UPDATE,HIGH
ml,ml_009,sb_009_00045,하루로신,하루로신,하루로신,tamsulosin hydrochloride,tamsulosin,molecule,normalized,UPDATE,HIGH
ml,ml_009,sb_009_00103,하루론,하루론,하루론,tamsulosin hydrochloride,tamsulosin,molecule,normalized,UPDATE,HIGH
ml,ml_009,sb_009_00077,하루신,하루신,하루신,tamsulosin hydrochloride,tamsulosin,molecule,normalized,UPDATE,HIGH
ml,ml_009,sb_009_00078,하루큐어,하루큐어,하루큐어,tamsulosin hydrochloride,tamsulosin,molecule,normalized,UPDATE,HIGH
ml,ml_009,sb_009_00116,하루탐,하루탐,하루탐,tamsulosin hydrochloride,tamsulosin,molecule,normalized,UPDATE,HIGH
ml,ml_009,sb_009_00324,하이베로,하이베로,하이베로,mirabegron,mirabegron,molecule,normalized,NOOP,HIGH
ml,ml_009,sb_009_00134,하이소린,하이소린,하이소린,terazosin HCl,terazosin,molecule,normalized,UPDATE,HIGH
ml,ml_009,sb_009_00148,하이조신,하이조신,하이조신,terazosin HCl,terazosin,molecule,normalized,UPDATE,HIGH
ml,ml_009,sb_009_00164,하이테신,하이테신,하이테신,terazosin HCl,terazosin,molecule,normalized,UPDATE,HIGH
ml,ml_009,sb_009_00293,한림 피나스테리드,한림피나스테리드,한림피나스테리드,finasteride,finasteride,molecule,normalized,NOOP,HIGH
ml,ml_009,sb_009_00119,한미 탐스,한미탐스,한미탐스,tamsulosin hydrochloride,tamsulosin,molecule,normalized,UPDATE,HIGH
ml,ml_009,sb_009_00120,한미 탐스 오디,한미탐스오디,한미탐스오디,tamsulosin hydrochloride,tamsulosin,molecule,normalized,UPDATE,HIGH
ml,ml_009,sb_009_00121,한올 탐술로신,한올탐술로신,한올탐술로신,tamsulosin hydrochloride,tamsulosin,molecule,normalized,UPDATE,HIGH
ml,ml_009,sb_009_00295,한올 피나스테리드,한올피나스테리드,한올피나스테리드,finasteride,finasteride,molecule,normalized,NOOP,HIGH
ml,ml_009,sb_009_00122,현대 탐스로신염산염,현대탐스로신염산염,현대탐스로신염산염,tamsulosin hydrochloride,tamsulosin,molecule,normalized,UPDATE,HIGH
ml,ml_009,sb_009_00035,후리패스,후리패스,후리패스,silodosin,silodosin,molecule,normalized,NOOP,HIGH
ml,ml_009,sb_009_00218,휴다트,휴다트,휴다트,dutasteride,dutasteride,molecule,normalized,NOOP,HIGH
ml,ml_009,sb_009_00330,휴베그론,휴베그론,휴베그론,mirabegron,mirabegron,molecule,normalized,NOOP,HIGH
ml,ml_009,sb_009_00301,휴피나,휴피나,휴피나,finasteride,finasteride,molecule,normalized,NOOP,HIGH
ml,ml_009,sb_009_00354,휴피베린,휴피베린,휴피베린,propiverine HCl,propiverine,molecule,normalized,UPDATE,HIGH
ml,ml_009,sb_009_00151,히드린,히드린,히드린,terazosin HCl,terazosin,molecule,normalized,UPDATE,HIGH
ml,ml_010,sb_010_00008,그라신,그라신,그라신,FILGRASTIM,FILGRASTIM,molecule_desc,normalized,NOOP,HIGH
ml,ml_010,sb_010_00012,뉴라스타,뉴라스타,뉴라스타,PEGFILGRASTIM,PEGFILGRASTIM,molecule_desc,normalized,NOOP,HIGH
ml,ml_010,sb_010_00013,뉴라펙,뉴라펙,뉴라펙,PEGTEOGRASTIM,PEGTEOGRASTIM,molecule_desc,normalized,NOOP,HIGH
ml,ml_010,sb_canonical_016_뉴트로진,뉴트로진,뉴트로진,뉴트로진,LENOGRASTIM,LENOGRASTIM,molecule_desc,normalized,NOOP,HIGH
ml,ml_010,sb_010_00011,듀라스틴,듀라스틴,듀라스틴,PEGFILGRASTIM,PEGFILGRASTIM,molecule_desc,normalized,NOOP,HIGH
ml,ml_010,sb_010_00006,롤론티스,롤론티스,롤론티스,EFLAPEGRASTIM,EFLAPEGRASTIM,molecule_desc,normalized,NOOP,HIGH
ml,ml_010,sb_010_00010,롱퀵스,롱퀵스,롱퀵스,LIPEGFILGRASTIM,LIPEGFILGRASTIM,molecule_desc,normalized,NOOP,HIGH
ml,ml_010,sb_010_00007,류코스팀,류코스팀,류코스팀,FILGRASTIM,FILGRASTIM,molecule_desc,normalized,NOOP,HIGH
ml,ml_010,sb_canonical_017_모빌리아,모빌리아,모빌리아,모빌리아,PLERIXAFOR,PLERIXAFOR,molecule_desc,normalized,NOOP,HIGH
ml,ml_010,sb_010_00014,모조빌,모조빌,모조빌,PLERIXAFOR,PLERIXAFOR,molecule_desc,normalized,NOOP,HIGH
ml,ml_011,sb_011_00016,램시마,램시마,램시마,INFLIXIMAB,INFLIXIMAB,molecule_desc,normalized,NOOP,HIGH
ml,ml_011,sb_011_00017,레마로체,레마로체,레마로체,INFLIXIMAB,INFLIXIMAB,molecule_desc,normalized,NOOP,HIGH
ml,ml_011,sb_011_00015,레미케이드,레미케이드,레미케이드,INFLIXIMAB,INFLIXIMAB,molecule_desc,normalized,NOOP,HIGH
ml,ml_011,sb_011_00020,린버크,린버크,린버크,UPADACITINIB,UPADACITINIB,molecule_desc,normalized,NOOP,HIGH
ml,ml_011,sb_011_00021,맙테라,맙테라,맙테라,RITUXIMAB,RITUXIMAB,molecule_desc,normalized,NOOP,HIGH
ml,ml_011,sb_011_00014,심퍼니,심퍼니,심퍼니,GOLIMUMAB,GOLIMUMAB,molecule_desc,normalized,NOOP,HIGH
ml,ml_011,sb_011_00007,아달로체,아달로체,아달로체,ADALIMUMAB,ADALIMUMAB,molecule_desc,normalized,NOOP,HIGH
ml,ml_011,sb_canonical_018_악템라,악템라,악템라,악템라,TOCILIZUMAB,TOCILIZUMAB,molecule_desc,normalized,NOOP,HIGH
ml,ml_011,sb_011_00026,앱토즈마,앱토즈마,앱토즈마,TOCILIZUMAB,TOCILIZUMAB,molecule_desc,normalized,NOOP,HIGH
ml,ml_011,sb_011_00013,에톨로체,에톨로체,에톨로체,ETANERCEPT,ETANERCEPT,molecule_desc,normalized,NOOP,HIGH
ml,ml_011,sb_011_00011,엔브렐,엔브렐,엔브렐,ETANERCEPT,ETANERCEPT,molecule_desc,normalized,NOOP,HIGH
ml,ml_011,sb_011_00010,엔브렐마이클릭,엔브렐마이클릭,엔브렐마이클릭,ETANERCEPT,ETANERCEPT,molecule_desc,normalized,NOOP,HIGH
ml,ml_011,sb_011_00023,오렌시아,오렌시아,오렌시아,ABATACEPT,ABATACEPT,molecule_desc,normalized,NOOP,HIGH
ml,ml_011,sb_011_00024,오렌시아서브큐,오렌시아서브큐,오렌시아서브큐,ABATACEPT,ABATACEPT,molecule_desc,normalized,NOOP,HIGH
ml,ml_011,sb_011_00018,올루미언트,올루미언트,올루미언트,BARICITINIB,BARICITINIB,molecule_desc,normalized,NOOP,HIGH
ml,ml_011,sb_011_00012,유셉트,유셉트,유셉트,ETANERCEPT,ETANERCEPT,molecule_desc,normalized,NOOP,HIGH
ml,ml_011,sb_011_00008,유플라이마,유플라이마,유플라이마,ADALIMUMAB,ADALIMUMAB,molecule_desc,normalized,NOOP,HIGH
ml,ml_011,sb_011_00031,자크문,자크문,자크문,TOFACITINIB,TOFACITINIB,molecule_desc,normalized,NOOP,HIGH
ml,ml_011,sb_011_00009,젤렌카,젤렌카,젤렌카,ADALIMUMAB,ADALIMUMAB,molecule_desc,normalized,NOOP,HIGH
ml,ml_011,sb_011_00027,젤잔즈,젤잔즈,젤잔즈,TOFACITINIB,TOFACITINIB,molecule_desc,normalized,NOOP,HIGH
ml,ml_011,sb_011_00028,젤잔즈엑스알,젤잔즈엑스알,젤잔즈엑스알,TOFACITINIB,TOFACITINIB,molecule_desc,normalized,NOOP,HIGH
ml,ml_011,sb_011_00019,지셀레카,지셀레카,지셀레카,FILGOTINIB,FILGOTINIB,molecule_desc,normalized,NOOP,HIGH
ml,ml_011,sb_011_00029,토마토,토마토,토마토,TOFACITINIB,TOFACITINIB,molecule_desc,normalized,NOOP,HIGH
ml,ml_011,sb_011_00030,토파시티닙 에이치엘비,토파시티닙에이치엘비,토파시티닙에이치엘비,TOFACITINIB,TOFACITINIB,molecule_desc,normalized,NOOP,HIGH
ml,ml_011,sb_011_00022,트룩시마,트룩시마,트룩시마,RITUXIMAB,RITUXIMAB,molecule_desc,normalized,NOOP,HIGH
ml,ml_011,sb_011_00006,휴미라,휴미라,휴미라,ADALIMUMAB,ADALIMUMAB,molecule_desc,normalized,NOOP,HIGH
ml,ml_012,sb_012_00046,노페로,노페로,노페로,IRON FERROUS,,molecule,normalized,SET_NULL,HIGH
ml,ml_012,sb_012_00064,레디페린에프,레디페린에프,레디페린에프,CYANOCOBALAMIN+FERRITIN+FOLIC ACID,,molecule,normalized,SET_NULL,HIGH
ml,ml_012,sb_012_00070,마미센스,마미센스,마미센스,CYANOCOBALAMIN+FOLIC ACID+IRON FERRIC+PANTOTHENIC ACID+PYRIDOXINE,,molecule,normalized,SET_NULL,HIGH
ml,ml_012,sb_012_00018,모노퍼,모노퍼,모노퍼,IRON FERRIC,Iron isomaltoside,molecule,normalized,UPDATE,HIGH
ml,ml_012,sb_012_00037,모아훼린,모아훼린,모아훼린,IRON FERRIC,,molecule,normalized,SET_NULL,HIGH
ml,ml_012,sb_012_00006,베노스틴,베노스틴,베노스틴,IRON FERRIC,Iron scurose,molecule,normalized,UPDATE,HIGH
ml,ml_012,sb_canonical_020_베노훼럼,베노훼럼,베노훼럼,베노훼럼,IRON FERRIC,Iron scurose,molecule,normalized,UPDATE,HIGH
ml,ml_012,sb_012_00026,볼그레,볼그레,볼그레,IRON ACETYL TRANSFERRIN,,molecule,normalized,SET_NULL,HIGH
ml,ml_012,sb_012_00052,산타몬플러스,산타몬플러스,산타몬플러스,CALCIUM FOLINATE+IRON FERRIC | CYANOCOBALAMIN+FOLIC ACID+IRON FERRIC+PYRIDOXINE,,molecule,normalized,SET_NULL,HIGH
ml,ml_012,sb_012_00013,아네럼,아네럼,아네럼,IRON FERRIC,Iron scurose,molecule,normalized,UPDATE,HIGH
ml,ml_012,sb_012_00041,알부론,알부론,알부론,IRON FERRIC,,molecule,normalized,SET_NULL,HIGH
ml,ml_012,sb_012_00029,알부맥스,알부맥스,알부맥스,IRON ACETYL TRANSFERRIN,,molecule,normalized,SET_NULL,HIGH
ml,ml_012,sb_012_00081,"==> 총 철함량 외에도 특 용량으로 환산해서 시장을 산출해 보는데, 수식 어떻게 적용할 지 논의하면 좋겠습니다","==>총철함량외에도특용량으로환산해서시장을산출해보는데,수식어떻게적용할지논의하면좋겠습니다",,,,molecule,unmatched,NOOP,LOW
ml,ml_012,sb_012_00017,트리페릭,트리페릭,트리페릭,IRON FERRIC,Ferric Pyrophosphate,molecule,normalized,UPDATE,HIGH
ml,ml_012,sb_012_00014,페로빈,페로빈,페로빈,IRON FERRIC,Iron scurose,molecule,normalized,UPDATE,HIGH
ml,ml_012,sb_012_00059,페리닥터,페리닥터,페리닥터,CYANOCOBALAMIN+FERRITIN+FOLIC ACID,,molecule,normalized,SET_NULL,HIGH
ml,ml_012,sb_012_00055,페리비타,페리비타,페리비타,CYANOCOBALAMIN+FERRITIN+FOLIC ACID,,molecule,normalized,SET_NULL,HIGH
ml,ml_012,sb_canonical_019_페린젝트,페린젝트,페린젝트,페린젝트,IRON FERRIC,Ferric carboxymaltose,molecule,normalized,UPDATE,HIGH
ml,ml_012,sb_012_00049,푸마훼린,푸마훼린,푸마훼린,ASCORBIC ACID+CYANOCOBALAMIN+FOLIC ACID+IRON FERROUS,,molecule,normalized,SET_NULL,HIGH
ml,ml_012,sb_012_00050,헤모글루탑,헤모글루탑,헤모글루탑,ASCORBIC ACID+CYANOCOBALAMIN+FOLIC ACID+IRON FERROUS+NICOTINAMIDE+OROTIC ACID+PYRIDOXINE,,molecule,normalized,SET_NULL,HIGH
ml,ml_012,sb_012_00031,헤모니아,헤모니아,헤모니아,IRON FERRIC,,molecule,normalized,SET_NULL,HIGH
ml,ml_012,sb_012_00036,헤모니아에프,헤모니아에프,헤모니아에프,IRON FERRIC,,molecule,normalized,SET_NULL,HIGH
ml,ml_012,sb_012_00033,헤모데이,헤모데이,헤모데이,IRON FERRIC,,molecule,normalized,SET_NULL,HIGH
ml,ml_012,sb_012_00060,헤모드림,헤모드림,헤모드림,CYANOCOBALAMIN+FERRITIN+FOLIC ACID,,molecule,normalized,SET_NULL,HIGH
ml,ml_012,sb_012_00048,헤모렌,헤모렌,헤모렌,ASCORBIC ACID+COPPER+CYANOCOBALAMIN+FOLIC ACID+IRON FERROUS+MANGANESE,,molecule,normalized,SET_NULL,HIGH
ml,ml_012,sb_012_00065,헤모로빈,헤모로빈,헤모로빈,CYANOCOBALAMIN+FERRITIN+FOLIC ACID,,molecule,normalized,SET_NULL,HIGH
ml,ml_012,sb_012_00074,헤모원,헤모원,헤모원,CYANOCOBALAMIN+FOLIC ACID+IRON FERROUS,,molecule,normalized,SET_NULL,HIGH
ml,ml_012,sb_012_00038,헤모콤,헤모콤,헤모콤,IRON FERRIC,,molecule,normalized,SET_NULL,HIGH
ml,ml_012,sb_012_00078,헤모콤플러스,헤모콤플러스,헤모콤플러스,FOLIC ACID+IRON FERRIC,,molecule,normalized,SET_NULL,HIGH
ml,ml_012,sb_012_00072,헤모퀸골드,헤모퀸골드,헤모퀸골드,CYANOCOBALAMIN+FOLIC ACID+IRON FERROUS,,molecule,normalized,SET_NULL,HIGH
ml,ml_012,sb_012_00051,헤모퀸탑,헤모퀸탑,헤모퀸탑,ASCORBIC ACID+CYANOCOBALAMIN+FOLIC ACID+IRON FERROUS+NICOTINAMIDE+PYRIDOXINE,,molecule,normalized,SET_NULL,HIGH
ml,ml_012,sb_012_00068,헤모큐플러스,헤모큐플러스,헤모큐플러스,CYANOCOBALAMIN+FOLIC ACID+IRON FERRIC,,molecule,normalized,SET_NULL,HIGH
ml,ml_012,sb_012_00056,헤모테인,헤모테인,헤모테인,CYANOCOBALAMIN+FERRITIN+FOLIC ACID,,molecule,normalized,SET_NULL,HIGH
ml,ml_012,sb_012_00080,헤모포민에스35,헤모포민에스35,헤모포민에스35,FOLIC ACID+IRON FERRIC+PANTOTHENIC ACID,,molecule,normalized,SET_NULL,HIGH
ml,ml_012,sb_012_00073,헤모포민큐,헤모포민큐,헤모포민큐,CYANOCOBALAMIN+FOLIC ACID+IRON FERROUS,,molecule,normalized,SET_NULL,HIGH
ml,ml_012,sb_012_00077,헤몰빈큐플러스,헤몰빈큐플러스,헤몰빈큐플러스,CYANOCOBALAMIN+FOLIC ACID+IRON FERROUS,,molecule,normalized,SET_NULL,HIGH
ml,ml_012,sb_012_00039,훼럼키드,훼럼키드,훼럼키드,IRON FERRIC,,molecule,normalized,SET_NULL,HIGH
ml,ml_012,sb_012_00079,훼럼포유,훼럼포유,훼럼포유,FOLIC ACID+IRON FERRIC,,molecule,normalized,SET_NULL,HIGH
ml,ml_012,sb_012_00007,훼렉스,훼렉스,훼렉스,IRON FERRIC,Iron scurose,molecule,normalized,UPDATE,HIGH
ml,ml_012,sb_012_00035,훼로맥스,훼로맥스,훼로맥스,IRON FERRIC,,molecule,normalized,SET_NULL,HIGH
ml,ml_012,sb_012_00022,훼로모아,훼로모아,훼로모아,FERRITIN | CYANOCOBALAMIN+FERRITIN+FOLIC ACID,,molecule,normalized,SET_NULL,HIGH
ml,ml_012,sb_012_00043,훼로바유,훼로바유,훼로바유,IRON FERROUS,,molecule,normalized,SET_NULL,HIGH
ml,ml_012,sb_012_00063,훼로바프리미엄,훼로바프리미엄,훼로바프리미엄,CYANOCOBALAMIN+FERRITIN+FOLIC ACID,,molecule,normalized,SET_NULL,HIGH
ml,ml_012,sb_012_00020,훼로웰,훼로웰,훼로웰,IRON FERRIC,Iron scurose,molecule,normalized,UPDATE,HIGH
ml,ml_012,sb_012_00066,훼르친,훼르친,훼르친,CYANOCOBALAMIN+FERRITIN+FOLIC ACID,,molecule,normalized,SET_NULL,HIGH
ml,ml_012,sb_012_00053,훼리너프,훼리너프,훼리너프,CYANOCOBALAMIN+FERRIMANNITOL OVALBUMIN+FOLIC ACID,,molecule,normalized,SET_NULL,HIGH
ml,ml_012,sb_012_00069,훼리큐,훼리큐,훼리큐,CYANOCOBALAMIN+FOLIC ACID+IRON FERRIC,,molecule,normalized,SET_NULL,HIGH
ml,ml_012,sb_012_00034,훼리탑,훼리탑,훼리탑,IRON FERRIC,,molecule,normalized,SET_NULL,HIGH
ml,ml_012,sb_012_00075,훼리탑에프,훼리탑에프,훼리탑에프,CYANOCOBALAMIN+FOLIC ACID+IRON FERROUS,,molecule,normalized,SET_NULL,HIGH
ml,ml_012,sb_012_00067,훼마틴,훼마틴,훼마틴,CYANOCOBALAMIN+FERRITIN+FOLIC ACID,,molecule,normalized,SET_NULL,HIGH
ml,ml_012,sb_012_00023,훼마틴에이,훼마틴에이,훼마틴에이,FERRITIN,,molecule,normalized,SET_NULL,HIGH
ml,ml_012,sb_012_00008,훼모럼,훼모럼,훼모럼,IRON FERRIC,Iron scurose,molecule,normalized,UPDATE,HIGH
ml,ml_013,sb_013_00010,그린모노,그린모노,그린모노,FACTOR VIII,FACTOR VIII,molecule_desc,normalized,NOOP,HIGH
ml,ml_013,sb_013_00006,그린진에프,그린진에프,그린진에프,BEROCTOCOG ALFA,BEROCTOCOG ALFA,molecule_desc,normalized,NOOP,HIGH
ml,ml_013,sb_013_00018,노보세븐알티,노보세븐알티,노보세븐알티,EPTACOG ALFA (ACTIVATED),EPTACOG ALFA (ACTIVATED),molecule_desc,normalized,NOOP,HIGH
ml,ml_013,sb_013_00014,애드베이트,애드베이트,애드베이트,OCTOCOG ALFA,OCTOCOG ALFA,molecule_desc,normalized,NOOP,HIGH
ml,ml_013,sb_013_00016,애디노베이트,애디노베이트,애디노베이트,RURIOCTOCOG ALFA PEGOL,RURIOCTOCOG ALFA PEGOL,molecule_desc,normalized,NOOP,HIGH
ml,ml_013,sb_013_00012,앱스틸라,앱스틸라,앱스틸라,LONOCTOCOG ALFA,LONOCTOCOG ALFA,molecule_desc,normalized,NOOP,HIGH
ml,ml_013,sb_013_00008,엘록테이트,엘록테이트,엘록테이트,EFMOROCTOCOG ALFA,EFMOROCTOCOG ALFA,molecule_desc,normalized,NOOP,HIGH
ml,ml_013,sb_013_00017,오비주르,오비주르,오비주르,SUSOCTOCOG ALFA,SUSOCTOCOG ALFA,molecule_desc,normalized,NOOP,HIGH
ml,ml_013,sb_013_00011,이뮤네이트,이뮤네이트,이뮤네이트,FACTOR VIII+FACTOR VON WILLEBRAND,FACTOR VIII+FACTOR VON WILLEBRAND,molecule_desc,normalized,NOOP,HIGH
ml,ml_013,sb_013_00007,지비,지비,지비,DAMOCTOCOG ALFA PEGOL,DAMOCTOCOG ALFA PEGOL,molecule_desc,normalized,NOOP,HIGH
ml,ml_013,sb_013_00013,진타솔로퓨즈,진타솔로퓨즈,진타솔로퓨즈,MOROCTOCOG ALFA,MOROCTOCOG ALFA,molecule_desc,normalized,NOOP,HIGH
ml,ml_013,sb_013_00015,코지네이트에프에스,코지네이트에프에스,코지네이트에프에스,OCTOCOG ALFA,OCTOCOG ALFA,molecule_desc,normalized,NOOP,HIGH
ml,ml_013,sb_canonical_021_헴리브라,헴리브라,헴리브라,헴리브라,EMICIZUMAB,EMICIZUMAB,molecule_desc,normalized,NOOP,HIGH
ml,ml_013,sb_013_00019,훼이바,훼이바,훼이바,FACTOR VIII INHIBITOR BYPASSING FRACTION,FACTOR VIII INHIBITOR BYPASSING FRACTION,molecule_desc,normalized,NOOP,HIGH
ml,ml_014,sb_014_00202,가네파솔,가네파솔,가네파솔,ACETIC ACID+ALANINE+ARGININE+HISTIDINE+ISOLEUCINE+LEUCINE+LYSINE+PROLINE+THREONINE+VALINE,ACETIC ACID+ALANINE+ARGININE+HISTIDINE+ISOLEUCINE+LEUCINE+LYSINE+PROLINE+THREONINE+VALINE,molecule_desc,normalized,NOOP,HIGH
ml,ml_014,sb_014_00217,게라민,게라민,게라민,ALANINE+ARGININE+GLYCINE+HISTIDINE+ISOLEUCINE+LEUCINE+LYSINE+PROLINE+SERINE+VALINE,ALANINE+ARGININE+GLYCINE+HISTIDINE+ISOLEUCINE+LEUCINE+LYSINE+PROLINE+SERINE+VALINE,molecule_desc,normalized,NOOP,HIGH
ml,ml_014,sb_014_00125,글라민,글라민,글라민,ALANINE+ARGININE+GLUTAMIC ACID+GLYCYL-L-GLUTAMATE+HISTIDINE+LEUCINE+LYSINE+PHENYLALANINE+PROLINE+VALINE,ALANINE+ARGININE+GLUTAMIC ACID+GLYCYL-L-GLUTAMATE+HISTIDINE+LEUCINE+LYSINE+PHENYLALANINE+PROLINE+VALINE,molecule_desc,normalized,NOOP,HIGH
ml,ml_014,sb_014_00321,네오아미유,네오아미유,네오아미유,ALANINE+ARGININE+HISTIDINE+ISOLEUCINE+LEUCINE+LYSINE+METHIONINE+PHENYLALANINE+THREONINE+VALINE,ALANINE+ARGININE+HISTIDINE+ISOLEUCINE+LEUCINE+LYSINE+METHIONINE+PHENYLALANINE+THREONINE+VALINE,molecule_desc,normalized,NOOP,HIGH
ml,ml_014,sb_014_00219,네오팜,네오팜,네오팜,ALANINE+ARGININE+GLYCINE+HISTIDINE+ISOLEUCINE+LEUCINE+LYSINE+PROLINE+SERINE+VALINE,ALANINE+ARGININE+GLYCINE+HISTIDINE+ISOLEUCINE+LEUCINE+LYSINE+PROLINE+SERINE+VALINE,molecule_desc,normalized,NOOP,HIGH
ml,ml_014,sb_014_00328,네프라민,네프라민,네프라민,HISTIDINE+ISOLEUCINE+LEUCINE+LYSINE+METHIONINE+PHENYLALANINE+THREONINE+TRYPTOPHAN+VALINE,HISTIDINE+ISOLEUCINE+LEUCINE+LYSINE+METHIONINE+PHENYLALANINE+THREONINE+TRYPTOPHAN+VALINE,molecule_desc,normalized,NOOP,HIGH
ml,ml_014,sb_014_00323,네프로스테릴,네프로스테릴,네프로스테릴,ALANINE+ARGININE+HISTIDINE+ISOLEUCINE+LEUCINE+LYSINE+PROLINE+SERINE+THREONINE+VALINE,ALANINE+ARGININE+HISTIDINE+ISOLEUCINE+LEUCINE+LYSINE+PROLINE+SERINE+THREONINE+VALINE,molecule_desc,normalized,NOOP,HIGH
ml,ml_014,sb_014_00324,네프리솔,네프리솔,네프리솔,CYSTEINE+HISTIDINE+ISOLEUCINE+LEUCINE+LYSINE+METHIONINE+PHENYLALANINE+THREONINE+TRYPTOPHAN+VALINE,CYSTEINE+HISTIDINE+ISOLEUCINE+LEUCINE+LYSINE+METHIONINE+PHENYLALANINE+THREONINE+TRYPTOPHAN+VALINE,molecule_desc,normalized,NOOP,HIGH
ml,ml_014,sb_014_00327,네프솔,네프솔,네프솔,HISTIDINE+ISOLEUCINE+LEUCINE+LYSINE+METHIONINE+PHENYLALANINE+THREONINE+TRYPTOPHAN+VALINE,HISTIDINE+ISOLEUCINE+LEUCINE+LYSINE+METHIONINE+PHENYLALANINE+THREONINE+TRYPTOPHAN+VALINE,molecule_desc,normalized,NOOP,HIGH
ml,ml_014,sb_014_00161,누트리푸신,누트리푸신,누트리푸신,ALANINE+ARGININE+GLYCINE+ISOLEUCINE+LEUCINE+LYSINE+PHENYLALANINE+PROLINE+SERINE+VALINE,ALANINE+ARGININE+GLYCINE+ISOLEUCINE+LEUCINE+LYSINE+PHENYLALANINE+PROLINE+SERINE+VALINE,molecule_desc,normalized,NOOP,HIGH
ml,ml_014,sb_014_00045,뉴메타지13이,뉴메타지13이,뉴메타지13이,ALANINE+ARGININE+GLUCOSE+GLUTAMIC ACID+GLYCEROPHOSPHORIC ACID+ISOLEUCINE+LEUCINE+LYSINE+POTASSIUM+VALINE,ALANINE+ARGININE+GLUCOSE+GLUTAMIC ACID+GLYCEROPHOSPHORIC ACID+ISOLEUCINE+LEUCINE+LYSINE+POTASSIUM+VALINE,molecule_desc,normalized,NOOP,HIGH
ml,ml_014,sb_014_00110,뉴바솔,뉴바솔,뉴바솔,ACETYLLYSINE+ALANINE+ARGININE+GLYCINE+HISTIDINE+LEUCINE+PHENYLALANINE+PROLINE+THREONINE+VALINE,ACETYLLYSINE+ALANINE+ARGININE+GLYCINE+HISTIDINE+LEUCINE+PHENYLALANINE+PROLINE+THREONINE+VALINE,molecule_desc,normalized,NOOP,HIGH
ml,ml_014,sb_014_00225,뉴타민,뉴타민,뉴타민,ALANINE+ARGININE+GLYCINE+HISTIDINE+ISOLEUCINE+LEUCINE+LYSINE+PROLINE+SERINE+VALINE,ALANINE+ARGININE+GLYCINE+HISTIDINE+ISOLEUCINE+LEUCINE+LYSINE+PROLINE+SERINE+VALINE,molecule_desc,normalized,NOOP,HIGH
ml,ml_014,sb_014_00239,뉴트라민,뉴트라민,뉴트라민,ALANINE+ARGININE+GLYCINE+HISTIDINE+ISOLEUCINE+LEUCINE+LYSINE+PROLINE+THREONINE+VALINE,ALANINE+ARGININE+GLYCINE+HISTIDINE+ISOLEUCINE+LEUCINE+LYSINE+PROLINE+THREONINE+VALINE,molecule_desc,normalized,NOOP,HIGH
ml,ml_014,sb_014_00117,뉴트리플렉스48,뉴트리플렉스48,뉴트리플렉스48,ALANINE+ARGININE+GLUCOSE+ISOLEUCINE+LEUCINE+PHENYLALANINE+PROLINE+SERINE+SODIUM+VALINE,ALANINE+ARGININE+GLUCOSE+ISOLEUCINE+LEUCINE+PHENYLALANINE+PROLINE+SERINE+SODIUM+VALINE,molecule_desc,normalized,NOOP,HIGH
ml,ml_014,sb_014_00087,뉴트리플렉스리피드스페셜,뉴트리플렉스리피드스페셜,뉴트리플렉스리피드스페셜,ALANINE+GLUCOSE+GLUTAMIC ACID+GLYCINE MAX+LEUCINE+PHENYLALANINE+PROLINE+SERINE+TRIGLYCERIDES+ZINC,ALANINE+GLUCOSE+GLUTAMIC ACID+GLYCINE MAX+LEUCINE+PHENYLALANINE+PROLINE+SERINE+TRIGLYCERIDES+ZINC,molecule_desc,normalized,NOOP,HIGH
ml,ml_014,sb_014_00088,뉴트리플렉스리피드페리,뉴트리플렉스리피드페리,뉴트리플렉스리피드페리,ALANINE+GLUCOSE+GLUTAMIC ACID+GLYCINE MAX+LEUCINE+PHENYLALANINE+PROLINE+SERINE+TRIGLYCERIDES+ZINC,ALANINE+GLUCOSE+GLUTAMIC ACID+GLYCINE MAX+LEUCINE+PHENYLALANINE+PROLINE+SERINE+TRIGLYCERIDES+ZINC,molecule_desc,normalized,NOOP,HIGH
ml,ml_014,sb_014_00090,뉴트리플렉스리피드플러스,뉴트리플렉스리피드플러스,뉴트리플렉스리피드플러스,ALANINE+GLUCOSE+GLUTAMIC ACID+GLYCINE MAX+LEUCINE+PHENYLALANINE+PROLINE+SERINE+TRIGLYCERIDES+ZINC,ALANINE+GLUCOSE+GLUTAMIC ACID+GLYCINE MAX+LEUCINE+PHENYLALANINE+PROLINE+SERINE+TRIGLYCERIDES+ZINC,molecule_desc,normalized,NOOP,HIGH
ml,ml_014,sb_014_00042,뉴트리플렉스오메가스페셜,뉴트리플렉스오메가스페셜,뉴트리플렉스오메가스페셜,ALANINE+ARGININE+CALCIUM+GLUCOSE+GLUTAMIC ACID+GLYCINE+GLYCINE MAX+HISTIDINE+ISOLEUCINE+LEUCINE,ALANINE+ARGININE+CALCIUM+GLUCOSE+GLUTAMIC ACID+GLYCINE+GLYCINE MAX+HISTIDINE+ISOLEUCINE+LEUCINE,molecule_desc,normalized,NOOP,HIGH
ml,ml_014,sb_014_00046,뉴트리플렉스오메가플러스,뉴트리플렉스오메가플러스,뉴트리플렉스오메가플러스,ALANINE+ARGININE+GLUCOSE+GLUTAMIC ACID+GLYCINE MAX+LEUCINE+PHENYLALANINE+POTASSIUM+PROLINE+SERINE,ALANINE+ARGININE+GLUCOSE+GLUTAMIC ACID+GLYCINE MAX+LEUCINE+PHENYLALANINE+POTASSIUM+PROLINE+SERINE,molecule_desc,normalized,NOOP,HIGH
ml,ml_014,sb_014_00116,뉴트리플렉스페리40,뉴트리플렉스페리40,뉴트리플렉스페리40,ALANINE+ARGININE+GLUCOSE+ISOLEUCINE+LEUCINE+LYSINE+PHENYLALANINE+PROLINE+SERINE+VALINE,ALANINE+ARGININE+GLUCOSE+ISOLEUCINE+LEUCINE+LYSINE+PHENYLALANINE+PROLINE+SERINE+VALINE,molecule_desc,normalized,NOOP,HIGH
ml,ml_014,sb_014_00173,뉴트리헥스,뉴트리헥스,뉴트리헥스,ALANINE+ARGININE+GLYCINE+LEUCINE+LYSINE+PHENYLALANINE+PROLINE+SORBITOL+VALINE+XYLITOL,ALANINE+ARGININE+GLYCINE+LEUCINE+LYSINE+PHENYLALANINE+PROLINE+SORBITOL+VALINE+XYLITOL,molecule_desc,normalized,NOOP,HIGH
ml,ml_014,sb_014_00139,닥터라민,닥터라민,닥터라민,ALANINE+ARGININE+GLYCINE+HISTIDINE+ISOLEUCINE+LEUCINE+LYSINE+PROLINE+THREONINE+VALINE,ALANINE+ARGININE+GLYCINE+HISTIDINE+ISOLEUCINE+LEUCINE+LYSINE+PROLINE+THREONINE+VALINE,molecule_desc,normalized,NOOP,HIGH
ml,ml_014,sb_014_00320,닥터라민골드,닥터라민골드,닥터라민골드,ALANINE+ARGININE+HISTIDINE+ISOLEUCINE+LEUCINE+LYSINE+METHIONINE+PHENYLALANINE+THREONINE+VALINE,ALANINE+ARGININE+HISTIDINE+ISOLEUCINE+LEUCINE+LYSINE+METHIONINE+PHENYLALANINE+THREONINE+VALINE,molecule_desc,normalized,NOOP,HIGH
ml,ml_014,sb_014_00182,데카민 대한,데카민대한,데카민대한,AMINOACIDS,AMINOACIDS,molecule_desc,normalized,NOOP,HIGH
ml,ml_014,sb_014_00124,도데아민,도데아민,도데아민,ALANINE+ARGININE+GLUTAMIC ACID+GLYCINE+ISOLEUCINE+LEUCINE+LYSINE+PHENYLALANINE+PROLINE+THREONINE,ALANINE+ARGININE+GLUTAMIC ACID+GLYCINE+ISOLEUCINE+LEUCINE+LYSINE+PHENYLALANINE+PROLINE+THREONINE,molecule_desc,normalized,NOOP,HIGH
ml,ml_014,sb_014_00311,디펩티벤,디펩티벤,디펩티벤,ALANYL-GLUTAMINE,ALANYL-GLUTAMINE,molecule_desc,normalized,NOOP,HIGH
ml,ml_014,sb_014_00163,라보솔,라보솔,라보솔,ALANINE+ARGININE+GLYCINE+ISOLEUCINE+LEUCINE+LYSINE+PHENYLALANINE+PROLINE+SERINE+VALINE,ALANINE+ARGININE+GLYCINE+ISOLEUCINE+LEUCINE+LYSINE+PHENYLALANINE+PROLINE+SERINE+VALINE,molecule_desc,normalized,NOOP,HIGH
ml,ml_014,sb_014_00256,레보타솔,레보타솔,레보타솔,ALANINE+ARGININE+GLYCINE+ISOLEUCINE+LEUCINE+LYSINE+PROLINE+SERINE+THREONINE+VALINE,ALANINE+ARGININE+GLYCINE+ISOLEUCINE+LEUCINE+LYSINE+PROLINE+SERINE+THREONINE+VALINE,molecule_desc,normalized,NOOP,HIGH
ml,ml_014,sb_014_00022,로오스모페리,로오스모페리,로오스모페리,ACETIC ACID+ALANINE+ARGININE+CALCIUM+FISH+GLUCOSE+GLYCEROPHOSPHORIC ACID+GLYCINE+GLYCINE MAX+HISTIDINE | ACETIC ACID+ALANINE+ARGININE+CALCIUM+FISH+GLUCOSE+GLYCINE+GLYCINE MAX+HISTIDINE+ISOLEUCINE,ACETIC ACID+ALANINE+ARGININE+CALCIUM+FISH+GLUCOSE+GLYCEROPHOSPHORIC ACID+GLYCINE+GLYCINE MAX+HISTIDINE,molecule_desc,normalized,UPDATE,HIGH
ml,ml_014,sb_014_00269,루치아솔,루치아솔,루치아솔,ALANINE+ARGININE+GLYCINE+ISOLEUCINE+LEUCINE+LYSINE+PROLINE+SERINE+THREONINE+VALINE,ALANINE+ARGININE+GLYCINE+ISOLEUCINE+LEUCINE+LYSINE+PROLINE+SERINE+THREONINE+VALINE,molecule_desc,normalized,NOOP,HIGH
ml,ml_014,sb_014_00285,리바비솔,리바비솔,리바비솔,ARGININE+GLYCINE+ISOLEUCINE+LEUCINE+MALIC ACID+POTASSIUM+PROLINE+SERINE+THREONINE+VALINE,ARGININE+GLYCINE+ISOLEUCINE+LEUCINE+MALIC ACID+POTASSIUM+PROLINE+SERINE+THREONINE+VALINE,molecule_desc,normalized,NOOP,HIGH
ml,ml_014,sb_014_00253,리바후라민,리바후라민,리바후라민,ALANINE+ARGININE+GLYCINE+ISOLEUCINE+LEUCINE+LYSINE+PROLINE+SERINE+THREONINE+VALINE,ALANINE+ARGININE+GLYCINE+ISOLEUCINE+LEUCINE+LYSINE+PROLINE+SERINE+THREONINE+VALINE,molecule_desc,normalized,NOOP,HIGH
ml,ml_014,sb_014_00192,리보푸렉스,리보푸렉스,리보푸렉스,ARGININE+BETA-ALANINE+GLYCINE+ISOLEUCINE+LEUCINE+LYSINE+PROLINE+SERINE+THREONINE+VALINE,ARGININE+BETA-ALANINE+GLYCINE+ISOLEUCINE+LEUCINE+LYSINE+PROLINE+SERINE+THREONINE+VALINE,molecule_desc,normalized,NOOP,HIGH
ml,ml_014,sb_014_00259,리브솔,리브솔,리브솔,ALANINE+ARGININE+GLYCINE+ISOLEUCINE+LEUCINE+LYSINE+PROLINE+SERINE+THREONINE+VALINE | ALANINE+ARGININE+GLYCINE+METHIONINE+PHENYLALANINE+PROLINE+SERINE+THREONINE+TRYPTOPHAN+VALINE,ALANINE+ARGININE+GLYCINE+ISOLEUCINE+LEUCINE+LYSINE+PROLINE+SERINE+THREONINE+VALINE,molecule_desc,normalized,UPDATE,HIGH
ml,ml_014,sb_014_00244,리케어솔,리케어솔,리케어솔,ALANINE+ARGININE+GLYCINE+HISTIDINE+ISOLEUCINE+LEUCINE+PROLINE+SERINE+THREONINE+VALINE,ALANINE+ARGININE+GLYCINE+HISTIDINE+ISOLEUCINE+LEUCINE+PROLINE+SERINE+THREONINE+VALINE,molecule_desc,normalized,NOOP,HIGH
ml,ml_014,sb_014_00100,리파믹스,리파믹스,리파믹스,ACETIC ACID+ALANINE+ARGININE+GLYCINE+ISOLEUCINE+LEUCINE+LYSINE+PHENYLALANINE+PROLINE+VALINE,ACETIC ACID+ALANINE+ARGININE+GLYCINE+ISOLEUCINE+LEUCINE+LYSINE+PHENYLALANINE+PROLINE+VALINE,molecule_desc,normalized,NOOP,HIGH
ml,ml_014,sb_014_00309,리포푼딘엠씨티,리포푼딘엠씨티,리포푼딘엠씨티,GLYCINE MAX+TRIGLYCERIDES,GLYCINE MAX+TRIGLYCERIDES,molecule_desc,normalized,NOOP,HIGH
ml,ml_014,sb_014_00275,리프타민,리프타민,리프타민,ALANINE+ARGININE+GLYCINE+ISOLEUCINE+LEUCINE+PHENYLALANINE,ALANINE+ARGININE+GLYCINE+ISOLEUCINE+LEUCINE+PHENYLALANINE,molecule_desc,normalized,NOOP,HIGH
ml,ml_014,sb_014_00295,리피뎀,리피뎀,리피뎀,DOCONEXENT+GLYCINE MAX+ICOSAPENT+TRIGLYCERIDES,DOCONEXENT+GLYCINE MAX+ICOSAPENT+TRIGLYCERIDES,molecule_desc,normalized,NOOP,HIGH
ml,ml_014,sb_014_00300,리피션,리피션,리피션,GLYCINE MAX,GLYCINE MAX,molecule_desc,normalized,NOOP,HIGH
ml,ml_014,sb_014_00308,리피션엠씨티,리피션엠씨티,리피션엠씨티,GLYCINE MAX+TRIGLYCERIDES,GLYCINE MAX+TRIGLYCERIDES,molecule_desc,normalized,NOOP,HIGH
ml,ml_014,sb_014_00152,마리나솔,마리나솔,마리나솔,ALANINE+ARGININE+GLYCINE+ISOLEUCINE+LEUCINE+LYSINE+PHENYLALANINE+PROLINE+SERINE+VALINE,ALANINE+ARGININE+GLYCINE+ISOLEUCINE+LEUCINE+LYSINE+PHENYLALANINE+PROLINE+SERINE+VALINE,molecule_desc,normalized,NOOP,HIGH
ml,ml_014,sb_014_00238,멀티솔,멀티솔,멀티솔,ALANINE+ARGININE+GLYCINE+HISTIDINE+ISOLEUCINE+LEUCINE+LYSINE+PROLINE+THREONINE+VALINE,ALANINE+ARGININE+GLYCINE+HISTIDINE+ISOLEUCINE+LEUCINE+LYSINE+PROLINE+THREONINE+VALINE,molecule_desc,normalized,NOOP,HIGH
ml,ml_014,sb_014_00101,멀티플렉스페리,멀티플렉스페리,멀티플렉스페리,ACETIC ACID+ALANINE+ARGININE+GLYCINE+ISOLEUCINE+LEUCINE+LYSINE+POTASSIUM+PROLINE+VALINE,ACETIC ACID+ALANINE+ARGININE+GLYCINE+ISOLEUCINE+LEUCINE+LYSINE+POTASSIUM+PROLINE+VALINE,molecule_desc,normalized,NOOP,HIGH
ml,ml_014,sb_014_00212,모리헤파민,모리헤파민,모리헤파민,ALANINE+ARGININE+GLYCINE+HISTIDINE+ISOLEUCINE+LEUCINE+LYSINE+PROLINE+SERINE+VALINE,ALANINE+ARGININE+GLYCINE+HISTIDINE+ISOLEUCINE+LEUCINE+LYSINE+PROLINE+SERINE+VALINE,molecule_desc,normalized,NOOP,HIGH
ml,ml_014,sb_014_00216,모아렉스,모아렉스,모아렉스,ALANINE+ARGININE+GLYCINE+HISTIDINE+ISOLEUCINE+LEUCINE+LYSINE+PROLINE+SERINE+VALINE,ALANINE+ARGININE+GLYCINE+HISTIDINE+ISOLEUCINE+LEUCINE+LYSINE+PROLINE+SERINE+VALINE,molecule_desc,normalized,NOOP,HIGH
ml,ml_014,sb_014_00111,모아비타 한올바이오파마,모아비타한올바이오파마,모아비타한올바이오파마,ALANINE+ARGININE+ASPARAGINE+CITRIC ACID+FLAVIN MONONUCLEOTIDE+GLYCINE+HISTIDINE+ISOLEUCINE+LEUCINE+LYSINE,ALANINE+ARGININE+ASPARAGINE+CITRIC ACID+FLAVIN MONONUCLEOTIDE+GLYCINE+HISTIDINE+ISOLEUCINE+LEUCINE+LYSINE,molecule_desc,normalized,NOOP,HIGH
ml,ml_014,sb_014_00141,바이나민,바이나민,바이나민,ALANINE+ARGININE+GLYCINE+HISTIDINE+LEUCINE+LYSINE+METHIONINE+PHENYLALANINE+PROLINE+SORBITOL,ALANINE+ARGININE+GLYCINE+HISTIDINE+LEUCINE+LYSINE+METHIONINE+PHENYLALANINE+PROLINE+SORBITOL,molecule_desc,normalized,NOOP,HIGH
ml,ml_014,sb_014_00107,바이오솔,바이오솔,바이오솔,ACETIC ACID+ALANINE+ARGININE+ISOLEUCINE+LEUCINE+LYSINE+PHENYLALANINE+PROLINE+SERINE+VALINE | ALANINE+ARGININE+GLYCINE+ISOLEUCINE+LEUCINE+LYSINE+PROLINE+SERINE+SODIUM+VALINE,ACETIC ACID+ALANINE+ARGININE+ISOLEUCINE+LEUCINE+LYSINE+PHENYLALANINE+PROLINE+SERINE+VALINE,molecule_desc,normalized,UPDATE,HIGH
ml,ml_014,sb_014_00128,바이오솔에프,바이오솔에프,바이오솔에프,ALANINE+ARGININE+GLYCINE+HISTIDINE+ISOLEUCINE+LEUCINE+LYSINE+METHIONINE+PHENYLALANINE+PROLINE,ALANINE+ARGININE+GLYCINE+HISTIDINE+ISOLEUCINE+LEUCINE+LYSINE+METHIONINE+PHENYLALANINE+PROLINE,molecule_desc,normalized,NOOP,HIGH
ml,ml_014,sb_014_00171,바이타솔,바이타솔,바이타솔,ALANINE+ARGININE+GLYCINE+LEUCINE+LYSINE+METHIONINE+PHENYLALANINE+PROLINE+VALINE+XYLITOL,ALANINE+ARGININE+GLYCINE+LEUCINE+LYSINE+METHIONINE+PHENYLALANINE+PROLINE+VALINE+XYLITOL,molecule_desc,normalized,NOOP,HIGH
ml,ml_014,sb_014_00135,브레노솔,브레노솔,브레노솔,ALANINE+ARGININE+GLYCINE+HISTIDINE+ISOLEUCINE+LEUCINE+LYSINE+PHENYLALANINE+THREONINE+VALINE | ALANINE+ARGININE+GLYCINE+HISTIDINE+LEUCINE+METHIONINE+PHENYLALANINE+SERINE+THREONINE+VALINE,ALANINE+ARGININE+GLYCINE+HISTIDINE+ISOLEUCINE+LEUCINE+LYSINE+PHENYLALANINE+THREONINE+VALINE,molecule_desc,normalized,UPDATE,HIGH
ml,ml_014,sb_014_00236,새로나민,새로나민,새로나민,ALANINE+ARGININE+GLYCINE+HISTIDINE+ISOLEUCINE+LEUCINE+LYSINE+PROLINE+THREONINE+VALINE,ALANINE+ARGININE+GLYCINE+HISTIDINE+ISOLEUCINE+LEUCINE+LYSINE+PROLINE+THREONINE+VALINE,molecule_desc,normalized,NOOP,HIGH
ml,ml_014,sb_014_00207,솔루헤파,솔루헤파,솔루헤파,ALANINE+ARGININE+ASPARTIC ACID+ISOLEUCINE+LEUCINE+LYSINE+SERINE+SORBITOL+VALINE+XYLITOL,ALANINE+ARGININE+ASPARTIC ACID+ISOLEUCINE+LEUCINE+LYSINE+SERINE+SORBITOL+VALINE+XYLITOL,molecule_desc,normalized,NOOP,HIGH
ml,ml_014,sb_014_00220,슈어로솔,슈어로솔,슈어로솔,ALANINE+ARGININE+GLYCINE+HISTIDINE+ISOLEUCINE+LEUCINE+LYSINE+PROLINE+SERINE+VALINE,ALANINE+ARGININE+GLYCINE+HISTIDINE+ISOLEUCINE+LEUCINE+LYSINE+PROLINE+SERINE+VALINE,molecule_desc,normalized,NOOP,HIGH
ml,ml_014,sb_014_00183,슈프라민,슈프라민,슈프라민,AMINOACIDS,AMINOACIDS,molecule_desc,normalized,NOOP,HIGH
ml,ml_014,sb_014_00289,스모프리피드,스모프리피드,스모프리피드,DOCONEXENT+GLYCINE MAX+ICOSAPENT+OLEA EUROPEA+TRIGLYCERIDES,DOCONEXENT+GLYCINE MAX+ICOSAPENT+OLEA EUROPEA+TRIGLYCERIDES,molecule_desc,normalized,NOOP,HIGH
ml,ml_014,sb_014_00080,스모프카비벤,스모프카비벤,스모프카비벤,ALANINE+ARGININE+GLUCOSE+GLYCINE+GLYCINE MAX+LEUCINE+LYSINE+OLEA EUROPEA+PROLINE+TRIGLYCERIDES,ALANINE+ARGININE+GLUCOSE+GLYCINE+GLYCINE MAX+LEUCINE+LYSINE+OLEA EUROPEA+PROLINE+TRIGLYCERIDES,molecule_desc,normalized,NOOP,HIGH
ml,ml_014,sb_014_00077,스모프카비벤페리페랄,스모프카비벤페리페랄,스모프카비벤페리페랄,ALANINE+ARGININE+GLUCOSE+GLYCINE+GLYCINE MAX+LEUCINE+LYSINE+OLEA EUROPEA+PROLINE+TRIGLYCERIDES,ALANINE+ARGININE+GLUCOSE+GLYCINE+GLYCINE MAX+LEUCINE+LYSINE+OLEA EUROPEA+PROLINE+TRIGLYCERIDES,molecule_desc,normalized,NOOP,HIGH
ml,ml_014,sb_014_00146,써포타민,써포타민,써포타민,ALANINE+ARGININE+GLYCINE+ISOLEUCINE+LEUCINE+LYSINE+METHIONINE+PHENYLALANINE+PROLINE+VALINE,ALANINE+ARGININE+GLYCINE+ISOLEUCINE+LEUCINE+LYSINE+METHIONINE+PHENYLALANINE+PROLINE+VALINE,molecule_desc,normalized,NOOP,HIGH
ml,ml_014,sb_014_00223,써프라민,써프라민,써프라민,ALANINE+ARGININE+GLYCINE+HISTIDINE+ISOLEUCINE+LEUCINE+LYSINE+PROLINE+SERINE+VALINE,ALANINE+ARGININE+GLYCINE+HISTIDINE+ISOLEUCINE+LEUCINE+LYSINE+PROLINE+SERINE+VALINE,molecule_desc,normalized,NOOP,HIGH
ml,ml_014,sb_014_00068,쓰리챔버폼스페리 유한,쓰리챔버폼스페리유한,쓰리챔버폼스페리유한,ALANINE+ARGININE+GLUCOSE+GLYCINE+GLYCINE MAX+LEUCINE+LYSINE+OLEA EUROPEA+PROLINE+TRIGLYCERIDES,ALANINE+ARGININE+GLUCOSE+GLYCINE+GLYCINE MAX+LEUCINE+LYSINE+OLEA EUROPEA+PROLINE+TRIGLYCERIDES,molecule_desc,normalized,NOOP,HIGH
ml,ml_014,sb_014_00104,아노솔,아노솔,아노솔,ACETIC ACID+ALANINE+ARGININE+ISOLEUCINE+LEUCINE+LYSINE+PHENYLALANINE+PROLINE+SERINE+VALINE,ACETIC ACID+ALANINE+ARGININE+ISOLEUCINE+LEUCINE+LYSINE+PHENYLALANINE+PROLINE+SERINE+VALINE,molecule_desc,normalized,NOOP,HIGH
ml,ml_014,sb_014_00154,아르믹스,아르믹스,아르믹스,ALANINE+ARGININE+GLYCINE+ISOLEUCINE+LEUCINE+LYSINE+PHENYLALANINE+PROLINE+SERINE+VALINE,ALANINE+ARGININE+GLYCINE+ISOLEUCINE+LEUCINE+LYSINE+PHENYLALANINE+PROLINE+SERINE+VALINE,molecule_desc,normalized,NOOP,HIGH
ml,ml_014,sb_014_00319,아르시스,아르시스,아르시스,ARGININE,ARGININE,molecule_desc,normalized,NOOP,HIGH
ml,ml_014,sb_014_00118,아미노글루,아미노글루,아미노글루,ALANINE+ARGININE+GLUTAMIC ACID+GLUTAMINE+HISTIDINE+LEUCINE+LYSINE+PHENYLALANINE+PROLINE+VALINE,ALANINE+ARGININE+GLUTAMIC ACID+GLUTAMINE+HISTIDINE+LEUCINE+LYSINE+PHENYLALANINE+PROLINE+VALINE,molecule_desc,normalized,NOOP,HIGH
ml,ml_014,sb_014_00201,아미노스테릴엔헤파,아미노스테릴엔헤파,아미노스테릴엔헤파,ACETIC ACID+ALANINE+ARGININE+GLYCINE+ISOLEUCINE+LEUCINE+LYSINE+PROLINE+THREONINE+VALINE,ACETIC ACID+ALANINE+ARGININE+GLYCINE+ISOLEUCINE+LEUCINE+LYSINE+PROLINE+THREONINE+VALINE,molecule_desc,normalized,NOOP,HIGH
ml,ml_014,sb_014_00243,아미노포스,아미노포스,아미노포스,ALANINE+ARGININE+GLYCINE+HISTIDINE+ISOLEUCINE+LEUCINE+LYSINE+PROLINE+THREONINE+VALINE,ALANINE+ARGININE+GLYCINE+HISTIDINE+ISOLEUCINE+LEUCINE+LYSINE+PROLINE+THREONINE+VALINE,molecule_desc,normalized,NOOP,HIGH
ml,ml_014,sb_014_00119,아미노풀,아미노풀,아미노풀,ALANINE+ARGININE+GLUTAMIC ACID+GLUTAMINE+HISTIDINE+LEUCINE+LYSINE+PHENYLALANINE+PROLINE+VALINE,ALANINE+ARGININE+GLUTAMIC ACID+GLUTAMINE+HISTIDINE+LEUCINE+LYSINE+PHENYLALANINE+PROLINE+VALINE,molecule_desc,normalized,NOOP,HIGH
ml,ml_014,sb_014_00113,아미노플라즈마 E,아미노플라즈마E,아미노플라즈마E,ALANINE+ARGININE+ASPARTIC ACID+GLUTAMIC ACID+ISOLEUCINE+LEUCINE+LYSINE+PROLINE+SODIUM+VALINE,ALANINE+ARGININE+ASPARTIC ACID+GLUTAMIC ACID+ISOLEUCINE+LEUCINE+LYSINE+PROLINE+SODIUM+VALINE,molecule_desc,normalized,NOOP,HIGH
ml,ml_014,sb_014_00170,아미노헥스,아미노헥스,아미노헥스,ALANINE+ARGININE+GLYCINE+LEUCINE+LYSINE+METHIONINE+ORNITHINE+PHENYLALANINE+PROLINE+SORBITOL,ALANINE+ARGININE+GLYCINE+LEUCINE+LYSINE+METHIONINE+ORNITHINE+PHENYLALANINE+PROLINE+SORBITOL,molecule_desc,normalized,NOOP,HIGH
ml,ml_014,sb_014_00177,아미닉,아미닉,아미닉,ALANINE+ARGININE+HISTIDINE+ISOLEUCINE+LEUCINE+LYSINE+PHENYLALANINE+PROLINE+THREONINE+VALINE,ALANINE+ARGININE+HISTIDINE+ISOLEUCINE+LEUCINE+LYSINE+PHENYLALANINE+PROLINE+THREONINE+VALINE,molecule_desc,normalized,NOOP,HIGH
ml,ml_014,sb_014_00136,아미닉플러스,아미닉플러스,아미닉플러스,ALANINE+ARGININE+GLYCINE+HISTIDINE+ISOLEUCINE+LEUCINE+LYSINE+PHENYLALANINE+THREONINE+VALINE,ALANINE+ARGININE+GLYCINE+HISTIDINE+ISOLEUCINE+LEUCINE+LYSINE+PHENYLALANINE+THREONINE+VALINE,molecule_desc,normalized,NOOP,HIGH
ml,ml_014,sb_014_00184,아미랄,아미랄,아미랄,AMINOACIDS+ELECTROLYTE SOLUTIONS+SORBITOL+XYLITOL,AMINOACIDS+ELECTROLYTE SOLUTIONS+SORBITOL+XYLITOL,molecule_desc,normalized,NOOP,HIGH
ml,ml_014,sb_014_00266,아미믹스,아미믹스,아미믹스,ALANINE+ARGININE+GLYCINE+ISOLEUCINE+LEUCINE+LYSINE+PROLINE+SERINE+THREONINE+VALINE,ALANINE+ARGININE+GLYCINE+ISOLEUCINE+LEUCINE+LYSINE+PROLINE+SERINE+THREONINE+VALINE,molecule_desc,normalized,NOOP,HIGH
ml,ml_014,sb_014_00240,아미서플,아미서플,아미서플,ALANINE+ARGININE+GLYCINE+HISTIDINE+ISOLEUCINE+LEUCINE+LYSINE+PROLINE+THREONINE+VALINE,ALANINE+ARGININE+GLYCINE+HISTIDINE+ISOLEUCINE+LEUCINE+LYSINE+PROLINE+THREONINE+VALINE,molecule_desc,normalized,NOOP,HIGH
ml,ml_014,sb_014_00181,아미콤푸렉스,아미콤푸렉스,아미콤푸렉스,AMINOACIDS,AMINOACIDS,molecule_desc,normalized,NOOP,HIGH
ml,ml_014,sb_014_00231,아미파티,아미파티,아미파티,ALANINE+ARGININE+GLYCINE+HISTIDINE+ISOLEUCINE+LEUCINE+LYSINE+PROLINE+THREONINE+VALINE,ALANINE+ARGININE+GLYCINE+HISTIDINE+ISOLEUCINE+LEUCINE+LYSINE+PROLINE+THREONINE+VALINE,molecule_desc,normalized,NOOP,HIGH
ml,ml_014,sb_014_00233,아미파티백,아미파티백,아미파티백,ALANINE+ARGININE+GLYCINE+HISTIDINE+ISOLEUCINE+LEUCINE+LYSINE+PROLINE+THREONINE+VALINE,ALANINE+ARGININE+GLYCINE+HISTIDINE+ISOLEUCINE+LEUCINE+LYSINE+PROLINE+THREONINE+VALINE,molecule_desc,normalized,NOOP,HIGH
ml,ml_014,sb_014_00281,안타솔,안타솔,안타솔,AMINOACIDS,AMINOACIDS,molecule_desc,normalized,NOOP,HIGH
ml,ml_014,sb_014_00112,알파민,알파민,알파민,ALANINE+ARGININE+ASPARAGINE+HISTIDINE+ISOLEUCINE+LEUCINE+LYSINE+PHENYLALANINE+THREONINE+VALINE,ALANINE+ARGININE+ASPARAGINE+HISTIDINE+ISOLEUCINE+LEUCINE+LYSINE+PHENYLALANINE+THREONINE+VALINE,molecule_desc,normalized,NOOP,HIGH
ml,ml_014,sb_014_00229,에가푸신,에가푸신,에가푸신,ALANINE+ARGININE+GLYCINE+HISTIDINE+ISOLEUCINE+LEUCINE+LYSINE+PROLINE+THREONINE+VALINE,ALANINE+ARGININE+GLYCINE+HISTIDINE+ISOLEUCINE+LEUCINE+LYSINE+PROLINE+THREONINE+VALINE,molecule_desc,normalized,NOOP,HIGH
ml,ml_014,sb_014_00185,에버나솔,에버나솔,에버나솔,ARGININE+ASPARTIC ACID+GLYCINE+HISTIDINE+ISOLEUCINE+LEUCINE+LYSINE+PHENYLALANINE+THREONINE+VALINE,ARGININE+ASPARTIC ACID+GLYCINE+HISTIDINE+ISOLEUCINE+LEUCINE+LYSINE+PHENYLALANINE+THREONINE+VALINE,molecule_desc,normalized,NOOP,HIGH
ml,ml_014,sb_014_00164,에버라민,에버라민,에버라민,ALANINE+ARGININE+GLYCINE+ISOLEUCINE+LEUCINE+LYSINE+PHENYLALANINE+PROLINE+SERINE+VALINE,ALANINE+ARGININE+GLYCINE+ISOLEUCINE+LEUCINE+LYSINE+PHENYLALANINE+PROLINE+SERINE+VALINE,molecule_desc,normalized,NOOP,HIGH
ml,ml_014,sb_014_00273,에셀민,에셀민,에셀민,ALANINE+ARGININE+GLYCINE+ISOLEUCINE+LEUCINE+LYSINE+PROLINE+SODIUM+THREONINE+VALINE,ALANINE+ARGININE+GLYCINE+ISOLEUCINE+LEUCINE+LYSINE+PROLINE+SODIUM+THREONINE+VALINE,molecule_desc,normalized,NOOP,HIGH
ml,ml_014,sb_014_00235,에쎈타민,에쎈타민,에쎈타민,ALANINE+ARGININE+GLYCINE+HISTIDINE+ISOLEUCINE+LEUCINE+LYSINE+PROLINE+THREONINE+VALINE,ALANINE+ARGININE+GLYCINE+HISTIDINE+ISOLEUCINE+LEUCINE+LYSINE+PROLINE+THREONINE+VALINE,molecule_desc,normalized,NOOP,HIGH
ml,ml_014,sb_014_00247,에이나민,에이나민,에이나민,ALANINE+ARGININE+GLYCINE+ISOLEUCINE+LEUCINE+LYSINE+PHENYLALANINE+PROLINE+THREONINE+VALINE,ALANINE+ARGININE+GLYCINE+ISOLEUCINE+LEUCINE+LYSINE+PHENYLALANINE+PROLINE+THREONINE+VALINE,molecule_desc,normalized,NOOP,HIGH
ml,ml_014,sb_014_00209,에코파민,에코파민,에코파민,ALANINE+ARGININE+GLYCINE+HISTIDINE+ISOLEUCINE+LEUCINE+LYSINE+METHIONINE+PHENYLALANINE+PROLINE,ALANINE+ARGININE+GLYCINE+HISTIDINE+ISOLEUCINE+LEUCINE+LYSINE+METHIONINE+PHENYLALANINE+PROLINE,molecule_desc,normalized,NOOP,HIGH
ml,ml_014,sb_014_00024,엔텐스,엔텐스,엔텐스,ACETIC ACID+ALANINE+ARGININE+CALCIUM+GLUCOSE+GLYCINE+HISTIDINE+ISOLEUCINE+METHIONINE+PHENYLALANINE,ACETIC ACID+ALANINE+ARGININE+CALCIUM+GLUCOSE+GLYCINE+HISTIDINE+ISOLEUCINE+METHIONINE+PHENYLALANINE,molecule_desc,normalized,NOOP,HIGH
ml,ml_014,sb_014_00043,엔텐스이에프,엔텐스이에프,엔텐스이에프,ALANINE+ARGININE+FISH+GLUCOSE+GLYCINE+GLYCINE MAX+HISTIDINE+ISOLEUCINE+LEUCINE+LYSINE,ALANINE+ARGININE+FISH+GLUCOSE+GLYCINE+GLYCINE MAX+HISTIDINE+ISOLEUCINE+LEUCINE+LYSINE,molecule_desc,normalized,NOOP,HIGH
ml,ml_014,sb_014_00313,엘아르기닌 광동,엘아르기닌광동,엘아르기닌광동,ARGININE,ARGININE,molecule_desc,normalized,NOOP,HIGH
ml,ml_014,sb_014_00314,엘아르기닌 대한약품,엘아르기닌대한약품,엘아르기닌대한약품,ARGININE,ARGININE,molecule_desc,normalized,NOOP,HIGH
ml,ml_014,sb_014_00006,오마프원,오마프원,오마프원,ACETIC ACID+ALANINE+ARGININE+CALCIUM+DOCONEXENT+GLUCOSE+GLYCEROPHOSPHORIC ACID+GLYCINE+GLYCINE MAX+ICOSAPENT,ACETIC ACID+ALANINE+ARGININE+CALCIUM+DOCONEXENT+GLUCOSE+GLYCEROPHOSPHORIC ACID+GLYCINE+GLYCINE MAX+ICOSAPENT,molecule_desc,normalized,NOOP,HIGH
ml,ml_014,sb_014_00292,오마프원리피드,오마프원리피드,오마프원리피드,DOCONEXENT+GLYCINE MAX+ICOSAPENT+OLEA EUROPEA+TRIGLYCERIDES | FISH+GLYCINE MAX+OLEA EUROPEA+TRIGLYCERIDES,DOCONEXENT+GLYCINE MAX+ICOSAPENT+OLEA EUROPEA+TRIGLYCERIDES,molecule_desc,normalized,UPDATE,HIGH
ml,ml_014,sb_014_00063,오마프원페리,오마프원페리,오마프원페리,ALANINE+ARGININE+GLUCOSE+GLYCINE+GLYCINE MAX+LEUCINE+LYSINE+OLEA EUROPEA+PROLINE+TRIGLYCERIDES,ALANINE+ARGININE+GLUCOSE+GLYCINE+GLYCINE MAX+LEUCINE+LYSINE+OLEA EUROPEA+PROLINE+TRIGLYCERIDES,molecule_desc,normalized,NOOP,HIGH
ml,ml_014,sb_014_00019,오마프플러스원,오마프플러스원,오마프플러스원,ACETIC ACID+ALANINE+ARGININE+CALCIUM+DOCONEXENT+GLUCOSE+GLYCINE+GLYCINE MAX+HISTIDINE+ISOLEUCINE,ACETIC ACID+ALANINE+ARGININE+CALCIUM+DOCONEXENT+GLUCOSE+GLYCINE+GLYCINE MAX+HISTIDINE+ISOLEUCINE,molecule_desc,normalized,NOOP,HIGH
ml,ml_014,sb_014_00014,오마프플러스원페리,오마프플러스원페리,오마프플러스원페리,ACETIC ACID+ALANINE+ARGININE+CALCIUM+DOCONEXENT+GLUCOSE+GLYCINE+GLYCINE MAX+HISTIDINE+ISOLEUCINE,ACETIC ACID+ALANINE+ARGININE+CALCIUM+DOCONEXENT+GLUCOSE+GLYCINE+GLYCINE MAX+HISTIDINE+ISOLEUCINE,molecule_desc,normalized,NOOP,HIGH
ml,ml_014,sb_014_00288,오메가벤,오메가벤,오메가벤,DOCONEXENT+GLYCEROL+ICOSAPENT+SOYA LECITHIN,DOCONEXENT+GLYCEROL+ICOSAPENT+SOYA LECITHIN,molecule_desc,normalized,NOOP,HIGH
ml,ml_014,sb_014_00180,오케이솔,오케이솔,오케이솔,AMINOACIDS,AMINOACIDS,molecule_desc,normalized,NOOP,HIGH
ml,ml_014,sb_014_00038,올리멜엔12이,올리멜엔12이,올리멜엔12이,ALANINE+ARGININE+ASPARTIC ACID+GLUCOSE+GLYCINE+LEUCINE+LYSINE+OLEA EUROPEA+PHENYLALANINE+VALINE,ALANINE+ARGININE+ASPARTIC ACID+GLUCOSE+GLYCINE+LEUCINE+LYSINE+OLEA EUROPEA+PHENYLALANINE+VALINE,molecule_desc,normalized,NOOP,HIGH
ml,ml_014,sb_014_00052,올리멜엔9이,올리멜엔9이,올리멜엔9이,ALANINE+ARGININE+GLUCOSE+GLYCEROPHOSPHORIC ACID+GLYCINE+GLYCINE MAX+LEUCINE+LYSINE+PHENYLALANINE+VALINE,ALANINE+ARGININE+GLUCOSE+GLYCEROPHOSPHORIC ACID+GLYCINE+GLYCINE MAX+LEUCINE+LYSINE+PHENYLALANINE+VALINE,molecule_desc,normalized,NOOP,HIGH
ml,ml_014,sb_014_00032,와이즈티엔에이페리,와이즈티엔에이페리,와이즈티엔에이페리,ACETIC ACID+ALANINE+ARGININE+GLUCOSE+GLYCINE+GLYCINE MAX+LEUCINE+LYSINE+PHENYLALANINE+VALINE,ACETIC ACID+ALANINE+ARGININE+GLUCOSE+GLYCINE+GLYCINE MAX+LEUCINE+LYSINE+PHENYLALANINE+VALINE,molecule_desc,normalized,NOOP,HIGH
ml,ml_014,sb_014_00255,울트라솔,울트라솔,울트라솔,ALANINE+ARGININE+GLYCINE+ISOLEUCINE+LEUCINE+LYSINE+PROLINE+SERINE+THREONINE+VALINE,ALANINE+ARGININE+GLYCINE+ISOLEUCINE+LEUCINE+LYSINE+PROLINE+SERINE+THREONINE+VALINE,molecule_desc,normalized,NOOP,HIGH
ml,ml_014,sb_canonical_022_위너프,위너프,위너프,위너프,ALANINE+ARGININE+GLUCOSE+GLYCINE+GLYCINE MAX+LEUCINE+LYSINE+OLEA EUROPEA+PROLINE+TRIGLYCERIDES,ALANINE+ARGININE+GLUCOSE+GLYCINE+GLYCINE MAX+LEUCINE+LYSINE+OLEA EUROPEA+PROLINE+TRIGLYCERIDES,molecule_desc,normalized,NOOP,HIGH
ml,ml_014,sb_canonical_023_위너프a,위너프A+,위너프A+,위너프A+,ACETIC ACID+ALANINE+ARGININE+CALCIUM+DOCONEXENT+GLUCOSE+GLYCINE+GLYCINE MAX+HISTIDINE+ICOSAPENT,ACETIC ACID+ALANINE+ARGININE+CALCIUM+DOCONEXENT+GLUCOSE+GLYCINE+GLYCINE MAX+HISTIDINE+ICOSAPENT,molecule_desc,normalized,NOOP,HIGH
ml,ml_014,sb_014_00009,위너프에이플러스페리,위너프에이플러스페리,위너프에이플러스페리,ACETIC ACID+ALANINE+ARGININE+CALCIUM+DOCONEXENT+GLUCOSE+GLYCINE+GLYCINE MAX+HISTIDINE+ICOSAPENT,ACETIC ACID+ALANINE+ARGININE+CALCIUM+DOCONEXENT+GLUCOSE+GLYCINE+GLYCINE MAX+HISTIDINE+ICOSAPENT,molecule_desc,normalized,NOOP,HIGH
ml,ml_014,sb_014_00055,위너프페리,위너프페리,위너프페리,ALANINE+ARGININE+GLUCOSE+GLYCINE+GLYCINE MAX+LEUCINE+LYSINE+MEDIUM CHAIN TRIGLYCERIDES (UNSPECIFIED)+OLEA EUROPEA+PROLINE,ALANINE+ARGININE+GLUCOSE+GLYCINE+GLYCINE MAX+LEUCINE+LYSINE+MEDIUM CHAIN TRIGLYCERIDES (UNSPECIFIED)+OLEA EUROPEA+PROLINE,molecule_desc,normalized,NOOP,HIGH
ml,ml_014,sb_014_00326,유로패스,유로패스,유로패스,CYSTEINE+HISTIDINE+ISOLEUCINE+LEUCINE+LYSINE+METHIONINE+PHENYLALANINE+THREONINE+TRYPTOPHAN+VALINE,CYSTEINE+HISTIDINE+ISOLEUCINE+LEUCINE+LYSINE+METHIONINE+PHENYLALANINE+THREONINE+TRYPTOPHAN+VALINE,molecule_desc,normalized,NOOP,HIGH
ml,ml_014,sb_014_00169,유바솔,유바솔,유바솔,ALANINE+ARGININE+GLYCINE+ISOLEUCINE+LEUCINE+LYSINE+PROLINE+SERINE+THREONINE+VALINE,ALANINE+ARGININE+GLYCINE+ISOLEUCINE+LEUCINE+LYSINE+PROLINE+SERINE+THREONINE+VALINE,molecule_desc,normalized,NOOP,HIGH
ml,ml_014,sb_014_00284,이소나민,이소나민,이소나민,ARGININE+BETA-ALANINE+GLYCINE+HISTIDINE+ISOLEUCINE+LEUCINE+PROLINE+SERINE+THREONINE+VALINE,ARGININE+BETA-ALANINE+GLYCINE+HISTIDINE+ISOLEUCINE+LEUCINE+PROLINE+SERINE+THREONINE+VALINE,molecule_desc,normalized,NOOP,HIGH
ml,ml_014,sb_014_00302,인트라리피드,인트라리피드,인트라리피드,GLYCINE MAX,GLYCINE MAX,molecule_desc,normalized,NOOP,HIGH
ml,ml_014,sb_014_00186,인트라푸신,인트라푸신,인트라푸신,ARGININE+BETA-ALANINE+GLUTAMIC ACID+GLYCINE+LEUCINE+LYSINE+METHIONINE+PROLINE+SERINE+THREONINE,ARGININE+BETA-ALANINE+GLUTAMIC ACID+GLYCINE+LEUCINE+LYSINE+METHIONINE+PROLINE+SERINE+THREONINE,molecule_desc,normalized,NOOP,HIGH
ml,ml_014,sb_014_00160,임펙타솔,임펙타솔,임펙타솔,ALANINE+ARGININE+GLYCINE+ISOLEUCINE+LEUCINE+LYSINE+PHENYLALANINE+PROLINE+SERINE+VALINE,ALANINE+ARGININE+GLYCINE+ISOLEUCINE+LEUCINE+LYSINE+PHENYLALANINE+PROLINE+SERINE+VALINE,molecule_desc,normalized,NOOP,HIGH
ml,ml_014,sb_014_00278,제이헤파민,제이헤파민,제이헤파민,ALANINE+ARGININE+ISOLEUCINE+LEUCINE+LYSINE+ORNITHINE+SERINE+SORBITOL+VALINE+XYLITOL,ALANINE+ARGININE+ISOLEUCINE+LEUCINE+LYSINE+ORNITHINE+SERINE+SORBITOL+VALINE+XYLITOL,molecule_desc,normalized,NOOP,HIGH
ml,ml_014,sb_014_00134,젠타라민,젠타라민,젠타라민,ALANINE+ARGININE+GLYCINE+HISTIDINE+ISOLEUCINE+LEUCINE+LYSINE+PHENYLALANINE+THREONINE+VALINE,ALANINE+ARGININE+GLYCINE+HISTIDINE+ISOLEUCINE+LEUCINE+LYSINE+PHENYLALANINE+THREONINE+VALINE,molecule_desc,normalized,NOOP,HIGH
ml,ml_014,sb_014_00133,젤라솔,젤라솔,젤라솔,ALANINE+ARGININE+GLYCINE+HISTIDINE+ISOLEUCINE+LEUCINE+LYSINE+PHENYLALANINE+THREONINE+VALINE,ALANINE+ARGININE+GLYCINE+HISTIDINE+ISOLEUCINE+LEUCINE+LYSINE+PHENYLALANINE+THREONINE+VALINE,molecule_desc,normalized,NOOP,HIGH
ml,ml_014,sb_014_00270,지씨웰빙뉴라민,지씨웰빙뉴라민,지씨웰빙뉴라민,ALANINE+ARGININE+GLYCINE+ISOLEUCINE+LEUCINE+LYSINE+PROLINE+SERINE+THREONINE+VALINE,ALANINE+ARGININE+GLYCINE+ISOLEUCINE+LEUCINE+LYSINE+PROLINE+SERINE+THREONINE+VALINE,molecule_desc,normalized,NOOP,HIGH
ml,ml_014,sb_014_00242,지씨웰빙아미노,지씨웰빙아미노,지씨웰빙아미노,ALANINE+ARGININE+GLYCINE+HISTIDINE+ISOLEUCINE+LEUCINE+LYSINE+PROLINE+THREONINE+VALINE,ALANINE+ARGININE+GLYCINE+HISTIDINE+ISOLEUCINE+LEUCINE+LYSINE+PROLINE+THREONINE+VALINE,molecule_desc,normalized,NOOP,HIGH
ml,ml_014,sb_014_00115,지씨웰빙아미노플렉스,지씨웰빙아미노플렉스,지씨웰빙아미노플렉스,ALANINE+ARGININE+CYSTEINE+GLYCINE+HISTIDINE+ISOLEUCINE+LEUCINE+LYSINE+METHIONINE+PHENYLALANINE,ALANINE+ARGININE+CYSTEINE+GLYCINE+HISTIDINE+ISOLEUCINE+LEUCINE+LYSINE+METHIONINE+PHENYLALANINE,molecule_desc,normalized,NOOP,HIGH
ml,ml_014,sb_014_00109,진보민,진보민,진보민,ACETYLCYSTEINE+ALANINE+ARGININE+ISOLEUCINE+LEUCINE+LYSINE+PROLINE+SERINE+TYROSINE+VALINE,ACETYLCYSTEINE+ALANINE+ARGININE+ISOLEUCINE+LEUCINE+LYSINE+PROLINE+SERINE+TYROSINE+VALINE,molecule_desc,normalized,NOOP,HIGH
ml,ml_014,sb_014_00195,진카로솔,진카로솔,진카로솔,ARGININE+HISTIDINE+ISOLEUCINE+LEUCINE+LYSINE+METHIONINE+PHENYLALANINE+PROLINE+SORBITOL+VALINE,ARGININE+HISTIDINE+ISOLEUCINE+LEUCINE+LYSINE+METHIONINE+PHENYLALANINE+PROLINE+SORBITOL+VALINE,molecule_desc,normalized,NOOP,HIGH
ml,ml_014,sb_014_00031,카비벤페리페랄,카비벤페리페랄,카비벤페리페랄,ACETIC ACID+ALANINE+ARGININE+GLUCOSE+GLYCINE+GLYCINE MAX+LEUCINE+LYSINE+PHENYLALANINE+SERINE,ACETIC ACID+ALANINE+ARGININE+GLUCOSE+GLYCINE+GLYCINE MAX+LEUCINE+LYSINE+PHENYLALANINE+SERINE,molecule_desc,normalized,NOOP,HIGH
ml,ml_014,sb_014_00097,카비트윈1호,카비트윈1호,카비트윈1호,ACETIC ACID+ALANINE+ARGININE+GLUCOSE+GLYCINE+ISOLEUCINE+LEUCINE+LYSINE+PROLINE+VALINE,ACETIC ACID+ALANINE+ARGININE+GLUCOSE+GLYCINE+ISOLEUCINE+LEUCINE+LYSINE+PROLINE+VALINE,molecule_desc,normalized,NOOP,HIGH
ml,ml_014,sb_014_00096,카비트윈페리주1호,카비트윈페리주1호,카비트윈페리주1호,ACETIC ACID+ALANINE+ARGININE+GLUCOSE+GLYCINE+ISOLEUCINE+LEUCINE+LYSINE+POTASSIUM+PROLINE,ACETIC ACID+ALANINE+ARGININE+GLUCOSE+GLYCINE+ISOLEUCINE+LEUCINE+LYSINE+POTASSIUM+PROLINE,molecule_desc,normalized,NOOP,HIGH
ml,ml_014,sb_014_00190,카프솔,카프솔,카프솔,ARGININE+BETA-ALANINE+GLYCINE+ISOLEUCINE+LEUCINE+LYSINE+PHENYLALANINE+PROLINE+SERINE+VALINE,ARGININE+BETA-ALANINE+GLYCINE+ISOLEUCINE+LEUCINE+LYSINE+PHENYLALANINE+PROLINE+SERINE+VALINE,molecule_desc,normalized,NOOP,HIGH
ml,ml_014,sb_014_00194,케어민,케어민,케어민,ARGININE+HISTIDINE+ISOLEUCINE+LEUCINE+LYSINE+METHIONINE+PHENYLALANINE+PROLINE+SORBITOL+VALINE,ARGININE+HISTIDINE+ISOLEUCINE+LEUCINE+LYSINE+METHIONINE+PHENYLALANINE+PROLINE+SORBITOL+VALINE,molecule_desc,normalized,NOOP,HIGH
ml,ml_014,sb_014_00167,케어아민,케어아민,케어아민,ALANINE+ARGININE+GLYCINE+ISOLEUCINE+LEUCINE+LYSINE+PHENYLALANINE+PROLINE+THREONINE+VALINE,ALANINE+ARGININE+GLYCINE+ISOLEUCINE+LEUCINE+LYSINE+PHENYLALANINE+PROLINE+THREONINE+VALINE,molecule_desc,normalized,NOOP,HIGH
ml,ml_014,sb_014_00098,콤비1호 엠지,콤비1호엠지,콤비1호엠지,ACETIC ACID+ALANINE+ARGININE+GLUCOSE+GLYCINE+ISOLEUCINE+LEUCINE+LYSINE+PROLINE+VALINE,ACETIC ACID+ALANINE+ARGININE+GLUCOSE+GLYCINE+ISOLEUCINE+LEUCINE+LYSINE+PROLINE+VALINE,molecule_desc,normalized,NOOP,HIGH
ml,ml_014,sb_014_00099,콤비주페리1호 엠지,콤비주페리1호엠지,콤비주페리1호엠지,ACETIC ACID+ALANINE+ARGININE+GLUCOSE+GLYCINE+ISOLEUCINE+LEUCINE+LYSINE+PROLINE+VALINE,ACETIC ACID+ALANINE+ARGININE+GLUCOSE+GLYCINE+ISOLEUCINE+LEUCINE+LYSINE+PROLINE+VALINE,molecule_desc,normalized,NOOP,HIGH
ml,ml_014,sb_014_00091,콤비플렉스,콤비플렉스,콤비플렉스,ACETIC ACID+ALANINE+ARGININE+ASPARAGINE+CALCIUM+CYSTEINE+GLUCOSE+GLUTAMIC ACID+GLYCINE+HISTIDINE | ACETIC ACID+ALANINE+ARGININE+GLUCOSE+GLUTAMIC ACID+GLYCINE+LEUCINE+LYSINE+PHENYLALANINE+THREONINE,ACETIC ACID+ALANINE+ARGININE+ASPARAGINE+CALCIUM+CYSTEINE+GLUCOSE+GLUTAMIC ACID+GLYCINE+HISTIDINE,molecule_desc,normalized,UPDATE,HIGH
ml,ml_014,sb_014_00028,콤비플렉스리피드페리,콤비플렉스리피드페리,콤비플렉스리피드페리,ACETIC ACID+ALANINE+ARGININE+GLUCOSE+GLYCINE+GLYCINE MAX+ISOLEUCINE+LEUCINE+LYSINE+PHENYLALANINE,ACETIC ACID+ALANINE+ARGININE+GLUCOSE+GLYCINE+GLYCINE MAX+ISOLEUCINE+LEUCINE+LYSINE+PHENYLALANINE,molecule_desc,normalized,NOOP,HIGH
ml,ml_014,sb_014_00047,콤비플렉스엠시티페리,콤비플렉스엠시티페리,콤비플렉스엠시티페리,ALANINE+ARGININE+GLUCOSE+GLUTAMIC ACID+GLYCINE MAX+LEUCINE+PHENYLALANINE+PROLINE+SERINE+TRIGLYCERIDES,ALANINE+ARGININE+GLUCOSE+GLUTAMIC ACID+GLYCINE MAX+LEUCINE+PHENYLALANINE+PROLINE+SERINE+TRIGLYCERIDES,molecule_desc,normalized,NOOP,HIGH
ml,ml_014,sb_014_00137,콤비플렉스페리,콤비플렉스페리,콤비플렉스페리,ALANINE+ARGININE+GLYCINE+HISTIDINE+ISOLEUCINE+LEUCINE+LYSINE+POTASSIUM,ALANINE+ARGININE+GLYCINE+HISTIDINE+ISOLEUCINE+LEUCINE+LYSINE+POTASSIUM,molecule_desc,normalized,NOOP,HIGH
ml,ml_014,sb_014_00166,큐어솔,큐어솔,큐어솔,ALANINE+ARGININE+GLYCINE+ISOLEUCINE+LEUCINE+LYSINE+PHENYLALANINE+PROLINE+SERINE+VALINE,ALANINE+ARGININE+GLYCINE+ISOLEUCINE+LEUCINE+LYSINE+PHENYLALANINE+PROLINE+SERINE+VALINE,molecule_desc,normalized,NOOP,HIGH
ml,ml_014,sb_014_00120,크레타민,크레타민,크레타민,ALANINE+ARGININE+GLUTAMIC ACID+GLYCINE+HISTIDINE+ISOLEUCINE+LEUCINE+LYSINE+PHENYLALANINE+THREONINE,ALANINE+ARGININE+GLUTAMIC ACID+GLYCINE+HISTIDINE+ISOLEUCINE+LEUCINE+LYSINE+PHENYLALANINE+THREONINE,molecule_desc,normalized,NOOP,HIGH
ml,ml_014,sb_014_00193,클로바민,클로바민,클로바민,ARGININE+GLYCINE+ISOLEUCINE+LEUCINE+LYSINE+METHIONINE+PHENYLALANINE+PROLINE+SERINE+VALINE,ARGININE+GLYCINE+ISOLEUCINE+LEUCINE+LYSINE+METHIONINE+PHENYLALANINE+PROLINE+SERINE+VALINE,molecule_desc,normalized,NOOP,HIGH
ml,ml_014,sb_014_00305,클리노레익,클리노레익,클리노레익,GLYCINE MAX+OLEA EUROPEA,GLYCINE MAX+OLEA EUROPEA,molecule_desc,normalized,NOOP,HIGH
ml,ml_014,sb_014_00336,클리니믹스,클리니믹스,클리니믹스,ALANINE+ARGININE+GLUCOSE+GLYCINE+ISOLEUCINE+LEUCINE+PHENYLALANINE+PROLINE+SERINE+VALINE,ALANINE+ARGININE+GLUCOSE+GLYCINE+ISOLEUCINE+LEUCINE+PHENYLALANINE+PROLINE+SERINE+VALINE,molecule_desc,normalized,NOOP,HIGH
ml,ml_014,sb_014_00271,테라푸솔,테라푸솔,테라푸솔,ALANINE+ARGININE+GLYCINE+ISOLEUCINE+LEUCINE+LYSINE+PROLINE+SERINE+THREONINE+VALINE,ALANINE+ARGININE+GLYCINE+ISOLEUCINE+LEUCINE+LYSINE+PROLINE+SERINE+THREONINE+VALINE,molecule_desc,normalized,NOOP,HIGH
ml,ml_014,sb_014_00108,텐프라민,텐프라민,텐프라민,ACETYLCYSTEINE+ALANINE+ARGININE+GLUTAMIC ACID+GLYCINE+HISTIDINE+ISOLEUCINE+LEUCINE+N-ACETYL-L-TYROSIN,ACETYLCYSTEINE+ALANINE+ARGININE+GLUTAMIC ACID+GLYCINE+HISTIDINE+ISOLEUCINE+LEUCINE+N-ACETYL-L-TYROSIN,molecule_desc,normalized,NOOP,HIGH
ml,ml_014,sb_014_00282,토비다솔,토비다솔,토비다솔,AMINOACIDS,AMINOACIDS,molecule_desc,normalized,NOOP,HIGH
ml,ml_014,sb_014_00287,토비다솔플러스,토비다솔플러스,토비다솔플러스,ARGININE+ISOLEUCINE+LEUCINE+LYSINE+ORNITHINE+SERINE+SODIUM+SORBITOL+VALINE+XYLITOL,ARGININE+ISOLEUCINE+LEUCINE+LYSINE+ORNITHINE+SERINE+SODIUM+SORBITOL+VALINE+XYLITOL,molecule_desc,normalized,NOOP,HIGH
ml,ml_014,sb_014_00127,토파뉴솔,토파뉴솔,토파뉴솔,ALANINE+ARGININE+GLUTAMIC ACID+HISTIDINE+ISOLEUCINE+LEUCINE+LYSINE+PHENYLALANINE+THREONINE+TYROSINE,ALANINE+ARGININE+GLUTAMIC ACID+HISTIDINE+ISOLEUCINE+LEUCINE+LYSINE+PHENYLALANINE+THREONINE+TYROSINE,molecule_desc,normalized,NOOP,HIGH
ml,ml_014,sb_014_00277,토프라민,토프라민,토프라민,ALANINE+ARGININE+HISTIDINE+ISOLEUCINE+LEUCINE+LYSINE+PROLINE+SERINE+THREONINE+VALINE,ALANINE+ARGININE+HISTIDINE+ISOLEUCINE+LEUCINE+LYSINE+PROLINE+SERINE+THREONINE+VALINE,molecule_desc,normalized,NOOP,HIGH
ml,ml_014,sb_014_00258,트로미솔,트로미솔,트로미솔,ALANINE+ARGININE+GLYCINE+ISOLEUCINE+LEUCINE+LYSINE+PROLINE+SERINE+THREONINE+VALINE,ALANINE+ARGININE+GLYCINE+ISOLEUCINE+LEUCINE+LYSINE+PROLINE+SERINE+THREONINE+VALINE,molecule_desc,normalized,NOOP,HIGH
ml,ml_014,sb_014_00331,트로파민,트로파민,트로파민,ALANINE+ARGININE+GLUTAMIC ACID+HISTIDINE+ISOLEUCINE+LEUCINE+LYSINE+PHENYLALANINE+PROLINE+THREONINE,ALANINE+ARGININE+GLUTAMIC ACID+HISTIDINE+ISOLEUCINE+LEUCINE+LYSINE+PHENYLALANINE+PROLINE+THREONINE,molecule_desc,normalized,NOOP,HIGH
ml,ml_014,sb_014_00279,트리푸신,트리푸신,트리푸신,ALANINE+HISTIDINE+ISOLEUCINE+LEUCINE+LYSINE+PROLINE+SERINE+TRYPTOPHAN+TYROSINE+VALINE,ALANINE+HISTIDINE+ISOLEUCINE+LEUCINE+LYSINE+PROLINE+SERINE+TRYPTOPHAN+TYROSINE+VALINE,molecule_desc,normalized,NOOP,HIGH
ml,ml_014,sb_014_00033,티엔에이,티엔에이,티엔에이,ACETIC ACID+ALANINE+ARGININE+GLUCOSE+GLYCINE+GLYCINE MAX+LEUCINE+LYSINE+PHENYLALANINE+VALINE,ACETIC ACID+ALANINE+ARGININE+GLUCOSE+GLYCINE+GLYCINE MAX+LEUCINE+LYSINE+PHENYLALANINE+VALINE,molecule_desc,normalized,NOOP,HIGH
ml,ml_014,sb_014_00037,티엔에이페리,티엔에이페리,티엔에이페리,ACETIC ACID+ALANINE+ARGININE+GLUCOSE+GLYCINE+GLYCINE MAX+LEUCINE+LYSINE+PHENYLALANINE+VALINE,ACETIC ACID+ALANINE+ARGININE+GLUCOSE+GLYCINE+GLYCINE MAX+LEUCINE+LYSINE+PHENYLALANINE+VALINE,molecule_desc,normalized,NOOP,HIGH
ml,ml_014,sb_014_00268,파노라민,파노라민,파노라민,ALANINE+ARGININE+GLYCINE+ISOLEUCINE+LEUCINE+LYSINE+PROLINE+SERINE+THREONINE+VALINE,ALANINE+ARGININE+GLYCINE+ISOLEUCINE+LEUCINE+LYSINE+PROLINE+SERINE+THREONINE+VALINE,molecule_desc,normalized,NOOP,HIGH
ml,ml_014,sb_014_00215,파렌타민,파렌타민,파렌타민,ALANINE+ARGININE+GLYCINE+HISTIDINE+ISOLEUCINE+LEUCINE+LYSINE+PROLINE+SERINE+VALINE,ALANINE+ARGININE+GLYCINE+HISTIDINE+ISOLEUCINE+LEUCINE+LYSINE+PROLINE+SERINE+VALINE,molecule_desc,normalized,NOOP,HIGH
ml,ml_014,sb_014_00249,파미솔,파미솔,파미솔,ALANINE+ARGININE+GLYCINE+ISOLEUCINE+LEUCINE+LYSINE+PROLINE+SERINE+THREONINE+VALINE,ALANINE+ARGININE+GLYCINE+ISOLEUCINE+LEUCINE+LYSINE+PROLINE+SERINE+THREONINE+VALINE,molecule_desc,normalized,NOOP,HIGH
ml,ml_014,sb_014_00318,파워아르긴,파워아르긴,파워아르긴,ARGININE,ARGININE,molecule_desc,normalized,NOOP,HIGH
ml,ml_014,sb_014_00330,페디아민,페디아민,페디아민,ACETIC ACID+ALANINE+ARGININE+ASPARTIC ACID+GLUTAMIC ACID+HISTIDINE+ISOLEUCINE+LEUCINE+LYSINE+N-ACETYL-L-TYROSIN,ACETIC ACID+ALANINE+ARGININE+ASPARTIC ACID+GLUTAMIC ACID+HISTIDINE+ISOLEUCINE+LEUCINE+LYSINE+N-ACETYL-L-TYROSIN,molecule_desc,normalized,NOOP,HIGH
ml,ml_014,sb_014_00049,페리올리멜엔4이,페리올리멜엔4이,페리올리멜엔4이,ALANINE+ARGININE+GLUCOSE+GLYCEROPHOSPHORIC ACID+GLYCINE+GLYCINE MAX+LEUCINE+LYSINE+OLEA EUROPEA+PHENYLALANINE,ALANINE+ARGININE+GLUCOSE+GLYCEROPHOSPHORIC ACID+GLYCINE+GLYCINE MAX+LEUCINE+LYSINE+OLEA EUROPEA+PHENYLALANINE,molecule_desc,normalized,NOOP,HIGH
ml,ml_014,sb_014_00208,포타솔 신풍,포타솔신풍,포타솔신풍,ALANINE+ARGININE+GLUTAMIC ACID+GLYCINE+ISOLEUCINE+LEUCINE+LYSINE+PHENYLALANINE+PROLINE+THREONINE,ALANINE+ARGININE+GLUTAMIC ACID+GLYCINE+ISOLEUCINE+LEUCINE+LYSINE+PHENYLALANINE+PROLINE+THREONINE,molecule_desc,normalized,NOOP,HIGH
ml,ml_014,sb_014_00145,포테민 중단,포테민중단,포테민중단,ALANINE+ARGININE+GLYCINE+ISOLEUCINE+LEUCINE+L-METHIONINE+LYSINE+PROLINE+SERINE+VALINE,ALANINE+ARGININE+GLYCINE+ISOLEUCINE+LEUCINE+L-METHIONINE+LYSINE+PROLINE+SERINE+VALINE,molecule_desc,normalized,NOOP,HIGH
ml,ml_014,sb_014_00188,포텐아민,포텐아민,포텐아민,ARGININE+BETA-ALANINE+GLYCINE+ISOLEUCINE+LEUCINE+L-METHIONINE+LYSINE+PHENYLALANINE+PROLINE+VALINE,ARGININE+BETA-ALANINE+GLYCINE+ISOLEUCINE+LEUCINE+L-METHIONINE+LYSINE+PHENYLALANINE+PROLINE+VALINE,molecule_desc,normalized,NOOP,HIGH
ml,ml_014,sb_014_00293,폼스리피드,폼스리피드,폼스리피드,DOCONEXENT+GLYCINE MAX+ICOSAPENT+OLEA EUROPEA+TRIGLYCERIDES | FISH+GLYCINE MAX+OLEA EUROPEA+TRIGLYCERIDES,DOCONEXENT+GLYCINE MAX+ICOSAPENT+OLEA EUROPEA+TRIGLYCERIDES,molecule_desc,normalized,UPDATE,HIGH
ml,ml_014,sb_014_00071,폼스티엔에이,폼스티엔에이,폼스티엔에이,ALANINE+ARGININE+GLUCOSE+GLYCINE+GLYCINE MAX+LEUCINE+LYSINE+OLEA EUROPEA+PROLINE+TRIGLYCERIDES,ALANINE+ARGININE+GLUCOSE+GLYCINE+GLYCINE MAX+LEUCINE+LYSINE+OLEA EUROPEA+PROLINE+TRIGLYCERIDES,molecule_desc,normalized,NOOP,HIGH
ml,ml_014,sb_014_00103,푸라솔 중단,푸라솔중단,푸라솔중단,ACETIC ACID+ALANINE+ARGININE+HISTIDINE+LEUCINE+LYSINE+METHIONINE+PHENYLALANINE+PROLINE+SORBITOL,ACETIC ACID+ALANINE+ARGININE+HISTIDINE+LEUCINE+LYSINE+METHIONINE+PHENYLALANINE+PROLINE+SORBITOL,molecule_desc,normalized,NOOP,HIGH
ml,ml_014,sb_014_00121,푸로아민,푸로아민,푸로아민,ALANINE+ARGININE+GLUTAMIC ACID+GLYCINE+HISTIDINE+ISOLEUCINE+LEUCINE+LYSINE+PHENYLALANINE+THREONINE,ALANINE+ARGININE+GLUTAMIC ACID+GLYCINE+HISTIDINE+ISOLEUCINE+LEUCINE+LYSINE+PHENYLALANINE+THREONINE,molecule_desc,normalized,NOOP,HIGH
ml,ml_014,sb_014_00179,퓨라민,퓨라민,퓨라민,ALANINE+ARGININE+ISOLEUCINE+LEUCINE+L-METHIONINE+LYSINE+PHENYLALANINE+PROLINE+SERINE+VALINE,ALANINE+ARGININE+ISOLEUCINE+LEUCINE+L-METHIONINE+LYSINE+PHENYLALANINE+PROLINE+SERINE+VALINE,molecule_desc,normalized,NOOP,HIGH
ml,ml_014,sb_014_00334,프라이멘,프라이멘,프라이멘,ARGININE+ASPARTIC ACID+BETA-ALANINE+GLUTAMIC ACID+GLYCINE+ISOLEUCINE+LEUCINE+LYSINE+PHENYLALANINE+VALINE,ARGININE+ASPARTIC ACID+BETA-ALANINE+GLUTAMIC ACID+GLYCINE+ISOLEUCINE+LEUCINE+LYSINE+PHENYLALANINE+VALINE,molecule_desc,normalized,NOOP,HIGH
ml,ml_014,sb_014_00214,프리솔,프리솔,프리솔,ALANINE+ARGININE+GLYCINE+HISTIDINE+ISOLEUCINE+LEUCINE+LYSINE+PROLINE+SERINE+VALINE,ALANINE+ARGININE+GLYCINE+HISTIDINE+ISOLEUCINE+LEUCINE+LYSINE+PROLINE+SERINE+VALINE,molecule_desc,normalized,NOOP,HIGH
ml,ml_014,sb_014_00093,피엔믹스2호,피엔믹스2호,피엔믹스2호,ACETIC ACID+ALANINE+ARGININE+GLUCOSE+GLUTAMIC ACID+GLYCINE+LEUCINE+LYSINE+PHENYLALANINE+THREONINE,ACETIC ACID+ALANINE+ARGININE+GLUCOSE+GLUTAMIC ACID+GLYCINE+LEUCINE+LYSINE+PHENYLALANINE+THREONINE,molecule_desc,normalized,NOOP,HIGH
ml,ml_014,sb_014_00094,피엔믹스페리2호,피엔믹스페리2호,피엔믹스페리2호,ACETIC ACID+ALANINE+ARGININE+GLUCOSE+GLYCINE+ISOLEUCINE+LEUCINE+LYSINE+PHOSPHORIC ACID+PROLINE,ACETIC ACID+ALANINE+ARGININE+GLUCOSE+GLYCINE+ISOLEUCINE+LEUCINE+LYSINE+PHOSPHORIC ACID+PROLINE,molecule_desc,normalized,NOOP,HIGH
ml,ml_014,sb_014_00221,헤라젠,헤라젠,헤라젠,ALANINE+ARGININE+GLYCINE+HISTIDINE+ISOLEUCINE+LEUCINE+LYSINE+PROLINE+SERINE+VALINE,ALANINE+ARGININE+GLYCINE+HISTIDINE+ISOLEUCINE+LEUCINE+LYSINE+PROLINE+SERINE+VALINE,molecule_desc,normalized,NOOP,HIGH
ml,ml_014,sb_014_00206,헤리아푸신,헤리아푸신,헤리아푸신,ACETYLCYSTEINE+ALANINE+ARGININE+ASPARTIC ACID+GLUTAMIC ACID+HISTIDINE+ISOLEUCINE+LEUCINE+LYSINE+METHIONINE,ACETYLCYSTEINE+ALANINE+ARGININE+ASPARTIC ACID+GLUTAMIC ACID+HISTIDINE+ISOLEUCINE+LEUCINE+LYSINE+METHIONINE,molecule_desc,normalized,NOOP,HIGH
ml,ml_014,sb_014_00197,헤파비아,헤파비아,헤파비아,ACETIC ACID+ALANINE+ARGININE+GLYCINE+ISOLEUCINE+LEUCINE+LYSINE+PROLINE+THREONINE+VALINE,ACETIC ACID+ALANINE+ARGININE+GLYCINE+ISOLEUCINE+LEUCINE+LYSINE+PROLINE+THREONINE+VALINE,molecule_desc,normalized,NOOP,HIGH
ml,ml_014,sb_014_00204,헤파타민,헤파타민,헤파타민,ACETIC ACID+ALANINE+ARGININE+ISOLEUCINE+LEUCINE+LYSINE+PROLINE+SERINE+SODIUM+VALINE,ACETIC ACID+ALANINE+ARGININE+ISOLEUCINE+LEUCINE+LYSINE+PROLINE+SERINE+SODIUM+VALINE,molecule_desc,normalized,NOOP,HIGH
ml,ml_014,sb_014_00263,헬스나민,헬스나민,헬스나민,ALANINE+ARGININE+GLYCINE+ISOLEUCINE+LEUCINE+LYSINE+PROLINE+SERINE+THREONINE+VALINE,ALANINE+ARGININE+GLYCINE+ISOLEUCINE+LEUCINE+LYSINE+PROLINE+SERINE+THREONINE+VALINE,molecule_desc,normalized,NOOP,HIGH
ml,ml_014,sb_014_00260,헬파워솔,헬파워솔,헬파워솔,ALANINE+ARGININE+GLYCINE+ISOLEUCINE+LEUCINE+LYSINE+PROLINE+SERINE+THREONINE+VALINE,ALANINE+ARGININE+GLYCINE+ISOLEUCINE+LEUCINE+LYSINE+PROLINE+SERINE+THREONINE+VALINE,molecule_desc,normalized,NOOP,HIGH
ml,ml_014,sb_014_00129,후라바솔,후라바솔,후라바솔,ALANINE+ARGININE+GLYCINE+HISTIDINE+ISOLEUCINE+LEUCINE+LYSINE+PHENYLALANINE+PROLINE+SERINE | ALANINE+ARGININE+GLYCINE+HISTIDINE+ISOLEUCINE+LEUCINE+LYSINE+PHENYLALANINE+PROLINE+VALINE,ALANINE+ARGININE+GLYCINE+HISTIDINE+ISOLEUCINE+LEUCINE+LYSINE+PHENYLALANINE+PROLINE+SERINE,molecule_desc,normalized,UPDATE,HIGH
ml,ml_014,sb_014_00251,후라바솔헤파,후라바솔헤파,후라바솔헤파,ALANINE+ARGININE+GLYCINE+ISOLEUCINE+LEUCINE+LYSINE+PROLINE+SERINE+THREONINE+VALINE,ALANINE+ARGININE+GLYCINE+ISOLEUCINE+LEUCINE+LYSINE+PROLINE+SERINE+THREONINE+VALINE,molecule_desc,normalized,NOOP,HIGH
ml,ml_014,sb_014_00148,후리아민,후리아민,후리아민,ALANINE+ARGININE+GLYCINE+ISOLEUCINE+LEUCINE+LYSINE+PHENYLALANINE+PROLINE+SERINE+VALINE,ALANINE+ARGININE+GLYCINE+ISOLEUCINE+LEUCINE+LYSINE+PHENYLALANINE+PROLINE+SERINE+VALINE,molecule_desc,normalized,NOOP,HIGH
ml,ml_014,sb_014_00162,후리아민에이취비씨,후리아민에이취비씨,후리아민에이취비씨,ALANINE+ARGININE+GLYCINE+ISOLEUCINE+LEUCINE+LYSINE+PHENYLALANINE+PROLINE+SERINE+VALINE,ALANINE+ARGININE+GLYCINE+ISOLEUCINE+LEUCINE+LYSINE+PHENYLALANINE+PROLINE+SERINE+VALINE,molecule_desc,normalized,NOOP,HIGH
ml,ml_015,sb_canonical_024_엔커버,엔커버,엔커버,엔커버,GENERAL NUTRIENTS,GENERAL NUTRIENTS,molecule_desc,normalized,NOOP,HIGH
ml,ml_015,sb_015_00008,하모닐란,하모닐란,하모닐란,GENERAL NUTRIENTS,GENERAL NUTRIENTS,molecule_desc,normalized,NOOP,HIGH
ml,ml_016,sb_016_00059,"* Balanced crystalloid 세대 구분 : 1세대 , 2세대","*Balancedcrystalloid세대구분:1세대,2세대",,,,molecule_desc,unmatched,NOOP,LOW
ml,ml_016,sb_016_00046,게라토스,게라토스,게라토스,CALCIUM+FRUCTOSE+POTASSIUM+SODIUM,CALCIUM+FRUCTOSE+POTASSIUM+SODIUM,molecule_desc,normalized,NOOP,HIGH
ml,ml_016,sb_016_00010,디에스엘 1:2:3 HK이노엔,디에스엘1:2:3HK이노엔,,DL-LACTIC ACID+GLUCOSE+SODIUM,DL-LACTIC ACID+GLUCOSE+SODIUM,molecule_desc,unmatched,NOOP,LOW
ml,ml_016,sb_016_00053,엔에이시엘케이40,엔에이시엘케이40,엔에이시엘케이40,POTASSIUM+SODIUM,POTASSIUM+SODIUM,molecule_desc,normalized,NOOP,HIGH
ml,ml_016,sb_016_00048,엔에이.케이20,엔에이.케이20,엔에이.케이20,GLUCOSE+POTASSIUM+SODIUM,GLUCOSE+POTASSIUM+SODIUM,molecule_desc,normalized,NOOP,HIGH
ml,ml_016,sb_016_00049,엔에이.케이200,엔에이.케이200,엔에이.케이200,POTASSIUM+SODIUM,POTASSIUM+SODIUM,molecule_desc,normalized,NOOP,HIGH
ml,ml_016,sb_016_00056,염화칼륨 중외,염화칼륨중외,염화칼륨중외,POTASSIUM,POTASSIUM,molecule_desc,normalized,NOOP,HIGH
ml,ml_016,sb_016_00011,원투쓰리 대한,원투쓰리대한,원투쓰리대한,DL-LACTIC ACID+GLUCOSE+SODIUM,DL-LACTIC ACID+GLUCOSE+SODIUM,molecule_desc,normalized,NOOP,HIGH
ml,ml_016,sb_016_00012,원투쓰리 중외,원투쓰리중외,원투쓰리중외,DL-LACTIC ACID+GLUCOSE+SODIUM,DL-LACTIC ACID+GLUCOSE+SODIUM,molecule_desc,normalized,NOOP,HIGH
ml,ml_016,sb_016_00054,초산나트륨 우드워드,초산나트륨우드워드,초산나트륨우드워드,ACETIC ACID,ACETIC ACID,molecule_desc,normalized,NOOP,HIGH
ml,ml_016,sb_016_00022,포도당가엔에이케이1 중외,포도당가엔에이케이1중외,포도당가엔에이케이1중외,GLUCOSE+POTASSIUM+SODIUM,GLUCOSE+POTASSIUM+SODIUM,molecule_desc,normalized,NOOP,HIGH
ml,ml_016,sb_016_00019,포도당가엔에이케이2 중외,포도당가엔에이케이2중외,포도당가엔에이케이2중외,GLUCOSE+POTASSIUM+SODIUM,GLUCOSE+POTASSIUM+SODIUM,molecule_desc,normalized,NOOP,HIGH
ml,ml_016,sb_016_00017,포도당가칼륨나트륨2 대한,포도당가칼륨나트륨2대한,포도당가칼륨나트륨2대한,GLUCOSE+POTASSIUM+SODIUM,GLUCOSE+POTASSIUM+SODIUM,molecule_desc,normalized,NOOP,HIGH
ml,ml_016,sb_016_00051,포도당가칼륨나트륨3 대한,포도당가칼륨나트륨3대한,포도당가칼륨나트륨3대한,GLUCOSE+POTASSIUM+SODIUM,GLUCOSE+POTASSIUM+SODIUM,molecule_desc,normalized,NOOP,HIGH
ml,ml_016,sb_016_00016,포도당나트륨칼륨1 HK이노엔,포도당나트륨칼륨1HK이노엔,,GLUCOSE+POTASSIUM+SODIUM,GLUCOSE+POTASSIUM+SODIUM,molecule_desc,unmatched,NOOP,LOW
ml,ml_016,sb_016_00014,포도당나트륨칼륨2 HK이노엔,포도당나트륨칼륨2HK이노엔,,GLUCOSE+POTASSIUM+SODIUM,GLUCOSE+POTASSIUM+SODIUM,molecule_desc,unmatched,NOOP,LOW
ml,ml_016,sb_016_00050,포도당나트륨칼륨3 HK이노엔,포도당나트륨칼륨3HK이노엔,,GLUCOSE+POTASSIUM+SODIUM,GLUCOSE+POTASSIUM+SODIUM,molecule_desc,unmatched,NOOP,LOW
ml,ml_016,sb_016_00044,플라스마라이트148,플라스마라이트148,플라스마라이트148,ACETIC ACID+GLUCONIC ACID+MAGNESIUM+POTASSIUM+SODIUM,ACETIC ACID+GLUCONIC ACID+MAGNESIUM+POTASSIUM+SODIUM,molecule_desc,normalized,NOOP,HIGH
ml,ml_016,sb_016_00008,플라스마솔루션에이,플라스마솔루션에이,플라스마솔루션에이,ACETIC ACID+MAGNESIUM+POTASSIUM+SODIUM,ACETIC ACID+MAGNESIUM+POTASSIUM+SODIUM,molecule_desc,normalized,NOOP,HIGH
ml,ml_016,sb_016_00042,플라스콘,플라스콘,플라스콘,ACETIC ACID+CALCIUM+GLUCOSE+MAGNESIUM+SODIUM,ACETIC ACID+CALCIUM+GLUCOSE+MAGNESIUM+SODIUM,molecule_desc,normalized,NOOP,HIGH
ml,ml_016,sb_canonical_025_플라주오피,플라주오피,플라주오피,플라주오피,ACETIC ACID+CALCIUM+GLUCOSE+MAGNESIUM+SODIUM,ACETIC ACID+CALCIUM+GLUCOSE+MAGNESIUM+SODIUM,molecule_desc,normalized,NOOP,HIGH
ml,ml_016,sb_016_00033,하트만 HK이노엔,하트만HK이노엔,하트만HK이노엔,CALCIUM+DL-LACTIC ACID+POTASSIUM+SODIUM,CALCIUM+DL-LACTIC ACID+POTASSIUM+SODIUM,molecule_desc,normalized,NOOP,HIGH
ml,ml_016,sb_016_00035,하트만 대한,하트만대한,하트만대한,CALCIUM+DL-LACTIC ACID+POTASSIUM+SODIUM,CALCIUM+DL-LACTIC ACID+POTASSIUM+SODIUM,molecule_desc,normalized,NOOP,HIGH
ml,ml_016,sb_016_00027,하트만덱스 대한,하트만덱스대한,하트만덱스대한,CALCIUM+DL-LACTIC ACID+GLUCOSE+POTASSIUM+SODIUM,CALCIUM+DL-LACTIC ACID+GLUCOSE+POTASSIUM+SODIUM,molecule_desc,normalized,NOOP,HIGH
ml,ml_016,sb_016_00029,하트만덱스 중외,하트만덱스중외,하트만덱스중외,CALCIUM+DL-LACTIC ACID+GLUCOSE+POTASSIUM+SODIUM,CALCIUM+DL-LACTIC ACID+GLUCOSE+POTASSIUM+SODIUM,molecule_desc,normalized,NOOP,HIGH
ml,ml_016,sb_016_00025,하트만-디,하트만-디,하트만-디,CALCIUM+DL-LACTIC ACID+GLUCOSE+POTASSIUM+SODIUM,CALCIUM+DL-LACTIC ACID+GLUCOSE+POTASSIUM+SODIUM,molecule_desc,normalized,NOOP,HIGH
ml,ml_016,sb_016_00041,하트만 종근당,하트만종근당,하트만종근당,CALCIUM+DL-LACTIC ACID+POTASSIUM+SODIUM,CALCIUM+DL-LACTIC ACID+POTASSIUM+SODIUM,molecule_desc,normalized,NOOP,HIGH
ml,ml_016,sb_016_00037,하트만 중외,하트만중외,하트만중외,CALCIUM+DL-LACTIC ACID+POTASSIUM+SODIUM,CALCIUM+DL-LACTIC ACID+POTASSIUM+SODIUM,molecule_desc,normalized,NOOP,HIGH
cd,cd_001,sb_canonical_001_라베칸,라베칸,라베칸,라베칸,Rabeprazole,Rabeprazole,ingredient_recode,normalized,NOOP,HIGH
cd,cd_001,sb_canonical_002_라베칸듀오,라베칸듀오,라베칸듀오,라베칸듀오,Rabeprazole,Rabeprazole,ingredient_recode,normalized,NOOP,HIGH
cd,cd_001,sb_001_00194,라피 듀오,라피듀오,라피듀오,Rabeprazole,Rabeprazole,ingredient_recode,normalized,NOOP,HIGH
cd,cd_001,sb_001_00243,라베가드,라베가드,라베가드,Rabeprazole,Rabeprazole,ingredient_recode,normalized,NOOP,HIGH
cd,cd_001,sb_001_00244,라베드 온,라베드온,라베드온,Rabeprazole,Rabeprazole,ingredient_recode,normalized,NOOP,HIGH
cd,cd_001,sb_001_00245,카라 듀오,카라듀오,카라듀오,Rabeprazole,Rabeprazole,ingredient_recode,normalized,NOOP,HIGH
cd,cd_001,sb_001_00246,라베건,라베건,라베건,Rabeprazole,Rabeprazole,ingredient_recode,normalized,NOOP,HIGH
cd,cd_001,sb_001_00247,베프졸,베프졸,베프졸,Rabeprazole,Rabeprazole,ingredient_recode,normalized,NOOP,HIGH
cd,cd_001,sb_001_00248,경보 라베프라졸,경보라베프라졸,경보라베프라졸,Rabeprazole,Rabeprazole,ingredient_recode,normalized,NOOP,HIGH
cd,cd_001,sb_001_00249,라비엠,라비엠,라비엠,Rabeprazole,Rabeprazole,ingredient_recode,normalized,NOOP,HIGH
cd,cd_001,sb_001_00250,라베민,라베민,라베민,Rabeprazole,Rabeprazole,ingredient_recode,normalized,NOOP,HIGH
cd,cd_001,sb_001_00251,파라베졸,파라베졸,파라베졸,Rabeprazole,Rabeprazole,ingredient_recode,normalized,NOOP,HIGH
cd,cd_001,sb_001_00252,라베파졸,라베파졸,라베파졸,Rabeprazole,Rabeprazole,ingredient_recode,normalized,NOOP,HIGH
cd,cd_001,sb_001_00253,대웅 라베프라졸,대웅라베프라졸,대웅라베프라졸,Rabeprazole,Rabeprazole,ingredient_recode,normalized,NOOP,HIGH
cd,cd_001,sb_001_00254,파리원,파리원,파리원,Rabeprazole,Rabeprazole,ingredient_recode,normalized,NOOP,HIGH
cd,cd_001,sb_001_00255,파리벤,파리벤,파리벤,Rabeprazole,Rabeprazole,ingredient_recode,normalized,NOOP,HIGH
cd,cd_001,sb_001_00256,라피졸,라피졸,라피졸,Rabeprazole,Rabeprazole,ingredient_recode,normalized,NOOP,HIGH
cd,cd_001,sb_001_00257,라베라톤,라베라톤,라베라톤,Rabeprazole,Rabeprazole,ingredient_recode,normalized,NOOP,HIGH
cd,cd_001,sb_001_00258,파리엔,파리엔,파리엔,Rabeprazole,Rabeprazole,ingredient_recode,normalized,NOOP,HIGH
cd,cd_001,sb_001_00259,라베스타,라베스타,라베스타,Rabeprazole,Rabeprazole,ingredient_recode,normalized,NOOP,HIGH
cd,cd_001,sb_001_00260,라베프리,라베프리,라베프리,Rabeprazole,Rabeprazole,ingredient_recode,normalized,NOOP,HIGH
cd,cd_001,sb_001_00261,라베드,라베드,라베드,Rabeprazole,Rabeprazole,ingredient_recode,normalized,NOOP,HIGH
cd,cd_001,sb_001_00262,동성 라베프라졸,동성라베프라졸,동성라베프라졸,Rabeprazole,Rabeprazole,ingredient_recode,normalized,NOOP,HIGH
cd,cd_001,sb_001_00263,라베 플러스,라베플러스,라베플러스,Rabeprazole,Rabeprazole,ingredient_recode,normalized,NOOP,HIGH
cd,cd_001,sb_001_00264,라프라이트,라프라이트,라프라이트,Rabeprazole,Rabeprazole,ingredient_recode,normalized,NOOP,HIGH
cd,cd_001,sb_001_00265,라베 엠,라베엠,라베엠,Rabeprazole,Rabeprazole,ingredient_recode,normalized,NOOP,HIGH
cd,cd_001,sb_001_00266,라베라 엠,라베라엠,라베라엠,Rabeprazole,Rabeprazole,ingredient_recode,normalized,NOOP,HIGH
cd,cd_001,sb_001_00267,라베투,라베투,라베투,Rabeprazole,Rabeprazole,ingredient_recode,normalized,NOOP,HIGH
cd,cd_001,sb_001_00268,라베움,라베움,라베움,Rabeprazole,Rabeprazole,ingredient_recode,normalized,NOOP,HIGH
cd,cd_001,sb_001_00269,메딕스 라베핀,메딕스라베핀,메딕스라베핀,Rabeprazole,Rabeprazole,ingredient_recode,normalized,NOOP,HIGH
cd,cd_001,sb_001_00270,레프라졸,레프라졸,레프라졸,Rabeprazole,Rabeprazole,ingredient_recode,normalized,NOOP,HIGH
cd,cd_001,sb_001_00271,라베넥스,라베넥스,라베넥스,Rabeprazole,Rabeprazole,ingredient_recode,normalized,NOOP,HIGH
cd,cd_001,sb_001_00272,라베맥스,라베맥스,라베맥스,Rabeprazole,Rabeprazole,ingredient_recode,normalized,NOOP,HIGH
cd,cd_001,sb_001_00273,라바졸,라바졸,라바졸,Rabeprazole,Rabeprazole,ingredient_recode,normalized,NOOP,HIGH
cd,cd_001,sb_001_00274,비보존 라베프라졸,비보존라베프라졸,비보존라베프라졸,Rabeprazole,Rabeprazole,ingredient_recode,normalized,NOOP,HIGH
cd,cd_001,sb_001_00275,삼성 라베프라졸,삼성라베프라졸,삼성라베프라졸,Rabeprazole,Rabeprazole,ingredient_recode,normalized,NOOP,HIGH
cd,cd_001,sb_001_00276,파리아졸,파리아졸,파리아졸,Rabeprazole,Rabeprazole,ingredient_recode,normalized,NOOP,HIGH
cd,cd_001,sb_001_00277,드라베,드라베,드라베,Rabeprazole,Rabeprazole,ingredient_recode,normalized,NOOP,HIGH
cd,cd_001,sb_001_00278,라베올,라베올,라베올,Rabeprazole,Rabeprazole,ingredient_recode,normalized,NOOP,HIGH
cd,cd_001,sb_001_00279,라베,라베,라베,Rabeprazole,Rabeprazole,ingredient_recode,normalized,NOOP,HIGH
cd,cd_001,sb_001_00280,라라베,라라베,라라베,Rabeprazole,Rabeprazole,ingredient_recode,normalized,NOOP,HIGH
cd,cd_001,sb_001_00281,라베젠,라베젠,라베젠,Rabeprazole,Rabeprazole,ingredient_recode,normalized,NOOP,HIGH
cd,cd_001,sb_001_00282,얼사라,얼사라,얼사라,Rabeprazole,Rabeprazole,ingredient_recode,normalized,NOOP,HIGH
cd,cd_001,sb_001_00283,뉴라베,뉴라베,뉴라베,Rabeprazole,Rabeprazole,ingredient_recode,normalized,NOOP,HIGH
cd,cd_001,sb_001_00284,라베리트,라베리트,라베리트,Rabeprazole,Rabeprazole,ingredient_recode,normalized,NOOP,HIGH
cd,cd_001,sb_001_00285,라피에스,라피에스,라피에스,Rabeprazole,Rabeprazole,ingredient_recode,normalized,NOOP,HIGH
cd,cd_001,sb_001_00286,베라졸,베라졸,베라졸,Rabeprazole,Rabeprazole,ingredient_recode,normalized,NOOP,HIGH
cd,cd_001,sb_001_00287,씨엠지 라베프라졸,씨엠지라베프라졸,씨엠지라베프라졸,Rabeprazole,Rabeprazole,ingredient_recode,normalized,NOOP,HIGH
cd,cd_001,sb_001_00288,라프라졸,라프라졸,라프라졸,Rabeprazole,Rabeprazole,ingredient_recode,normalized,NOOP,HIGH
cd,cd_001,sb_001_00289,라프리졸,라프리졸,라프리졸,Rabeprazole,Rabeprazole,ingredient_recode,normalized,NOOP,HIGH
cd,cd_001,sb_001_00290,파리아톤,파리아톤,파리아톤,Rabeprazole,Rabeprazole,ingredient_recode,normalized,NOOP,HIGH
cd,cd_001,sb_001_00291,뉴베라,뉴베라,뉴베라,Rabeprazole,Rabeprazole,ingredient_recode,normalized,NOOP,HIGH
cd,cd_001,sb_001_00292,라베톤,라베톤,라베톤,Rabeprazole,Rabeprazole,ingredient_recode,normalized,NOOP,HIGH
cd,cd_001,sb_001_00293,피아이졸,피아이졸,피아이졸,Rabeprazole,Rabeprazole,ingredient_recode,normalized,NOOP,HIGH
cd,cd_001,sb_001_00294,파비라졸,파비라졸,파비라졸,Rabeprazole,Rabeprazole,ingredient_recode,normalized,NOOP,HIGH
cd,cd_001,sb_001_00295,알피라베,알피라베,알피라베,Rabeprazole,Rabeprazole,ingredient_recode,normalized,NOOP,HIGH
cd,cd_001,sb_001_00296,라베피아,라베피아,라베피아,Rabeprazole,Rabeprazole,ingredient_recode,normalized,NOOP,HIGH
cd,cd_001,sb_001_00297,라베원,라베원,라베원,Rabeprazole,Rabeprazole,ingredient_recode,normalized,NOOP,HIGH
cd,cd_001,sb_001_00298,에이프로젠 라베프라졸,에이프로젠라베프라졸,에이프로젠라베프라졸,Rabeprazole,Rabeprazole,ingredient_recode,normalized,NOOP,HIGH
cd,cd_001,sb_001_00299,파리에트,파리에트,파리에트,Rabeprazole,Rabeprazole,ingredient_recode,normalized,NOOP,HIGH
cd,cd_001,sb_001_00300,라벤프,라벤프,라벤프,Rabeprazole,Rabeprazole,ingredient_recode,normalized,NOOP,HIGH
cd,cd_001,sb_001_00301,파비졸,파비졸,파비졸,Rabeprazole,Rabeprazole,ingredient_recode,normalized,NOOP,HIGH
cd,cd_001,sb_001_00302,오코라졸,오코라졸,오코라졸,Rabeprazole,Rabeprazole,ingredient_recode,normalized,NOOP,HIGH
cd,cd_001,sb_001_00303,빠리바,빠리바,빠리바,Rabeprazole,Rabeprazole,ingredient_recode,normalized,NOOP,HIGH
cd,cd_001,sb_001_00304,레이프라,레이프라,레이프라,Rabeprazole,Rabeprazole,ingredient_recode,normalized,NOOP,HIGH
cd,cd_001,sb_001_00305,로베돌,로베돌,로베돌,Rabeprazole,Rabeprazole,ingredient_recode,normalized,NOOP,HIGH
cd,cd_001,sb_001_00306,유니라베프,유니라베프,유니라베프,Rabeprazole,Rabeprazole,ingredient_recode,normalized,NOOP,HIGH
cd,cd_001,sb_001_00307,라베트라,라베트라,라베트라,Rabeprazole,Rabeprazole,ingredient_recode,normalized,NOOP,HIGH
cd,cd_001,sb_001_00308,라베라,라베라,라베라,Rabeprazole,Rabeprazole,ingredient_recode,normalized,NOOP,HIGH
cd,cd_001,sb_001_00309,네오베트,네오베트,네오베트,Rabeprazole,Rabeprazole,ingredient_recode,normalized,NOOP,HIGH
cd,cd_001,sb_001_00310,라비에트,라비에트,라비에트,Rabeprazole,Rabeprazole,ingredient_recode,normalized,NOOP,HIGH
cd,cd_001,sb_001_00311,라베린,라베린,라베린,Rabeprazole,Rabeprazole,ingredient_recode,normalized,NOOP,HIGH
cd,cd_001,sb_001_00312,라베르,라베르,라베르,Rabeprazole,Rabeprazole,ingredient_recode,normalized,NOOP,HIGH
cd,cd_001,sb_001_00313,벤프라,벤프라,벤프라,Rabeprazole,Rabeprazole,ingredient_recode,normalized,NOOP,HIGH
cd,cd_001,sb_001_00314,뉴라벨,뉴라벨,뉴라벨,Rabeprazole,Rabeprazole,ingredient_recode,normalized,NOOP,HIGH
cd,cd_001,sb_001_00315,라베프롤,라베프롤,라베프롤,Rabeprazole,Rabeprazole,ingredient_recode,normalized,NOOP,HIGH
cd,cd_001,sb_001_00316,라베프론,라베프론,라베프론,Rabeprazole,Rabeprazole,ingredient_recode,normalized,NOOP,HIGH
cd,cd_001,sb_001_00317,에스프라,에스프라,에스프라,Rabeprazole,Rabeprazole,ingredient_recode,normalized,NOOP,HIGH
cd,cd_001,sb_001_00318,라베에트,라베에트,라베에트,Rabeprazole,Rabeprazole,ingredient_recode,normalized,NOOP,HIGH
cd,cd_001,sb_001_00319,피피라졸,피피라졸,피피라졸,Rabeprazole,Rabeprazole,ingredient_recode,normalized,NOOP,HIGH
cd,cd_001,sb_001_00320,라페졸,라페졸,라페졸,Rabeprazole,Rabeprazole,ingredient_recode,normalized,NOOP,HIGH
cd,cd_001,sb_001_00321,글로라베,글로라베,글로라베,Rabeprazole,Rabeprazole,ingredient_recode,normalized,NOOP,HIGH
cd,cd_001,sb_001_00322,라베졸,라베졸,라베졸,Rabeprazole,Rabeprazole,ingredient_recode,normalized,NOOP,HIGH
cd,cd_001,sb_001_00323,티디라베,티디라베,티디라베,Rabeprazole,Rabeprazole,ingredient_recode,normalized,NOOP,HIGH
cd,cd_001,sb_001_00324,라베트,라베트,라베트,Rabeprazole,Rabeprazole,ingredient_recode,normalized,NOOP,HIGH
cd,cd_001,sb_001_00325,파비스 라베프라졸,파비스라베프라졸,파비스라베프라졸,Rabeprazole,Rabeprazole,ingredient_recode,normalized,NOOP,HIGH
cd,cd_001,sb_001_00326,라벨라,라벨라,라벨라,Rabeprazole,Rabeprazole,ingredient_recode,normalized,NOOP,HIGH
cd,cd_001,sb_001_00327,라비파,라비파,라비파,Rabeprazole,Rabeprazole,ingredient_recode,normalized,NOOP,HIGH
cd,cd_001,sb_001_00328,라베프란,라베프란,라베프란,Rabeprazole,Rabeprazole,ingredient_recode,normalized,NOOP,HIGH
cd,cd_001,sb_001_00329,파라메트,파라메트,파라메트,Rabeprazole,Rabeprazole,ingredient_recode,normalized,NOOP,HIGH
cd,cd_001,sb_001_00330,라베스틴,라베스틴,라베스틴,Rabeprazole,Rabeprazole,ingredient_recode,normalized,NOOP,HIGH
cd,cd_001,sb_001_00331,라베프린,라베프린,라베프린,Rabeprazole,Rabeprazole,ingredient_recode,normalized,NOOP,HIGH
cd,cd_001,sb_001_00332,라베핀,라베핀,라베핀,Rabeprazole,Rabeprazole,ingredient_recode,normalized,NOOP,HIGH
cd,cd_001,sb_001_00333,라베폰,라베폰,라베폰,Rabeprazole,Rabeprazole,ingredient_recode,normalized,NOOP,HIGH
cd,cd_001,sb_001_00334,레스프라졸,레스프라졸,레스프라졸,Rabeprazole,Rabeprazole,ingredient_recode,normalized,NOOP,HIGH
cd,cd_001,sb_001_00335,라베프졸,라베프졸,라베프졸,Rabeprazole,Rabeprazole,ingredient_recode,normalized,NOOP,HIGH
cd,cd_001,sb_001_00336,라베탑,라베탑,라베탑,Rabeprazole,Rabeprazole,ingredient_recode,normalized,NOOP,HIGH
cd,cd_001,sb_001_00337,환인 라베프라졸,환인라베프라졸,환인라베프라졸,Rabeprazole,Rabeprazole,ingredient_recode,normalized,NOOP,HIGH
cd,cd_001,sb_001_00338,라베휴,라베휴,라베휴,Rabeprazole,Rabeprazole,ingredient_recode,normalized,NOOP,HIGH
cd,cd_001,sb_001_00339,라베스토,라베스토,라베스토,Rabeprazole,Rabeprazole,ingredient_recode,normalized,NOOP,HIGH
cd,cd_001,sb_001_00340,라베라즈,라베라즈,라베라즈,Rabeprazole,Rabeprazole,ingredient_recode,normalized,NOOP,HIGH
cd,cd_001,sb_001_00341,라베나,라베나,라베나,Rabeprazole,Rabeprazole,ingredient_recode,normalized,NOOP,HIGH
cd,cd_001,sb_001_00342,파리나졸,파리나졸,파리나졸,Rabeprazole,Rabeprazole,ingredient_recode,normalized,NOOP,HIGH
cd,cd_001,sb_001_00343,라베로즈,라베로즈,라베로즈,Rabeprazole,Rabeprazole,ingredient_recode,normalized,NOOP,HIGH
cd,cd_001,sb_001_00345,라베비카,라베비카,라베비카,Rabeprazole,Rabeprazole,ingredient_recode,normalized,NOOP,HIGH
cd,cd_001,sb_001_00346,라비 듀오,라비듀오,라비듀오,Rabeprazole,Rabeprazole,ingredient_recode,normalized,NOOP,HIGH
cd,cd_001,sb_001_00347,라베듀엣,라베듀엣,라베듀엣,Rabeprazole,Rabeprazole,ingredient_recode,normalized,NOOP,HIGH
cd,cd_001,sb_001_00348,라베올 듀오,라베올듀오,라베올듀오,Rabeprazole,Rabeprazole,ingredient_recode,normalized,NOOP,HIGH
cd,cd_001,sb_001_00349,라베뉴,라베뉴,라베뉴,Rabeprazole,Rabeprazole,ingredient_recode,normalized,NOOP,HIGH
cd,cd_001,sb_001_00350,라베듀오,라베듀오,라베듀오,Rabeprazole,Rabeprazole,ingredient_recode,normalized,NOOP,HIGH
cd,cd_001,sb_001_00351,라베미니,라베미니,라베미니,Rabeprazole,Rabeprazole,ingredient_recode,normalized,NOOP,HIGH
cd,cd_001,sb_001_00352,라베라듀오,라베라듀오,라베라듀오,Rabeprazole,Rabeprazole,ingredient_recode,normalized,NOOP,HIGH
cd,cd_001,sb_001_00353,라비에트 듀오,라비에트듀오,라비에트듀오,Rabeprazole,Rabeprazole,ingredient_recode,normalized,NOOP,HIGH
cd,cd_001,sb_001_00354,파라메트 듀오,파라메트듀오,파라메트듀오,Rabeprazole,Rabeprazole,ingredient_recode,normalized,NOOP,HIGH
cd,cd_001,sb_001_00355,라베프탑,라베프탑,라베프탑,Rabeprazole,Rabeprazole,ingredient_recode,normalized,NOOP,HIGH
cd,cd_001,sb_001_00356,라베모어,라베모어,라베모어,Rabeprazole,Rabeprazole,ingredient_recode,normalized,NOOP,HIGH
cd,cd_002,sb_canonical_003_제이클,제이클,제이클,제이클,MAGNESIUM+PICOSULFURIC ACID+POTASSIUM+SIMETICONE+SULFURIC ACID,MAGNESIUM+PICOSULFURIC ACID+POTASSIUM+SIMETICONE+SULFURIC ACID,molecule_desc,normalized,NOOP,HIGH
cd,cd_002,sb_002_00006,원프렙,원프렙,원프렙,ASCORBIC ACID+SODIUM+SORBITOL,ASCORBIC ACID+SODIUM+SORBITOL,molecule_desc,normalized,NOOP,HIGH
cd,cd_002,sb_002_00008,피코라이트,피코라이트,피코라이트,CITRIC ACID+MAGNESIUM+PICOSULFURIC ACID,CITRIC ACID+MAGNESIUM+PICOSULFURIC ACID,molecule_desc,normalized,NOOP,HIGH
cd,cd_002,sb_002_00009,씨엠라이트,씨엠라이트,씨엠라이트,CITRIC ACID+MAGNESIUM+PICOSULFURIC ACID,CITRIC ACID+MAGNESIUM+PICOSULFURIC ACID,molecule_desc,normalized,NOOP,HIGH
cd,cd_002,sb_002_00010,켐라이트,켐라이트,켐라이트,CITRIC ACID+MAGNESIUM+PICOSULFURIC ACID,CITRIC ACID+MAGNESIUM+PICOSULFURIC ACID,molecule_desc,normalized,NOOP,HIGH
cd,cd_002,sb_002_00012,피코프리,피코프리,피코프리,CITRIC ACID+MAGNESIUM+PICOSULFURIC ACID,CITRIC ACID+MAGNESIUM+PICOSULFURIC ACID,molecule_desc,normalized,NOOP,HIGH
cd,cd_002,sb_002_00013,콜론피코,콜론피코,콜론피코,CITRIC ACID+MAGNESIUM+PICOSULFURIC ACID,CITRIC ACID+MAGNESIUM+PICOSULFURIC ACID,molecule_desc,normalized,NOOP,HIGH
cd,cd_002,sb_002_00014,피코네이드,피코네이드,피코네이드,CITRIC ACID+MAGNESIUM+PICOSULFURIC ACID,CITRIC ACID+MAGNESIUM+PICOSULFURIC ACID,molecule_desc,normalized,NOOP,HIGH
cd,cd_002,sb_002_00016,쿨리파,쿨리파,쿨리파,MACROGOL(S)+PICOSULFURIC ACID+SORBITOL,MACROGOL(S)+PICOSULFURIC ACID+SORBITOL,molecule_desc,normalized,NOOP,HIGH
cd,cd_002,sb_002_00017,오라팡,오라팡,오라팡,MAGNESIUM+POTASSIUM+SIMETICONE+SODIUM,MAGNESIUM+POTASSIUM+SIMETICONE+SODIUM,molecule_desc,normalized,NOOP,HIGH
cd,cd_002,sb_002_00020,수프렙미니,수프렙미니,수프렙미니,MAGNESIUM+POTASSIUM+SODIUM,MAGNESIUM+POTASSIUM+SODIUM,molecule_desc,normalized,NOOP,HIGH
cd,cd_002,sb_002_00021,이노프리,이노프리,이노프리,MAGNESIUM+POTASSIUM+SODIUM,MAGNESIUM+POTASSIUM+SODIUM,molecule_desc,normalized,NOOP,HIGH
cd,cd_002,sb_002_00022,수프렙,수프렙,수프렙,MAGNESIUM+POTASSIUM+SODIUM,MAGNESIUM+POTASSIUM+SODIUM,molecule_desc,normalized,NOOP,HIGH
cd,cd_002,sb_002_00024,크리콜론,크리콜론,크리콜론,PHOSPHORIC ACID,PHOSPHORIC ACID,molecule_desc,normalized,NOOP,HIGH
cd,cd_002,sb_002_00025,넥스콜론,넥스콜론,넥스콜론,PHOSPHORIC ACID,PHOSPHORIC ACID,molecule_desc,normalized,NOOP,HIGH
cd,cd_002,sb_002_00026,포스파놀,포스파놀,포스파놀,PHOSPHORIC ACID,PHOSPHORIC ACID,molecule_desc,normalized,NOOP,HIGH
cd,cd_002,sb_002_00027,크리콜론에스,크리콜론에스,크리콜론에스,PHOSPHORIC ACID,PHOSPHORIC ACID,molecule_desc,normalized,NOOP,HIGH
cd,cd_002,sb_002_00028,이지콜론,이지콜론,이지콜론,PHOSPHORIC ACID+SODIUM,PHOSPHORIC ACID+SODIUM,molecule_desc,normalized,NOOP,HIGH
cd,cd_002,sb_002_00029,쿨프렙골드,쿨프렙골드,쿨프렙골드,ASCORBIC ACID+MACROGOL(S)+POTASSIUM+SIMETICONE+SODIUM,ASCORBIC ACID+MACROGOL(S)+POTASSIUM+SIMETICONE+SODIUM,molecule_desc,normalized,NOOP,HIGH
cd,cd_002,sb_002_00045,코리트에프,코리트에프,코리트에프,MACROGOL(S)+POTASSIUM+SODIUM,MACROGOL(S)+POTASSIUM+SODIUM,molecule_desc,normalized,NOOP,HIGH
cd,cd_002,sb_002_00046,클린콜 대웅,클린콜대웅,클린콜대웅,MAGNESIUM+PICOSULFURIC ACID+POTASSIUM+SIMETICONE+SULFURIC ACID,MAGNESIUM+PICOSULFURIC ACID+POTASSIUM+SIMETICONE+SULFURIC ACID,molecule_desc,normalized,NOOP,HIGH
cd,cd_002,sb_002_00048,오라팡이지,오라팡이지,오라팡이지,MAGNESIUM+POTASSIUM+SIMETICONE+SODIUM,MAGNESIUM+POTASSIUM+SIMETICONE+SODIUM,molecule_desc,normalized,NOOP,HIGH
cd,cd_002,sb_002_00050,수프렙미니에스,수프렙미니에스,수프렙미니에스,POTASSIUM+SIMETICONE+SODIUM,POTASSIUM+SIMETICONE+SODIUM,molecule_desc,normalized,NOOP,HIGH
cd,cd_003,sb_canonical_004_가드렛,가드렛,가드렛,,ANAGLIPTIN,ANAGLIPTIN,molecule_desc,molecule_desc_passthrough,NOOP,HIGH
cd,cd_003,sb_canonical_005_가드메트,가드메트,가드메트,,ANAGLIPTIN+METFORMIN,ANAGLIPTIN+METFORMIN,molecule_desc,molecule_desc_passthrough,NOOP,HIGH
cd,cd_003,sb_003_00006_raw_00001,셀트리온 네시나 메트,셀트리온네시나메트,,ALOGLIPTIN+METFORMIN | ALOGLIPTIN | METFORMIN,ALOGLIPTIN+METFORMIN | ALOGLIPTIN | METFORMIN,molecule_desc,molecule_desc_passthrough,NOOP,HIGH
cd,cd_003,sb_003_00008_raw_00002,슈가메트,슈가메트,,EVOGLIPTIN+METFORMIN | EVOGLIPTIN | METFORMIN,EVOGLIPTIN+METFORMIN | EVOGLIPTIN | METFORMIN,molecule_desc,molecule_desc_passthrough,NOOP,HIGH
cd,cd_003,sb_003_00009_raw_00003,제미메트,제미메트,,GEMIGLIPTIN+METFORMIN | GEMIGLIPTIN | METFORMIN,GEMIGLIPTIN+METFORMIN | GEMIGLIPTIN | METFORMIN,molecule_desc,molecule_desc_passthrough,NOOP,HIGH
cd,cd_003,sb_003_00010_raw_00004,트라젠타 듀오,트라젠타듀오,,LINAGLIPTIN+METFORMIN | LINAGLIPTIN | METFORMIN,LINAGLIPTIN+METFORMIN | LINAGLIPTIN | METFORMIN,molecule_desc,molecule_desc_passthrough,NOOP,HIGH
cd,cd_003,sb_003_00010_raw_00005,리타메진,리타메진,,LINAGLIPTIN+METFORMIN | LINAGLIPTIN | METFORMIN,LINAGLIPTIN+METFORMIN | LINAGLIPTIN | METFORMIN,molecule_desc,molecule_desc_passthrough,NOOP,HIGH
cd,cd_003,sb_003_00010_raw_00006,리라젠타 듀오,리라젠타듀오,,LINAGLIPTIN+METFORMIN | LINAGLIPTIN | METFORMIN,LINAGLIPTIN+METFORMIN | LINAGLIPTIN | METFORMIN,molecule_desc,molecule_desc_passthrough,NOOP,HIGH
cd,cd_003,sb_003_00010_raw_00007,트라 듀오,트라듀오,,LINAGLIPTIN+METFORMIN | LINAGLIPTIN | METFORMIN,LINAGLIPTIN+METFORMIN | LINAGLIPTIN | METFORMIN,molecule_desc,molecule_desc_passthrough,NOOP,HIGH
cd,cd_003,sb_003_00010_raw_00008,리나글로메트,리나글로메트,,LINAGLIPTIN+METFORMIN | LINAGLIPTIN | METFORMIN,LINAGLIPTIN+METFORMIN | LINAGLIPTIN | METFORMIN,molecule_desc,molecule_desc_passthrough,NOOP,HIGH
cd,cd_003,sb_003_00010_raw_00009,트라리틴 콤비,트라리틴콤비,,LINAGLIPTIN+METFORMIN | LINAGLIPTIN | METFORMIN,LINAGLIPTIN+METFORMIN | LINAGLIPTIN | METFORMIN,molecule_desc,molecule_desc_passthrough,NOOP,HIGH
cd,cd_003,sb_003_00010_raw_00010,트립엠 듀오,트립엠듀오,,LINAGLIPTIN+METFORMIN | LINAGLIPTIN | METFORMIN,LINAGLIPTIN+METFORMIN | LINAGLIPTIN | METFORMIN,molecule_desc,molecule_desc_passthrough,NOOP,HIGH
cd,cd_003,sb_003_00010_raw_00011,트라케이 듀오,트라케이듀오,,LINAGLIPTIN+METFORMIN | LINAGLIPTIN | METFORMIN,LINAGLIPTIN+METFORMIN | LINAGLIPTIN | METFORMIN,molecule_desc,molecule_desc_passthrough,NOOP,HIGH
cd,cd_003,sb_003_00010_raw_00012,트루리나 엠,트루리나엠,,LINAGLIPTIN+METFORMIN | LINAGLIPTIN | METFORMIN,LINAGLIPTIN+METFORMIN | LINAGLIPTIN | METFORMIN,molecule_desc,molecule_desc_passthrough,NOOP,HIGH
cd,cd_003,sb_003_00010_raw_00013,리나디엠 메트,리나디엠메트,,LINAGLIPTIN+METFORMIN | LINAGLIPTIN | METFORMIN,LINAGLIPTIN+METFORMIN | LINAGLIPTIN | METFORMIN,molecule_desc,molecule_desc_passthrough,NOOP,HIGH
cd,cd_003,sb_003_00010_raw_00014,폴민리나,폴민리나,,LINAGLIPTIN+METFORMIN | LINAGLIPTIN | METFORMIN,LINAGLIPTIN+METFORMIN | LINAGLIPTIN | METFORMIN,molecule_desc,molecule_desc_passthrough,NOOP,HIGH
cd,cd_003,sb_003_00010_raw_00015,리나틴 플러스 엑스알,리나틴플러스엑스알,,LINAGLIPTIN+METFORMIN | LINAGLIPTIN | METFORMIN,LINAGLIPTIN+METFORMIN | LINAGLIPTIN | METFORMIN,molecule_desc,molecule_desc_passthrough,NOOP,HIGH
cd,cd_003,sb_003_00010_raw_00016,글리젠타 듀오,글리젠타듀오,,LINAGLIPTIN+METFORMIN | LINAGLIPTIN | METFORMIN,LINAGLIPTIN+METFORMIN | LINAGLIPTIN | METFORMIN,molecule_desc,molecule_desc_passthrough,NOOP,HIGH
cd,cd_003,sb_003_00010_raw_00017,리나틴 플러스,리나틴플러스,,LINAGLIPTIN+METFORMIN | LINAGLIPTIN | METFORMIN,LINAGLIPTIN+METFORMIN | LINAGLIPTIN | METFORMIN,molecule_desc,molecule_desc_passthrough,NOOP,HIGH
cd,cd_003,sb_003_00010_raw_00018,리트라젠 듀오,리트라젠듀오,,LINAGLIPTIN+METFORMIN | LINAGLIPTIN | METFORMIN,LINAGLIPTIN+METFORMIN | LINAGLIPTIN | METFORMIN,molecule_desc,molecule_desc_passthrough,NOOP,HIGH
cd,cd_003,sb_003_00010_raw_00019,리나로 엠,리나로엠,,LINAGLIPTIN+METFORMIN | LINAGLIPTIN | METFORMIN,LINAGLIPTIN+METFORMIN | LINAGLIPTIN | METFORMIN,molecule_desc,molecule_desc_passthrough,NOOP,HIGH
cd,cd_003,sb_003_00010_raw_00020,리나원 듀오,리나원듀오,,LINAGLIPTIN+METFORMIN | LINAGLIPTIN | METFORMIN,LINAGLIPTIN+METFORMIN | LINAGLIPTIN | METFORMIN,molecule_desc,molecule_desc_passthrough,NOOP,HIGH
cd,cd_003,sb_003_00010_raw_00021,리나콤비,리나콤비,,LINAGLIPTIN+METFORMIN | LINAGLIPTIN | METFORMIN,LINAGLIPTIN+METFORMIN | LINAGLIPTIN | METFORMIN,molecule_desc,molecule_desc_passthrough,NOOP,HIGH
cd,cd_003,sb_003_00010_raw_00022,뉴젠타,뉴젠타,,LINAGLIPTIN+METFORMIN | LINAGLIPTIN | METFORMIN,LINAGLIPTIN+METFORMIN | LINAGLIPTIN | METFORMIN,molecule_desc,molecule_desc_passthrough,NOOP,HIGH
cd,cd_003,sb_003_00010_raw_00023,트라글립틴 듀오,트라글립틴듀오,,LINAGLIPTIN+METFORMIN | LINAGLIPTIN | METFORMIN,LINAGLIPTIN+METFORMIN | LINAGLIPTIN | METFORMIN,molecule_desc,molecule_desc_passthrough,NOOP,HIGH
cd,cd_003,sb_003_00010_raw_00024,트라이나 엠,트라이나엠,,LINAGLIPTIN+METFORMIN | LINAGLIPTIN | METFORMIN,LINAGLIPTIN+METFORMIN | LINAGLIPTIN | METFORMIN,molecule_desc,molecule_desc_passthrough,NOOP,HIGH
cd,cd_003,sb_003_00010_raw_00025,리나제틴 듀오,리나제틴듀오,,LINAGLIPTIN+METFORMIN | LINAGLIPTIN | METFORMIN,LINAGLIPTIN+METFORMIN | LINAGLIPTIN | METFORMIN,molecule_desc,molecule_desc_passthrough,NOOP,HIGH
cd,cd_003,sb_003_00010_raw_00026,리나티젠 듀오,리나티젠듀오,,LINAGLIPTIN+METFORMIN | LINAGLIPTIN | METFORMIN,LINAGLIPTIN+METFORMIN | LINAGLIPTIN | METFORMIN,molecule_desc,molecule_desc_passthrough,NOOP,HIGH
cd,cd_003,sb_003_00010_raw_00027,라니글 듀오,라니글듀오,,LINAGLIPTIN+METFORMIN | LINAGLIPTIN | METFORMIN,LINAGLIPTIN+METFORMIN | LINAGLIPTIN | METFORMIN,molecule_desc,molecule_desc_passthrough,NOOP,HIGH
cd,cd_003,sb_003_00010_raw_00028,리나디포 듀오,리나디포듀오,,LINAGLIPTIN+METFORMIN | LINAGLIPTIN | METFORMIN,LINAGLIPTIN+METFORMIN | LINAGLIPTIN | METFORMIN,molecule_desc,molecule_desc_passthrough,NOOP,HIGH
cd,cd_003,sb_003_00010_raw_00029,리나탑 듀오,리나탑듀오,,LINAGLIPTIN+METFORMIN | LINAGLIPTIN | METFORMIN,LINAGLIPTIN+METFORMIN | LINAGLIPTIN | METFORMIN,molecule_desc,molecule_desc_passthrough,NOOP,HIGH
cd,cd_003,sb_003_00010_raw_00030,글로틴 듀오,글로틴듀오,,LINAGLIPTIN+METFORMIN | LINAGLIPTIN | METFORMIN,LINAGLIPTIN+METFORMIN | LINAGLIPTIN | METFORMIN,molecule_desc,molecule_desc_passthrough,NOOP,HIGH
cd,cd_003,sb_003_00010_raw_00031,리나칸메트,리나칸메트,,LINAGLIPTIN+METFORMIN | LINAGLIPTIN | METFORMIN,LINAGLIPTIN+METFORMIN | LINAGLIPTIN | METFORMIN,molecule_desc,molecule_desc_passthrough,NOOP,HIGH
cd,cd_003,sb_003_00011_raw_00032,콤비글라이즈,콤비글라이즈,,METFORMIN+SAXAGLIPTIN | SAXAGLIPTIN | METFORMIN,METFORMIN+SAXAGLIPTIN | SAXAGLIPTIN | METFORMIN,molecule_desc,molecule_desc_passthrough,NOOP,HIGH
cd,cd_003,sb_003_00012_raw_00033,자누메트,자누메트,,METFORMIN+SITAGLIPTIN | SITAGLIPTIN | METFORMIN,METFORMIN+SITAGLIPTIN | SITAGLIPTIN | METFORMIN,molecule_desc,molecule_desc_passthrough,NOOP,HIGH
cd,cd_003,sb_003_00012_raw_00034,자누메트 엑스알,자누메트엑스알,,METFORMIN+SITAGLIPTIN | SITAGLIPTIN | METFORMIN,METFORMIN+SITAGLIPTIN | SITAGLIPTIN | METFORMIN,molecule_desc,molecule_desc_passthrough,NOOP,HIGH
cd,cd_003,sb_003_00012_raw_00035,시타메트 엑스알,시타메트엑스알,,METFORMIN+SITAGLIPTIN | SITAGLIPTIN | METFORMIN,METFORMIN+SITAGLIPTIN | SITAGLIPTIN | METFORMIN,molecule_desc,molecule_desc_passthrough,NOOP,HIGH
cd,cd_003,sb_003_00012_raw_00036,자누스틴메트 엑스알,자누스틴메트엑스알,,METFORMIN+SITAGLIPTIN | SITAGLIPTIN | METFORMIN,METFORMIN+SITAGLIPTIN | SITAGLIPTIN | METFORMIN,molecule_desc,molecule_desc_passthrough,NOOP,HIGH
cd,cd_003,sb_003_00012_raw_00037,자누스틴메트,자누스틴메트,,METFORMIN+SITAGLIPTIN | SITAGLIPTIN | METFORMIN,METFORMIN+SITAGLIPTIN | SITAGLIPTIN | METFORMIN,molecule_desc,molecule_desc_passthrough,NOOP,HIGH
cd,cd_003,sb_003_00012_raw_00038,자누벡스,자누벡스,,METFORMIN+SITAGLIPTIN | SITAGLIPTIN | METFORMIN,METFORMIN+SITAGLIPTIN | SITAGLIPTIN | METFORMIN,molecule_desc,molecule_desc_passthrough,NOOP,HIGH
cd,cd_003,sb_003_00012_raw_00039,시타비앙 듀오 엑스알,시타비앙듀오엑스알,,METFORMIN+SITAGLIPTIN | SITAGLIPTIN | METFORMIN,METFORMIN+SITAGLIPTIN | SITAGLIPTIN | METFORMIN,molecule_desc,molecule_desc_passthrough,NOOP,HIGH
cd,cd_003,sb_003_00012_raw_00040,자누리틴 콤비,자누리틴콤비,,METFORMIN+SITAGLIPTIN | SITAGLIPTIN | METFORMIN,METFORMIN+SITAGLIPTIN | SITAGLIPTIN | METFORMIN,molecule_desc,molecule_desc_passthrough,NOOP,HIGH
cd,cd_003,sb_003_00012_raw_00041,에스립틴 엠,에스립틴엠,,METFORMIN+SITAGLIPTIN | SITAGLIPTIN | METFORMIN,METFORMIN+SITAGLIPTIN | SITAGLIPTIN | METFORMIN,molecule_desc,molecule_desc_passthrough,NOOP,HIGH
cd,cd_003,sb_003_00012_raw_00042,시타칸 메트,시타칸메트,,METFORMIN+SITAGLIPTIN | SITAGLIPTIN | METFORMIN,METFORMIN+SITAGLIPTIN | SITAGLIPTIN | METFORMIN,molecule_desc,molecule_desc_passthrough,NOOP,HIGH
cd,cd_003,sb_003_00012_raw_00043,자누믹스,자누믹스,,METFORMIN+SITAGLIPTIN | SITAGLIPTIN | METFORMIN,METFORMIN+SITAGLIPTIN | SITAGLIPTIN | METFORMIN,molecule_desc,molecule_desc_passthrough,NOOP,HIGH
cd,cd_003,sb_003_00012_raw_00044,시타비앙 듀오,시타비앙듀오,,METFORMIN+SITAGLIPTIN | SITAGLIPTIN | METFORMIN,METFORMIN+SITAGLIPTIN | SITAGLIPTIN | METFORMIN,molecule_desc,molecule_desc_passthrough,NOOP,HIGH
cd,cd_003,sb_003_00012_raw_00045,휴글리아 엠,휴글리아엠,,METFORMIN+SITAGLIPTIN | SITAGLIPTIN | METFORMIN,METFORMIN+SITAGLIPTIN | SITAGLIPTIN | METFORMIN,molecule_desc,molecule_desc_passthrough,NOOP,HIGH
cd,cd_003,sb_003_00012_raw_00046,트루시타 엠,트루시타엠,,METFORMIN+SITAGLIPTIN | SITAGLIPTIN | METFORMIN,METFORMIN+SITAGLIPTIN | SITAGLIPTIN | METFORMIN,molecule_desc,molecule_desc_passthrough,NOOP,HIGH
cd,cd_003,sb_003_00012_raw_00047,자누다움 엠,자누다움엠,,METFORMIN+SITAGLIPTIN | SITAGLIPTIN | METFORMIN,METFORMIN+SITAGLIPTIN | SITAGLIPTIN | METFORMIN,molecule_desc,molecule_desc_passthrough,NOOP,HIGH
cd,cd_003,sb_003_00012_raw_00048,폴민시타,폴민시타,,METFORMIN+SITAGLIPTIN | SITAGLIPTIN | METFORMIN,METFORMIN+SITAGLIPTIN | SITAGLIPTIN | METFORMIN,molecule_desc,molecule_desc_passthrough,NOOP,HIGH
cd,cd_003,sb_003_00012_raw_00049,자누글루 엠 엑스알,자누글루엠엑스알,,METFORMIN+SITAGLIPTIN | SITAGLIPTIN | METFORMIN,METFORMIN+SITAGLIPTIN | SITAGLIPTIN | METFORMIN,molecule_desc,molecule_desc_passthrough,NOOP,HIGH
cd,cd_003,sb_003_00012_raw_00050,엑스메트 엑스알,엑스메트엑스알,,METFORMIN+SITAGLIPTIN | SITAGLIPTIN | METFORMIN,METFORMIN+SITAGLIPTIN | SITAGLIPTIN | METFORMIN,molecule_desc,molecule_desc_passthrough,NOOP,HIGH
cd,cd_003,sb_003_00012_raw_00051,엑스메트,엑스메트,,METFORMIN+SITAGLIPTIN | SITAGLIPTIN | METFORMIN,METFORMIN+SITAGLIPTIN | SITAGLIPTIN | METFORMIN,molecule_desc,molecule_desc_passthrough,NOOP,HIGH
cd,cd_003,sb_003_00012_raw_00052,시트디엠 메트,시트디엠메트,,METFORMIN+SITAGLIPTIN | SITAGLIPTIN | METFORMIN,METFORMIN+SITAGLIPTIN | SITAGLIPTIN | METFORMIN,molecule_desc,molecule_desc_passthrough,NOOP,HIGH
cd,cd_003,sb_003_00012_raw_00053,자누아린 듀오,자누아린듀오,,METFORMIN+SITAGLIPTIN | SITAGLIPTIN | METFORMIN,METFORMIN+SITAGLIPTIN | SITAGLIPTIN | METFORMIN,molecule_desc,molecule_desc_passthrough,NOOP,HIGH
cd,cd_003,sb_003_00012_raw_00054,스타메진,스타메진,,METFORMIN+SITAGLIPTIN | SITAGLIPTIN | METFORMIN,METFORMIN+SITAGLIPTIN | SITAGLIPTIN | METFORMIN,molecule_desc,molecule_desc_passthrough,NOOP,HIGH
cd,cd_003,sb_003_00012_raw_00055,시누비 엠,시누비엠,,METFORMIN+SITAGLIPTIN | SITAGLIPTIN | METFORMIN,METFORMIN+SITAGLIPTIN | SITAGLIPTIN | METFORMIN,molecule_desc,molecule_desc_passthrough,NOOP,HIGH
cd,cd_003,sb_003_00012_raw_00056,시타원 플러스 엑스알,시타원플러스엑스알,,METFORMIN+SITAGLIPTIN | SITAGLIPTIN | METFORMIN,METFORMIN+SITAGLIPTIN | SITAGLIPTIN | METFORMIN,molecule_desc,molecule_desc_passthrough,NOOP,HIGH
cd,cd_003,sb_003_00012_raw_00057,자누메티아,자누메티아,,METFORMIN+SITAGLIPTIN | SITAGLIPTIN | METFORMIN,METFORMIN+SITAGLIPTIN | SITAGLIPTIN | METFORMIN,molecule_desc,molecule_desc_passthrough,NOOP,HIGH
cd,cd_003,sb_003_00012_raw_00058,시타글민 듀오,시타글민듀오,,METFORMIN+SITAGLIPTIN | SITAGLIPTIN | METFORMIN,METFORMIN+SITAGLIPTIN | SITAGLIPTIN | METFORMIN,molecule_desc,molecule_desc_passthrough,NOOP,HIGH
cd,cd_003,sb_003_00012_raw_00059,하누비 엠,하누비엠,,METFORMIN+SITAGLIPTIN | SITAGLIPTIN | METFORMIN,METFORMIN+SITAGLIPTIN | SITAGLIPTIN | METFORMIN,molecule_desc,molecule_desc_passthrough,NOOP,HIGH
cd,cd_003,sb_003_00012_raw_00060,시타원 플러스,시타원플러스,,METFORMIN+SITAGLIPTIN | SITAGLIPTIN | METFORMIN,METFORMIN+SITAGLIPTIN | SITAGLIPTIN | METFORMIN,molecule_desc,molecule_desc_passthrough,NOOP,HIGH
cd,cd_003,sb_003_00012_raw_00061,자누,자누,,METFORMIN+SITAGLIPTIN | SITAGLIPTIN | METFORMIN,METFORMIN+SITAGLIPTIN | SITAGLIPTIN | METFORMIN,molecule_desc,molecule_desc_passthrough,NOOP,HIGH
cd,cd_003,sb_003_00012_raw_00062,시글립 듀오,시글립듀오,,METFORMIN+SITAGLIPTIN | SITAGLIPTIN | METFORMIN,METFORMIN+SITAGLIPTIN | SITAGLIPTIN | METFORMIN,molecule_desc,molecule_desc_passthrough,NOOP,HIGH
cd,cd_003,sb_003_00012_raw_00063,시타 플러스,시타플러스,,METFORMIN+SITAGLIPTIN | SITAGLIPTIN | METFORMIN,METFORMIN+SITAGLIPTIN | SITAGLIPTIN | METFORMIN,molecule_desc,molecule_desc_passthrough,NOOP,HIGH
cd,cd_003,sb_003_00012_raw_00064,자누글루 엠,자누글루엠,,METFORMIN+SITAGLIPTIN | SITAGLIPTIN | METFORMIN,METFORMIN+SITAGLIPTIN | SITAGLIPTIN | METFORMIN,molecule_desc,molecule_desc_passthrough,NOOP,HIGH
cd,cd_003,sb_003_00012_raw_00065,글리시타메트,글리시타메트,,METFORMIN+SITAGLIPTIN | SITAGLIPTIN | METFORMIN,METFORMIN+SITAGLIPTIN | SITAGLIPTIN | METFORMIN,molecule_desc,molecule_desc_passthrough,NOOP,HIGH
cd,cd_003,sb_003_00012_raw_00066,글리시타메트 엑스알,글리시타메트엑스알,,METFORMIN+SITAGLIPTIN | SITAGLIPTIN | METFORMIN,METFORMIN+SITAGLIPTIN | SITAGLIPTIN | METFORMIN,molecule_desc,molecule_desc_passthrough,NOOP,HIGH
cd,cd_003,sb_003_00012_raw_00067,시타로 엠,시타로엠,,METFORMIN+SITAGLIPTIN | SITAGLIPTIN | METFORMIN,METFORMIN+SITAGLIPTIN | SITAGLIPTIN | METFORMIN,molecule_desc,molecule_desc_passthrough,NOOP,HIGH
cd,cd_003,sb_003_00012_raw_00068,자누맥스 엠,자누맥스엠,,METFORMIN+SITAGLIPTIN | SITAGLIPTIN | METFORMIN,METFORMIN+SITAGLIPTIN | SITAGLIPTIN | METFORMIN,molecule_desc,molecule_desc_passthrough,NOOP,HIGH
cd,cd_003,sb_003_00012_raw_00069,테라메트 엑스알,테라메트엑스알,,METFORMIN+SITAGLIPTIN | SITAGLIPTIN | METFORMIN,METFORMIN+SITAGLIPTIN | SITAGLIPTIN | METFORMIN,molecule_desc,molecule_desc_passthrough,NOOP,HIGH
cd,cd_003,sb_003_00012_raw_00070,비아틴 엠,비아틴엠,,METFORMIN+SITAGLIPTIN | SITAGLIPTIN | METFORMIN,METFORMIN+SITAGLIPTIN | SITAGLIPTIN | METFORMIN,molecule_desc,molecule_desc_passthrough,NOOP,HIGH
cd,cd_003,sb_003_00012_raw_00071,시타콤비 엑스알,시타콤비엑스알,,METFORMIN+SITAGLIPTIN | SITAGLIPTIN | METFORMIN,METFORMIN+SITAGLIPTIN | SITAGLIPTIN | METFORMIN,molecule_desc,molecule_desc_passthrough,NOOP,HIGH
cd,cd_003,sb_003_00012_raw_00072,프라임 자누글립틴메트,프라임자누글립틴메트,,METFORMIN+SITAGLIPTIN | SITAGLIPTIN | METFORMIN,METFORMIN+SITAGLIPTIN | SITAGLIPTIN | METFORMIN,molecule_desc,molecule_desc_passthrough,NOOP,HIGH
cd,cd_003,sb_003_00012_raw_00073,당이자누 콤비,당이자누콤비,,METFORMIN+SITAGLIPTIN | SITAGLIPTIN | METFORMIN,METFORMIN+SITAGLIPTIN | SITAGLIPTIN | METFORMIN,molecule_desc,molecule_desc_passthrough,NOOP,HIGH
cd,cd_003,sb_003_00012_raw_00074,글로시타포민,글로시타포민,,METFORMIN+SITAGLIPTIN | SITAGLIPTIN | METFORMIN,METFORMIN+SITAGLIPTIN | SITAGLIPTIN | METFORMIN,molecule_desc,molecule_desc_passthrough,NOOP,HIGH
cd,cd_003,sb_003_00012_raw_00075,자누스 듀오,자누스듀오,,METFORMIN+SITAGLIPTIN | SITAGLIPTIN | METFORMIN,METFORMIN+SITAGLIPTIN | SITAGLIPTIN | METFORMIN,molecule_desc,molecule_desc_passthrough,NOOP,HIGH
cd,cd_003,sb_003_00012_raw_00076,시타티딘 듀오 엑스알,시타티딘듀오엑스알,,METFORMIN+SITAGLIPTIN | SITAGLIPTIN | METFORMIN,METFORMIN+SITAGLIPTIN | SITAGLIPTIN | METFORMIN,molecule_desc,molecule_desc_passthrough,NOOP,HIGH
cd,cd_003,sb_003_00012_raw_00077,시타루틴 듀오,시타루틴듀오,,METFORMIN+SITAGLIPTIN | SITAGLIPTIN | METFORMIN,METFORMIN+SITAGLIPTIN | SITAGLIPTIN | METFORMIN,molecule_desc,molecule_desc_passthrough,NOOP,HIGH
cd,cd_003,sb_003_00012_raw_00078,시디포 엠,시디포엠,,METFORMIN+SITAGLIPTIN | SITAGLIPTIN | METFORMIN,METFORMIN+SITAGLIPTIN | SITAGLIPTIN | METFORMIN,molecule_desc,molecule_desc_passthrough,NOOP,HIGH
cd,cd_003,sb_003_00012_raw_00079,시타글리 듀오 엑스알,시타글리듀오엑스알,,METFORMIN+SITAGLIPTIN | SITAGLIPTIN | METFORMIN,METFORMIN+SITAGLIPTIN | SITAGLIPTIN | METFORMIN,molecule_desc,molecule_desc_passthrough,NOOP,HIGH
cd,cd_003,sb_003_00012_raw_00080,이글립틴 엑스알,이글립틴엑스알,,METFORMIN+SITAGLIPTIN | SITAGLIPTIN | METFORMIN,METFORMIN+SITAGLIPTIN | SITAGLIPTIN | METFORMIN,molecule_desc,molecule_desc_passthrough,NOOP,HIGH
cd,cd_003,sb_003_00012_raw_00081,자누메티아 엑스알,자누메티아엑스알,,METFORMIN+SITAGLIPTIN | SITAGLIPTIN | METFORMIN,METFORMIN+SITAGLIPTIN | SITAGLIPTIN | METFORMIN,molecule_desc,molecule_desc_passthrough,NOOP,HIGH
cd,cd_003,sb_003_00012_raw_00082,이글립틴 아이알,이글립틴아이알,,METFORMIN+SITAGLIPTIN | SITAGLIPTIN | METFORMIN,METFORMIN+SITAGLIPTIN | SITAGLIPTIN | METFORMIN,molecule_desc,molecule_desc_passthrough,NOOP,HIGH
cd,cd_003,sb_003_00012_raw_00083,시타듀얼 엑스알,시타듀얼엑스알,,METFORMIN+SITAGLIPTIN | SITAGLIPTIN | METFORMIN,METFORMIN+SITAGLIPTIN | SITAGLIPTIN | METFORMIN,molecule_desc,molecule_desc_passthrough,NOOP,HIGH
cd,cd_003,sb_003_00012_raw_00084,다누메트,다누메트,,METFORMIN+SITAGLIPTIN | SITAGLIPTIN | METFORMIN,METFORMIN+SITAGLIPTIN | SITAGLIPTIN | METFORMIN,molecule_desc,molecule_desc_passthrough,NOOP,HIGH
cd,cd_003,sb_003_00013_raw_00085,테넬리아 엠,테넬리아엠,,METFORMIN+TENELIGLIPTIN | TENELIGLIPTIN | METFORMIN,METFORMIN+TENELIGLIPTIN | TENELIGLIPTIN | METFORMIN,molecule_desc,molecule_desc_passthrough,NOOP,HIGH
cd,cd_003,sb_003_00013_raw_00086,테네글립엠,테네글립엠,,METFORMIN+TENELIGLIPTIN | TENELIGLIPTIN | METFORMIN,METFORMIN+TENELIGLIPTIN | TENELIGLIPTIN | METFORMIN,molecule_desc,molecule_desc_passthrough,NOOP,HIGH
cd,cd_003,sb_003_00013_raw_00087,에이테넬엠,에이테넬엠,,METFORMIN+TENELIGLIPTIN | TENELIGLIPTIN | METFORMIN,METFORMIN+TENELIGLIPTIN | TENELIGLIPTIN | METFORMIN,molecule_desc,molecule_desc_passthrough,NOOP,HIGH
cd,cd_003,sb_003_00013_raw_00088,테네스 엠,테네스엠,,METFORMIN+TENELIGLIPTIN | TENELIGLIPTIN | METFORMIN,METFORMIN+TENELIGLIPTIN | TENELIGLIPTIN | METFORMIN,molecule_desc,molecule_desc_passthrough,NOOP,HIGH
cd,cd_003,sb_003_00013_raw_00089,테네리엠,테네리엠,,METFORMIN+TENELIGLIPTIN | TENELIGLIPTIN | METFORMIN,METFORMIN+TENELIGLIPTIN | TENELIGLIPTIN | METFORMIN,molecule_desc,molecule_desc_passthrough,NOOP,HIGH
cd,cd_003,sb_003_00013_raw_00090,테네틴 엠,테네틴엠,,METFORMIN+TENELIGLIPTIN | TENELIGLIPTIN | METFORMIN,METFORMIN+TENELIGLIPTIN | TENELIGLIPTIN | METFORMIN,molecule_desc,molecule_desc_passthrough,NOOP,HIGH
cd,cd_003,sb_003_00013_raw_00091,테네글리엠,테네글리엠,,METFORMIN+TENELIGLIPTIN | TENELIGLIPTIN | METFORMIN,METFORMIN+TENELIGLIPTIN | TENELIGLIPTIN | METFORMIN,molecule_desc,molecule_desc_passthrough,NOOP,HIGH
cd,cd_003,sb_003_00013_raw_00092,테넬로드엠,테넬로드엠,,METFORMIN+TENELIGLIPTIN | TENELIGLIPTIN | METFORMIN,METFORMIN+TENELIGLIPTIN | TENELIGLIPTIN | METFORMIN,molecule_desc,molecule_desc_passthrough,NOOP,HIGH
cd,cd_003,sb_003_00013_raw_00093,테네론 엠,테네론엠,,METFORMIN+TENELIGLIPTIN | TENELIGLIPTIN | METFORMIN,METFORMIN+TENELIGLIPTIN | TENELIGLIPTIN | METFORMIN,molecule_desc,molecule_desc_passthrough,NOOP,HIGH
cd,cd_003,sb_003_00013_raw_00094,테네로 엠,테네로엠,,METFORMIN+TENELIGLIPTIN | TENELIGLIPTIN | METFORMIN,METFORMIN+TENELIGLIPTIN | TENELIGLIPTIN | METFORMIN,molecule_desc,molecule_desc_passthrough,NOOP,HIGH
cd,cd_003,sb_003_00013_raw_00095,테네필 플러스,테네필플러스,,METFORMIN+TENELIGLIPTIN | TENELIGLIPTIN | METFORMIN,METFORMIN+TENELIGLIPTIN | TENELIGLIPTIN | METFORMIN,molecule_desc,molecule_desc_passthrough,NOOP,HIGH
cd,cd_003,sb_003_00013_raw_00096,테리움 엠,테리움엠,,METFORMIN+TENELIGLIPTIN | TENELIGLIPTIN | METFORMIN,METFORMIN+TENELIGLIPTIN | TENELIGLIPTIN | METFORMIN,molecule_desc,molecule_desc_passthrough,NOOP,HIGH
cd,cd_003,sb_003_00013_raw_00097,테라립틴 듀오,테라립틴듀오,,METFORMIN+TENELIGLIPTIN | TENELIGLIPTIN | METFORMIN,METFORMIN+TENELIGLIPTIN | TENELIGLIPTIN | METFORMIN,molecule_desc,molecule_desc_passthrough,NOOP,HIGH
cd,cd_003,sb_003_00013_raw_00098,테네리칸 엠,테네리칸엠,,METFORMIN+TENELIGLIPTIN | TENELIGLIPTIN | METFORMIN,METFORMIN+TENELIGLIPTIN | TENELIGLIPTIN | METFORMIN,molecule_desc,molecule_desc_passthrough,NOOP,HIGH
cd,cd_003,sb_003_00013_raw_00099,테디 엠 메트,테디엠메트,,METFORMIN+TENELIGLIPTIN | TENELIGLIPTIN | METFORMIN,METFORMIN+TENELIGLIPTIN | TENELIGLIPTIN | METFORMIN,molecule_desc,molecule_desc_passthrough,NOOP,HIGH
cd,cd_003,sb_003_00013_raw_00100,테넬포민,테넬포민,,METFORMIN+TENELIGLIPTIN | TENELIGLIPTIN | METFORMIN,METFORMIN+TENELIGLIPTIN | TENELIGLIPTIN | METFORMIN,molecule_desc,molecule_desc_passthrough,NOOP,HIGH
cd,cd_003,sb_003_00013_raw_00101,테디포 엠,테디포엠,,METFORMIN+TENELIGLIPTIN | TENELIGLIPTIN | METFORMIN,METFORMIN+TENELIGLIPTIN | TENELIGLIPTIN | METFORMIN,molecule_desc,molecule_desc_passthrough,NOOP,HIGH
cd,cd_003,sb_003_00013_raw_00102,테네립틴 엠,테네립틴엠,,METFORMIN+TENELIGLIPTIN | TENELIGLIPTIN | METFORMIN,METFORMIN+TENELIGLIPTIN | TENELIGLIPTIN | METFORMIN,molecule_desc,molecule_desc_passthrough,NOOP,HIGH
cd,cd_003,sb_003_00013_raw_00103,테네그린 듀오,테네그린듀오,,METFORMIN+TENELIGLIPTIN | TENELIGLIPTIN | METFORMIN,METFORMIN+TENELIGLIPTIN | TENELIGLIPTIN | METFORMIN,molecule_desc,molecule_desc_passthrough,NOOP,HIGH
cd,cd_003,sb_003_00013_raw_00104,테리아 엠,테리아엠,,METFORMIN+TENELIGLIPTIN | TENELIGLIPTIN | METFORMIN,METFORMIN+TENELIGLIPTIN | TENELIGLIPTIN | METFORMIN,molecule_desc,molecule_desc_passthrough,NOOP,HIGH
cd,cd_003,sb_003_00013_raw_00105,테넬디 엠,테넬디엠,,METFORMIN+TENELIGLIPTIN | TENELIGLIPTIN | METFORMIN,METFORMIN+TENELIGLIPTIN | TENELIGLIPTIN | METFORMIN,molecule_desc,molecule_desc_passthrough,NOOP,HIGH
cd,cd_003,sb_003_00013_raw_00106,다낼리아 엠,다낼리아엠,,METFORMIN+TENELIGLIPTIN | TENELIGLIPTIN | METFORMIN,METFORMIN+TENELIGLIPTIN | TENELIGLIPTIN | METFORMIN,molecule_desc,molecule_desc_passthrough,NOOP,HIGH
cd,cd_003,sb_003_00013_raw_00107,텔리아 엠,텔리아엠,,METFORMIN+TENELIGLIPTIN | TENELIGLIPTIN | METFORMIN,METFORMIN+TENELIGLIPTIN | TENELIGLIPTIN | METFORMIN,molecule_desc,molecule_desc_passthrough,NOOP,HIGH
cd,cd_003,sb_003_00013_raw_00108,테립틴엠,테립틴엠,,METFORMIN+TENELIGLIPTIN | TENELIGLIPTIN | METFORMIN,METFORMIN+TENELIGLIPTIN | TENELIGLIPTIN | METFORMIN,molecule_desc,molecule_desc_passthrough,NOOP,HIGH
cd,cd_003,sb_003_00013_raw_00109,테리글메트,테리글메트,,METFORMIN+TENELIGLIPTIN | TENELIGLIPTIN | METFORMIN,METFORMIN+TENELIGLIPTIN | TENELIGLIPTIN | METFORMIN,molecule_desc,molecule_desc_passthrough,NOOP,HIGH
cd,cd_003,sb_003_00013_raw_00110,테넬라 엠,테넬라엠,,METFORMIN+TENELIGLIPTIN | TENELIGLIPTIN | METFORMIN,METFORMIN+TENELIGLIPTIN | TENELIGLIPTIN | METFORMIN,molecule_desc,molecule_desc_passthrough,NOOP,HIGH
cd,cd_003,sb_003_00013_raw_00111,테넬 엠,테넬엠,,METFORMIN+TENELIGLIPTIN | TENELIGLIPTIN | METFORMIN,METFORMIN+TENELIGLIPTIN | TENELIGLIPTIN | METFORMIN,molecule_desc,molecule_desc_passthrough,NOOP,HIGH
cd,cd_003,sb_003_00013_raw_00112,디포테리 엠,디포테리엠,,METFORMIN+TENELIGLIPTIN | TENELIGLIPTIN | METFORMIN,METFORMIN+TENELIGLIPTIN | TENELIGLIPTIN | METFORMIN,molecule_desc,molecule_desc_passthrough,NOOP,HIGH
cd,cd_003,sb_003_00013_raw_00113,테네글로 엠,테네글로엠,,METFORMIN+TENELIGLIPTIN | TENELIGLIPTIN | METFORMIN,METFORMIN+TENELIGLIPTIN | TENELIGLIPTIN | METFORMIN,molecule_desc,molecule_desc_passthrough,NOOP,HIGH
cd,cd_003,sb_003_00013_raw_00114,테넬리탁 듀오,테넬리탁듀오,,METFORMIN+TENELIGLIPTIN | TENELIGLIPTIN | METFORMIN,METFORMIN+TENELIGLIPTIN | TENELIGLIPTIN | METFORMIN,molecule_desc,molecule_desc_passthrough,NOOP,HIGH
cd,cd_003,sb_003_00013_raw_00115,테글리 엠,테글리엠,,METFORMIN+TENELIGLIPTIN | TENELIGLIPTIN | METFORMIN,METFORMIN+TENELIGLIPTIN | TENELIGLIPTIN | METFORMIN,molecule_desc,molecule_desc_passthrough,NOOP,HIGH
cd,cd_003,sb_003_00013_raw_00116,유테네 엠,유테네엠,,METFORMIN+TENELIGLIPTIN | TENELIGLIPTIN | METFORMIN,METFORMIN+TENELIGLIPTIN | TENELIGLIPTIN | METFORMIN,molecule_desc,molecule_desc_passthrough,NOOP,HIGH
cd,cd_003,sb_003_00013_raw_00117,테네글 엠,테네글엠,,METFORMIN+TENELIGLIPTIN | TENELIGLIPTIN | METFORMIN,METFORMIN+TENELIGLIPTIN | TENELIGLIPTIN | METFORMIN,molecule_desc,molecule_desc_passthrough,NOOP,HIGH
cd,cd_003,sb_003_00013_raw_00118,테넬리엘 듀오,테넬리엘듀오,,METFORMIN+TENELIGLIPTIN | TENELIGLIPTIN | METFORMIN,METFORMIN+TENELIGLIPTIN | TENELIGLIPTIN | METFORMIN,molecule_desc,molecule_desc_passthrough,NOOP,HIGH
cd,cd_003,sb_003_00013_raw_00119,테네로틴 엠,테네로틴엠,,METFORMIN+TENELIGLIPTIN | TENELIGLIPTIN | METFORMIN,METFORMIN+TENELIGLIPTIN | TENELIGLIPTIN | METFORMIN,molecule_desc,molecule_desc_passthrough,NOOP,HIGH
cd,cd_003,sb_003_00013_raw_00120,테네린 엠,테네린엠,,METFORMIN+TENELIGLIPTIN | TENELIGLIPTIN | METFORMIN,METFORMIN+TENELIGLIPTIN | TENELIGLIPTIN | METFORMIN,molecule_desc,molecule_desc_passthrough,NOOP,HIGH
cd,cd_003,sb_003_00014_raw_00121,가브스메트,가브스메트,,METFORMIN+VILDAGLIPTIN | VILDAGLIPTIN | METFORMIN,METFORMIN+VILDAGLIPTIN | VILDAGLIPTIN | METFORMIN,molecule_desc,molecule_desc_passthrough,NOOP,HIGH
cd,cd_003,sb_003_00014_raw_00122,빌다메트,빌다메트,,METFORMIN+VILDAGLIPTIN | VILDAGLIPTIN | METFORMIN,METFORMIN+VILDAGLIPTIN | VILDAGLIPTIN | METFORMIN,molecule_desc,molecule_desc_passthrough,NOOP,HIGH
cd,cd_003,sb_003_00014_raw_00123,빌다글메트,빌다글메트,,METFORMIN+VILDAGLIPTIN | VILDAGLIPTIN | METFORMIN,METFORMIN+VILDAGLIPTIN | VILDAGLIPTIN | METFORMIN,molecule_desc,molecule_desc_passthrough,NOOP,HIGH
cd,cd_003,sb_003_00014_raw_00124,에이브스 메트,에이브스메트,,METFORMIN+VILDAGLIPTIN | VILDAGLIPTIN | METFORMIN,METFORMIN+VILDAGLIPTIN | VILDAGLIPTIN | METFORMIN,molecule_desc,molecule_desc_passthrough,NOOP,HIGH
cd,cd_003,sb_003_00014_raw_00125,힐러스메트,힐러스메트,,METFORMIN+VILDAGLIPTIN | VILDAGLIPTIN | METFORMIN,METFORMIN+VILDAGLIPTIN | VILDAGLIPTIN | METFORMIN,molecule_desc,molecule_desc_passthrough,NOOP,HIGH
cd,cd_003,sb_003_00014_raw_00126,빌다틴 메트,빌다틴메트,,METFORMIN+VILDAGLIPTIN | VILDAGLIPTIN | METFORMIN,METFORMIN+VILDAGLIPTIN | VILDAGLIPTIN | METFORMIN,molecule_desc,molecule_desc_passthrough,NOOP,HIGH
cd,cd_003,sb_003_00014_raw_00127,빌다포트메트,빌다포트메트,,METFORMIN+VILDAGLIPTIN | VILDAGLIPTIN | METFORMIN,METFORMIN+VILDAGLIPTIN | VILDAGLIPTIN | METFORMIN,molecule_desc,molecule_desc_passthrough,NOOP,HIGH
cd,cd_003,sb_003_00014_raw_00128,빌다브스 엠,빌다브스엠,,METFORMIN+VILDAGLIPTIN | VILDAGLIPTIN | METFORMIN,METFORMIN+VILDAGLIPTIN | VILDAGLIPTIN | METFORMIN,molecule_desc,molecule_desc_passthrough,NOOP,HIGH
cd,cd_003,sb_003_00014_raw_00129,가블리메트,가블리메트,,METFORMIN+VILDAGLIPTIN | VILDAGLIPTIN | METFORMIN,METFORMIN+VILDAGLIPTIN | VILDAGLIPTIN | METFORMIN,molecule_desc,molecule_desc_passthrough,NOOP,HIGH
cd,cd_003,sb_003_00014_raw_00130,빌가드 엠,빌가드엠,,METFORMIN+VILDAGLIPTIN | VILDAGLIPTIN | METFORMIN,METFORMIN+VILDAGLIPTIN | VILDAGLIPTIN | METFORMIN,molecule_desc,molecule_desc_passthrough,NOOP,HIGH
cd,cd_003,sb_003_00014_raw_00131,다야브스메트,다야브스메트,,METFORMIN+VILDAGLIPTIN | VILDAGLIPTIN | METFORMIN,METFORMIN+VILDAGLIPTIN | VILDAGLIPTIN | METFORMIN,molecule_desc,molecule_desc_passthrough,NOOP,HIGH
cd,cd_004,sb_canonical_006_타발리스,타발리스,타발리스,타발리스,FOSTAMATINIB,FOSTAMATINIB,molecule_desc,normalized,NOOP,HIGH
cd,cd_004,sb_004_00006,도프텔렛,도프텔렛,도프텔렛,AVATROMBOPAG,AVATROMBOPAG,molecule_desc,normalized,NOOP,HIGH
cd,cd_004,sb_004_00008,레볼레이드,레볼레이드,레볼레이드,ELTROMBOPAG,ELTROMBOPAG,molecule_desc,normalized,NOOP,HIGH
cd,cd_004,sb_004_00010,엘팍,엘팍,엘팍,ELTROMBOPAG,ELTROMBOPAG,molecule_desc,normalized,NOOP,HIGH
cd,cd_004,sb_004_00012,로미플레이트,로미플레이트,로미플레이트,ROMIPLOSTIM,ROMIPLOSTIM,molecule_desc,normalized,NOOP,HIGH
cd,cd_004,sb_004_00015,"*TPO-RA : ITP 외 허가 적응증 있으며, ITP 치료 시장 규모 추산을 위해서는 Ubist 데이터 기반 수식 적용 필요 ==> 시장 추산이 필요한데 이거 수식 어떻게 적용할 지 논의하면 좋겠습니다. / 해당 Ubist 데이터는 AI에 포함되지 않습니다","*TPO-RA:ITP외허가적응증있으며,ITP치료시장규모추산을위해서는Ubist데이터기반수식적용필요==>시장추산이필요한데이거수식어떻게적용할지논의하면좋겠습니다./해당Ubist데이터는AI에포함되지않습니다",,,,molecule_desc,unmatched,NOOP,LOW
cd,cd_005,sb_canonical_007_시그마트,시그마트,시그마트,시그마트,nicorandil,nicorandil,molecule_recode,normalized,NOOP,HIGH
cd,cd_005,sb_005_00017,프로코라란,프로코라란,프로코라란,ivabradine,ivabradine,molecule_recode,normalized,NOOP,HIGH
cd,cd_005,sb_005_00018,몰시톤,몰시톤,몰시톤,molsidomine,molsidomine,molecule_recode,normalized,NOOP,HIGH
cd,cd_005,sb_005_00019,바딜,바딜,바딜,nicorandil,nicorandil,molecule_recode,normalized,NOOP,HIGH
cd,cd_005,sb_005_00020,니코란,니코란,니코란,nicorandil,nicorandil,molecule_recode,normalized,NOOP,HIGH
cd,cd_005,sb_005_00022,메타진,메타진,메타진,trimetazidine,trimetazidine,molecule_recode,normalized,NOOP,HIGH
cd,cd_005,sb_005_00023,트리진,트리진,트리진,trimetazidine,trimetazidine,molecule_recode,normalized,NOOP,HIGH
cd,cd_005,sb_005_00024,삼남 염산트리메타지딘,삼남염산트리메타지딘,삼남염산트리메타지딘,trimetazidine,trimetazidine,molecule_recode,normalized,NOOP,HIGH
cd,cd_005,sb_005_00025,바스티난,바스티난,바스티난,trimetazidine,trimetazidine,molecule_recode,normalized,NOOP,HIGH
cd,cd_005,sb_005_00026,바스티난 엠알,바스티난엠알,바스티난엠알,trimetazidine,trimetazidine,molecule_recode,normalized,NOOP,HIGH
cd,cd_005,sb_005_00027,셀트리메,셀트리메,셀트리메,trimetazidine,trimetazidine,molecule_recode,normalized,NOOP,HIGH
cd,cd_006,sb_canonical_008_리바로,리바로,리바로,리바로,pitavastatin calcium,Statin,molecule,normalized,UPDATE,HIGH
cd,cd_006,sb_canonical_009_리바로젯,리바로젯,리바로젯,리바로젯,"ezetimibe,  pitavastatin calcium hydrate  ( as pitavastatin calcium)",Statin/EZE,molecule,normalized,UPDATE,HIGH
cd,cd_006,sb_006_00005,아트맥 콤비젤,아트맥콤비젤,아트맥콤비젤,"atorvastatin calcium hydrate  ( as atorvastatin),  omega-3-acids ethyl esters90 | atorvastatin calcium trihydrate  ( as atorvastatin),  omega-3-acids ethyl esters90",제외,molecule,normalized,UPDATE,HIGH
cd,cd_006,sb_006_00006,아토브젯,아토브젯,아토브젯,"atorvastatin calcium trihydrate  ( as atorvastatin),  ezetimibe",Statin/EZE,molecule,normalized,UPDATE,HIGH
cd,cd_006,sb_006_00009,아토에지,아토에지,아토에지,"atorvastatin calcium trihydrate  ( as atorvastatin),  ezetimibe",Statin/EZE,molecule,normalized,UPDATE,HIGH
cd,cd_006,sb_006_00011,바이젯,바이젯,바이젯,"atorvastatin calcium trihydrate  ( as atorvastatin),  ezetimibe",Statin/EZE,molecule,normalized,UPDATE,HIGH
cd,cd_006,sb_006_00013,아페젯,아페젯,아페젯,"atorvastatin calcium trihydrate  ( as atorvastatin),  ezetimibe",Statin/EZE,molecule,normalized,UPDATE,HIGH
cd,cd_006,sb_006_00015,에티젯,에티젯,에티젯,"atorvastatin calcium trihydrate  ( as atorvastatin),  ezetimibe",Statin/EZE,molecule,normalized,UPDATE,HIGH
cd,cd_006,sb_006_00017,아젯듀오,아젯듀오,아젯듀오,"atorvastatin calcium trihydrate  ( as atorvastatin),  ezetimibe",Statin/EZE,molecule,normalized,UPDATE,HIGH
cd,cd_006,sb_006_00020,브이 토젯,브이토젯,브이토젯,"atorvastatin calcium trihydrate  ( as atorvastatin),  ezetimibe",Statin/EZE,molecule,normalized,UPDATE,HIGH
cd,cd_006,sb_006_00023,리피듀엣,리피듀엣,리피듀엣,"atorvastatin calcium trihydrate  ( as atorvastatin),  ezetimibe",Statin/EZE,molecule,normalized,UPDATE,HIGH
cd,cd_006,sb_006_00024,아에제,아에제,아에제,"atorvastatin calcium trihydrate  ( as atorvastatin),  ezetimibe",Statin/EZE,molecule,normalized,UPDATE,HIGH
cd,cd_006,sb_006_00027,리토바젯,리토바젯,리토바젯,"atorvastatin calcium trihydrate  ( as atorvastatin),  ezetimibe",Statin/EZE,molecule,normalized,UPDATE,HIGH
cd,cd_006,sb_006_00031,아미젯,아미젯,아미젯,"atorvastatin calcium trihydrate  ( as atorvastatin),  ezetimibe",Statin/EZE,molecule,normalized,UPDATE,HIGH
cd,cd_006,sb_006_00034,리토젯,리토젯,리토젯,"atorvastatin calcium trihydrate  ( as atorvastatin),  ezetimibe",Statin/EZE,molecule,normalized,UPDATE,HIGH
cd,cd_006,sb_006_00037,뉴토젯,뉴토젯,뉴토젯,"atorvastatin calcium trihydrate  ( as atorvastatin),  ezetimibe",Statin/EZE,molecule,normalized,UPDATE,HIGH
cd,cd_006,sb_006_00039,아토바 에프,아토바에프,아토바에프,"atorvastatin calcium trihydrate  ( as atorvastatin),  ezetimibe",Statin/EZE,molecule,normalized,UPDATE,HIGH
cd,cd_006,sb_006_00041,에이젯,에이젯,에이젯,"atorvastatin calcium trihydrate  ( as atorvastatin),  ezetimibe",Statin/EZE,molecule,normalized,UPDATE,HIGH
cd,cd_006,sb_006_00043,아토이브,아토이브,아토이브,"atorvastatin calcium trihydrate  ( as atorvastatin),  ezetimibe",Statin/EZE,molecule,normalized,UPDATE,HIGH
cd,cd_006,sb_006_00046,아토반 듀오,아토반듀오,아토반듀오,"atorvastatin calcium trihydrate  ( as atorvastatin),  ezetimibe",Statin/EZE,molecule,normalized,UPDATE,HIGH
cd,cd_006,sb_006_00050,아토스타젯,아토스타젯,아토스타젯,"atorvastatin calcium trihydrate  ( as atorvastatin),  ezetimibe",Statin/EZE,molecule,normalized,UPDATE,HIGH
cd,cd_006,sb_006_00053,아토엠젯,아토엠젯,아토엠젯,"atorvastatin calcium trihydrate  ( as atorvastatin),  ezetimibe",Statin/EZE,molecule,normalized,UPDATE,HIGH
cd,cd_006,sb_006_00056,아토에제,아토에제,아토에제,"atorvastatin calcium trihydrate  ( as atorvastatin),  ezetimibe",Statin/EZE,molecule,normalized,UPDATE,HIGH
cd,cd_006,sb_006_00059,에젯토,에젯토,에젯토,"atorvastatin calcium trihydrate  ( as atorvastatin),  ezetimibe",Statin/EZE,molecule,normalized,UPDATE,HIGH
cd,cd_006,sb_006_00062,엘오공,엘오공,엘오공,"atorvastatin calcium trihydrate  ( as atorvastatin),  ezetimibe",Statin/EZE,molecule,normalized,UPDATE,HIGH
cd,cd_006,sb_006_00066,리피아젯,리피아젯,리피아젯,"atorvastatin calcium trihydrate  ( as atorvastatin),  ezetimibe",Statin/EZE,molecule,normalized,UPDATE,HIGH
cd,cd_006,sb_006_00068,아트로젯,아트로젯,아트로젯,"atorvastatin calcium trihydrate  ( as atorvastatin),  ezetimibe",Statin/EZE,molecule,normalized,UPDATE,HIGH
cd,cd_006,sb_006_00070,제토바,제토바,제토바,"atorvastatin calcium trihydrate  ( as atorvastatin),  ezetimibe",Statin/EZE,molecule,normalized,UPDATE,HIGH
cd,cd_006,sb_006_00072,리피토 플러스,리피토플러스,리피토플러스,"atorvastatin calcium trihydrate  ( as atorvastatin),  ezetimibe",Statin/EZE,molecule,normalized,UPDATE,HIGH
cd,cd_006,sb_006_00075,바로다운,바로다운,바로다운,"atorvastatin calcium trihydrate  ( as atorvastatin),  ezetimibe",Statin/EZE,molecule,normalized,UPDATE,HIGH
cd,cd_006,sb_006_00077,아토로우 플러스,아토로우플러스,아토로우플러스,"atorvastatin calcium trihydrate  ( as atorvastatin),  ezetimibe",Statin/EZE,molecule,normalized,UPDATE,HIGH
cd,cd_006,sb_006_00079,듀토르,듀토르,듀토르,"atorvastatin calcium trihydrate  ( as atorvastatin),  ezetimibe",Statin/EZE,molecule,normalized,UPDATE,HIGH
cd,cd_006,sb_006_00081,젠토르,젠토르,젠토르,"atorvastatin calcium trihydrate  ( as atorvastatin),  ezetimibe",Statin/EZE,molecule,normalized,UPDATE,HIGH
cd,cd_006,sb_006_00082,셀토젯,셀토젯,셀토젯,"atorvastatin calcium trihydrate  ( as atorvastatin),  ezetimibe",Statin/EZE,molecule,normalized,UPDATE,HIGH
cd,cd_006,sb_006_00084,리피젯,리피젯,리피젯,"atorvastatin calcium trihydrate  ( as atorvastatin),  ezetimibe",Statin/EZE,molecule,normalized,UPDATE,HIGH
cd,cd_006,sb_006_00086,아로젯,아로젯,아로젯,"atorvastatin calcium trihydrate  ( as atorvastatin),  ezetimibe",Statin/EZE,molecule,normalized,UPDATE,HIGH
cd,cd_006,sb_006_00089,아로틴 플러스,아로틴플러스,아로틴플러스,"atorvastatin calcium trihydrate  ( as atorvastatin),  ezetimibe",Statin/EZE,molecule,normalized,UPDATE,HIGH
cd,cd_006,sb_006_00091,아이토젯,아이토젯,아이토젯,"atorvastatin calcium trihydrate  ( as atorvastatin),  ezetimibe",Statin/EZE,molecule,normalized,UPDATE,HIGH
cd,cd_006,sb_006_00092,뉴 아토르젯,뉴아토르젯,뉴아토르젯,"atorvastatin calcium trihydrate  ( as atorvastatin),  ezetimibe",Statin/EZE,molecule,normalized,UPDATE,HIGH
cd,cd_006,sb_006_00094,리포젯,리포젯,리포젯,"atorvastatin calcium trihydrate  ( as atorvastatin),  ezetimibe",Statin/EZE,molecule,normalized,UPDATE,HIGH
cd,cd_006,sb_006_00096,아르바젯,아르바젯,아르바젯,"atorvastatin calcium trihydrate  ( as atorvastatin),  ezetimibe",Statin/EZE,molecule,normalized,UPDATE,HIGH
cd,cd_006,sb_006_00098,아제티브,아제티브,아제티브,"atorvastatin calcium trihydrate  ( as atorvastatin),  ezetimibe",Statin/EZE,molecule,normalized,UPDATE,HIGH
cd,cd_006,sb_006_00100,에바스젯,에바스젯,에바스젯,"atorvastatin calcium trihydrate  ( as atorvastatin),  ezetimibe",Statin/EZE,molecule,normalized,UPDATE,HIGH
cd,cd_006,sb_006_00101,라도젯,라도젯,라도젯,"atorvastatin calcium trihydrate  ( as atorvastatin),  ezetimibe",Statin/EZE,molecule,normalized,UPDATE,HIGH
cd,cd_006,sb_006_00104,제피토,제피토,제피토,"atorvastatin calcium trihydrate  ( as atorvastatin),  ezetimibe",Statin/EZE,molecule,normalized,UPDATE,HIGH
cd,cd_006,sb_006_00108,아젯탐,아젯탐,아젯탐,"atorvastatin calcium trihydrate  ( as atorvastatin),  ezetimibe",Statin/EZE,molecule,normalized,UPDATE,HIGH
cd,cd_006,sb_006_00111,엔비젯,엔비젯,엔비젯,"atorvastatin calcium trihydrate  ( as atorvastatin),  ezetimibe",Statin/EZE,molecule,normalized,UPDATE,HIGH
cd,cd_006,sb_006_00114,알트젯,알트젯,알트젯,"atorvastatin calcium trihydrate  ( as atorvastatin),  ezetimibe",Statin/EZE,molecule,normalized,UPDATE,HIGH
cd,cd_006,sb_006_00115,아토바진 플러스,아토바진플러스,아토바진플러스,"atorvastatin calcium trihydrate  ( as atorvastatin),  ezetimibe",Statin/EZE,molecule,normalized,UPDATE,HIGH
cd,cd_006,sb_006_00118,아토르 큐 젯,아토르큐젯,아토르큐젯,"atorvastatin calcium trihydrate  ( as atorvastatin),  ezetimibe",Statin/EZE,molecule,normalized,UPDATE,HIGH
cd,cd_006,sb_006_00120,아토젯,아토젯,아토젯,"atorvastatin calcium trihydrate  ( as atorvastatin),  ezetimibe",Statin/EZE,molecule,normalized,UPDATE,HIGH
cd,cd_006,sb_006_00124,아토로우 엠,아토로우엠,아토로우엠,"atorvastatin calcium trihydrate  ( as atorvastatin),  ezetimibe",Statin/EZE,molecule,normalized,UPDATE,HIGH
cd,cd_006,sb_006_00125,아바젯,아바젯,아바젯,"atorvastatin calcium trihydrate  ( as atorvastatin),  ezetimibe",Statin/EZE,molecule,normalized,UPDATE,HIGH
cd,cd_006,sb_006_00128,에제토바,에제토바,에제토바,"atorvastatin calcium trihydrate  ( as atorvastatin),  ezetimibe",Statin/EZE,molecule,normalized,UPDATE,HIGH
cd,cd_006,sb_006_00129,토바젯,토바젯,토바젯,"atorvastatin calcium trihydrate  ( as atorvastatin),  ezetimibe",Statin/EZE,molecule,normalized,UPDATE,HIGH
cd,cd_006,sb_006_00131,와이젯,와이젯,와이젯,"atorvastatin calcium trihydrate  ( as atorvastatin),  ezetimibe",Statin/EZE,molecule,normalized,UPDATE,HIGH
cd,cd_006,sb_006_00133,유토젯,유토젯,유토젯,"atorvastatin calcium trihydrate  ( as atorvastatin),  ezetimibe",Statin/EZE,molecule,normalized,UPDATE,HIGH
cd,cd_006,sb_006_00136,아토바미브,아토바미브,아토바미브,"atorvastatin calcium trihydrate  ( as atorvastatin),  ezetimibe",Statin/EZE,molecule,normalized,UPDATE,HIGH
cd,cd_006,sb_006_00140,에브젯,에브젯,에브젯,"atorvastatin calcium trihydrate  ( as atorvastatin),  ezetimibe",Statin/EZE,molecule,normalized,UPDATE,HIGH
cd,cd_006,sb_006_00142,바스타젯,바스타젯,바스타젯,"atorvastatin calcium trihydrate  ( as atorvastatin),  ezetimibe",Statin/EZE,molecule,normalized,UPDATE,HIGH
cd,cd_006,sb_006_00144,인토젯,인토젯,인토젯,"atorvastatin calcium trihydrate  ( as atorvastatin),  ezetimibe",Statin/EZE,molecule,normalized,UPDATE,HIGH
cd,cd_006,sb_006_00145,아토미브,아토미브,아토미브,"atorvastatin calcium trihydrate  ( as atorvastatin),  ezetimibe",Statin/EZE,molecule,normalized,UPDATE,HIGH
cd,cd_006,sb_006_00149,일성 에젯틴,일성에젯틴,일성에젯틴,"atorvastatin calcium trihydrate  ( as atorvastatin),  ezetimibe",Statin/EZE,molecule,normalized,UPDATE,HIGH
cd,cd_006,sb_006_00151,듀얼 아토,듀얼아토,듀얼아토,"atorvastatin calcium trihydrate  ( as atorvastatin),  ezetimibe",Statin/EZE,molecule,normalized,UPDATE,HIGH
cd,cd_006,sb_006_00153,아토에,아토에,아토에,"atorvastatin calcium trihydrate  ( as atorvastatin),  ezetimibe",Statin/EZE,molecule,normalized,UPDATE,HIGH
cd,cd_006,sb_006_00155,제뉴원 아제브,제뉴원아제브,제뉴원아제브,"atorvastatin calcium trihydrate  ( as atorvastatin),  ezetimibe",Statin/EZE,molecule,normalized,UPDATE,HIGH
cd,cd_006,sb_006_00157,리피로우젯,리피로우젯,리피로우젯,"atorvastatin calcium trihydrate  ( as atorvastatin),  ezetimibe",Statin/EZE,molecule,normalized,UPDATE,HIGH
cd,cd_006,sb_006_00161,아토엘젯,아토엘젯,아토엘젯,"atorvastatin calcium trihydrate  ( as atorvastatin),  ezetimibe",Statin/EZE,molecule,normalized,UPDATE,HIGH
cd,cd_006,sb_006_00162,진토젯,진토젯,진토젯,"atorvastatin calcium trihydrate  ( as atorvastatin),  ezetimibe",Statin/EZE,molecule,normalized,UPDATE,HIGH
cd,cd_006,sb_006_00165,아드젯,아드젯,아드젯,"atorvastatin calcium trihydrate  ( as atorvastatin),  ezetimibe",Statin/EZE,molecule,normalized,UPDATE,HIGH
cd,cd_006,sb_006_00167,아토켓,아토켓,아토켓,"atorvastatin calcium trihydrate  ( as atorvastatin),  ezetimibe",Statin/EZE,molecule,normalized,UPDATE,HIGH
cd,cd_006,sb_006_00168,아르젯,아르젯,아르젯,"atorvastatin calcium trihydrate  ( as atorvastatin),  ezetimibe",Statin/EZE,molecule,normalized,UPDATE,HIGH
cd,cd_006,sb_006_00171,글로젯,글로젯,글로젯,"atorvastatin calcium trihydrate  ( as atorvastatin),  ezetimibe",Statin/EZE,molecule,normalized,UPDATE,HIGH
cd,cd_006,sb_006_00173,제티스토,제티스토,제티스토,"atorvastatin calcium trihydrate  ( as atorvastatin),  ezetimibe",Statin/EZE,molecule,normalized,UPDATE,HIGH
cd,cd_006,sb_006_00175,아토브,아토브,아토브,"atorvastatin calcium trihydrate  ( as atorvastatin),  ezetimibe",Statin/EZE,molecule,normalized,UPDATE,HIGH
cd,cd_006,sb_006_00176,리바젯,리바젯,리바젯,"atorvastatin calcium trihydrate  ( as atorvastatin),  ezetimibe",Statin/EZE,molecule,normalized,UPDATE,HIGH
cd,cd_006,sb_006_00178,아토르젯,아토르젯,아토르젯,"atorvastatin calcium trihydrate  ( as atorvastatin),  ezetimibe",Statin/EZE,molecule,normalized,UPDATE,HIGH
cd,cd_006,sb_006_00180,아리토린,아리토린,아리토린,"atorvastatin calcium trihydrate  ( as atorvastatin),  ezetimibe",Statin/EZE,molecule,normalized,UPDATE,HIGH
cd,cd_006,sb_006_00183,아토에젯,아토에젯,아토에젯,"atorvastatin calcium trihydrate  ( as atorvastatin),  ezetimibe",Statin/EZE,molecule,normalized,UPDATE,HIGH
cd,cd_006,sb_006_00185,한토젯,한토젯,한토젯,"atorvastatin calcium trihydrate  ( as atorvastatin),  ezetimibe",Statin/EZE,molecule,normalized,UPDATE,HIGH
cd,cd_006,sb_006_00187,아토 제이,아토제이,아토제이,"atorvastatin calcium trihydrate  ( as atorvastatin),  ezetimibe",Statin/EZE,molecule,normalized,UPDATE,HIGH
cd,cd_006,sb_006_00189,아트로드 플러스,아트로드플러스,아트로드플러스,"atorvastatin calcium trihydrate  ( as atorvastatin),  ezetimibe",Statin/EZE,molecule,normalized,UPDATE,HIGH
cd,cd_006,sb_006_00191,콤비젯,콤비젯,콤비젯,"atorvastatin calcium trihydrate  ( as atorvastatin),  ezetimibe",Statin/EZE,molecule,normalized,UPDATE,HIGH
cd,cd_006,sb_006_00194,에제토젯,에제토젯,에제토젯,"atorvastatin calcium trihydrate  ( as atorvastatin),  ezetimibe",Statin/EZE,molecule,normalized,UPDATE,HIGH
cd,cd_006,sb_006_00195,에토르,에토르,에토르,"atorvastatin calcium trihydrate  ( as atorvastatin),  ezetimibe",Statin/EZE,molecule,normalized,UPDATE,HIGH
cd,cd_006,sb_006_00197,아토티브,아토티브,아토티브,"atorvastatin calcium trihydrate  ( as atorvastatin),  ezetimibe",Statin/EZE,molecule,normalized,UPDATE,HIGH
cd,cd_006,sb_006_00200,토스젯,토스젯,토스젯,"atorvastatin calcium trihydrate  ( as atorvastatin),  ezetimibe",Statin/EZE,molecule,normalized,UPDATE,HIGH
cd,cd_006,sb_006_00202,아토메가,아토메가,아토메가,"atorvastatin calcium trihydrate  ( as atorvastatin),  omega-3-acids ethyl esters90",제외,molecule,normalized,UPDATE,HIGH
cd,cd_006,sb_006_00203,뉴토메가,뉴토메가,뉴토메가,"atorvastatin calcium trihydrate  ( as atorvastatin),  omega-3-acids ethyl esters90",제외,molecule,normalized,UPDATE,HIGH
cd,cd_006,sb_006_00205,알리페브,알리페브,알리페브,"ezetimibe,  fenofibrate",제외,molecule,normalized,UPDATE,HIGH
cd,cd_006,sb_006_00206,페노제티브,페노제티브,페노제티브,"ezetimibe,  fenofibrate",제외,molecule,normalized,UPDATE,HIGH
cd,cd_006,sb_006_00207,에제페노,에제페노,에제페노,"ezetimibe,  fenofibrate",제외,molecule,normalized,UPDATE,HIGH
cd,cd_006,sb_006_00208,에제슈프라,에제슈프라,에제슈프라,"ezetimibe,  fenofibrate",제외,molecule,normalized,UPDATE,HIGH
cd,cd_006,sb_006_00209,타바로젯,타바로젯,타바로젯,"ezetimibe,  pitavastatin calcium hydrate  ( as pitavastatin calcium)",Statin/EZE,molecule,normalized,UPDATE,HIGH
cd,cd_006,sb_006_00211,피제트,피제트,피제트,"ezetimibe,  pitavastatin calcium hydrate  ( as pitavastatin calcium)",Statin/EZE,molecule,normalized,UPDATE,HIGH
cd,cd_006,sb_006_00213,엘제로젯,엘제로젯,엘제로젯,"ezetimibe,  pitavastatin calcium hydrate  ( as pitavastatin calcium)",Statin/EZE,molecule,normalized,UPDATE,HIGH
cd,cd_006,sb_006_00215,페바로젯,페바로젯,페바로젯,"ezetimibe,  pitavastatin calcium hydrate  ( as pitavastatin calcium)",Statin/EZE,molecule,normalized,UPDATE,HIGH
cd,cd_006,sb_006_00217,스타젯,스타젯,스타젯,"ezetimibe,  pitavastatin calcium hydrate  ( as pitavastatin calcium)",Statin/EZE,molecule,normalized,UPDATE,HIGH
cd,cd_006,sb_006_00221,듀오로반,듀오로반,듀오로반,"ezetimibe,  rosuvastatin calcium  ( as rosuvastatin)",Statin/EZE,molecule,normalized,UPDATE,HIGH
cd,cd_006,sb_006_00224,로수에지,로수에지,로수에지,"ezetimibe,  rosuvastatin calcium  ( as rosuvastatin)",Statin/EZE,molecule,normalized,UPDATE,HIGH
cd,cd_006,sb_006_00227,로제 케이,로제케이,로제케이,"ezetimibe,  rosuvastatin calcium  ( as rosuvastatin)",Statin/EZE,molecule,normalized,UPDATE,HIGH
cd,cd_006,sb_006_00229,에제로바,에제로바,에제로바,"ezetimibe,  rosuvastatin calcium  ( as rosuvastatin)",Statin/EZE,molecule,normalized,UPDATE,HIGH
cd,cd_006,sb_006_00232,다비듀오,다비듀오,다비듀오,"ezetimibe,  rosuvastatin calcium  ( as rosuvastatin)",Statin/EZE,molecule,normalized,UPDATE,HIGH
cd,cd_006,sb_006_00236,로바듀엣,로바듀엣,로바듀엣,"ezetimibe,  rosuvastatin calcium  ( as rosuvastatin)",Statin/EZE,molecule,normalized,UPDATE,HIGH
cd,cd_006,sb_006_00238,로에제,로에제,로에제,"ezetimibe,  rosuvastatin calcium  ( as rosuvastatin)",Statin/EZE,molecule,normalized,UPDATE,HIGH
cd,cd_006,sb_006_00241,크레젯,크레젯,크레젯,"ezetimibe,  rosuvastatin calcium  ( as rosuvastatin)",Statin/EZE,molecule,normalized,UPDATE,HIGH
cd,cd_006,sb_006_00245,크로우젯,크로우젯,크로우젯,"ezetimibe,  rosuvastatin calcium  ( as rosuvastatin)",Statin/EZE,molecule,normalized,UPDATE,HIGH
cd,cd_006,sb_006_00248,탑스타틴 에프,탑스타틴에프,탑스타틴에프,"ezetimibe,  rosuvastatin calcium  ( as rosuvastatin)",Statin/EZE,molecule,normalized,UPDATE,HIGH
cd,cd_006,sb_006_00251,알제트,알제트,알제트,"ezetimibe,  rosuvastatin calcium  ( as rosuvastatin)",Statin/EZE,molecule,normalized,UPDATE,HIGH
cd,cd_006,sb_006_00254,로바 이지,로바이지,로바이지,"ezetimibe,  rosuvastatin calcium  ( as rosuvastatin)",Statin/EZE,molecule,normalized,UPDATE,HIGH
cd,cd_006,sb_006_00256,로수탄젯,로수탄젯,로수탄젯,"ezetimibe,  rosuvastatin calcium  ( as rosuvastatin)",Statin/EZE,molecule,normalized,UPDATE,HIGH
cd,cd_006,sb_006_00259,로우로제,로우로제,로우로제,"ezetimibe,  rosuvastatin calcium  ( as rosuvastatin)",Statin/EZE,molecule,normalized,UPDATE,HIGH
cd,cd_006,sb_006_00260,듀오논,듀오논,듀오논,"ezetimibe,  rosuvastatin calcium  ( as rosuvastatin)",Statin/EZE,molecule,normalized,UPDATE,HIGH
cd,cd_006,sb_006_00263,로티브,로티브,로티브,"ezetimibe,  rosuvastatin calcium  ( as rosuvastatin)",Statin/EZE,molecule,normalized,UPDATE,HIGH
cd,cd_006,sb_006_00266,로수엠젯,로수엠젯,로수엠젯,"ezetimibe,  rosuvastatin calcium  ( as rosuvastatin)",Statin/EZE,molecule,normalized,UPDATE,HIGH
cd,cd_006,sb_006_00270,로수에제,로수에제,로수에제,"ezetimibe,  rosuvastatin calcium  ( as rosuvastatin)",Statin/EZE,molecule,normalized,UPDATE,HIGH
cd,cd_006,sb_006_00273,로젯,로젯,로젯,"ezetimibe,  rosuvastatin calcium  ( as rosuvastatin)",Statin/EZE,molecule,normalized,UPDATE,HIGH
cd,cd_006,sb_006_00277,이지산트,이지산트,이지산트,"ezetimibe,  rosuvastatin calcium  ( as rosuvastatin)",Statin/EZE,molecule,normalized,UPDATE,HIGH
cd,cd_006,sb_006_00281,뉴스타젯 알,뉴스타젯알,뉴스타젯알,"ezetimibe,  rosuvastatin calcium  ( as rosuvastatin)",Statin/EZE,molecule,normalized,UPDATE,HIGH
cd,cd_006,sb_006_00284,로제로우,로제로우,로제로우,"ezetimibe,  rosuvastatin calcium  ( as rosuvastatin)",Statin/EZE,molecule,normalized,UPDATE,HIGH
cd,cd_006,sb_006_00287,로타젯,로타젯,로타젯,"ezetimibe,  rosuvastatin calcium  ( as rosuvastatin)",Statin/EZE,molecule,normalized,UPDATE,HIGH
cd,cd_006,sb_006_00289,에제로수,에제로수,에제로수,"ezetimibe,  rosuvastatin calcium  ( as rosuvastatin)",Statin/EZE,molecule,normalized,UPDATE,HIGH
cd,cd_006,sb_006_00293,로티젯,로티젯,로티젯,"ezetimibe,  rosuvastatin calcium  ( as rosuvastatin)",Statin/EZE,molecule,normalized,UPDATE,HIGH
cd,cd_006,sb_006_00296,크레트롤,크레트롤,크레트롤,"ezetimibe,  rosuvastatin calcium  ( as rosuvastatin)",Statin/EZE,molecule,normalized,UPDATE,HIGH
cd,cd_006,sb_006_00299,슈바젯,슈바젯,슈바젯,"ezetimibe,  rosuvastatin calcium  ( as rosuvastatin)",Statin/EZE,molecule,normalized,UPDATE,HIGH
cd,cd_006,sb_006_00302,크레스젯,크레스젯,크레스젯,"ezetimibe,  rosuvastatin calcium  ( as rosuvastatin)",Statin/EZE,molecule,normalized,UPDATE,HIGH
cd,cd_006,sb_006_00303,로제티브,로제티브,로제티브,"ezetimibe,  rosuvastatin calcium  ( as rosuvastatin)",Statin/EZE,molecule,normalized,UPDATE,HIGH
cd,cd_006,sb_006_00306,립스타 플러스,립스타플러스,립스타플러스,"ezetimibe,  rosuvastatin calcium  ( as rosuvastatin)",Statin/EZE,molecule,normalized,UPDATE,HIGH
cd,cd_006,sb_006_00309,로수 듀오,로수듀오,로수듀오,"ezetimibe,  rosuvastatin calcium  ( as rosuvastatin)",Statin/EZE,molecule,normalized,UPDATE,HIGH
cd,cd_006,sb_006_00312,로바젯,로바젯,로바젯,"ezetimibe,  rosuvastatin calcium  ( as rosuvastatin)",Statin/EZE,molecule,normalized,UPDATE,HIGH
cd,cd_006,sb_006_00316,로젯탐,로젯탐,로젯탐,"ezetimibe,  rosuvastatin calcium  ( as rosuvastatin)",Statin/EZE,molecule,normalized,UPDATE,HIGH
cd,cd_006,sb_006_00319,크레아진 플러스,크레아진플러스,크레아진플러스,"ezetimibe,  rosuvastatin calcium  ( as rosuvastatin)",Statin/EZE,molecule,normalized,UPDATE,HIGH
cd,cd_006,sb_006_00322,유로바젯,유로바젯,유로바젯,"ezetimibe,  rosuvastatin calcium  ( as rosuvastatin)",Statin/EZE,molecule,normalized,UPDATE,HIGH
cd,cd_006,sb_006_00325,로수바미브,로수바미브,로수바미브,"ezetimibe,  rosuvastatin calcium  ( as rosuvastatin)",Statin/EZE,molecule,normalized,UPDATE,HIGH
cd,cd_006,sb_006_00329,크레바젯,크레바젯,크레바젯,"ezetimibe,  rosuvastatin calcium  ( as rosuvastatin)",Statin/EZE,molecule,normalized,UPDATE,HIGH
cd,cd_006,sb_006_00331,드롭탑,드롭탑,드롭탑,"ezetimibe,  rosuvastatin calcium  ( as rosuvastatin)",Statin/EZE,molecule,normalized,UPDATE,HIGH
cd,cd_006,sb_006_00334,로제듀오,로제듀오,로제듀오,"ezetimibe,  rosuvastatin calcium  ( as rosuvastatin)",Statin/EZE,molecule,normalized,UPDATE,HIGH
cd,cd_006,sb_006_00338,로수브젯,로수브젯,로수브젯,"ezetimibe,  rosuvastatin calcium  ( as rosuvastatin)",Statin/EZE,molecule,normalized,UPDATE,HIGH
cd,cd_006,sb_006_00341,로미젯,로미젯,로미젯,"ezetimibe,  rosuvastatin calcium  ( as rosuvastatin)",Statin/EZE,molecule,normalized,UPDATE,HIGH
cd,cd_006,sb_006_00344,크바젯,크바젯,크바젯,"ezetimibe,  rosuvastatin calcium  ( as rosuvastatin)",Statin/EZE,molecule,normalized,UPDATE,HIGH
cd,cd_006,sb_006_00347,로스토린,로스토린,로스토린,"ezetimibe,  rosuvastatin calcium  ( as rosuvastatin)",Statin/EZE,molecule,normalized,UPDATE,HIGH
cd,cd_006,sb_006_00350,로수에젯,로수에젯,로수에젯,"ezetimibe,  rosuvastatin calcium  ( as rosuvastatin)",Statin/EZE,molecule,normalized,UPDATE,HIGH
cd,cd_006,sb_006_00353,메가로젯,메가로젯,메가로젯,"ezetimibe,  rosuvastatin calcium  ( as rosuvastatin)",Statin/EZE,molecule,normalized,UPDATE,HIGH
cd,cd_006,sb_006_00356,크레더블,크레더블,크레더블,"ezetimibe,  rosuvastatin calcium  ( as rosuvastatin)",Statin/EZE,molecule,normalized,UPDATE,HIGH
cd,cd_006,sb_006_00360,로수젯,로수젯,로수젯,"ezetimibe,  rosuvastatin calcium  ( as rosuvastatin)",Statin/EZE,molecule,normalized,UPDATE,HIGH
cd,cd_006,sb_006_00364,로티미브,로티미브,로티미브,"ezetimibe,  rosuvastatin calcium  ( as rosuvastatin)",Statin/EZE,molecule,normalized,UPDATE,HIGH
cd,cd_006,sb_006_00367,콤비로제,콤비로제,콤비로제,"ezetimibe,  rosuvastatin calcium  ( as rosuvastatin)",Statin/EZE,molecule,normalized,UPDATE,HIGH
cd,cd_006,sb_006_00370,에슈바,에슈바,에슈바,"ezetimibe,  rosuvastatin calcium  ( as rosuvastatin)",Statin/EZE,molecule,normalized,UPDATE,HIGH
cd,cd_006,sb_006_00373,크레스티브,크레스티브,크레스티브,"ezetimibe,  rosuvastatin calcium  ( as rosuvastatin)",Statin/EZE,molecule,normalized,UPDATE,HIGH
cd,cd_006,sb_006_00377,베아토린,베아토린,베아토린,"ezetimibe,  simvastatin",Statin/EZE,molecule,normalized,UPDATE,HIGH
cd,cd_006,sb_006_00379,아이토린,아이토린,아이토린,"ezetimibe,  simvastatin",Statin/EZE,molecule,normalized,UPDATE,HIGH
cd,cd_006,sb_006_00381,엔피토린,엔피토린,엔피토린,"ezetimibe,  simvastatin",Statin/EZE,molecule,normalized,UPDATE,HIGH
cd,cd_006,sb_006_00383,바이테롤,바이테롤,바이테롤,"ezetimibe,  simvastatin",Statin/EZE,molecule,normalized,UPDATE,HIGH
cd,cd_006,sb_006_00385,이지심바,이지심바,이지심바,"ezetimibe,  simvastatin",Statin/EZE,molecule,normalized,UPDATE,HIGH
cd,cd_006,sb_006_00387,바이시브,바이시브,바이시브,"ezetimibe,  simvastatin",Statin/EZE,molecule,normalized,UPDATE,HIGH
cd,cd_006,sb_006_00389,듀오토린,듀오토린,듀오토린,"ezetimibe,  simvastatin",Statin/EZE,molecule,normalized,UPDATE,HIGH
cd,cd_006,sb_006_00391,에제심바,에제심바,에제심바,"ezetimibe,  simvastatin",Statin/EZE,molecule,normalized,UPDATE,HIGH
cd,cd_006,sb_006_00393,씨트토린,씨트토린,씨트토린,"ezetimibe,  simvastatin",Statin/EZE,molecule,normalized,UPDATE,HIGH
cd,cd_006,sb_006_00395,바이토린,바이토린,바이토린,"ezetimibe,  simvastatin",Statin/EZE,molecule,normalized,UPDATE,HIGH
cd,cd_006,sb_006_00398,심펙스 듀오,심펙스듀오,심펙스듀오,"ezetimibe,  simvastatin",Statin/EZE,molecule,normalized,UPDATE,HIGH
cd,cd_006,sb_006_00400,바이제타,바이제타,바이제타,"ezetimibe,  simvastatin",Statin/EZE,molecule,normalized,UPDATE,HIGH
cd,cd_006,sb_006_00402,바스타에,바스타에,바스타에,"ezetimibe,  simvastatin",Statin/EZE,molecule,normalized,UPDATE,HIGH
cd,cd_006,sb_006_00404,에제스타,에제스타,에제스타,"ezetimibe,  simvastatin",Statin/EZE,molecule,normalized,UPDATE,HIGH
cd,cd_006,sb_006_00406,바이테브,바이테브,바이테브,"ezetimibe,  simvastatin",Statin/EZE,molecule,normalized,UPDATE,HIGH
cd,cd_006,sb_006_00408,바이스타,바이스타,바이스타,"ezetimibe,  simvastatin",Statin/EZE,molecule,normalized,UPDATE,HIGH
cd,cd_006,sb_006_00410,임펙트윈,임펙트윈,임펙트윈,"ezetimibe,  simvastatin",Statin/EZE,molecule,normalized,UPDATE,HIGH
cd,cd_006,sb_006_00412,바이스틴,바이스틴,바이스틴,"ezetimibe,  simvastatin",Statin/EZE,molecule,normalized,UPDATE,HIGH
cd,cd_006,sb_006_00413,이지토린,이지토린,이지토린,"ezetimibe,  simvastatin",Statin/EZE,molecule,normalized,UPDATE,HIGH
cd,cd_006,sb_006_00415,심바티브,심바티브,심바티브,"ezetimibe,  simvastatin",Statin/EZE,molecule,normalized,UPDATE,HIGH
cd,cd_006,sb_006_00417,업타바,업타바,업타바,"fenofibrate granule,  pitavastatin calcium",제외,molecule,normalized,UPDATE,HIGH
cd,cd_006,sb_006_00418,피에프,피에프,피에프,"fenofibrate granule,  pitavastatin calcium",제외,molecule,normalized,UPDATE,HIGH
cd,cd_006,sb_006_00419,피타론 에프,피타론에프,피타론에프,"fenofibrate granule,  pitavastatin calcium",제외,molecule,normalized,UPDATE,HIGH
cd,cd_006,sb_006_00420,피타뉴펜,피타뉴펜,피타뉴펜,"fenofibrate granule,  pitavastatin calcium",제외,molecule,normalized,UPDATE,HIGH
cd,cd_006,sb_006_00421,리바펜,리바펜,리바펜,"fenofibrate granule,  pitavastatin calcium",제외,molecule,normalized,UPDATE,HIGH
cd,cd_006,sb_006_00422,뉴스타틴 듀오,뉴스타틴듀오,뉴스타틴듀오,"fenofibrate granule,  pitavastatin calcium",제외,molecule,normalized,UPDATE,HIGH
cd,cd_006,sb_006_00423,셀타펜,셀타펜,셀타펜,"fenofibrate granule,  pitavastatin calcium",제외,molecule,normalized,UPDATE,HIGH
cd,cd_006,sb_006_00424,스타페노,스타페노,스타페노,"fenofibrate granule,  pitavastatin calcium",제외,molecule,normalized,UPDATE,HIGH
cd,cd_006,sb_006_00425,페바로 에프,페바로에프,페바로에프,"fenofibrate granule,  pitavastatin calcium",제외,molecule,normalized,UPDATE,HIGH
cd,cd_006,sb_006_00426,타스페노,타스페노,타스페노,"fenofibrate granule,  pitavastatin calcium",제외,molecule,normalized,UPDATE,HIGH
cd,cd_006,sb_006_00427,피바펜,피바펜,피바펜,"fenofibrate granule,  pitavastatin calcium",제외,molecule,normalized,UPDATE,HIGH
cd,cd_006,sb_006_00428,리로우펜,리로우펜,리로우펜,"fenofibrate granule,  pitavastatin calcium",제외,molecule,normalized,UPDATE,HIGH
cd,cd_006,sb_006_00429,리페스틴,리페스틴,리페스틴,"fenofibrate granule,  pitavastatin calcium",제외,molecule,normalized,UPDATE,HIGH
cd,cd_006,sb_006_00430,스타펜,스타펜,스타펜,"fenofibrate granule,  pitavastatin calcium",제외,molecule,normalized,UPDATE,HIGH
cd,cd_006,sb_006_00431,리바페논,리바페논,리바페논,"fenofibrate granule,  pitavastatin calcium",제외,molecule,normalized,UPDATE,HIGH
cd,cd_006,sb_006_00432,프라바페닉스,프라바페닉스,프라바페닉스,"fenofibrate,  pravastatin sodium",제외,molecule,normalized,UPDATE,HIGH
cd,cd_006,sb_006_00433,피타릭,피타릭,피타릭,"fenofibric acid,  pitavastatin calcium hydrate  ( as pitavastatin calcium)",제외,molecule,normalized,UPDATE,HIGH
cd,cd_006,sb_006_00434,리바로페노,리바로페노,리바로페노,"fenofibric acid,  pitavastatin calcium hydrate  ( as pitavastatin calcium)",제외,molecule,normalized,UPDATE,HIGH
cd,cd_006,sb_006_00435,피타스론,피타스론,피타스론,"micronized fenofibrate,  pitavastatin calcium",제외,molecule,normalized,UPDATE,HIGH
cd,cd_006,sb_006_00436,바로페노,바로페노,바로페노,"micronized fenofibrate,  pitavastatin calcium",제외,molecule,normalized,UPDATE,HIGH
cd,cd_006,sb_006_00437,피타렛,피타렛,피타렛,"micronized fenofibrate,  pitavastatin calcium",제외,molecule,normalized,UPDATE,HIGH
cd,cd_006,sb_006_00438,피타에프,피타에프,피타에프,"micronized fenofibrate,  pitavastatin calcium",제외,molecule,normalized,UPDATE,HIGH
cd,cd_006,sb_006_00439,페타바,페타바,페타바,"micronized fenofibrate,  pitavastatin calcium",제외,molecule,normalized,UPDATE,HIGH
cd,cd_006,sb_006_00440,제피노,제피노,제피노,"micronized fenofibrate,  pitavastatin calcium",제외,molecule,normalized,UPDATE,HIGH
cd,cd_006,sb_006_00441,피타로우 에프,피타로우에프,피타로우에프,"micronized fenofibrate,  pitavastatin calcium",제외,molecule,normalized,UPDATE,HIGH
cd,cd_006,sb_006_00442,리파틴 듀오,리파틴듀오,리파틴듀오,"micronized fenofibrate,  pitavastatin calcium",제외,molecule,normalized,UPDATE,HIGH
cd,cd_006,sb_006_00443,로메가,로메가,로메가,"omega-3-acids ethyl esters90,  rosuvastatin calcium",제외,molecule,normalized,UPDATE,HIGH
cd,cd_006,sb_006_00444,로수메가,로수메가,로수메가,"omega-3-acids ethyl esters90,  rosuvastatin calcium",제외,molecule,normalized,UPDATE,HIGH
cd,cd_006,sb_006_00445,메가로반,메가로반,메가로반,"omega-3-acids ethyl esters90,  rosuvastatin calcium",제외,molecule,normalized,UPDATE,HIGH
cd,cd_006,sb_006_00446,크라티지,크라티지,크라티지,"omega-3-acids ethyl esters90,  rosuvastatin calcium",제외,molecule,normalized,UPDATE,HIGH
cd,cd_006,sb_006_00447,토탈산트,토탈산트,토탈산트,"omega-3-acids ethyl esters90,  rosuvastatin calcium",제외,molecule,normalized,UPDATE,HIGH
cd,cd_006,sb_006_00448,메가 엠 듀얼,메가엠듀얼,메가엠듀얼,"omega-3-acids ethyl esters90,  rosuvastatin calcium",제외,molecule,normalized,UPDATE,HIGH
cd,cd_006,sb_006_00449,크레메가,크레메가,크레메가,"omega-3-acids ethyl esters90,  rosuvastatin calcium",제외,molecule,normalized,UPDATE,HIGH
cd,cd_006,sb_006_00450,로수맥 콤비젤,로수맥콤비젤,로수맥콤비젤,"omega-3-acids ethyl esters90,  rosuvastatin calcium | omega-3-acids ethyl esters90,  rosuvastatin calcium  ( as rosuvastatin)",제외,molecule,normalized,UPDATE,HIGH
cd,cd_006,sb_006_00451,뉴마코 알,뉴마코알,뉴마코알,"omega-3-acids ethyl esters90,  rosuvastatin calcium",제외,molecule,normalized,UPDATE,HIGH
cd,cd_006,sb_006_00452,로제코,로제코,로제코,"omega-3-acids ethyl esters90,  rosuvastatin calcium",제외,molecule,normalized,UPDATE,HIGH
cd,cd_006,sb_006_00453,오메가원 플러스,오메가원플러스,오메가원플러스,"omega-3-acids ethyl esters90,  rosuvastatin calcium",제외,molecule,normalized,UPDATE,HIGH
cd,cd_006,sb_006_00454,로수바코,로수바코,로수바코,"omega-3-acids ethyl esters90,  rosuvastatin calcium",제외,molecule,normalized,UPDATE,HIGH
cd,cd_006,sb_006_00455,로수코마,로수코마,로수코마,"omega-3-acids ethyl esters90,  rosuvastatin calcium",제외,molecule,normalized,UPDATE,HIGH
cd,cd_006,sb_006_00457,아토건,아토건,아토건,atorvastatin calcium,Statin,molecule,normalized,UPDATE,HIGH
cd,cd_006,sb_006_00459,에이피토,에이피토,에이피토,atorvastatin calcium,Statin,molecule,normalized,UPDATE,HIGH
cd,cd_006,sb_006_00461,아트로반,아트로반,아트로반,atorvastatin calcium,Statin,molecule,normalized,UPDATE,HIGH
cd,cd_006,sb_006_00463,리포메트,리포메트,리포메트,atorvastatin calcium,Statin,molecule,normalized,UPDATE,HIGH
cd,cd_006,sb_006_00465,광동 아토르바스타틴,광동아토르바스타틴,광동아토르바스타틴,atorvastatin calcium,Statin,molecule,normalized,UPDATE,HIGH
cd,cd_006,sb_006_00467,아토릭스,아토릭스,아토릭스,atorvastatin calcium,Statin,molecule,normalized,UPDATE,HIGH
cd,cd_006,sb_006_00469,아페코,아페코,아페코,atorvastatin calcium,Statin,molecule,normalized,UPDATE,HIGH
cd,cd_006,sb_006_00471,아피토,아피토,아피토,atorvastatin calcium,Statin,molecule,normalized,UPDATE,HIGH
cd,cd_006,sb_006_00474,써미토,써미토,써미토,atorvastatin calcium,Statin,molecule,normalized,UPDATE,HIGH
cd,cd_006,sb_006_00475,네오아토,네오아토,네오아토,atorvastatin calcium,Statin,molecule,normalized,UPDATE,HIGH
cd,cd_006,sb_006_00477,리토아틴,리토아틴,리토아틴,atorvastatin calcium,Statin,molecule,normalized,UPDATE,HIGH
cd,cd_006,sb_006_00479,리피테롤,리피테롤,리피테롤,atorvastatin calcium,Statin,molecule,normalized,UPDATE,HIGH
cd,cd_006,sb_006_00481,대웅바이오 아토르바스타틴,대웅바이오아토르바스타틴,대웅바이오아토르바스타틴,atorvastatin calcium,Statin,molecule,normalized,UPDATE,HIGH
cd,cd_006,sb_006_00485,스피틴,스피틴,스피틴,atorvastatin calcium,Statin,molecule,normalized,UPDATE,HIGH
cd,cd_006,sb_006_00488,리토르,리토르,리토르,atorvastatin calcium,Statin,molecule,normalized,UPDATE,HIGH
cd,cd_006,sb_006_00490,리피원,리피원,리피원,atorvastatin calcium,Statin,molecule,normalized,UPDATE,HIGH
cd,cd_006,sb_006_00492,뉴토르,뉴토르,뉴토르,atorvastatin calcium,Statin,molecule,normalized,UPDATE,HIGH
cd,cd_006,sb_006_00494,리피롤,리피롤,리피롤,atorvastatin calcium,Statin,molecule,normalized,UPDATE,HIGH
cd,cd_006,sb_006_00496,아토스탄,아토스탄,아토스탄,atorvastatin calcium,Statin,molecule,normalized,UPDATE,HIGH
cd,cd_006,sb_006_00498,아토반,아토반,아토반,atorvastatin calcium,Statin,molecule,normalized,UPDATE,HIGH
cd,cd_006,sb_006_00500,아바스타,아바스타,아바스타,atorvastatin calcium,Statin,molecule,normalized,UPDATE,HIGH
cd,cd_006,sb_006_00501,리피논,리피논,리피논,atorvastatin calcium,Statin,molecule,normalized,UPDATE,HIGH
cd,cd_006,sb_006_00505,아토스타,아토스타,아토스타,atorvastatin calcium,Statin,molecule,normalized,UPDATE,HIGH
cd,cd_006,sb_006_00508,뉴피토,뉴피토,뉴피토,atorvastatin calcium,Statin,molecule,normalized,UPDATE,HIGH
cd,cd_006,sb_006_00510,아토틴엠,아토틴엠,아토틴엠,atorvastatin calcium,Statin,molecule,normalized,UPDATE,HIGH
cd,cd_006,sb_006_00512,아토테롤,아토테롤,아토테롤,atorvastatin calcium,Statin,molecule,normalized,UPDATE,HIGH
cd,cd_006,sb_006_00514,명문 아토르바스타틴,명문아토르바스타틴,명문아토르바스타틴,atorvastatin calcium,Statin,molecule,normalized,UPDATE,HIGH
cd,cd_006,sb_006_00516,레토바,레토바,레토바,atorvastatin calcium,Statin,molecule,normalized,UPDATE,HIGH
cd,cd_006,sb_006_00518,바이피토,바이피토,바이피토,atorvastatin calcium,Statin,molecule,normalized,UPDATE,HIGH
cd,cd_006,sb_006_00520,리피산트,리피산트,리피산트,atorvastatin calcium,Statin,molecule,normalized,UPDATE,HIGH
cd,cd_006,sb_006_00522,리피아토,리피아토,리피아토,atorvastatin calcium,Statin,molecule,normalized,UPDATE,HIGH
cd,cd_006,sb_006_00524,리피스틴,리피스틴,리피스틴,atorvastatin calcium,Statin,molecule,normalized,UPDATE,HIGH
cd,cd_006,sb_006_00526,비보존 아토르바스타틴,비보존아토르바스타틴,비보존아토르바스타틴,atorvastatin calcium,Statin,molecule,normalized,UPDATE,HIGH
cd,cd_006,sb_006_00528,비씨 아토르바스타틴,비씨아토르바스타틴,비씨아토르바스타틴,atorvastatin calcium,Statin,molecule,normalized,UPDATE,HIGH
cd,cd_006,sb_006_00530,리피토,리피토,리피토,atorvastatin calcium,Statin,molecule,normalized,UPDATE,HIGH
cd,cd_006,sb_006_00534,아토로틴,아토로틴,아토로틴,atorvastatin calcium,Statin,molecule,normalized,UPDATE,HIGH
cd,cd_006,sb_006_00535,바로스타틴,바로스타틴,바로스타틴,atorvastatin calcium,Statin,molecule,normalized,UPDATE,HIGH
cd,cd_006,sb_006_00537,뉴스타틴-에이,뉴스타틴-에이,뉴스타틴-에이,atorvastatin calcium,Statin,molecule,normalized,UPDATE,HIGH
cd,cd_006,sb_006_00540,아토로우,아토로우,아토로우,atorvastatin calcium,Statin,molecule,normalized,UPDATE,HIGH
cd,cd_006,sb_006_00542,아토잘,아토잘,아토잘,atorvastatin calcium,Statin,molecule,normalized,UPDATE,HIGH
cd,cd_006,sb_006_00544,아토르,아토르,아토르,atorvastatin calcium,Statin,molecule,normalized,UPDATE,HIGH
cd,cd_006,sb_006_00546,알토바,알토바,알토바,atorvastatin calcium,Statin,molecule,normalized,UPDATE,HIGH
cd,cd_006,sb_006_00547,리피톨,리피톨,리피톨,atorvastatin calcium,Statin,molecule,normalized,UPDATE,HIGH
cd,cd_006,sb_006_00548,아스타틴,아스타틴,아스타틴,atorvastatin calcium,Statin,molecule,normalized,UPDATE,HIGH
cd,cd_006,sb_006_00550,토바스틴,토바스틴,토바스틴,atorvastatin calcium,Statin,molecule,normalized,UPDATE,HIGH
cd,cd_006,sb_006_00552,아르테크,아르테크,아르테크,atorvastatin calcium,Statin,molecule,normalized,UPDATE,HIGH
cd,cd_006,sb_006_00554,리피칸,리피칸,리피칸,atorvastatin calcium,Statin,molecule,normalized,UPDATE,HIGH
cd,cd_006,sb_006_00557,리피탑,리피탑,리피탑,atorvastatin calcium,Statin,molecule,normalized,UPDATE,HIGH
cd,cd_006,sb_006_00558,바토르,바토르,바토르,atorvastatin calcium,Statin,molecule,normalized,UPDATE,HIGH
cd,cd_006,sb_006_00560,아로토,아로토,아로토,atorvastatin calcium,Statin,molecule,normalized,UPDATE,HIGH
cd,cd_006,sb_006_00562,아로틴,아로틴,아로틴,atorvastatin calcium,Statin,molecule,normalized,UPDATE,HIGH
cd,cd_006,sb_006_00564,아이타틴,아이타틴,아이타틴,atorvastatin calcium,Statin,molecule,normalized,UPDATE,HIGH
cd,cd_006,sb_006_00565,리피큐어,리피큐어,리피큐어,atorvastatin calcium,Statin,molecule,normalized,UPDATE,HIGH
cd,cd_006,sb_006_00566,올피트,올피트,올피트,atorvastatin calcium,Statin,molecule,normalized,UPDATE,HIGH
cd,cd_006,sb_006_00568,뉴 아토르타,뉴아토르타,뉴아토르타,atorvastatin calcium,Statin,molecule,normalized,UPDATE,HIGH
cd,cd_006,sb_006_00570,리포액틴,리포액틴,리포액틴,atorvastatin calcium,Statin,molecule,normalized,UPDATE,HIGH
cd,cd_006,sb_006_00573,아르바,아르바,아르바,atorvastatin calcium,Statin,molecule,normalized,UPDATE,HIGH
cd,cd_006,sb_006_00576,엘디로,엘디로,엘디로,atorvastatin calcium,Statin,molecule,normalized,UPDATE,HIGH
cd,cd_006,sb_006_00578,알피 바스타틴,알피바스타틴,알피바스타틴,atorvastatin calcium,Statin,molecule,normalized,UPDATE,HIGH
cd,cd_006,sb_006_00580,라도바,라도바,라도바,atorvastatin calcium,Statin,molecule,normalized,UPDATE,HIGH
cd,cd_006,sb_006_00583,라토바,라토바,라토바,atorvastatin calcium,Statin,molecule,normalized,UPDATE,HIGH
cd,cd_006,sb_006_00585,리피크린,리피크린,리피크린,atorvastatin calcium,Statin,molecule,normalized,UPDATE,HIGH
cd,cd_006,sb_006_00586,메가 아토바,메가아토바,메가아토바,atorvastatin calcium,Statin,molecule,normalized,UPDATE,HIGH
cd,cd_006,sb_006_00587,아로반,아로반,아로반,atorvastatin calcium,Statin,molecule,normalized,UPDATE,HIGH
cd,cd_006,sb_006_00589,아토바진,아토바진,아토바진,atorvastatin calcium,Statin,molecule,normalized,UPDATE,HIGH
cd,cd_006,sb_006_00591,리피스타틴,리피스타틴,리피스타틴,atorvastatin calcium,Statin,molecule,normalized,UPDATE,HIGH
cd,cd_006,sb_006_00593,오코바스타,오코바스타,오코바스타,atorvastatin calcium,Statin,molecule,normalized,UPDATE,HIGH
cd,cd_006,sb_006_00594,아르틴,아르틴,아르틴,atorvastatin calcium,Statin,molecule,normalized,UPDATE,HIGH
cd,cd_006,sb_006_00596,아토린,아토린,아토린,atorvastatin calcium,Statin,molecule,normalized,UPDATE,HIGH
cd,cd_006,sb_006_00597,아토렌,아토렌,아토렌,atorvastatin calcium,Statin,molecule,normalized,UPDATE,HIGH
cd,cd_006,sb_006_00600,뉴펙스,뉴펙스,뉴펙스,atorvastatin calcium,Statin,molecule,normalized,UPDATE,HIGH
cd,cd_006,sb_006_00602,유니피토,유니피토,유니피토,atorvastatin calcium,Statin,molecule,normalized,UPDATE,HIGH
cd,cd_006,sb_006_00604,아토르반,아토르반,아토르반,atorvastatin calcium,Statin,molecule,normalized,UPDATE,HIGH
cd,cd_006,sb_006_00606,아토스틴,아토스틴,아토스틴,atorvastatin calcium,Statin,molecule,normalized,UPDATE,HIGH
cd,cd_006,sb_006_00608,아토르바,아토르바,아토르바,atorvastatin calcium,Statin,molecule,normalized,UPDATE,HIGH
cd,cd_006,sb_006_00611,리피엔,리피엔,리피엔,atorvastatin calcium,Statin,molecule,normalized,UPDATE,HIGH
cd,cd_006,sb_006_00613,바스타틴,바스타틴,바스타틴,atorvastatin calcium,Statin,molecule,normalized,UPDATE,HIGH
cd,cd_006,sb_006_00615,에이스틴,에이스틴,에이스틴,atorvastatin calcium,Statin,molecule,normalized,UPDATE,HIGH
cd,cd_006,sb_006_00617,아토바틴,아토바틴,아토바틴,atorvastatin calcium,Statin,molecule,normalized,UPDATE,HIGH
cd,cd_006,sb_006_00619,리피스톱,리피스톱,리피스톱,atorvastatin calcium,Statin,molecule,normalized,UPDATE,HIGH
cd,cd_006,sb_006_00622,아도르,아도르,아도르,atorvastatin calcium,Statin,molecule,normalized,UPDATE,HIGH
cd,cd_006,sb_006_00624,일양바이오 아토르바스타틴칼슘삼수화물,일양바이오아토르바스타틴칼슘삼수화물,일양바이오아토르바스타틴칼슘삼수화물,atorvastatin calcium,Statin,molecule,normalized,UPDATE,HIGH
cd,cd_006,sb_006_00626,일양 아토르바스타틴,일양아토르바스타틴,일양아토르바스타틴,atorvastatin calcium,Statin,molecule,normalized,UPDATE,HIGH
cd,cd_006,sb_006_00628,아토타틴,아토타틴,아토타틴,atorvastatin calcium,Statin,molecule,normalized,UPDATE,HIGH
cd,cd_006,sb_006_00630,리파르,리파르,리파르,atorvastatin calcium,Statin,molecule,normalized,UPDATE,HIGH
cd,cd_006,sb_006_00632,리피도,리피도,리피도,atorvastatin calcium,Statin,molecule,normalized,UPDATE,HIGH
cd,cd_006,sb_006_00634,아바큐,아바큐,아바큐,atorvastatin calcium,Statin,molecule,normalized,UPDATE,HIGH
cd,cd_006,sb_006_00635,리피로우,리피로우,리피로우,atorvastatin calcium | atorvastatin calcium trihydrate  ( as atorvastatin),Statin,molecule,normalized,UPDATE,HIGH
cd,cd_006,sb_006_00639,리피노,리피노,리피노,atorvastatin calcium,Statin,molecule,normalized,UPDATE,HIGH
cd,cd_006,sb_006_00641,아토란,아토란,아토란,atorvastatin calcium,Statin,molecule,normalized,UPDATE,HIGH
cd,cd_006,sb_006_00643,아드윈,아드윈,아드윈,atorvastatin calcium,Statin,molecule,normalized,UPDATE,HIGH
cd,cd_006,sb_006_00645,아토스포,아토스포,아토스포,atorvastatin calcium,Statin,molecule,normalized,UPDATE,HIGH
cd,cd_006,sb_006_00647,케이토바,케이토바,케이토바,atorvastatin calcium,Statin,molecule,normalized,UPDATE,HIGH
cd,cd_006,sb_006_00648,악토바,악토바,악토바,atorvastatin calcium,Statin,molecule,normalized,UPDATE,HIGH
cd,cd_006,sb_006_00650,글로스타,글로스타,글로스타,atorvastatin calcium,Statin,molecule,normalized,UPDATE,HIGH
cd,cd_006,sb_006_00652,아토센,아토센,아토센,atorvastatin calcium,Statin,molecule,normalized,UPDATE,HIGH
cd,cd_006,sb_006_00654,아토셀 에스,아토셀에스,아토셀에스,atorvastatin calcium,Statin,molecule,normalized,UPDATE,HIGH
cd,cd_006,sb_006_00655,아토바스,아토바스,아토바스,atorvastatin calcium,Statin,molecule,normalized,UPDATE,HIGH
cd,cd_006,sb_006_00656,아로스틴,아로스틴,아로스틴,atorvastatin calcium,Statin,molecule,normalized,UPDATE,HIGH
cd,cd_006,sb_006_00658,리바틴,리바틴,리바틴,atorvastatin calcium,Statin,molecule,normalized,UPDATE,HIGH
cd,cd_006,sb_006_00660,토르비스,토르비스,토르비스,atorvastatin calcium,Statin,molecule,normalized,UPDATE,HIGH
cd,cd_006,sb_006_00661,아톨바,아톨바,아톨바,atorvastatin calcium,Statin,molecule,normalized,UPDATE,HIGH
cd,cd_006,sb_006_00663,소피아,소피아,소피아,atorvastatin calcium,Statin,molecule,normalized,UPDATE,HIGH
cd,cd_006,sb_006_00664,아리토,아리토,아리토,atorvastatin calcium,Statin,molecule,normalized,UPDATE,HIGH
cd,cd_006,sb_006_00666,리피트롤,리피트롤,리피트롤,atorvastatin calcium,Statin,molecule,normalized,UPDATE,HIGH
cd,cd_006,sb_006_00667,리반틴,리반틴,리반틴,atorvastatin calcium,Statin,molecule,normalized,UPDATE,HIGH
cd,cd_006,sb_006_00669,리스테롤,리스테롤,리스테롤,atorvastatin calcium,Statin,molecule,normalized,UPDATE,HIGH
cd,cd_006,sb_006_00671,토바스트,토바스트,토바스트,atorvastatin calcium,Statin,molecule,normalized,UPDATE,HIGH
cd,cd_006,sb_006_00674,에이토바,에이토바,에이토바,atorvastatin calcium,Statin,molecule,normalized,UPDATE,HIGH
cd,cd_006,sb_006_00676,아토산,아토산,아토산,atorvastatin calcium,Statin,molecule,normalized,UPDATE,HIGH
cd,cd_006,sb_006_00679,아토로민,아토로민,아토로민,atorvastatin calcium,Statin,molecule,normalized,UPDATE,HIGH
cd,cd_006,sb_006_00680,아트로드,아트로드,아트로드,atorvastatin calcium,Statin,molecule,normalized,UPDATE,HIGH
cd,cd_006,sb_006_00682,아바틴,아바틴,아바틴,atorvastatin calcium,Statin,molecule,normalized,UPDATE,HIGH
cd,cd_006,sb_006_00684,아토르스타,아토르스타,아토르스타,atorvastatin calcium,Statin,molecule,normalized,UPDATE,HIGH
cd,cd_006,sb_006_00686,휴스타,휴스타,휴스타,atorvastatin calcium,Statin,molecule,normalized,UPDATE,HIGH
cd,cd_006,sb_006_00688,휴온스 아토르바스타틴,휴온스아토르바스타틴,휴온스아토르바스타틴,atorvastatin calcium,Statin,molecule,normalized,UPDATE,HIGH
cd,cd_006,sb_006_00691,휴니즈 아토르바스타틴칼슘,휴니즈아토르바스타틴칼슘,휴니즈아토르바스타틴칼슘,atorvastatin calcium,Statin,molecule,normalized,UPDATE,HIGH
cd,cd_006,sb_006_00692,알파스타틴,알파스타틴,알파스타틴,atorvastatin calcium,Statin,molecule,normalized,UPDATE,HIGH
cd,cd_006,sb_006_00693,휴텍스 아토르바스타틴,휴텍스아토르바스타틴,휴텍스아토르바스타틴,atorvastatin calcium,Statin,molecule,normalized,UPDATE,HIGH
cd,cd_006,sb_006_00697,뉴바스트,뉴바스트,뉴바스트,atorvastatin strontium pentahydrate,Statin,molecule,normalized,UPDATE,HIGH
cd,cd_006,sb_006_00700,레스콜 엑스엘,레스콜엑스엘,레스콜엑스엘,fluvastatin,Statin,molecule,normalized,UPDATE,HIGH
cd,cd_006,sb_006_00701,건피타,건피타,건피타,pitavastatin calcium,Statin,molecule,normalized,UPDATE,HIGH
cd,cd_006,sb_006_00704,리피타파,리피타파,리피타파,pitavastatin calcium,Statin,molecule,normalized,UPDATE,HIGH
cd,cd_006,sb_006_00706,피트로반,피트로반,피트로반,pitavastatin calcium,Statin,molecule,normalized,UPDATE,HIGH
cd,cd_006,sb_006_00707,피타렌,피타렌,피타렌,pitavastatin calcium,Statin,molecule,normalized,UPDATE,HIGH
cd,cd_006,sb_006_00708,리바피타,리바피타,리바피타,pitavastatin calcium,Statin,molecule,normalized,UPDATE,HIGH
cd,cd_006,sb_006_00711,타바로우,타바로우,타바로우,pitavastatin calcium,Statin,molecule,normalized,UPDATE,HIGH
cd,cd_006,sb_006_00712,뉴바로,뉴바로,뉴바로,pitavastatin calcium,Statin,molecule,normalized,UPDATE,HIGH
cd,cd_006,sb_006_00713,동광 피타바스타틴,동광피타바스타틴,동광피타바스타틴,pitavastatin calcium,Statin,molecule,normalized,UPDATE,HIGH
cd,cd_006,sb_006_00714,피타론,피타론,피타론,pitavastatin calcium,Statin,molecule,normalized,UPDATE,HIGH
cd,cd_006,sb_006_00716,피타틴 엠,피타틴엠,피타틴엠,pitavastatin calcium,Statin,molecule,normalized,UPDATE,HIGH
cd,cd_006,sb_006_00719,피타테롤,피타테롤,피타테롤,pitavastatin calcium,Statin,molecule,normalized,UPDATE,HIGH
cd,cd_006,sb_006_00722,메가스타틴,메가스타틴,메가스타틴,pitavastatin calcium,Statin,molecule,normalized,UPDATE,HIGH
cd,cd_006,sb_006_00723,피타넥스,피타넥스,피타넥스,pitavastatin calcium,Statin,molecule,normalized,UPDATE,HIGH
cd,cd_006,sb_006_00724,엘제로,엘제로,엘제로,pitavastatin calcium,Statin,molecule,normalized,UPDATE,HIGH
cd,cd_006,sb_006_00726,리바타로,리바타로,리바타로,pitavastatin calcium,Statin,molecule,normalized,UPDATE,HIGH
cd,cd_006,sb_006_00727,피타틴,피타틴,피타틴,pitavastatin calcium,Statin,molecule,normalized,UPDATE,HIGH
cd,cd_006,sb_006_00728,피타에스,피타에스,피타에스,pitavastatin calcium,Statin,molecule,normalized,UPDATE,HIGH
cd,cd_006,sb_006_00729,피큐로우,피큐로우,피큐로우,pitavastatin calcium,Statin,molecule,normalized,UPDATE,HIGH
cd,cd_006,sb_006_00730,피타,피타,피타,pitavastatin calcium,Statin,molecule,normalized,UPDATE,HIGH
cd,cd_006,sb_006_00731,피타로틴,피타로틴,피타로틴,pitavastatin calcium,Statin,molecule,normalized,UPDATE,HIGH
cd,cd_006,sb_006_00733,로피타,로피타,로피타,pitavastatin calcium,Statin,molecule,normalized,UPDATE,HIGH
cd,cd_006,sb_006_00734,씨엠지 피타바스타틴,씨엠지피타바스타틴,씨엠지피타바스타틴,pitavastatin calcium,Statin,molecule,normalized,UPDATE,HIGH
cd,cd_006,sb_006_00735,페바로,페바로,페바로,pitavastatin calcium,Statin,molecule,normalized,UPDATE,HIGH
cd,cd_006,sb_006_00738,피타스틴,피타스틴,피타스틴,pitavastatin calcium,Statin,molecule,normalized,UPDATE,HIGH
cd,cd_006,sb_006_00741,피타스토,피타스토,피타스토,pitavastatin calcium,Statin,molecule,normalized,UPDATE,HIGH
cd,cd_006,sb_006_00742,피타바,피타바,피타바,pitavastatin calcium,Statin,molecule,normalized,UPDATE,HIGH
cd,cd_006,sb_006_00743,타스틴,타스틴,타스틴,pitavastatin calcium,Statin,molecule,normalized,UPDATE,HIGH
cd,cd_006,sb_006_00746,디엠타틴,디엠타틴,디엠타틴,pitavastatin calcium,Statin,molecule,normalized,UPDATE,HIGH
cd,cd_006,sb_006_00747,이바틴,이바틴,이바틴,pitavastatin calcium,Statin,molecule,normalized,UPDATE,HIGH
cd,cd_006,sb_006_00750,피타큐,피타큐,피타큐,pitavastatin calcium,Statin,molecule,normalized,UPDATE,HIGH
cd,cd_006,sb_006_00752,피스타,피스타,피스타,pitavastatin calcium,Statin,molecule,normalized,UPDATE,HIGH
cd,cd_006,sb_006_00753,케이바로,케이바로,케이바로,pitavastatin calcium,Statin,molecule,normalized,UPDATE,HIGH
cd,cd_006,sb_006_00755,피타로우,피타로우,피타로우,pitavastatin calcium,Statin,molecule,normalized,UPDATE,HIGH
cd,cd_006,sb_006_00757,피타바스,피타바스,피타바스,pitavastatin calcium,Statin,molecule,normalized,UPDATE,HIGH
cd,cd_006,sb_006_00759,리바스타,리바스타,리바스타,pitavastatin calcium,Statin,molecule,normalized,UPDATE,HIGH
cd,cd_006,sb_006_00760,피바글로,피바글로,피바글로,pitavastatin calcium,Statin,molecule,normalized,UPDATE,HIGH
cd,cd_006,sb_006_00761,피타스탄,피타스탄,피타스탄,pitavastatin calcium,Statin,molecule,normalized,UPDATE,HIGH
cd,cd_006,sb_006_00763,타바스타,타바스타,타바스타,pitavastatin calcium,Statin,molecule,normalized,UPDATE,HIGH
cd,cd_006,sb_006_00764,리파틴,리파틴,리파틴,pitavastatin calcium,Statin,molecule,normalized,UPDATE,HIGH
cd,cd_006,sb_006_00765,피타듀스,피타듀스,피타듀스,pitavastatin calcium,Statin,molecule,normalized,UPDATE,HIGH
cd,cd_006,sb_006_00767,피타바로틴,피타바로틴,피타바로틴,pitavastatin calcium,Statin,molecule,normalized,UPDATE,HIGH
cd,cd_006,sb_006_00768,로바로우,로바로우,로바로우,pitavastatin calcium,Statin,molecule,normalized,UPDATE,HIGH
cd,cd_006,sb_006_00774,메바로친,메바로친,메바로친,pravastatin sodium,Statin,molecule,normalized,UPDATE,HIGH
cd,cd_006,sb_006_00778,프라스탄,프라스탄,프라스탄,pravastatin sodium,Statin,molecule,normalized,UPDATE,HIGH
cd,cd_006,sb_006_00781,로수토바,로수토바,로수토바,rosuvastatin calcium  ( as rosuvastatin),Statin,molecule,normalized,UPDATE,HIGH
cd,cd_006,sb_006_00784,로트로반,로트로반,로트로반,rosuvastatin calcium  ( as rosuvastatin),Statin,molecule,normalized,UPDATE,HIGH
cd,cd_006,sb_006_00787,수바스틴,수바스틴,수바스틴,rosuvastatin calcium  ( as rosuvastatin),Statin,molecule,normalized,UPDATE,HIGH
cd,cd_006,sb_006_00789,로수리딘,로수리딘,로수리딘,rosuvastatin calcium  ( as rosuvastatin),Statin,molecule,normalized,UPDATE,HIGH
cd,cd_006,sb_006_00792,유니로바,유니로바,유니로바,rosuvastatin calcium  ( as rosuvastatin),Statin,molecule,normalized,UPDATE,HIGH
cd,cd_006,sb_006_00795,크레로바,크레로바,크레로바,rosuvastatin calcium  ( as rosuvastatin),Statin,molecule,normalized,UPDATE,HIGH
cd,cd_006,sb_006_00797,로수민,로수민,로수민,rosuvastatin calcium  ( as rosuvastatin),Statin,molecule,normalized,UPDATE,HIGH
cd,cd_006,sb_006_00800,크레로우,크레로우,크레로우,rosuvastatin calcium  ( as rosuvastatin),Statin,molecule,normalized,UPDATE,HIGH
cd,cd_006,sb_006_00803,로바테롤,로바테롤,로바테롤,rosuvastatin calcium  ( as rosuvastatin),Statin,molecule,normalized,UPDATE,HIGH
cd,cd_006,sb_006_00805,크라틴,크라틴,크라틴,rosuvastatin calcium  ( as rosuvastatin),Statin,molecule,normalized,UPDATE,HIGH
cd,cd_006,sb_006_00809,대웅 로수바스타틴,대웅로수바스타틴,대웅로수바스타틴,rosuvastatin calcium  ( as rosuvastatin),Statin,molecule,normalized,UPDATE,HIGH
cd,cd_006,sb_006_00813,크레스토,크레스토,크레스토,rosuvastatin calcium  ( as rosuvastatin),Statin,molecule,normalized,UPDATE,HIGH
cd,cd_006,sb_006_00816,크로원,크로원,크로원,rosuvastatin calcium  ( as rosuvastatin),Statin,molecule,normalized,UPDATE,HIGH
cd,cd_006,sb_006_00818,크로우,크로우,크로우,rosuvastatin calcium  ( as rosuvastatin),Statin,molecule,normalized,UPDATE,HIGH
cd,cd_006,sb_006_00821,뉴스토,뉴스토,뉴스토,rosuvastatin calcium  ( as rosuvastatin),Statin,molecule,normalized,UPDATE,HIGH
cd,cd_006,sb_006_00823,탑스타틴,탑스타틴,탑스타틴,rosuvastatin calcium  ( as rosuvastatin),Statin,molecule,normalized,UPDATE,HIGH
cd,cd_006,sb_006_00826,동광 로수바스타틴칼슘,동광로수바스타틴칼슘,동광로수바스타틴칼슘,rosuvastatin calcium  ( as rosuvastatin),Statin,molecule,normalized,UPDATE,HIGH
cd,cd_006,sb_006_00829,로스바탄,로스바탄,로스바탄,rosuvastatin calcium  ( as rosuvastatin),Statin,molecule,normalized,UPDATE,HIGH
cd,cd_006,sb_006_00832,로수탄,로수탄,로수탄,rosuvastatin calcium  ( as rosuvastatin),Statin,molecule,normalized,UPDATE,HIGH
cd,cd_006,sb_006_00835,동성 로수바스타틴,동성로수바스타틴,동성로수바스타틴,rosuvastatin calcium  ( as rosuvastatin),Statin,molecule,normalized,UPDATE,HIGH
cd,cd_006,sb_006_00836,크레스논,크레스논,크레스논,rosuvastatin calcium  ( as rosuvastatin),Statin,molecule,normalized,UPDATE,HIGH
cd,cd_006,sb_006_00839,동화 로수바스타틴,동화로수바스타틴,동화로수바스타틴,rosuvastatin calcium  ( as rosuvastatin),Statin,molecule,normalized,UPDATE,HIGH
cd,cd_006,sb_006_00841,로수틴 엠,로수틴엠,로수틴엠,rosuvastatin calcium  ( as rosuvastatin),Statin,molecule,normalized,UPDATE,HIGH
cd,cd_006,sb_006_00843,로수바 엠,로수바엠,로수바엠,rosuvastatin calcium  ( as rosuvastatin),Statin,molecule,normalized,UPDATE,HIGH
cd,cd_006,sb_006_00844,로수바엘,로수바엘,로수바엘,rosuvastatin calcium  ( as rosuvastatin),Statin,molecule,normalized,UPDATE,HIGH
cd,cd_006,sb_006_00845,로수테롤,로수테롤,로수테롤,rosuvastatin calcium  ( as rosuvastatin),Statin,molecule,normalized,UPDATE,HIGH
cd,cd_006,sb_006_00847,명문 로수바스타틴칼슘,명문로수바스타틴칼슘,명문로수바스타틴칼슘,rosuvastatin calcium  ( as rosuvastatin),Statin,molecule,normalized,UPDATE,HIGH
cd,cd_006,sb_006_00850,올스타틴,올스타틴,올스타틴,rosuvastatin calcium  ( as rosuvastatin),Statin,molecule,normalized,UPDATE,HIGH
cd,cd_006,sb_006_00853,로수넥스,로수넥스,로수넥스,rosuvastatin calcium  ( as rosuvastatin),Statin,molecule,normalized,UPDATE,HIGH
cd,cd_006,sb_006_00855,크레산트,크레산트,크레산트,rosuvastatin calcium  ( as rosuvastatin),Statin,molecule,normalized,UPDATE,HIGH
cd,cd_006,sb_006_00857,크레라토,크레라토,크레라토,rosuvastatin calcium  ( as rosuvastatin),Statin,molecule,normalized,UPDATE,HIGH
cd,cd_006,sb_006_00860,부광 로수바스타틴칼슘,부광로수바스타틴칼슘,부광로수바스타틴칼슘,rosuvastatin calcium  ( as rosuvastatin),Statin,molecule,normalized,UPDATE,HIGH
cd,cd_006,sb_006_00862,슈바스틴,슈바스틴,슈바스틴,rosuvastatin calcium  ( as rosuvastatin),Statin,molecule,normalized,UPDATE,HIGH
cd,cd_006,sb_006_00865,삼성 로수바스타틴,삼성로수바스타틴,삼성로수바스타틴,rosuvastatin calcium  ( as rosuvastatin),Statin,molecule,normalized,UPDATE,HIGH
cd,cd_006,sb_006_00868,크레로슈,크레로슈,크레로슈,rosuvastatin calcium  ( as rosuvastatin),Statin,molecule,normalized,UPDATE,HIGH
cd,cd_006,sb_006_00869,크레지,크레지,크레지,rosuvastatin calcium  ( as rosuvastatin),Statin,molecule,normalized,UPDATE,HIGH
cd,cd_006,sb_006_00872,로비탄,로비탄,로비탄,rosuvastatin calcium  ( as rosuvastatin),Statin,molecule,normalized,UPDATE,HIGH
cd,cd_006,sb_006_00875,뉴스타틴 알,뉴스타틴알,뉴스타틴알,rosuvastatin calcium  ( as rosuvastatin),Statin,molecule,normalized,UPDATE,HIGH
cd,cd_006,sb_006_00879,로수틴,로수틴,로수틴,rosuvastatin calcium  ( as rosuvastatin),Statin,molecule,normalized,UPDATE,HIGH
cd,cd_006,sb_006_00882,크레스틴,크레스틴,크레스틴,rosuvastatin calcium  ( as rosuvastatin),Statin,molecule,normalized,UPDATE,HIGH
cd,cd_006,sb_006_00885,로바칸,로바칸,로바칸,rosuvastatin calcium  ( as rosuvastatin),Statin,molecule,normalized,UPDATE,HIGH
cd,cd_006,sb_006_00887,로스타젠,로스타젠,로스타젠,rosuvastatin calcium  ( as rosuvastatin),Statin,molecule,normalized,UPDATE,HIGH
cd,cd_006,sb_006_00888,크로스틴,크로스틴,크로스틴,rosuvastatin calcium  ( as rosuvastatin),Statin,molecule,normalized,UPDATE,HIGH
cd,cd_006,sb_006_00891,로수그린,로수그린,로수그린,rosuvastatin calcium  ( as rosuvastatin),Statin,molecule,normalized,UPDATE,HIGH
cd,cd_006,sb_006_00893,하이엘,하이엘,하이엘,rosuvastatin calcium  ( as rosuvastatin),Statin,molecule,normalized,UPDATE,HIGH
cd,cd_006,sb_006_00896,로수탑,로수탑,로수탑,rosuvastatin calcium  ( as rosuvastatin),Statin,molecule,normalized,UPDATE,HIGH
cd,cd_006,sb_006_00897,콜로스타,콜로스타,콜로스타,rosuvastatin calcium  ( as rosuvastatin),Statin,molecule,normalized,UPDATE,HIGH
cd,cd_006,sb_006_00901,씨엠지 로수바스타틴,씨엠지로수바스타틴,씨엠지로수바스타틴,rosuvastatin calcium  ( as rosuvastatin),Statin,molecule,normalized,UPDATE,HIGH
cd,cd_006,sb_006_00904,로바이드,로바이드,로바이드,rosuvastatin calcium  ( as rosuvastatin),Statin,molecule,normalized,UPDATE,HIGH
cd,cd_006,sb_006_00907,크레진,크레진,크레진,rosuvastatin calcium  ( as rosuvastatin),Statin,molecule,normalized,UPDATE,HIGH
cd,cd_006,sb_006_00908,로스틴,로스틴,로스틴,rosuvastatin calcium  ( as rosuvastatin),Statin,molecule,normalized,UPDATE,HIGH
cd,cd_006,sb_006_00911,뉴슈바틴,뉴슈바틴,뉴슈바틴,rosuvastatin calcium  ( as rosuvastatin),Statin,molecule,normalized,UPDATE,HIGH
cd,cd_006,sb_006_00912,슈스타,슈스타,슈스타,rosuvastatin calcium  ( as rosuvastatin),Statin,molecule,normalized,UPDATE,HIGH
cd,cd_006,sb_006_00916,크레스,크레스,크레스,rosuvastatin calcium  ( as rosuvastatin),Statin,molecule,normalized,UPDATE,HIGH
cd,cd_006,sb_006_00919,로레스토,로레스토,로레스토,rosuvastatin calcium  ( as rosuvastatin),Statin,molecule,normalized,UPDATE,HIGH
cd,cd_006,sb_006_00922,로스타,로스타,로스타,rosuvastatin calcium  ( as rosuvastatin),Statin,molecule,normalized,UPDATE,HIGH
cd,cd_006,sb_006_00925,로바스토,로바스토,로바스토,rosuvastatin calcium  ( as rosuvastatin),Statin,molecule,normalized,UPDATE,HIGH
cd,cd_006,sb_006_00928,비바코,비바코,비바코,rosuvastatin calcium  ( as rosuvastatin),Statin,molecule,normalized,UPDATE,HIGH
cd,cd_006,sb_006_00931,에이프로젠 로수바스타틴칼슘,에이프로젠로수바스타틴칼슘,에이프로젠로수바스타틴칼슘,rosuvastatin calcium  ( as rosuvastatin),Statin,molecule,normalized,UPDATE,HIGH
cd,cd_006,sb_006_00933,메가 로수틴,메가로수틴,메가로수틴,rosuvastatin calcium  ( as rosuvastatin),Statin,molecule,normalized,UPDATE,HIGH
cd,cd_006,sb_006_00936,크레바틴,크레바틴,크레바틴,rosuvastatin calcium  ( as rosuvastatin),Statin,molecule,normalized,UPDATE,HIGH
cd,cd_006,sb_006_00939,크레아진,크레아진,크레아진,rosuvastatin calcium  ( as rosuvastatin),Statin,molecule,normalized,UPDATE,HIGH
cd,cd_006,sb_006_00942,슈바스타틴,슈바스타틴,슈바스타틴,rosuvastatin calcium  ( as rosuvastatin),Statin,molecule,normalized,UPDATE,HIGH
cd,cd_006,sb_006_00943,오스타틴,오스타틴,오스타틴,rosuvastatin calcium  ( as rosuvastatin),Statin,molecule,normalized,UPDATE,HIGH
cd,cd_006,sb_006_00944,로바원,로바원,로바원,rosuvastatin calcium  ( as rosuvastatin),Statin,molecule,normalized,UPDATE,HIGH
cd,cd_006,sb_006_00947,로수브이,로수브이,로수브이,rosuvastatin calcium  ( as rosuvastatin),Statin,molecule,normalized,UPDATE,HIGH
cd,cd_006,sb_006_00950,로바스타,로바스타,로바스타,rosuvastatin calcium  ( as rosuvastatin),Statin,molecule,normalized,UPDATE,HIGH
cd,cd_006,sb_006_00953,크레토,크레토,크레토,rosuvastatin calcium  ( as rosuvastatin),Statin,molecule,normalized,UPDATE,HIGH
cd,cd_006,sb_006_00955,유로스토,유로스토,유로스토,rosuvastatin calcium  ( as rosuvastatin),Statin,molecule,normalized,UPDATE,HIGH
cd,cd_006,sb_006_00956,모노로바,모노로바,모노로바,rosuvastatin calcium  ( as rosuvastatin),Statin,molecule,normalized,UPDATE,HIGH
cd,cd_006,sb_006_00959,로수반,로수반,로수반,rosuvastatin calcium  ( as rosuvastatin),Statin,molecule,normalized,UPDATE,HIGH
cd,cd_006,sb_006_00962,이로스타,이로스타,이로스타,rosuvastatin calcium  ( as rosuvastatin),Statin,molecule,normalized,UPDATE,HIGH
cd,cd_006,sb_006_00965,로슈바,로슈바,로슈바,rosuvastatin calcium  ( as rosuvastatin),Statin,molecule,normalized,UPDATE,HIGH
cd,cd_006,sb_006_00967,로베틴,로베틴,로베틴,rosuvastatin calcium  ( as rosuvastatin),Statin,molecule,normalized,UPDATE,HIGH
cd,cd_006,sb_006_00970,크로스타,크로스타,크로스타,rosuvastatin calcium  ( as rosuvastatin),Statin,molecule,normalized,UPDATE,HIGH
cd,cd_006,sb_006_00972,크래바스,크래바스,크래바스,rosuvastatin calcium  ( as rosuvastatin),Statin,molecule,normalized,UPDATE,HIGH
cd,cd_006,sb_006_00973,크레고,크레고,크레고,rosuvastatin calcium  ( as rosuvastatin),Statin,molecule,normalized,UPDATE,HIGH
cd,cd_006,sb_006_00976,레스타,레스타,레스타,rosuvastatin calcium  ( as rosuvastatin),Statin,molecule,normalized,UPDATE,HIGH
cd,cd_006,sb_006_00979,크로바틴,크로바틴,크로바틴,rosuvastatin calcium  ( as rosuvastatin),Statin,molecule,normalized,UPDATE,HIGH
cd,cd_006,sb_006_00982,제이로수,제이로수,제이로수,rosuvastatin calcium  ( as rosuvastatin),Statin,molecule,normalized,UPDATE,HIGH
cd,cd_006,sb_006_00985,슈바스타,슈바스타,슈바스타,rosuvastatin calcium  ( as rosuvastatin),Statin,molecule,normalized,UPDATE,HIGH
cd,cd_006,sb_006_00987,로수로드,로수로드,로수로드,rosuvastatin calcium  ( as rosuvastatin),Statin,molecule,normalized,UPDATE,HIGH
cd,cd_006,sb_006_00990,엘로수바,엘로수바,엘로수바,rosuvastatin calcium  ( as rosuvastatin),Statin,molecule,normalized,UPDATE,HIGH
cd,cd_006,sb_006_00992,로수바신,로수바신,로수바신,rosuvastatin calcium  ( as rosuvastatin),Statin,molecule,normalized,UPDATE,HIGH
cd,cd_006,sb_006_00994,로수바틴,로수바틴,로수바틴,rosuvastatin calcium  ( as rosuvastatin),Statin,molecule,normalized,UPDATE,HIGH
cd,cd_006,sb_006_00997,로바케이,로바케이,로바케이,rosuvastatin calcium  ( as rosuvastatin),Statin,molecule,normalized,UPDATE,HIGH
cd,cd_006,sb_006_01000,로슈타,로슈타,로슈타,rosuvastatin calcium  ( as rosuvastatin),Statin,molecule,normalized,UPDATE,HIGH
cd,cd_006,sb_006_01002,로바탄,로바탄,로바탄,rosuvastatin calcium  ( as rosuvastatin),Statin,molecule,normalized,UPDATE,HIGH
cd,cd_006,sb_006_01005,이텍스 로수바스타틴칼슘,이텍스로수바스타틴칼슘,이텍스로수바스타틴칼슘,rosuvastatin calcium  ( as rosuvastatin),Statin,molecule,normalized,UPDATE,HIGH
cd,cd_006,sb_006_01008,로수메디,로수메디,로수메디,rosuvastatin calcium  ( as rosuvastatin),Statin,molecule,normalized,UPDATE,HIGH
cd,cd_006,sb_006_01010,피엠에스 로수바스타틴,피엠에스로수바스타틴,피엠에스로수바스타틴,rosuvastatin calcium  ( as rosuvastatin),Statin,molecule,normalized,UPDATE,HIGH
cd,cd_006,sb_006_01013,록스바,록스바,록스바,rosuvastatin calcium  ( as rosuvastatin),Statin,molecule,normalized,UPDATE,HIGH
cd,cd_006,sb_006_01015,크바스틴,크바스틴,크바스틴,rosuvastatin calcium  ( as rosuvastatin),Statin,molecule,normalized,UPDATE,HIGH
cd,cd_006,sb_006_01018,로스토,로스토,로스토,rosuvastatin calcium  ( as rosuvastatin),Statin,molecule,normalized,UPDATE,HIGH
cd,cd_006,sb_006_01021,로수바,로수바,로수바,rosuvastatin calcium  ( as rosuvastatin),Statin,molecule,normalized,UPDATE,HIGH
cd,cd_006,sb_006_01023,로수바스타퀄,로수바스타퀄,로수바스타퀄,rosuvastatin calcium  ( as rosuvastatin),Statin,molecule,normalized,UPDATE,HIGH
cd,cd_006,sb_006_01026,크레첵,크레첵,크레첵,rosuvastatin calcium  ( as rosuvastatin),Statin,molecule,normalized,UPDATE,HIGH
cd,cd_006,sb_006_01030,수바스트,수바스트,수바스트,rosuvastatin calcium  ( as rosuvastatin),Statin,molecule,normalized,UPDATE,HIGH
cd,cd_006,sb_006_01034,로바트,로바트,로바트,rosuvastatin calcium  ( as rosuvastatin),Statin,molecule,normalized,UPDATE,HIGH
cd,cd_006,sb_006_01037,콜레스톱,콜레스톱,콜레스톱,rosuvastatin calcium  ( as rosuvastatin),Statin,molecule,normalized,UPDATE,HIGH
cd,cd_006,sb_006_01039,로바스로,로바스로,로바스로,rosuvastatin calcium  ( as rosuvastatin),Statin,molecule,normalized,UPDATE,HIGH
cd,cd_006,sb_006_01042,휴레스토,휴레스토,휴레스토,rosuvastatin calcium  ( as rosuvastatin),Statin,molecule,normalized,UPDATE,HIGH
cd,cd_006,sb_006_01045,로스톤,로스톤,로스톤,rosuvastatin calcium  ( as rosuvastatin),Statin,molecule,normalized,UPDATE,HIGH
cd,cd_006,sb_006_01048,크레로스,크레로스,크레로스,rosuvastatin calcium  ( as rosuvastatin),Statin,molecule,normalized,UPDATE,HIGH
cd,cd_006,sb_006_01050,크레스바,크레스바,크레스바,rosuvastatin calcium  ( as rosuvastatin),Statin,molecule,normalized,UPDATE,HIGH
cd,cd_006,sb_006_01054,에스로틴,에스로틴,에스로틴,rosuvastatin calcium  ( as rosuvastatin),Statin,molecule,normalized,UPDATE,HIGH
cd,cd_006,sb_006_01057,수바로 오디,수바로오디,수바로오디,rosuvastatin calcium (micronized)  ( as rosuvastatin),Statin,molecule,normalized,UPDATE,HIGH
cd,cd_006,sb_006_01060,심바스테롤,심바스테롤,심바스테롤,simvastatin,Statin,molecule,normalized,UPDATE,HIGH
cd,cd_006,sb_006_01061,심바코,심바코,심바코,simvastatin,Statin,molecule,normalized,UPDATE,HIGH
cd,cd_006,sb_006_01062,동성 심바스타틴,동성심바스타틴,동성심바스타틴,simvastatin,Statin,molecule,normalized,UPDATE,HIGH
cd,cd_006,sb_006_01063,명문 심바스타틴,명문심바스타틴,명문심바스타틴,simvastatin,Statin,molecule,normalized,UPDATE,HIGH
cd,cd_006,sb_006_01064,심바탄,심바탄,심바탄,simvastatin,Statin,molecule,normalized,UPDATE,HIGH
cd,cd_006,sb_006_01065,시스타,시스타,시스타,simvastatin,Statin,molecule,normalized,UPDATE,HIGH
cd,cd_006,sb_006_01066,심바젠,심바젠,심바젠,simvastatin,Statin,molecule,normalized,UPDATE,HIGH
cd,cd_006,sb_006_01067,엔티 심바,엔티심바,엔티심바,simvastatin,Statin,molecule,normalized,UPDATE,HIGH
cd,cd_006,sb_006_01068,심바스틴,심바스틴,심바스틴,simvastatin,Statin,molecule,normalized,UPDATE,HIGH
cd,cd_006,sb_006_01069,심바트,심바트,심바트,simvastatin,Statin,molecule,normalized,UPDATE,HIGH
cd,cd_006,sb_006_01070,심바로틴,심바로틴,심바로틴,simvastatin,Statin,molecule,normalized,UPDATE,HIGH
cd,cd_006,sb_006_01071,에이치엘비 심바스타틴,에이치엘비심바스타틴,에이치엘비심바스타틴,simvastatin,Statin,molecule,normalized,UPDATE,HIGH
cd,cd_006,sb_006_01072,심바스타,심바스타,심바스타,simvastatin,Statin,molecule,normalized,UPDATE,HIGH
cd,cd_006,sb_006_01074,에이프로젠 심바스타틴,에이프로젠심바스타틴,에이프로젠심바스타틴,simvastatin,Statin,molecule,normalized,UPDATE,HIGH
cd,cd_006,sb_006_01075,심바로,심바로,심바로,simvastatin,Statin,molecule,normalized,UPDATE,HIGH
cd,cd_006,sb_006_01076,조코,조코,조코,simvastatin,Statin,molecule,normalized,UPDATE,HIGH
cd,cd_006,sb_006_01078,심펙스,심펙스,심펙스,simvastatin,Statin,molecule,normalized,UPDATE,HIGH
cd,cd_006,sb_006_01079,유니심바,유니심바,유니심바,simvastatin,Statin,molecule,normalized,UPDATE,HIGH
cd,cd_006,sb_006_01081,조바코,조바코,조바코,simvastatin,Statin,molecule,normalized,UPDATE,HIGH
cd,cd_006,sb_006_01082,심바롤,심바롤,심바롤,simvastatin,Statin,molecule,normalized,UPDATE,HIGH
cd,cd_006,sb_006_01083,리포스타,리포스타,리포스타,simvastatin,Statin,molecule,normalized,UPDATE,HIGH
cd,cd_006,sb_006_01084,심바타틴,심바타틴,심바타틴,simvastatin,Statin,molecule,normalized,UPDATE,HIGH
cd,cd_006,sb_006_01085,심바로드,심바로드,심바로드,simvastatin,Statin,molecule,normalized,UPDATE,HIGH
cd,cd_006,sb_006_01086,조바틴,조바틴,조바틴,simvastatin,Statin,molecule,normalized,UPDATE,HIGH
cd,cd_006,sb_006_01087,태극 심바스타틴,태극심바스타틴,태극심바스타틴,simvastatin,Statin,molecule,normalized,UPDATE,HIGH
cd,cd_006,sb_006_01088,리피스탄,리피스탄,리피스탄,simvastatin,Statin,molecule,normalized,UPDATE,HIGH
cd,cd_006,sb_006_01089,콜스테롤,콜스테롤,콜스테롤,simvastatin,Statin,molecule,normalized,UPDATE,HIGH
cd,cd_006,sb_006_01090,심바란,심바란,심바란,simvastatin,Statin,molecule,normalized,UPDATE,HIGH
cd,cd_006,sb_006_01091,리바스타틴,리바스타틴,리바스타틴,simvastatin,Statin,molecule,normalized,UPDATE,HIGH
cd,cd_006,sb_006_01092,심콜,심콜,심콜,simvastatin,Statin,molecule,normalized,UPDATE,HIGH
cd,cd_006,sb_006_01093,바스트,바스트,바스트,simvastatin,Statin,molecule,normalized,UPDATE,HIGH
cd,cd_006,sb_006_01094,심바스트,심바스트,심바스트,simvastatin,Statin,molecule,normalized,UPDATE,HIGH
cd,cd_006,sb_006_01096,휴코,휴코,휴코,simvastatin,Statin,molecule,normalized,UPDATE,HIGH
cd,cd_006,sb_006_01097,시바스,시바스,시바스,simvastatin,Statin,molecule,normalized,UPDATE,HIGH
cd,cd_006,sb_006_01098,휴심바,휴심바,휴심바,simvastatin,Statin,molecule,normalized,UPDATE,HIGH
cd,cd_006,sb_006_01099,리피듀,리피듀,리피듀,simvastatin,Statin,molecule,normalized,UPDATE,HIGH
cd,cd_007,sb_canonical_010_리바로페노,리바로페노,리바로페노,리바로페노,"fenofibric acid,  pitavastatin calcium hydrate  ( as pitavastatin calcium)",PTV/Fenofibric acid,molecule,normalized,UPDATE,HIGH
cd,cd_007,sb_007_00005,아트맥 콤비젤,아트맥콤비젤,아트맥콤비젤,"atorvastatin calcium hydrate  ( as atorvastatin),  omega-3-acids ethyl esters90 | atorvastatin calcium trihydrate  ( as atorvastatin),  omega-3-acids ethyl esters90",,molecule,normalized,SET_NULL,HIGH
cd,cd_007,sb_007_00006,듀오피토,듀오피토,듀오피토,"atorvastatin calcium trihydrate  ( as atorvastatin),  ezetimibe",,molecule,normalized,SET_NULL,HIGH
cd,cd_007,sb_007_00008,아토브젯,아토브젯,아토브젯,"atorvastatin calcium trihydrate  ( as atorvastatin),  ezetimibe",,molecule,normalized,SET_NULL,HIGH
cd,cd_007,sb_007_00011,아토에지,아토에지,아토에지,"atorvastatin calcium trihydrate  ( as atorvastatin),  ezetimibe",,molecule,normalized,SET_NULL,HIGH
cd,cd_007,sb_007_00013,리포듀오,리포듀오,리포듀오,"atorvastatin calcium trihydrate  ( as atorvastatin),  ezetimibe",,molecule,normalized,SET_NULL,HIGH
cd,cd_007,sb_007_00015,바이젯,바이젯,바이젯,"atorvastatin calcium trihydrate  ( as atorvastatin),  ezetimibe",,molecule,normalized,SET_NULL,HIGH
cd,cd_007,sb_007_00017,아페젯,아페젯,아페젯,"atorvastatin calcium trihydrate  ( as atorvastatin),  ezetimibe",,molecule,normalized,SET_NULL,HIGH
cd,cd_007,sb_007_00019,에티젯,에티젯,에티젯,"atorvastatin calcium trihydrate  ( as atorvastatin),  ezetimibe",,molecule,normalized,SET_NULL,HIGH
cd,cd_007,sb_007_00021,아젯듀오,아젯듀오,아젯듀오,"atorvastatin calcium trihydrate  ( as atorvastatin),  ezetimibe",,molecule,normalized,SET_NULL,HIGH
cd,cd_007,sb_007_00024,브이 토젯,브이토젯,브이토젯,"atorvastatin calcium trihydrate  ( as atorvastatin),  ezetimibe",,molecule,normalized,SET_NULL,HIGH
cd,cd_007,sb_007_00027,리피듀엣,리피듀엣,리피듀엣,"atorvastatin calcium trihydrate  ( as atorvastatin),  ezetimibe",,molecule,normalized,SET_NULL,HIGH
cd,cd_007,sb_007_00030,아에제,아에제,아에제,"atorvastatin calcium trihydrate  ( as atorvastatin),  ezetimibe",,molecule,normalized,SET_NULL,HIGH
cd,cd_007,sb_007_00033,리토바젯,리토바젯,리토바젯,"atorvastatin calcium trihydrate  ( as atorvastatin),  ezetimibe",,molecule,normalized,SET_NULL,HIGH
cd,cd_007,sb_007_00037,아미젯,아미젯,아미젯,"atorvastatin calcium trihydrate  ( as atorvastatin),  ezetimibe",,molecule,normalized,SET_NULL,HIGH
cd,cd_007,sb_007_00040,리토젯,리토젯,리토젯,"atorvastatin calcium trihydrate  ( as atorvastatin),  ezetimibe",,molecule,normalized,SET_NULL,HIGH
cd,cd_007,sb_007_00044,뉴토젯,뉴토젯,뉴토젯,"atorvastatin calcium trihydrate  ( as atorvastatin),  ezetimibe",,molecule,normalized,SET_NULL,HIGH
cd,cd_007,sb_007_00046,아토바 에프,아토바에프,아토바에프,"atorvastatin calcium trihydrate  ( as atorvastatin),  ezetimibe",,molecule,normalized,SET_NULL,HIGH
cd,cd_007,sb_007_00048,에이젯,에이젯,에이젯,"atorvastatin calcium trihydrate  ( as atorvastatin),  ezetimibe",,molecule,normalized,SET_NULL,HIGH
cd,cd_007,sb_007_00050,아토이브,아토이브,아토이브,"atorvastatin calcium trihydrate  ( as atorvastatin),  ezetimibe",,molecule,normalized,SET_NULL,HIGH
cd,cd_007,sb_007_00053,아토반 듀오,아토반듀오,아토반듀오,"atorvastatin calcium trihydrate  ( as atorvastatin),  ezetimibe",,molecule,normalized,SET_NULL,HIGH
cd,cd_007,sb_007_00057,아토스타젯,아토스타젯,아토스타젯,"atorvastatin calcium trihydrate  ( as atorvastatin),  ezetimibe",,molecule,normalized,SET_NULL,HIGH
cd,cd_007,sb_007_00060,아토엠젯,아토엠젯,아토엠젯,"atorvastatin calcium trihydrate  ( as atorvastatin),  ezetimibe",,molecule,normalized,SET_NULL,HIGH
cd,cd_007,sb_007_00063,아토에제,아토에제,아토에제,"atorvastatin calcium trihydrate  ( as atorvastatin),  ezetimibe",,molecule,normalized,SET_NULL,HIGH
cd,cd_007,sb_007_00066,에젯토,에젯토,에젯토,"atorvastatin calcium trihydrate  ( as atorvastatin),  ezetimibe",,molecule,normalized,SET_NULL,HIGH
cd,cd_007,sb_007_00069,엘오공,엘오공,엘오공,"atorvastatin calcium trihydrate  ( as atorvastatin),  ezetimibe",,molecule,normalized,SET_NULL,HIGH
cd,cd_007,sb_007_00073,리피아젯,리피아젯,리피아젯,"atorvastatin calcium trihydrate  ( as atorvastatin),  ezetimibe",,molecule,normalized,SET_NULL,HIGH
cd,cd_007,sb_007_00076,아트로젯,아트로젯,아트로젯,"atorvastatin calcium trihydrate  ( as atorvastatin),  ezetimibe",,molecule,normalized,SET_NULL,HIGH
cd,cd_007,sb_007_00079,제토바,제토바,제토바,"atorvastatin calcium trihydrate  ( as atorvastatin),  ezetimibe",,molecule,normalized,SET_NULL,HIGH
cd,cd_007,sb_007_00081,리피토 플러스,리피토플러스,리피토플러스,"atorvastatin calcium trihydrate  ( as atorvastatin),  ezetimibe",,molecule,normalized,SET_NULL,HIGH
cd,cd_007,sb_007_00084,삼토젯,삼토젯,삼토젯,"atorvastatin calcium trihydrate  ( as atorvastatin),  ezetimibe",,molecule,normalized,SET_NULL,HIGH
cd,cd_007,sb_007_00087,바로다운,바로다운,바로다운,"atorvastatin calcium trihydrate  ( as atorvastatin),  ezetimibe",,molecule,normalized,SET_NULL,HIGH
cd,cd_007,sb_007_00089,아토로우 플러스,아토로우플러스,아토로우플러스,"atorvastatin calcium trihydrate  ( as atorvastatin),  ezetimibe",,molecule,normalized,SET_NULL,HIGH
cd,cd_007,sb_007_00091,듀토르,듀토르,듀토르,"atorvastatin calcium trihydrate  ( as atorvastatin),  ezetimibe",,molecule,normalized,SET_NULL,HIGH
cd,cd_007,sb_007_00093,젠토르,젠토르,젠토르,"atorvastatin calcium trihydrate  ( as atorvastatin),  ezetimibe",,molecule,normalized,SET_NULL,HIGH
cd,cd_007,sb_007_00095,셀토젯,셀토젯,셀토젯,"atorvastatin calcium trihydrate  ( as atorvastatin),  ezetimibe",,molecule,normalized,SET_NULL,HIGH
cd,cd_007,sb_007_00097,리피젯,리피젯,리피젯,"atorvastatin calcium trihydrate  ( as atorvastatin),  ezetimibe",,molecule,normalized,SET_NULL,HIGH
cd,cd_007,sb_007_00099,아로젯,아로젯,아로젯,"atorvastatin calcium trihydrate  ( as atorvastatin),  ezetimibe",,molecule,normalized,SET_NULL,HIGH
cd,cd_007,sb_007_00102,아로틴 플러스,아로틴플러스,아로틴플러스,"atorvastatin calcium trihydrate  ( as atorvastatin),  ezetimibe",,molecule,normalized,SET_NULL,HIGH
cd,cd_007,sb_007_00105,리피티젯,리피티젯,리피티젯,"atorvastatin calcium trihydrate  ( as atorvastatin),  ezetimibe",,molecule,normalized,SET_NULL,HIGH
cd,cd_007,sb_007_00106,아이토젯,아이토젯,아이토젯,"atorvastatin calcium trihydrate  ( as atorvastatin),  ezetimibe",,molecule,normalized,SET_NULL,HIGH
cd,cd_007,sb_007_00108,올피토젯,올피토젯,올피토젯,"atorvastatin calcium trihydrate  ( as atorvastatin),  ezetimibe",,molecule,normalized,SET_NULL,HIGH
cd,cd_007,sb_007_00110,뉴 아토르젯,뉴아토르젯,뉴아토르젯,"atorvastatin calcium trihydrate  ( as atorvastatin),  ezetimibe",,molecule,normalized,SET_NULL,HIGH
cd,cd_007,sb_007_00113,리포젯,리포젯,리포젯,"atorvastatin calcium trihydrate  ( as atorvastatin),  ezetimibe",,molecule,normalized,SET_NULL,HIGH
cd,cd_007,sb_007_00115,아르바젯,아르바젯,아르바젯,"atorvastatin calcium trihydrate  ( as atorvastatin),  ezetimibe",,molecule,normalized,SET_NULL,HIGH
cd,cd_007,sb_007_00117,아제티브,아제티브,아제티브,"atorvastatin calcium trihydrate  ( as atorvastatin),  ezetimibe",,molecule,normalized,SET_NULL,HIGH
cd,cd_007,sb_007_00120,에바스젯,에바스젯,에바스젯,"atorvastatin calcium trihydrate  ( as atorvastatin),  ezetimibe",,molecule,normalized,SET_NULL,HIGH
cd,cd_007,sb_007_00122,라도젯,라도젯,라도젯,"atorvastatin calcium trihydrate  ( as atorvastatin),  ezetimibe",,molecule,normalized,SET_NULL,HIGH
cd,cd_007,sb_007_00125,아토 엠,아토엠,아토엠,"atorvastatin calcium trihydrate  ( as atorvastatin),  ezetimibe",,molecule,normalized,SET_NULL,HIGH
cd,cd_007,sb_007_00127,제피토,제피토,제피토,"atorvastatin calcium trihydrate  ( as atorvastatin),  ezetimibe",,molecule,normalized,SET_NULL,HIGH
cd,cd_007,sb_007_00131,아젯탐,아젯탐,아젯탐,"atorvastatin calcium trihydrate  ( as atorvastatin),  ezetimibe",,molecule,normalized,SET_NULL,HIGH
cd,cd_007,sb_007_00134,엔비젯,엔비젯,엔비젯,"atorvastatin calcium trihydrate  ( as atorvastatin),  ezetimibe",,molecule,normalized,SET_NULL,HIGH
cd,cd_007,sb_007_00137,알트젯,알트젯,알트젯,"atorvastatin calcium trihydrate  ( as atorvastatin),  ezetimibe",,molecule,normalized,SET_NULL,HIGH
cd,cd_007,sb_007_00139,아토바진 플러스,아토바진플러스,아토바진플러스,"atorvastatin calcium trihydrate  ( as atorvastatin),  ezetimibe",,molecule,normalized,SET_NULL,HIGH
cd,cd_007,sb_007_00142,아토르 큐 젯,아토르큐젯,아토르큐젯,"atorvastatin calcium trihydrate  ( as atorvastatin),  ezetimibe",,molecule,normalized,SET_NULL,HIGH
cd,cd_007,sb_007_00144,아토젯,아토젯,아토젯,"atorvastatin calcium trihydrate  ( as atorvastatin),  ezetimibe",,molecule,normalized,SET_NULL,HIGH
cd,cd_007,sb_007_00148,아토로우 엠,아토로우엠,아토로우엠,"atorvastatin calcium trihydrate  ( as atorvastatin),  ezetimibe",,molecule,normalized,SET_NULL,HIGH
cd,cd_007,sb_007_00150,아바젯,아바젯,아바젯,"atorvastatin calcium trihydrate  ( as atorvastatin),  ezetimibe",,molecule,normalized,SET_NULL,HIGH
cd,cd_007,sb_007_00153,에제토바,에제토바,에제토바,"atorvastatin calcium trihydrate  ( as atorvastatin),  ezetimibe",,molecule,normalized,SET_NULL,HIGH
cd,cd_007,sb_007_00154,토바젯,토바젯,토바젯,"atorvastatin calcium trihydrate  ( as atorvastatin),  ezetimibe",,molecule,normalized,SET_NULL,HIGH
cd,cd_007,sb_007_00156,토르제토,토르제토,토르제토,"atorvastatin calcium trihydrate  ( as atorvastatin),  ezetimibe",,molecule,normalized,SET_NULL,HIGH
cd,cd_007,sb_007_00158,와이젯,와이젯,와이젯,"atorvastatin calcium trihydrate  ( as atorvastatin),  ezetimibe",,molecule,normalized,SET_NULL,HIGH
cd,cd_007,sb_007_00160,유토젯,유토젯,유토젯,"atorvastatin calcium trihydrate  ( as atorvastatin),  ezetimibe",,molecule,normalized,SET_NULL,HIGH
cd,cd_007,sb_007_00163,아토바미브,아토바미브,아토바미브,"atorvastatin calcium trihydrate  ( as atorvastatin),  ezetimibe",,molecule,normalized,SET_NULL,HIGH
cd,cd_007,sb_007_00167,에브젯,에브젯,에브젯,"atorvastatin calcium trihydrate  ( as atorvastatin),  ezetimibe",,molecule,normalized,SET_NULL,HIGH
cd,cd_007,sb_007_00170,바스타젯,바스타젯,바스타젯,"atorvastatin calcium trihydrate  ( as atorvastatin),  ezetimibe",,molecule,normalized,SET_NULL,HIGH
cd,cd_007,sb_007_00172,아토에브,아토에브,아토에브,"atorvastatin calcium trihydrate  ( as atorvastatin),  ezetimibe",,molecule,normalized,SET_NULL,HIGH
cd,cd_007,sb_007_00173,인토젯,인토젯,인토젯,"atorvastatin calcium trihydrate  ( as atorvastatin),  ezetimibe",,molecule,normalized,SET_NULL,HIGH
cd,cd_007,sb_007_00175,아토미브,아토미브,아토미브,"atorvastatin calcium trihydrate  ( as atorvastatin),  ezetimibe",,molecule,normalized,SET_NULL,HIGH
cd,cd_007,sb_007_00179,일성 에젯틴,일성에젯틴,일성에젯틴,"atorvastatin calcium trihydrate  ( as atorvastatin),  ezetimibe",,molecule,normalized,SET_NULL,HIGH
cd,cd_007,sb_007_00182,듀얼 아토,듀얼아토,듀얼아토,"atorvastatin calcium trihydrate  ( as atorvastatin),  ezetimibe",,molecule,normalized,SET_NULL,HIGH
cd,cd_007,sb_007_00184,아토에,아토에,아토에,"atorvastatin calcium trihydrate  ( as atorvastatin),  ezetimibe",,molecule,normalized,SET_NULL,HIGH
cd,cd_007,sb_007_00186,제뉴원 아제브,제뉴원아제브,제뉴원아제브,"atorvastatin calcium trihydrate  ( as atorvastatin),  ezetimibe",,molecule,normalized,SET_NULL,HIGH
cd,cd_007,sb_007_00189,아토에제트,아토에제트,아토에제트,"atorvastatin calcium trihydrate  ( as atorvastatin),  ezetimibe",,molecule,normalized,SET_NULL,HIGH
cd,cd_007,sb_007_00191,리피로우젯,리피로우젯,리피로우젯,"atorvastatin calcium trihydrate  ( as atorvastatin),  ezetimibe",,molecule,normalized,SET_NULL,HIGH
cd,cd_007,sb_007_00195,아토엘젯,아토엘젯,아토엘젯,"atorvastatin calcium trihydrate  ( as atorvastatin),  ezetimibe",,molecule,normalized,SET_NULL,HIGH
cd,cd_007,sb_007_00198,진토젯,진토젯,진토젯,"atorvastatin calcium trihydrate  ( as atorvastatin),  ezetimibe",,molecule,normalized,SET_NULL,HIGH
cd,cd_007,sb_007_00201,아드젯,아드젯,아드젯,"atorvastatin calcium trihydrate  ( as atorvastatin),  ezetimibe",,molecule,normalized,SET_NULL,HIGH
cd,cd_007,sb_007_00203,아토켓,아토켓,아토켓,"atorvastatin calcium trihydrate  ( as atorvastatin),  ezetimibe",,molecule,normalized,SET_NULL,HIGH
cd,cd_007,sb_007_00205,아르젯,아르젯,아르젯,"atorvastatin calcium trihydrate  ( as atorvastatin),  ezetimibe",,molecule,normalized,SET_NULL,HIGH
cd,cd_007,sb_007_00208,글로젯,글로젯,글로젯,"atorvastatin calcium trihydrate  ( as atorvastatin),  ezetimibe",,molecule,normalized,SET_NULL,HIGH
cd,cd_007,sb_007_00210,제티스토,제티스토,제티스토,"atorvastatin calcium trihydrate  ( as atorvastatin),  ezetimibe",,molecule,normalized,SET_NULL,HIGH
cd,cd_007,sb_007_00212,아토브,아토브,아토브,"atorvastatin calcium trihydrate  ( as atorvastatin),  ezetimibe",,molecule,normalized,SET_NULL,HIGH
cd,cd_007,sb_007_00214,리바젯,리바젯,리바젯,"atorvastatin calcium trihydrate  ( as atorvastatin),  ezetimibe",,molecule,normalized,SET_NULL,HIGH
cd,cd_007,sb_007_00216,아토르젯,아토르젯,아토르젯,"atorvastatin calcium trihydrate  ( as atorvastatin),  ezetimibe",,molecule,normalized,SET_NULL,HIGH
cd,cd_007,sb_007_00218,아리토린,아리토린,아리토린,"atorvastatin calcium trihydrate  ( as atorvastatin),  ezetimibe",,molecule,normalized,SET_NULL,HIGH
cd,cd_007,sb_007_00221,아토에젯,아토에젯,아토에젯,"atorvastatin calcium trihydrate  ( as atorvastatin),  ezetimibe",,molecule,normalized,SET_NULL,HIGH
cd,cd_007,sb_007_00223,한토젯,한토젯,한토젯,"atorvastatin calcium trihydrate  ( as atorvastatin),  ezetimibe",,molecule,normalized,SET_NULL,HIGH
cd,cd_007,sb_007_00225,아토 제이,아토제이,아토제이,"atorvastatin calcium trihydrate  ( as atorvastatin),  ezetimibe",,molecule,normalized,SET_NULL,HIGH
cd,cd_007,sb_007_00227,아트로드 플러스,아트로드플러스,아트로드플러스,"atorvastatin calcium trihydrate  ( as atorvastatin),  ezetimibe",,molecule,normalized,SET_NULL,HIGH
cd,cd_007,sb_007_00230,콤비젯,콤비젯,콤비젯,"atorvastatin calcium trihydrate  ( as atorvastatin),  ezetimibe",,molecule,normalized,SET_NULL,HIGH
cd,cd_007,sb_007_00233,에제토젯,에제토젯,에제토젯,"atorvastatin calcium trihydrate  ( as atorvastatin),  ezetimibe",,molecule,normalized,SET_NULL,HIGH
cd,cd_007,sb_007_00234,에토르,에토르,에토르,"atorvastatin calcium trihydrate  ( as atorvastatin),  ezetimibe",,molecule,normalized,SET_NULL,HIGH
cd,cd_007,sb_007_00237,휴토젯,휴토젯,휴토젯,"atorvastatin calcium trihydrate  ( as atorvastatin),  ezetimibe",,molecule,normalized,SET_NULL,HIGH
cd,cd_007,sb_007_00238,아미브,아미브,아미브,"atorvastatin calcium trihydrate  ( as atorvastatin),  ezetimibe",,molecule,normalized,SET_NULL,HIGH
cd,cd_007,sb_007_00240,아토티브,아토티브,아토티브,"atorvastatin calcium trihydrate  ( as atorvastatin),  ezetimibe",,molecule,normalized,SET_NULL,HIGH
cd,cd_007,sb_007_00243,오스젯,오스젯,오스젯,"atorvastatin calcium trihydrate  ( as atorvastatin),  ezetimibe",,molecule,normalized,SET_NULL,HIGH
cd,cd_007,sb_007_00244,토스젯,토스젯,토스젯,"atorvastatin calcium trihydrate  ( as atorvastatin),  ezetimibe",,molecule,normalized,SET_NULL,HIGH
cd,cd_007,sb_007_00246,아토메가,아토메가,아토메가,"atorvastatin calcium trihydrate  ( as atorvastatin),  omega-3-acids ethyl esters90",,molecule,normalized,SET_NULL,HIGH
cd,cd_007,sb_007_00247,뉴토메가,뉴토메가,뉴토메가,"atorvastatin calcium trihydrate  ( as atorvastatin),  omega-3-acids ethyl esters90",,molecule,normalized,SET_NULL,HIGH
cd,cd_007,sb_007_00249,휴토메가,휴토메가,휴토메가,"atorvastatin calcium trihydrate  ( as atorvastatin),  omega-3-acids ethyl esters90",,molecule,normalized,SET_NULL,HIGH
cd,cd_007,sb_007_00250,알리페브,알리페브,알리페브,"ezetimibe,  fenofibrate",,molecule,normalized,SET_NULL,HIGH
cd,cd_007,sb_007_00251,페노제티브,페노제티브,페노제티브,"ezetimibe,  fenofibrate",,molecule,normalized,SET_NULL,HIGH
cd,cd_007,sb_007_00252,에제페노,에제페노,에제페노,"ezetimibe,  fenofibrate",,molecule,normalized,SET_NULL,HIGH
cd,cd_007,sb_007_00253,에제슈프라,에제슈프라,에제슈프라,"ezetimibe,  fenofibrate",,molecule,normalized,SET_NULL,HIGH
cd,cd_007,sb_007_00254,타바로젯,타바로젯,타바로젯,"ezetimibe,  pitavastatin calcium hydrate  ( as pitavastatin calcium)",,molecule,normalized,SET_NULL,HIGH
cd,cd_007,sb_007_00256,피제트,피제트,피제트,"ezetimibe,  pitavastatin calcium hydrate  ( as pitavastatin calcium)",,molecule,normalized,SET_NULL,HIGH
cd,cd_007,sb_007_00258,엘제로젯,엘제로젯,엘제로젯,"ezetimibe,  pitavastatin calcium hydrate  ( as pitavastatin calcium)",,molecule,normalized,SET_NULL,HIGH
cd,cd_007,sb_007_00260,페바로젯,페바로젯,페바로젯,"ezetimibe,  pitavastatin calcium hydrate  ( as pitavastatin calcium)",,molecule,normalized,SET_NULL,HIGH
cd,cd_007,sb_007_00262,스타젯,스타젯,스타젯,"ezetimibe,  pitavastatin calcium hydrate  ( as pitavastatin calcium)",,molecule,normalized,SET_NULL,HIGH
cd,cd_007,sb_007_00264,리바로젯,리바로젯,리바로젯,"ezetimibe,  pitavastatin calcium hydrate  ( as pitavastatin calcium)",,molecule,normalized,SET_NULL,HIGH
cd,cd_007,sb_007_00266,듀오로반,듀오로반,듀오로반,"ezetimibe,  rosuvastatin calcium  ( as rosuvastatin)",,molecule,normalized,SET_NULL,HIGH
cd,cd_007,sb_007_00269,로수에지,로수에지,로수에지,"ezetimibe,  rosuvastatin calcium  ( as rosuvastatin)",,molecule,normalized,SET_NULL,HIGH
cd,cd_007,sb_007_00272,로제 케이,로제케이,로제케이,"ezetimibe,  rosuvastatin calcium  ( as rosuvastatin)",,molecule,normalized,SET_NULL,HIGH
cd,cd_007,sb_007_00275,에제로바,에제로바,에제로바,"ezetimibe,  rosuvastatin calcium  ( as rosuvastatin)",,molecule,normalized,SET_NULL,HIGH
cd,cd_007,sb_007_00278,다비듀오,다비듀오,다비듀오,"ezetimibe,  rosuvastatin calcium  ( as rosuvastatin)",,molecule,normalized,SET_NULL,HIGH
cd,cd_007,sb_007_00282,로바듀엣,로바듀엣,로바듀엣,"ezetimibe,  rosuvastatin calcium  ( as rosuvastatin)",,molecule,normalized,SET_NULL,HIGH
cd,cd_007,sb_007_00284,로에제,로에제,로에제,"ezetimibe,  rosuvastatin calcium  ( as rosuvastatin)",,molecule,normalized,SET_NULL,HIGH
cd,cd_007,sb_007_00287,크레젯,크레젯,크레젯,"ezetimibe,  rosuvastatin calcium  ( as rosuvastatin)",,molecule,normalized,SET_NULL,HIGH
cd,cd_007,sb_007_00291,크로우젯,크로우젯,크로우젯,"ezetimibe,  rosuvastatin calcium  ( as rosuvastatin)",,molecule,normalized,SET_NULL,HIGH
cd,cd_007,sb_007_00294,탑스타틴 에프,탑스타틴에프,탑스타틴에프,"ezetimibe,  rosuvastatin calcium  ( as rosuvastatin)",,molecule,normalized,SET_NULL,HIGH
cd,cd_007,sb_007_00297,알제트,알제트,알제트,"ezetimibe,  rosuvastatin calcium  ( as rosuvastatin)",,molecule,normalized,SET_NULL,HIGH
cd,cd_007,sb_007_00300,로바 이지,로바이지,로바이지,"ezetimibe,  rosuvastatin calcium  ( as rosuvastatin)",,molecule,normalized,SET_NULL,HIGH
cd,cd_007,sb_007_00302,로수탄젯,로수탄젯,로수탄젯,"ezetimibe,  rosuvastatin calcium  ( as rosuvastatin)",,molecule,normalized,SET_NULL,HIGH
cd,cd_007,sb_007_00305,로우로제,로우로제,로우로제,"ezetimibe,  rosuvastatin calcium  ( as rosuvastatin)",,molecule,normalized,SET_NULL,HIGH
cd,cd_007,sb_007_00306,듀오논,듀오논,듀오논,"ezetimibe,  rosuvastatin calcium  ( as rosuvastatin)",,molecule,normalized,SET_NULL,HIGH
cd,cd_007,sb_007_00309,로티브,로티브,로티브,"ezetimibe,  rosuvastatin calcium  ( as rosuvastatin)",,molecule,normalized,SET_NULL,HIGH
cd,cd_007,sb_007_00312,로수엠젯,로수엠젯,로수엠젯,"ezetimibe,  rosuvastatin calcium  ( as rosuvastatin)",,molecule,normalized,SET_NULL,HIGH
cd,cd_007,sb_007_00316,로수에제,로수에제,로수에제,"ezetimibe,  rosuvastatin calcium  ( as rosuvastatin)",,molecule,normalized,SET_NULL,HIGH
cd,cd_007,sb_007_00319,로젯,로젯,로젯,"ezetimibe,  rosuvastatin calcium  ( as rosuvastatin)",,molecule,normalized,SET_NULL,HIGH
cd,cd_007,sb_007_00323,이지산트,이지산트,이지산트,"ezetimibe,  rosuvastatin calcium  ( as rosuvastatin)",,molecule,normalized,SET_NULL,HIGH
cd,cd_007,sb_007_00327,뉴스타젯 알,뉴스타젯알,뉴스타젯알,"ezetimibe,  rosuvastatin calcium  ( as rosuvastatin)",,molecule,normalized,SET_NULL,HIGH
cd,cd_007,sb_007_00330,로제로우,로제로우,로제로우,"ezetimibe,  rosuvastatin calcium  ( as rosuvastatin)",,molecule,normalized,SET_NULL,HIGH
cd,cd_007,sb_007_00333,로타젯,로타젯,로타젯,"ezetimibe,  rosuvastatin calcium  ( as rosuvastatin)",,molecule,normalized,SET_NULL,HIGH
cd,cd_007,sb_007_00336,에제로수,에제로수,에제로수,"ezetimibe,  rosuvastatin calcium  ( as rosuvastatin)",,molecule,normalized,SET_NULL,HIGH
cd,cd_007,sb_007_00340,로티젯,로티젯,로티젯,"ezetimibe,  rosuvastatin calcium  ( as rosuvastatin)",,molecule,normalized,SET_NULL,HIGH
cd,cd_007,sb_007_00343,크레트롤,크레트롤,크레트롤,"ezetimibe,  rosuvastatin calcium  ( as rosuvastatin)",,molecule,normalized,SET_NULL,HIGH
cd,cd_007,sb_007_00346,슈바젯,슈바젯,슈바젯,"ezetimibe,  rosuvastatin calcium  ( as rosuvastatin)",,molecule,normalized,SET_NULL,HIGH
cd,cd_007,sb_007_00349,크레스젯,크레스젯,크레스젯,"ezetimibe,  rosuvastatin calcium  ( as rosuvastatin)",,molecule,normalized,SET_NULL,HIGH
cd,cd_007,sb_007_00351,로제티브,로제티브,로제티브,"ezetimibe,  rosuvastatin calcium  ( as rosuvastatin)",,molecule,normalized,SET_NULL,HIGH
cd,cd_007,sb_007_00354,립스타 플러스,립스타플러스,립스타플러스,"ezetimibe,  rosuvastatin calcium  ( as rosuvastatin)",,molecule,normalized,SET_NULL,HIGH
cd,cd_007,sb_007_00357,로수 듀오,로수듀오,로수듀오,"ezetimibe,  rosuvastatin calcium  ( as rosuvastatin)",,molecule,normalized,SET_NULL,HIGH
cd,cd_007,sb_007_00360,로바젯,로바젯,로바젯,"ezetimibe,  rosuvastatin calcium  ( as rosuvastatin)",,molecule,normalized,SET_NULL,HIGH
cd,cd_007,sb_007_00364,로젯탐,로젯탐,로젯탐,"ezetimibe,  rosuvastatin calcium  ( as rosuvastatin)",,molecule,normalized,SET_NULL,HIGH
cd,cd_007,sb_007_00367,크레아진 플러스,크레아진플러스,크레아진플러스,"ezetimibe,  rosuvastatin calcium  ( as rosuvastatin)",,molecule,normalized,SET_NULL,HIGH
cd,cd_007,sb_007_00370,유로바젯,유로바젯,유로바젯,"ezetimibe,  rosuvastatin calcium  ( as rosuvastatin)",,molecule,normalized,SET_NULL,HIGH
cd,cd_007,sb_007_00373,로수바미브,로수바미브,로수바미브,"ezetimibe,  rosuvastatin calcium  ( as rosuvastatin)",,molecule,normalized,SET_NULL,HIGH
cd,cd_007,sb_007_00377,크레바젯,크레바젯,크레바젯,"ezetimibe,  rosuvastatin calcium  ( as rosuvastatin)",,molecule,normalized,SET_NULL,HIGH
cd,cd_007,sb_007_00380,드롭탑,드롭탑,드롭탑,"ezetimibe,  rosuvastatin calcium  ( as rosuvastatin)",,molecule,normalized,SET_NULL,HIGH
cd,cd_007,sb_007_00383,로제듀오,로제듀오,로제듀오,"ezetimibe,  rosuvastatin calcium  ( as rosuvastatin)",,molecule,normalized,SET_NULL,HIGH
cd,cd_007,sb_007_00387,로수브젯,로수브젯,로수브젯,"ezetimibe,  rosuvastatin calcium  ( as rosuvastatin)",,molecule,normalized,SET_NULL,HIGH
cd,cd_007,sb_007_00390,로미젯,로미젯,로미젯,"ezetimibe,  rosuvastatin calcium  ( as rosuvastatin)",,molecule,normalized,SET_NULL,HIGH
cd,cd_007,sb_007_00393,크바젯,크바젯,크바젯,"ezetimibe,  rosuvastatin calcium  ( as rosuvastatin)",,molecule,normalized,SET_NULL,HIGH
cd,cd_007,sb_007_00396,로스토린,로스토린,로스토린,"ezetimibe,  rosuvastatin calcium  ( as rosuvastatin)",,molecule,normalized,SET_NULL,HIGH
cd,cd_007,sb_007_00399,로수에젯,로수에젯,로수에젯,"ezetimibe,  rosuvastatin calcium  ( as rosuvastatin)",,molecule,normalized,SET_NULL,HIGH
cd,cd_007,sb_007_00402,메가로젯,메가로젯,메가로젯,"ezetimibe,  rosuvastatin calcium  ( as rosuvastatin)",,molecule,normalized,SET_NULL,HIGH
cd,cd_007,sb_007_00405,크레더블,크레더블,크레더블,"ezetimibe,  rosuvastatin calcium  ( as rosuvastatin)",,molecule,normalized,SET_NULL,HIGH
cd,cd_007,sb_007_00409,로수젯,로수젯,로수젯,"ezetimibe,  rosuvastatin calcium  ( as rosuvastatin)",,molecule,normalized,SET_NULL,HIGH
cd,cd_007,sb_007_00413,로티미브,로티미브,로티미브,"ezetimibe,  rosuvastatin calcium  ( as rosuvastatin)",,molecule,normalized,SET_NULL,HIGH
cd,cd_007,sb_007_00416,콤비로제,콤비로제,콤비로제,"ezetimibe,  rosuvastatin calcium  ( as rosuvastatin)",,molecule,normalized,SET_NULL,HIGH
cd,cd_007,sb_007_00419,에슈바,에슈바,에슈바,"ezetimibe,  rosuvastatin calcium  ( as rosuvastatin)",,molecule,normalized,SET_NULL,HIGH
cd,cd_007,sb_007_00422,크레스티브,크레스티브,크레스티브,"ezetimibe,  rosuvastatin calcium  ( as rosuvastatin)",,molecule,normalized,SET_NULL,HIGH
cd,cd_007,sb_007_00426,바이제틴,바이제틴,바이제틴,"ezetimibe,  simvastatin",,molecule,normalized,SET_NULL,HIGH
cd,cd_007,sb_007_00428,심바듀엣,심바듀엣,심바듀엣,"ezetimibe,  simvastatin",,molecule,normalized,SET_NULL,HIGH
cd,cd_007,sb_007_00429,베아토린,베아토린,베아토린,"ezetimibe,  simvastatin",,molecule,normalized,SET_NULL,HIGH
cd,cd_007,sb_007_00431,아이토린,아이토린,아이토린,"ezetimibe,  simvastatin",,molecule,normalized,SET_NULL,HIGH
cd,cd_007,sb_007_00433,엔피토린,엔피토린,엔피토린,"ezetimibe,  simvastatin",,molecule,normalized,SET_NULL,HIGH
cd,cd_007,sb_007_00435,심바트롤,심바트롤,심바트롤,"ezetimibe,  simvastatin",,molecule,normalized,SET_NULL,HIGH
cd,cd_007,sb_007_00437,바이테롤,바이테롤,바이테롤,"ezetimibe,  simvastatin",,molecule,normalized,SET_NULL,HIGH
cd,cd_007,sb_007_00439,심바제트,심바제트,심바제트,"ezetimibe,  simvastatin",,molecule,normalized,SET_NULL,HIGH
cd,cd_007,sb_007_00441,이지심바,이지심바,이지심바,"ezetimibe,  simvastatin",,molecule,normalized,SET_NULL,HIGH
cd,cd_007,sb_007_00443,바이시브,바이시브,바이시브,"ezetimibe,  simvastatin",,molecule,normalized,SET_NULL,HIGH
cd,cd_007,sb_007_00445,듀오토린,듀오토린,듀오토린,"ezetimibe,  simvastatin",,molecule,normalized,SET_NULL,HIGH
cd,cd_007,sb_007_00447,에제심바,에제심바,에제심바,"ezetimibe,  simvastatin",,molecule,normalized,SET_NULL,HIGH
cd,cd_007,sb_007_00449,씨트토린,씨트토린,씨트토린,"ezetimibe,  simvastatin",,molecule,normalized,SET_NULL,HIGH
cd,cd_007,sb_007_00451,바이트린 큐,바이트린큐,바이트린큐,"ezetimibe,  simvastatin",,molecule,normalized,SET_NULL,HIGH
cd,cd_007,sb_007_00453,바이토린,바이토린,바이토린,"ezetimibe,  simvastatin",,molecule,normalized,SET_NULL,HIGH
cd,cd_007,sb_007_00456,심바토린,심바토린,심바토린,"ezetimibe,  simvastatin",,molecule,normalized,SET_NULL,HIGH
cd,cd_007,sb_007_00458,심제트,심제트,심제트,"ezetimibe,  simvastatin",,molecule,normalized,SET_NULL,HIGH
cd,cd_007,sb_007_00460,심펙스 듀오,심펙스듀오,심펙스듀오,"ezetimibe,  simvastatin",,molecule,normalized,SET_NULL,HIGH
cd,cd_007,sb_007_00462,바이제타,바이제타,바이제타,"ezetimibe,  simvastatin",,molecule,normalized,SET_NULL,HIGH
cd,cd_007,sb_007_00464,바스타에,바스타에,바스타에,"ezetimibe,  simvastatin",,molecule,normalized,SET_NULL,HIGH
cd,cd_007,sb_007_00466,에제스타,에제스타,에제스타,"ezetimibe,  simvastatin",,molecule,normalized,SET_NULL,HIGH
cd,cd_007,sb_007_00468,바이테브,바이테브,바이테브,"ezetimibe,  simvastatin",,molecule,normalized,SET_NULL,HIGH
cd,cd_007,sb_007_00470,바이스타,바이스타,바이스타,"ezetimibe,  simvastatin",,molecule,normalized,SET_NULL,HIGH
cd,cd_007,sb_007_00472,임펙트윈,임펙트윈,임펙트윈,"ezetimibe,  simvastatin",,molecule,normalized,SET_NULL,HIGH
cd,cd_007,sb_007_00474,심록스 에이,심록스에이,심록스에이,"ezetimibe,  simvastatin",,molecule,normalized,SET_NULL,HIGH
cd,cd_007,sb_007_00475,심록스 에프,심록스에프,심록스에프,"ezetimibe,  simvastatin",,molecule,normalized,SET_NULL,HIGH
cd,cd_007,sb_007_00476,바이스틴,바이스틴,바이스틴,"ezetimibe,  simvastatin",,molecule,normalized,SET_NULL,HIGH
cd,cd_007,sb_007_00478,이지토린,이지토린,이지토린,"ezetimibe,  simvastatin",,molecule,normalized,SET_NULL,HIGH
cd,cd_007,sb_007_00480,심바티브,심바티브,심바티브,"ezetimibe,  simvastatin",,molecule,normalized,SET_NULL,HIGH
cd,cd_007,sb_007_00482,업타바,업타바,업타바,"fenofibrate granule,  pitavastatin calcium",PTV/Fenofibrate granule,molecule,normalized,UPDATE,HIGH
cd,cd_007,sb_007_00483,피에프,피에프,피에프,"fenofibrate granule,  pitavastatin calcium",PTV/Fenofibrate granule,molecule,normalized,UPDATE,HIGH
cd,cd_007,sb_007_00484,피타론 에프,피타론에프,피타론에프,"fenofibrate granule,  pitavastatin calcium",PTV/Fenofibrate granule,molecule,normalized,UPDATE,HIGH
cd,cd_007,sb_007_00485,피타뉴펜,피타뉴펜,피타뉴펜,"fenofibrate granule,  pitavastatin calcium",PTV/Fenofibrate granule,molecule,normalized,UPDATE,HIGH
cd,cd_007,sb_007_00486,리바펜,리바펜,리바펜,"fenofibrate granule,  pitavastatin calcium",PTV/Fenofibrate granule,molecule,normalized,UPDATE,HIGH
cd,cd_007,sb_007_00487,뉴스타틴 듀오,뉴스타틴듀오,뉴스타틴듀오,"fenofibrate granule,  pitavastatin calcium",PTV/Fenofibrate granule,molecule,normalized,UPDATE,HIGH
cd,cd_007,sb_007_00488,셀타펜,셀타펜,셀타펜,"fenofibrate granule,  pitavastatin calcium",PTV/Fenofibrate granule,molecule,normalized,UPDATE,HIGH
cd,cd_007,sb_007_00489,스타페노,스타페노,스타페노,"fenofibrate granule,  pitavastatin calcium",PTV/Fenofibrate granule,molecule,normalized,UPDATE,HIGH
cd,cd_007,sb_007_00490,페바로 에프,페바로에프,페바로에프,"fenofibrate granule,  pitavastatin calcium",PTV/Fenofibrate granule,molecule,normalized,UPDATE,HIGH
cd,cd_007,sb_007_00491,타스페노,타스페노,타스페노,"fenofibrate granule,  pitavastatin calcium",PTV/Fenofibrate granule,molecule,normalized,UPDATE,HIGH
cd,cd_007,sb_007_00492,피바펜,피바펜,피바펜,"fenofibrate granule,  pitavastatin calcium",PTV/Fenofibrate granule,molecule,normalized,UPDATE,HIGH
cd,cd_007,sb_007_00493,리로우펜,리로우펜,리로우펜,"fenofibrate granule,  pitavastatin calcium",PTV/Fenofibrate granule,molecule,normalized,UPDATE,HIGH
cd,cd_007,sb_007_00494,리페스틴,리페스틴,리페스틴,"fenofibrate granule,  pitavastatin calcium",PTV/Fenofibrate granule,molecule,normalized,UPDATE,HIGH
cd,cd_007,sb_007_00495,스타펜,스타펜,스타펜,"fenofibrate granule,  pitavastatin calcium",PTV/Fenofibrate granule,molecule,normalized,UPDATE,HIGH
cd,cd_007,sb_007_00496,리바페논,리바페논,리바페논,"fenofibrate granule,  pitavastatin calcium",PTV/Fenofibrate granule,molecule,normalized,UPDATE,HIGH
cd,cd_007,sb_007_00497,프라바페닉스,프라바페닉스,프라바페닉스,"fenofibrate,  pravastatin sodium",PRV/Fenofibrate,molecule,normalized,UPDATE,HIGH
cd,cd_007,sb_007_00498,피타릭,피타릭,피타릭,"fenofibric acid,  pitavastatin calcium hydrate  ( as pitavastatin calcium)",PTV/Fenofibric acid,molecule,normalized,UPDATE,HIGH
cd,cd_007,sb_007_00500,피타스론,피타스론,피타스론,"micronized fenofibrate,  pitavastatin calcium",PTV/Micronized fenofibrate,molecule,normalized,UPDATE,HIGH
cd,cd_007,sb_007_00501,바로페노,바로페노,바로페노,"micronized fenofibrate,  pitavastatin calcium",PTV/Micronized fenofibrate,molecule,normalized,UPDATE,HIGH
cd,cd_007,sb_007_00502,피타렛,피타렛,피타렛,"micronized fenofibrate,  pitavastatin calcium",PTV/Micronized fenofibrate,molecule,normalized,UPDATE,HIGH
cd,cd_007,sb_007_00503,피타에프,피타에프,피타에프,"micronized fenofibrate,  pitavastatin calcium",PTV/Micronized fenofibrate,molecule,normalized,UPDATE,HIGH
cd,cd_007,sb_007_00504,페타바,페타바,페타바,"micronized fenofibrate,  pitavastatin calcium",PTV/Micronized fenofibrate,molecule,normalized,UPDATE,HIGH
cd,cd_007,sb_007_00505,제피노,제피노,제피노,"micronized fenofibrate,  pitavastatin calcium",PTV/Micronized fenofibrate,molecule,normalized,UPDATE,HIGH
cd,cd_007,sb_007_00506,피타로우 에프,피타로우에프,피타로우에프,"micronized fenofibrate,  pitavastatin calcium",PTV/Micronized fenofibrate,molecule,normalized,UPDATE,HIGH
cd,cd_007,sb_007_00507,리파틴 듀오,리파틴듀오,리파틴듀오,"micronized fenofibrate,  pitavastatin calcium",PTV/Micronized fenofibrate,molecule,normalized,UPDATE,HIGH
cd,cd_007,sb_007_00508,콜립,콜립,콜립,"micronized fenofibrate,  simvastatin",SMV/Micronized fenofibrate,molecule,normalized,UPDATE,HIGH
cd,cd_007,sb_007_00510,로메가,로메가,로메가,"omega-3-acids ethyl esters90,  rosuvastatin calcium",,molecule,normalized,SET_NULL,HIGH
cd,cd_007,sb_007_00511,로수메가,로수메가,로수메가,"omega-3-acids ethyl esters90,  rosuvastatin calcium",,molecule,normalized,SET_NULL,HIGH
cd,cd_007,sb_007_00512,메가로반,메가로반,메가로반,"omega-3-acids ethyl esters90,  rosuvastatin calcium",,molecule,normalized,SET_NULL,HIGH
cd,cd_007,sb_007_00513,크라티지,크라티지,크라티지,"omega-3-acids ethyl esters90,  rosuvastatin calcium",,molecule,normalized,SET_NULL,HIGH
cd,cd_007,sb_007_00514,토탈산트,토탈산트,토탈산트,"omega-3-acids ethyl esters90,  rosuvastatin calcium",,molecule,normalized,SET_NULL,HIGH
cd,cd_007,sb_007_00515,메가 엠 듀얼,메가엠듀얼,메가엠듀얼,"omega-3-acids ethyl esters90,  rosuvastatin calcium",,molecule,normalized,SET_NULL,HIGH
cd,cd_007,sb_007_00516,크레메가,크레메가,크레메가,"omega-3-acids ethyl esters90,  rosuvastatin calcium",,molecule,normalized,SET_NULL,HIGH
cd,cd_007,sb_007_00517,로수맥 콤비젤,로수맥콤비젤,로수맥콤비젤,"omega-3-acids ethyl esters90,  rosuvastatin calcium | omega-3-acids ethyl esters90,  rosuvastatin calcium  ( as rosuvastatin)",,molecule,normalized,SET_NULL,HIGH
cd,cd_007,sb_007_00518,뉴마코 알,뉴마코알,뉴마코알,"omega-3-acids ethyl esters90,  rosuvastatin calcium",,molecule,normalized,SET_NULL,HIGH
cd,cd_007,sb_007_00519,로제코,로제코,로제코,"omega-3-acids ethyl esters90,  rosuvastatin calcium",,molecule,normalized,SET_NULL,HIGH
cd,cd_007,sb_007_00520,오메가원 플러스,오메가원플러스,오메가원플러스,"omega-3-acids ethyl esters90,  rosuvastatin calcium",,molecule,normalized,SET_NULL,HIGH
cd,cd_007,sb_007_00521,로수바코,로수바코,로수바코,"omega-3-acids ethyl esters90,  rosuvastatin calcium",,molecule,normalized,SET_NULL,HIGH
cd,cd_007,sb_007_00522,로수코마,로수코마,로수코마,"omega-3-acids ethyl esters90,  rosuvastatin calcium",,molecule,normalized,SET_NULL,HIGH
cd,cd_007,sb_007_00524,베자립,베자립,베자립,bezafibrate,,molecule,normalized,SET_NULL,HIGH
cd,cd_007,sb_007_00526,티지페논,티지페논,티지페논,choline fenofibrate  ( as fenofibric acid),Choline fenofibrate,molecule,normalized,UPDATE,HIGH
cd,cd_007,sb_007_00527,페노코린,페노코린,페노코린,choline fenofibrate  ( as fenofibric acid),Choline fenofibrate,molecule,normalized,UPDATE,HIGH
cd,cd_007,sb_007_00528,페노바,페노바,페노바,fenofibrate,fenofibrate,molecule,normalized,NOOP,HIGH
cd,cd_007,sb_007_00529,네오페노,네오페노,네오페노,fenofibrate,fenofibrate,molecule,normalized,NOOP,HIGH
cd,cd_007,sb_007_00531,페노브,페노브,페노브,fenofibrate,fenofibrate,molecule,normalized,NOOP,HIGH
cd,cd_007,sb_007_00532,페노핍,페노핍,페노핍,fenofibrate,fenofibrate,molecule,normalized,NOOP,HIGH
cd,cd_007,sb_007_00533,페노핀,페노핀,페노핀,fenofibrate,fenofibrate,molecule,normalized,NOOP,HIGH
cd,cd_007,sb_007_00534,글리펜 서방,글리펜서방,,fenofibrate,fenofibrate,molecule,unmatched,NOOP,LOW
cd,cd_007,sb_007_00535,글리펜 슈프림,글리펜슈프림,글리펜슈프림,fenofibrate,fenofibrate,molecule,normalized,NOOP,HIGH
cd,cd_007,sb_007_00536,페노피,페노피,페노피,fenofibrate,fenofibrate,molecule,normalized,NOOP,HIGH
cd,cd_007,sb_007_00537,리피멧,리피멧,리피멧,fenofibrate,fenofibrate,molecule,normalized,NOOP,HIGH
cd,cd_007,sb_007_00538,페노딜,페노딜,페노딜,fenofibrate,fenofibrate,molecule,normalized,NOOP,HIGH
cd,cd_007,sb_007_00539,리피딜 슈프라,리피딜슈프라,리피딜슈프라,fenofibrate,fenofibrate,molecule,normalized,NOOP,HIGH
cd,cd_007,sb_007_00540,리피딜 엔티,리피딜엔티,리피딜엔티,fenofibrate,fenofibrate,molecule,normalized,NOOP,HIGH
cd,cd_007,sb_007_00541,티지프리,티지프리,티지프리,fenofibrate,fenofibrate,molecule,normalized,NOOP,HIGH
cd,cd_007,sb_007_00542,페노웰,페노웰,페노웰,fenofibrate,fenofibrate,molecule,normalized,NOOP,HIGH
cd,cd_007,sb_007_00543,페노레이트,페노레이트,페노레이트,fenofibrate,fenofibrate,molecule,normalized,NOOP,HIGH
cd,cd_007,sb_007_00544,리피페노,리피페노,리피페노,fenofibrate,fenofibrate,molecule,normalized,NOOP,HIGH
cd,cd_007,sb_007_00545,페노피브,페노피브,페노피브,fenofibrate,fenofibrate,molecule,normalized,NOOP,HIGH
cd,cd_007,sb_007_00546,리페돌,리페돌,리페돌,fenofibrate | micronized fenofibrate,fenofibrate,molecule,normalized,UPDATE,HIGH
cd,cd_007,sb_007_00547,로오딜슈프라,로오딜슈프라,로오딜슈프라,fenofibrate,fenofibrate,molecule,normalized,NOOP,HIGH
cd,cd_007,sb_007_00548,로피롤 에이,로피롤에이,로피롤에이,fenofibric acid,fenofibric acid,molecule,normalized,NOOP,HIGH
cd,cd_007,sb_007_00549,페노릭스 EH,페노릭스EH,페노릭스EH,fenofibric acid,fenofibric acid,molecule,normalized,NOOP,HIGH
cd,cd_007,sb_007_00550,뉴브릭 이에이치,뉴브릭이에이치,뉴브릭이에이치,fenofibric acid,fenofibric acid,molecule,normalized,NOOP,HIGH
cd,cd_007,sb_007_00551,페노시드,페노시드,페노시드,fenofibric acid,fenofibric acid,molecule,normalized,NOOP,HIGH
cd,cd_007,sb_007_00552,제일 로피드,제일로피드,제일로피드,gemfibrozil,,molecule,normalized,SET_NULL,HIGH
cd,cd_007,sb_007_00553,비스론,비스론,비스론,micronized fenofibrate,micronized fenofibrate,molecule,normalized,NOOP,HIGH
cd,cd_007,sb_007_00554,리필펜,리필펜,리필펜,micronized fenofibrate,micronized fenofibrate,molecule,normalized,NOOP,HIGH
cd,cd_007,sb_007_00555,페노베이트,페노베이트,페노베이트,micronized fenofibrate,micronized fenofibrate,molecule,normalized,NOOP,HIGH
cd,cd_007,sb_007_00556,노피드,노피드,노피드,micronized fenofibrate,micronized fenofibrate,molecule,normalized,NOOP,HIGH
cd,cd_007,sb_007_00557,페노렌,페노렌,페노렌,micronized fenofibrate,micronized fenofibrate,molecule,normalized,NOOP,HIGH
cd,cd_007,sb_007_00558,마이페노,마이페노,마이페노,micronized fenofibrate,micronized fenofibrate,molecule,normalized,NOOP,HIGH
cd,cd_007,sb_007_00559,로피롤에스,로피롤에스,로피롤에스,micronized fenofibrate,micronized fenofibrate,molecule,normalized,NOOP,HIGH
cd,cd_007,sb_007_00560,페노피딜,페노피딜,페노피딜,micronized fenofibrate,micronized fenofibrate,molecule,normalized,NOOP,HIGH
cd,cd_007,sb_007_00562,리도스,리도스,리도스,micronized fenofibrate,micronized fenofibrate,molecule,normalized,NOOP,HIGH
cd,cd_007,sb_007_00563,지마코 미니,지마코미니,지마코미니,omega-3-acids ethyl esters90,omega-3-acids ethyl esters90,molecule,normalized,NOOP,HIGH
cd,cd_007,sb_007_00564,오마코 미니,오마코미니,오마코미니,omega-3-acids ethyl esters90,omega-3-acids ethyl esters90,molecule,normalized,NOOP,HIGH
cd,cd_007,sb_007_00565,오마코,오마코,오마코,omega-3-acids ethyl esters90,omega-3-acids ethyl esters90,molecule,normalized,NOOP,HIGH
cd,cd_007,sb_007_00566,오마칸,오마칸,오마칸,omega-3-acids ethyl esters90,omega-3-acids ethyl esters90,molecule,normalized,NOOP,HIGH
cd,cd_007,sb_007_00567,오메신,오메신,오메신,omega-3-acids ethyl esters90,omega-3-acids ethyl esters90,molecule,normalized,NOOP,HIGH
cd,cd_007,sb_007_00568,다림 오메가3,다림오메가3,다림오메가3,omega-3-acids ethyl esters90,omega-3-acids ethyl esters90,molecule,normalized,NOOP,HIGH
cd,cd_007,sb_007_00569,오마티지 미니,오마티지미니,오마티지미니,omega-3-acids ethyl esters90,omega-3-acids ethyl esters90,molecule,normalized,NOOP,HIGH
cd,cd_007,sb_007_00570,오마티지,오마티지,오마티지,omega-3-acids ethyl esters90,omega-3-acids ethyl esters90,molecule,normalized,NOOP,HIGH
cd,cd_007,sb_007_00571,오마스 미니,오마스미니,오마스미니,omega-3-acids ethyl esters90,omega-3-acids ethyl esters90,molecule,normalized,NOOP,HIGH
cd,cd_007,sb_007_00572,티지코,티지코,티지코,omega-3-acids ethyl esters90,omega-3-acids ethyl esters90,molecule,normalized,NOOP,HIGH
cd,cd_007,sb_007_00573,오엠지 미니,오엠지미니,오엠지미니,omega-3-acids ethyl esters90,omega-3-acids ethyl esters90,molecule,normalized,NOOP,HIGH
cd,cd_007,sb_007_00574,메가로우,메가로우,메가로우,omega-3-acids ethyl esters90,omega-3-acids ethyl esters90,molecule,normalized,NOOP,HIGH
cd,cd_007,sb_007_00575,서울 오메가 3,서울오메가3,서울오메가3,omega-3-acids ethyl esters90,omega-3-acids ethyl esters90,molecule,normalized,NOOP,HIGH
cd,cd_007,sb_007_00576,메가엠 미니,메가엠미니,메가엠미니,omega-3-acids ethyl esters90,omega-3-acids ethyl esters90,molecule,normalized,NOOP,HIGH
cd,cd_007,sb_007_00577,메가엠,메가엠,메가엠,omega-3-acids ethyl esters90,omega-3-acids ethyl esters90,molecule,normalized,NOOP,HIGH
cd,cd_007,sb_007_00578,아주코,아주코,아주코,omega-3-acids ethyl esters90,omega-3-acids ethyl esters90,molecule,normalized,NOOP,HIGH
cd,cd_007,sb_007_00579,미니마코,미니마코,미니마코,omega-3-acids ethyl esters90,omega-3-acids ethyl esters90,molecule,normalized,NOOP,HIGH
cd,cd_007,sb_007_00580,휴메가 미니,휴메가미니,휴메가미니,omega-3-acids ethyl esters90,omega-3-acids ethyl esters90,molecule,normalized,NOOP,HIGH
cd,cd_007,sb_007_00581,휴메가,휴메가,휴메가,omega-3-acids ethyl esters90,omega-3-acids ethyl esters90,molecule,normalized,NOOP,HIGH
cd,cd_007,sb_007_00582,메가트리,메가트리,메가트리,omega-3-acids ethyl esters90,omega-3-acids ethyl esters90,molecule,normalized,NOOP,HIGH
cd,cd_007,sb_007_00583,뉴마론,뉴마론,뉴마론,omega-3-acids ethyl esters90,omega-3-acids ethyl esters90,molecule,normalized,NOOP,HIGH
cd,cd_007,sb_007_00584,오마론 미니,오마론미니,오마론미니,omega-3-acids ethyl esters90,omega-3-acids ethyl esters90,molecule,normalized,NOOP,HIGH
cd,cd_007,sb_007_00585,오마론,오마론,오마론,omega-3-acids ethyl esters90,omega-3-acids ethyl esters90,molecule,normalized,NOOP,HIGH
cd,cd_007,sb_007_00586,오스메가,오스메가,오스메가,omega-3-acids ethyl esters90,omega-3-acids ethyl esters90,molecule,normalized,NOOP,HIGH
cd,cd_007,sb_007_00587,위마코,위마코,위마코,omega-3-acids ethyl esters90,omega-3-acids ethyl esters90,molecule,normalized,NOOP,HIGH
cd,cd_007,sb_007_00588,오메틸 큐티렛,오메틸큐티렛,오메틸큐티렛,omega-3-acids ethyl esters90,omega-3-acids ethyl esters90,molecule,normalized,NOOP,HIGH
cd,cd_007,sb_007_00589,유니메가 미니,유니메가미니,유니메가미니,omega-3-acids ethyl esters90,omega-3-acids ethyl esters90,molecule,normalized,NOOP,HIGH
cd,cd_007,sb_007_00590,뉴마코,뉴마코,뉴마코,omega-3-acids ethyl esters90,omega-3-acids ethyl esters90,molecule,normalized,NOOP,HIGH
cd,cd_007,sb_007_00591,티지웰,티지웰,티지웰,omega-3-acids ethyl esters90,omega-3-acids ethyl esters90,molecule,normalized,NOOP,HIGH
cd,cd_007,sb_007_00592,오테르,오테르,오테르,omega-3-acids ethyl esters90,omega-3-acids ethyl esters90,molecule,normalized,NOOP,HIGH
cd,cd_007,sb_007_00593,뉴메틴 미니,뉴메틴미니,뉴메틴미니,omega-3-acids ethyl esters90,omega-3-acids ethyl esters90,molecule,normalized,NOOP,HIGH
cd,cd_007,sb_007_00594,뉴메틴,뉴메틴,뉴메틴,omega-3-acids ethyl esters90,omega-3-acids ethyl esters90,molecule,normalized,NOOP,HIGH
cd,cd_007,sb_007_00595,로마코,로마코,로마코,omega-3-acids ethyl esters90,omega-3-acids ethyl esters90,molecule,normalized,NOOP,HIGH
cd,cd_007,sb_007_00596,오메로,오메로,오메로,omega-3-acids ethyl esters90,omega-3-acids ethyl esters90,molecule,normalized,NOOP,HIGH
cd,cd_007,sb_007_00597,미니플로,미니플로,미니플로,omega-3-acids ethyl esters90,omega-3-acids ethyl esters90,molecule,normalized,NOOP,HIGH
cd,cd_007,sb_007_00598,시코,시코,시코,omega-3-acids ethyl esters90,omega-3-acids ethyl esters90,molecule,normalized,NOOP,HIGH
cd,cd_007,sb_007_00599,종근당 오메가 미니,종근당오메가미니,종근당오메가미니,omega-3-acids ethyl esters90,omega-3-acids ethyl esters90,molecule,normalized,NOOP,HIGH
cd,cd_007,sb_007_00600,미니메가,미니메가,미니메가,omega-3-acids ethyl esters90,omega-3-acids ethyl esters90,molecule,normalized,NOOP,HIGH
cd,cd_007,sb_007_00601,글로메가,글로메가,글로메가,omega-3-acids ethyl esters90,omega-3-acids ethyl esters90,molecule,normalized,NOOP,HIGH
cd,cd_007,sb_007_00602,로티지,로티지,로티지,omega-3-acids ethyl esters90,omega-3-acids ethyl esters90,molecule,normalized,NOOP,HIGH
cd,cd_007,sb_007_00603,오메가 원,오메가원,오메가원,omega-3-acids ethyl esters90,omega-3-acids ethyl esters90,molecule,normalized,NOOP,HIGH
cd,cd_007,sb_007_00604,오메가원 프로,오메가원프로,오메가원프로,omega-3-acids ethyl esters90,omega-3-acids ethyl esters90,molecule,normalized,NOOP,HIGH
cd,cd_007,sb_007_00605,오메티드 큐티렛,오메티드큐티렛,오메티드큐티렛,omega-3-acids ethyl esters90,omega-3-acids ethyl esters90,molecule,normalized,NOOP,HIGH
cd,cd_007,sb_007_00606,파마 오메가,파마오메가,파마오메가,omega-3-acids ethyl esters90,omega-3-acids ethyl esters90,molecule,normalized,NOOP,HIGH
cd,cd_007,sb_007_00607,프라임 오메가,프라임오메가,프라임오메가,omega-3-acids ethyl esters90,omega-3-acids ethyl esters90,molecule,normalized,NOOP,HIGH
cd,cd_007,sb_007_00608,한미 오메가,한미오메가,한미오메가,omega-3-acids ethyl esters90,omega-3-acids ethyl esters90,molecule,normalized,NOOP,HIGH
cd,cd_007,sb_007_00609,코마코 미니,코마코미니,코마코미니,omega-3-acids ethyl esters90,omega-3-acids ethyl esters90,molecule,normalized,NOOP,HIGH
cd,cd_007,sb_007_00610,코마코,코마코,코마코,omega-3-acids ethyl esters90,omega-3-acids ethyl esters90,molecule,normalized,NOOP,HIGH
cd,cd_007,sb_007_00611,웰마코 미니,웰마코미니,웰마코미니,omega-3-acids ethyl esters90,omega-3-acids ethyl esters90,molecule,normalized,NOOP,HIGH
cd,cd_007,sb_007_00612,웰마코,웰마코,웰마코,omega-3-acids ethyl esters90,omega-3-acids ethyl esters90,molecule,normalized,NOOP,HIGH
cd,cd_008,sb_canonical_011_리바로하이,리바로하이,리바로하이,리바로하이,Pitavastatin/Valsartan/amlodipine,Pitavastatin/Valsartan/amlodipine,molecule,normalized,NOOP,HIGH
cd,cd_008,sb_008_00958,칸타벨 에이,칸타벨에이,칸타벨에이,Atorvastatin/Candesartan/Amlodipine,Atorvastatin/Candesartan/Amlodipine,molecule,normalized,NOOP,HIGH
cd,cd_008,sb_008_00959,아바트리,아바트리,아바트리,Atorvastatin/Valsartan/Amlodipine,Atorvastatin/Valsartan/Amlodipine,molecule,normalized,NOOP,HIGH
cd,cd_008,sb_008_00960,아발탄 에이 플러스,아발탄에이플러스,아발탄에이플러스,Atorvastatin/Valsartan/Amlodipine,Atorvastatin/Valsartan/Amlodipine,molecule,normalized,NOOP,HIGH
cd,cd_008,sb_008_00961,엑스원 에이,엑스원에이,엑스원에이,Atorvastatin/Valsartan/Amlodipine,Atorvastatin/Valsartan/Amlodipine,molecule,normalized,NOOP,HIGH
cd,cd_008,sb_008_00962,하이포지 에이,하이포지에이,하이포지에이,Atorvastatin/Valsartan/Amlodipine,Atorvastatin/Valsartan/Amlodipine,molecule,normalized,NOOP,HIGH
cd,cd_008,sb_008_00963,엑스아토르,엑스아토르,엑스아토르,Atorvastatin/Valsartan/Amlodipine,Atorvastatin/Valsartan/Amlodipine,molecule,normalized,NOOP,HIGH
cd,cd_008,sb_008_00970,듀카로,듀카로,듀카로,Rosuvastatin/Fimasartan/Amlodipine,Rosuvastatin/Fimasartan/Amlodipine,molecule,normalized,NOOP,HIGH
cd,cd_008,sb_008_00971,올로맥스,올로맥스,올로맥스,Rosuvastatin/Olmesartan/Amlodipine,Rosuvastatin/Olmesartan/Amlodipine,molecule,normalized,NOOP,HIGH
cd,cd_008,sb_008_00976,트리인원,트리인원,트리인원,Rosuvastatin/Telmisartan/Amlodipine,Rosuvastatin/Telmisartan/Amlodipine,molecule,normalized,NOOP,HIGH
cd,cd_008,sb_008_00977,텔미원스플러스,텔미원스플러스,텔미원스플러스,Rosuvastatin/Telmisartan/Amlodipine,Rosuvastatin/Telmisartan/Amlodipine,molecule,normalized,NOOP,HIGH
cd,cd_008,sb_008_00978,트레블,트레블,트레블,Rosuvastatin/Telmisartan/Amlodipine,Rosuvastatin/Telmisartan/Amlodipine,molecule,normalized,NOOP,HIGH
cd,cd_008,sb_008_00979,텔로타틴,텔로타틴,텔로타틴,Rosuvastatin/Telmisartan/Amlodipine,Rosuvastatin/Telmisartan/Amlodipine,molecule,normalized,NOOP,HIGH
cd,cd_008,sb_008_00980,듀오웰 에이,듀오웰에이,듀오웰에이,Rosuvastatin/Telmisartan/Amlodipine,Rosuvastatin/Telmisartan/Amlodipine,molecule,normalized,NOOP,HIGH
cd,cd_008,sb_008_00981,텔로스톱 플러스,텔로스톱플러스,텔로스톱플러스,Rosuvastatin/Telmisartan/Amlodipine,Rosuvastatin/Telmisartan/Amlodipine,molecule,normalized,NOOP,HIGH
cd,cd_008,sb_008_00982,텔미듀오 플러스,텔미듀오플러스,텔미듀오플러스,Rosuvastatin/Telmisartan/Amlodipine,Rosuvastatin/Telmisartan/Amlodipine,molecule,normalized,NOOP,HIGH
cd,cd_008,sb_008_00983,발트리오,발트리오,발트리오,Rosuvastatin/Valsartan/Amlodipine,Rosuvastatin/Valsartan/Amlodipine,molecule,normalized,NOOP,HIGH
cd,cd_008,sb_008_00984,브이포지알,브이포지알,브이포지알,Rosuvastatin/Valsartan/Amlodipine,Rosuvastatin/Valsartan/Amlodipine,molecule,normalized,NOOP,HIGH
cd,cd_008,sb_008_00985,아모르탄 알,아모르탄알,아모르탄알,Rosuvastatin/Valsartan/Amlodipine,Rosuvastatin/Valsartan/Amlodipine,molecule,normalized,NOOP,HIGH
cd,cd_008,sb_008_00986,엑스원 알,엑스원알,엑스원알,Rosuvastatin/Valsartan/Amlodipine,Rosuvastatin/Valsartan/Amlodipine,molecule,normalized,NOOP,HIGH
cd,cd_008,sb_008_01014,아모잘탄 큐,아모잘탄큐,아모잘탄큐,Rosuvastatin/Losartan/Amlodipine,Rosuvastatin/Losartan/Amlodipine,molecule,normalized,NOOP,HIGH
cd,cd_009,sb_canonical_012_리바로브이,리바로브이,리바로브이,리바로브이,Pitavastatin/Valsartan,Pitavastatin/Valsartan,molecule,normalized,NOOP,HIGH
cd,cd_009,sb_008_01015,로벨리토,로벨리토,로벨리토,Atorvastatin/Irbesartan,Atorvastatin/Irbesartan,molecule,normalized,NOOP,HIGH
cd,cd_009,sb_008_01016,아카브,아카브,아카브,Atorvastatin/Fimasartan,Atorvastatin/Fimasartan,molecule,normalized,NOOP,HIGH
cd,cd_009,sb_008_01017,로수칸데,로수칸데,로수칸데,Rosuvastatin/Candesartan,Rosuvastatin/Candesartan,molecule,normalized,NOOP,HIGH
cd,cd_009,sb_008_01018,로타칸,로타칸,로타칸,Rosuvastatin/Candesartan,Rosuvastatin/Candesartan,molecule,normalized,NOOP,HIGH
cd,cd_009,sb_008_01019,칸데칸 듀오,칸데칸듀오,칸데칸듀오,Rosuvastatin/Candesartan,Rosuvastatin/Candesartan,molecule,normalized,NOOP,HIGH
cd,cd_009,sb_008_01020,로칸 듀오,로칸듀오,로칸듀오,Rosuvastatin/Candesartan,Rosuvastatin/Candesartan,molecule,normalized,NOOP,HIGH
cd,cd_009,sb_008_01021,콤비로칸,콤비로칸,콤비로칸,Rosuvastatin/Candesartan,Rosuvastatin/Candesartan,molecule,normalized,NOOP,HIGH
cd,cd_009,sb_008_01022,크레칸데,크레칸데,크레칸데,Rosuvastatin/Candesartan,Rosuvastatin/Candesartan,molecule,normalized,NOOP,HIGH
cd,cd_009,sb_008_01029,투베로,투베로,투베로,Rosuvastatin/Fimasartan,Rosuvastatin/Fimasartan,molecule,normalized,NOOP,HIGH
cd,cd_009,sb_008_01032,올로스타,올로스타,올로스타,Rosuvastatin/Olmesartan,Rosuvastatin/Olmesartan,molecule,normalized,NOOP,HIGH
cd,cd_009,sb_008_01034,텔미로브,텔미로브,텔미로브,Rosuvastatin/Telmisartan,Rosuvastatin/Telmisartan,molecule,normalized,NOOP,HIGH
cd,cd_009,sb_008_01035,로스텔,로스텔,로스텔,Rosuvastatin/Telmisartan,Rosuvastatin/Telmisartan,molecule,normalized,NOOP,HIGH
cd,cd_009,sb_008_01036,듀오스타,듀오스타,듀오스타,Rosuvastatin/Telmisartan,Rosuvastatin/Telmisartan,molecule,normalized,NOOP,HIGH
cd,cd_009,sb_008_01037,듀로텔,듀로텔,듀로텔,Rosuvastatin/Telmisartan,Rosuvastatin/Telmisartan,molecule,normalized,NOOP,HIGH
cd,cd_009,sb_008_01038,듀오웰,듀오웰,듀오웰,Rosuvastatin/Telmisartan,Rosuvastatin/Telmisartan,molecule,normalized,NOOP,HIGH
cd,cd_009,sb_008_01039,미살탄 스타,미살탄스타,미살탄스타,Rosuvastatin/Telmisartan,Rosuvastatin/Telmisartan,molecule,normalized,NOOP,HIGH
cd,cd_009,sb_008_01040,텔로스톱,텔로스톱,텔로스톱,Rosuvastatin/Telmisartan,Rosuvastatin/Telmisartan,molecule,normalized,NOOP,HIGH
cd,cd_009,sb_008_01041,텔로다운,텔로다운,텔로다운,Rosuvastatin/Telmisartan,Rosuvastatin/Telmisartan,molecule,normalized,NOOP,HIGH
cd,cd_009,sb_008_01042,텔로바틴,텔로바틴,텔로바틴,Rosuvastatin/Telmisartan,Rosuvastatin/Telmisartan,molecule,normalized,NOOP,HIGH
cd,cd_009,sb_008_01043,트루스타,트루스타,트루스타,Rosuvastatin/Telmisartan,Rosuvastatin/Telmisartan,molecule,normalized,NOOP,HIGH
cd,cd_009,sb_008_01044,텔미로원,텔미로원,텔미로원,Rosuvastatin/Telmisartan,Rosuvastatin/Telmisartan,molecule,normalized,NOOP,HIGH
cd,cd_009,sb_008_01045,브이알,브이알,브이알,Rosuvastatin/Valsartan,Rosuvastatin/Valsartan,molecule,normalized,NOOP,HIGH
cd,cd_009,sb_008_01046,발사로브,발사로브,발사로브,Rosuvastatin/Valsartan,Rosuvastatin/Valsartan,molecule,normalized,NOOP,HIGH
cd,cd_009,sb_008_01047,로바하이,로바하이,로바하이,Rosuvastatin/Valsartan,Rosuvastatin/Valsartan,molecule,normalized,NOOP,HIGH
cd,cd_009,sb_008_01048,로바티탄,로바티탄,로바티탄,Rosuvastatin/Valsartan,Rosuvastatin/Valsartan,molecule,normalized,NOOP,HIGH
cd,cd_010,sb_canonical_013_트루패스,트루패스,트루패스,트루패스,silodosin,silodosin,molecule,normalized,NOOP,HIGH
cd,cd_010,sb_009_00006,알프신엑스엘,알프신엑스엘,알프신엑스엘,alfuzosin HCl,alfuzosin,molecule,normalized,UPDATE,HIGH
cd,cd_010,sb_009_00007,자트론 엑스엘,자트론엑스엘,자트론엑스엘,alfuzosin HCl,alfuzosin,molecule,normalized,UPDATE,HIGH
cd,cd_010,sb_009_00008,베아자트 엑스엘,베아자트엑스엘,베아자트엑스엘,alfuzosin HCl,alfuzosin,molecule,normalized,UPDATE,HIGH
cd,cd_010,sb_009_00009,알푸랄 엑스엘,알푸랄엑스엘,알푸랄엑스엘,alfuzosin HCl,alfuzosin,molecule,normalized,UPDATE,HIGH
cd,cd_010,sb_009_00010,알푸케어,알푸케어,알푸케어,alfuzosin HCl,alfuzosin,molecule,normalized,UPDATE,HIGH
cd,cd_010,sb_009_00011,유로알파 엑스엘,유로알파엑스엘,유로알파엑스엘,alfuzosin HCl,alfuzosin,molecule,normalized,UPDATE,HIGH
cd,cd_010,sb_009_00012,바이트랄엑스엘,바이트랄엑스엘,바이트랄엑스엘,alfuzosin HCl,alfuzosin,molecule,normalized,UPDATE,HIGH
cd,cd_010,sb_009_00013,잘트린 엑스엘,잘트린엑스엘,잘트린엑스엘,alfuzosin HCl,alfuzosin,molecule,normalized,UPDATE,HIGH
cd,cd_010,sb_009_00014,알푸릭스엑스엘,알푸릭스엑스엘,알푸릭스엑스엘,alfuzosin HCl,alfuzosin,molecule,normalized,UPDATE,HIGH
cd,cd_010,sb_009_00015,유로트랄엑스엘,유로트랄엑스엘,유로트랄엑스엘,alfuzosin HCl,alfuzosin,molecule,normalized,UPDATE,HIGH
cd,cd_010,sb_009_00016,유로지트엑스엘,유로지트엑스엘,유로지트엑스엘,alfuzosin HCl,alfuzosin,molecule,normalized,UPDATE,HIGH
cd,cd_010,sb_009_00017,코트랄,코트랄,코트랄,alfuzosin HCl,alfuzosin,molecule,normalized,UPDATE,HIGH
cd,cd_010,sb_009_00018,알프존,알프존,알프존,alfuzosin HCl,alfuzosin,molecule,normalized,UPDATE,HIGH
cd,cd_010,sb_009_00019,알프엑스엘,알프엑스엘,알프엑스엘,alfuzosin HCl,alfuzosin,molecule,normalized,UPDATE,HIGH
cd,cd_010,sb_009_00020,자트랄 엑스엘,자트랄엑스엘,자트랄엑스엘,alfuzosin HCl,alfuzosin,molecule,normalized,UPDATE,HIGH
cd,cd_010,sb_009_00021,윈트랄엑스엘,윈트랄엑스엘,윈트랄엑스엘,alfuzosin HCl,alfuzosin,molecule,normalized,UPDATE,HIGH
cd,cd_010,sb_009_00022,나포피딜,나포피딜,나포피딜,naftopidil,naftopidil,molecule,normalized,NOOP,HIGH
cd,cd_010,sb_009_00023,유로바스,유로바스,유로바스,naftopidil,naftopidil,molecule,normalized,NOOP,HIGH
cd,cd_010,sb_009_00024,나토딜,나토딜,나토딜,naftopidil,naftopidil,molecule,normalized,NOOP,HIGH
cd,cd_010,sb_009_00025,플리바스,플리바스,플리바스,naftopidil,naftopidil,molecule,normalized,NOOP,HIGH
cd,cd_010,sb_009_00026,나프토엠,나프토엠,나프토엠,naftopidil,naftopidil,molecule,normalized,NOOP,HIGH
cd,cd_010,sb_009_00027,나스타,나스타,나스타,naftopidil,naftopidil,molecule,normalized,NOOP,HIGH
cd,cd_010,sb_009_00028,플로리스,플로리스,플로리스,naftopidil,naftopidil,molecule,normalized,NOOP,HIGH
cd,cd_010,sb_009_00029,나프딜,나프딜,나프딜,naftopidil,naftopidil,molecule,normalized,NOOP,HIGH
cd,cd_010,sb_009_00030,유로피딜,유로피딜,유로피딜,naftopidil,naftopidil,molecule,normalized,NOOP,HIGH
cd,cd_010,sb_009_00031,나프바스,나프바스,나프바스,naftopidil,naftopidil,molecule,normalized,NOOP,HIGH
cd,cd_010,sb_009_00032,트루테라,트루테라,트루테라,silodosin,silodosin,molecule,normalized,NOOP,HIGH
cd,cd_010,sb_009_00033,실루로신,실루로신,실루로신,silodosin,silodosin,molecule,normalized,NOOP,HIGH
cd,cd_010,sb_009_00034,트루렌,트루렌,트루렌,silodosin,silodosin,molecule,normalized,NOOP,HIGH
cd,cd_010,sb_009_00035,후리패스,후리패스,후리패스,silodosin,silodosin,molecule,normalized,NOOP,HIGH
cd,cd_010,sb_009_00037,건일바이오팜 팜스로신,건일바이오팜팜스로신,건일바이오팜팜스로신,tamsulosin hydrochloride,tamsulosin,molecule,normalized,UPDATE,HIGH
cd,cd_010,sb_009_00038,유로날,유로날,유로날,tamsulosin hydrochloride,tamsulosin,molecule,normalized,UPDATE,HIGH
cd,cd_010,sb_009_00039,탐스로날,탐스로날,탐스로날,tamsulosin hydrochloride,tamsulosin,molecule,normalized,UPDATE,HIGH
cd,cd_010,sb_009_00040,유타날,유타날,유타날,tamsulosin hydrochloride,tamsulosin,molecule,normalized,UPDATE,HIGH
cd,cd_010,sb_009_00041,탐피론,탐피론,탐피론,tamsulosin hydrochloride,tamsulosin,molecule,normalized,UPDATE,HIGH
cd,cd_010,sb_009_00042,탐스올,탐스올,탐스올,tamsulosin hydrochloride,tamsulosin,molecule,normalized,UPDATE,HIGH
cd,cd_010,sb_009_00043,탐수로신,탐수로신,탐수로신,tamsulosin hydrochloride,tamsulosin,molecule,normalized,UPDATE,HIGH
cd,cd_010,sb_009_00044,베아로신,베아로신,베아로신,tamsulosin hydrochloride,tamsulosin,molecule,normalized,UPDATE,HIGH
cd,cd_010,sb_009_00045,하루로신,하루로신,하루로신,tamsulosin hydrochloride,tamsulosin,molecule,normalized,UPDATE,HIGH
cd,cd_010,sb_009_00046,다나 탐스,다나탐스,다나탐스,tamsulosin hydrochloride,tamsulosin,molecule,normalized,UPDATE,HIGH
cd,cd_010,sb_009_00047,시워날,시워날,시워날,tamsulosin hydrochloride,tamsulosin,molecule,normalized,UPDATE,HIGH
cd,cd_010,sb_009_00048,탐스웰,탐스웰,탐스웰,tamsulosin hydrochloride,tamsulosin,molecule,normalized,UPDATE,HIGH
cd,cd_010,sb_009_00049,타로신,타로신,타로신,tamsulosin hydrochloride,tamsulosin,molecule,normalized,UPDATE,HIGH
cd,cd_010,sb_009_00050,더유 탐스케어,더유탐스케어,더유탐스케어,tamsulosin hydrochloride,tamsulosin,molecule,normalized,UPDATE,HIGH
cd,cd_010,sb_009_00051,탐스케어,탐스케어,탐스케어,tamsulosin hydrochloride,tamsulosin,molecule,normalized,UPDATE,HIGH
cd,cd_010,sb_009_00052,동광 탐스로신,동광탐스로신,동광탐스로신,tamsulosin hydrochloride,tamsulosin,molecule,normalized,UPDATE,HIGH
cd,cd_010,sb_009_00053,유로파,유로파,유로파,tamsulosin hydrochloride,tamsulosin,molecule,normalized,UPDATE,HIGH
cd,cd_010,sb_009_00054,타루날,타루날,타루날,tamsulosin hydrochloride,tamsulosin,molecule,normalized,UPDATE,HIGH
cd,cd_010,sb_009_00055,동성 탐스로신,동성탐스로신,동성탐스로신,tamsulosin hydrochloride,tamsulosin,molecule,normalized,UPDATE,HIGH
cd,cd_010,sb_009_00056,탐술엠,탐술엠,탐술엠,tamsulosin hydrochloride,tamsulosin,molecule,normalized,UPDATE,HIGH
cd,cd_010,sb_009_00057,탐센,탐센,탐센,tamsulosin hydrochloride,tamsulosin,molecule,normalized,UPDATE,HIGH
cd,cd_010,sb_009_00058,탐소날,탐소날,탐소날,tamsulosin hydrochloride,tamsulosin,molecule,normalized,UPDATE,HIGH
cd,cd_010,sb_009_00059,바이넥스 탐스로신염산염,바이넥스탐스로신염산염,바이넥스탐스로신염산염,tamsulosin hydrochloride,tamsulosin,molecule,normalized,UPDATE,HIGH
cd,cd_010,sb_009_00060,보령 탐스로신염산염,보령탐스로신염산염,보령탐스로신염산염,tamsulosin hydrochloride,tamsulosin,molecule,normalized,UPDATE,HIGH
cd,cd_010,sb_009_00061,데이탐스,데이탐스,데이탐스,tamsulosin hydrochloride,tamsulosin,molecule,normalized,UPDATE,HIGH
cd,cd_010,sb_009_00062,더블탐스,더블탐스,더블탐스,tamsulosin hydrochloride,tamsulosin,molecule,normalized,UPDATE,HIGH
cd,cd_010,sb_009_00063,비보존 탐스로신,비보존탐스로신,비보존탐스로신,tamsulosin hydrochloride,tamsulosin,molecule,normalized,UPDATE,HIGH
cd,cd_010,sb_009_00064,삼성 탐스로신,삼성탐스로신,삼성탐스로신,tamsulosin hydrochloride,tamsulosin,molecule,normalized,UPDATE,HIGH
cd,cd_010,sb_009_00065,탐스피드,탐스피드,탐스피드,tamsulosin hydrochloride,tamsulosin,molecule,normalized,UPDATE,HIGH
cd,cd_010,sb_009_00066,삼천당 탐스로신,삼천당탐스로신,삼천당탐스로신,tamsulosin hydrochloride,tamsulosin,molecule,normalized,UPDATE,HIGH
cd,cd_010,sb_009_00067,타임에스,타임에스,타임에스,tamsulosin hydrochloride,tamsulosin,molecule,normalized,UPDATE,HIGH
cd,cd_010,sb_009_00068,탐스롤,탐스롤,탐스롤,tamsulosin hydrochloride,tamsulosin,molecule,normalized,UPDATE,HIGH
cd,cd_010,sb_009_00069,탐솔,탐솔,탐솔,tamsulosin hydrochloride,tamsulosin,molecule,normalized,UPDATE,HIGH
cd,cd_010,sb_009_00070,탐시원,탐시원,탐시원,tamsulosin hydrochloride,tamsulosin,molecule,normalized,UPDATE,HIGH
cd,cd_010,sb_009_00071,네오로신,네오로신,네오로신,tamsulosin hydrochloride,tamsulosin,molecule,normalized,UPDATE,HIGH
cd,cd_010,sb_009_00072,탐신,탐신,탐신,tamsulosin hydrochloride,tamsulosin,molecule,normalized,UPDATE,HIGH
cd,cd_010,sb_009_00073,유린스타,유린스타,유린스타,tamsulosin hydrochloride,tamsulosin,molecule,normalized,UPDATE,HIGH
cd,cd_010,sb_009_00074,하루날,하루날,하루날,tamsulosin hydrochloride,tamsulosin,molecule,normalized,UPDATE,HIGH
cd,cd_010,sb_009_00075,탐실,탐실,탐실,tamsulosin hydrochloride,tamsulosin,molecule,normalized,UPDATE,HIGH
cd,cd_010,sb_009_00076,탐스진,탐스진,탐스진,tamsulosin hydrochloride,tamsulosin,molecule,normalized,UPDATE,HIGH
cd,cd_010,sb_009_00077,하루신,하루신,하루신,tamsulosin hydrochloride,tamsulosin,molecule,normalized,UPDATE,HIGH
cd,cd_010,sb_009_00078,하루큐어,하루큐어,하루큐어,tamsulosin hydrochloride,tamsulosin,molecule,normalized,UPDATE,HIGH
cd,cd_010,sb_009_00079,알루날,알루날,알루날,tamsulosin hydrochloride,tamsulosin,molecule,normalized,UPDATE,HIGH
cd,cd_010,sb_009_00080,러츠날,러츠날,러츠날,tamsulosin hydrochloride,tamsulosin,molecule,normalized,UPDATE,HIGH
cd,cd_010,sb_009_00081,탐슬로,탐슬로,탐슬로,tamsulosin hydrochloride,tamsulosin,molecule,normalized,UPDATE,HIGH
cd,cd_010,sb_009_00082,에이블 탐스로신,에이블탐스로신,에이블탐스로신,tamsulosin hydrochloride,tamsulosin,molecule,normalized,UPDATE,HIGH
cd,cd_010,sb_009_00083,탐스에이블,탐스에이블,탐스에이블,tamsulosin hydrochloride,tamsulosin,molecule,normalized,UPDATE,HIGH
cd,cd_010,sb_009_00084,팜스로신,팜스로신,팜스로신,tamsulosin hydrochloride,tamsulosin,molecule,normalized,UPDATE,HIGH
cd,cd_010,sb_009_00085,씨트로신,씨트로신,씨트로신,tamsulosin hydrochloride,tamsulosin,molecule,normalized,UPDATE,HIGH
cd,cd_010,sb_009_00086,탐로스타,탐로스타,탐로스타,tamsulosin hydrochloride,tamsulosin,molecule,normalized,UPDATE,HIGH
cd,cd_010,sb_009_00087,탐스로신,탐스로신,탐스로신,tamsulosin hydrochloride,tamsulosin,molecule,normalized,UPDATE,HIGH
cd,cd_010,sb_009_00088,탐로신,탐로신,탐로신,tamsulosin hydrochloride,tamsulosin,molecule,normalized,UPDATE,HIGH
cd,cd_010,sb_009_00089,탐스,탐스,탐스,tamsulosin hydrochloride,tamsulosin,molecule,normalized,UPDATE,HIGH
cd,cd_010,sb_009_00090,탐스론,탐스론,탐스론,tamsulosin hydrochloride,tamsulosin,molecule,normalized,UPDATE,HIGH
cd,cd_010,sb_009_00091,탐스돌,탐스돌,탐스돌,tamsulosin hydrochloride,tamsulosin,molecule,normalized,UPDATE,HIGH
cd,cd_010,sb_009_00092,하루디,하루디,하루디,tamsulosin hydrochloride,tamsulosin,molecule,normalized,UPDATE,HIGH
cd,cd_010,sb_009_00093,탐스트로,탐스트로,탐스트로,tamsulosin hydrochloride,tamsulosin,molecule,normalized,UPDATE,HIGH
cd,cd_010,sb_009_00094,피스 에이,피스에이,피스에이,tamsulosin hydrochloride,tamsulosin,molecule,normalized,UPDATE,HIGH
cd,cd_010,sb_009_00095,탐스날,탐스날,탐스날,tamsulosin hydrochloride,tamsulosin,molecule,normalized,UPDATE,HIGH
cd,cd_010,sb_009_00096,탐로딘,탐로딘,탐로딘,tamsulosin hydrochloride,tamsulosin,molecule,normalized,UPDATE,HIGH
cd,cd_010,sb_009_00097,탐스로진,탐스로진,탐스로진,tamsulosin hydrochloride,tamsulosin,molecule,normalized,UPDATE,HIGH
cd,cd_010,sb_009_00098,유로탐스,유로탐스,유로탐스,tamsulosin hydrochloride,tamsulosin,molecule,normalized,UPDATE,HIGH
cd,cd_010,sb_009_00099,타무로신,타무로신,타무로신,tamsulosin hydrochloride,tamsulosin,molecule,normalized,UPDATE,HIGH
cd,cd_010,sb_009_00100,탐파신,탐파신,탐파신,tamsulosin hydrochloride,tamsulosin,molecule,normalized,UPDATE,HIGH
cd,cd_010,sb_009_00101,타미날,타미날,타미날,tamsulosin hydrochloride,tamsulosin,molecule,normalized,UPDATE,HIGH
cd,cd_010,sb_009_00102,티피로신,티피로신,티피로신,tamsulosin hydrochloride,tamsulosin,molecule,normalized,UPDATE,HIGH
cd,cd_010,sb_009_00103,하루론,하루론,하루론,tamsulosin hydrochloride,tamsulosin,molecule,normalized,UPDATE,HIGH
cd,cd_010,sb_009_00104,실론탐,실론탐,실론탐,tamsulosin hydrochloride,tamsulosin,molecule,normalized,UPDATE,HIGH
cd,cd_010,sb_009_00105,타무날,타무날,타무날,tamsulosin hydrochloride,tamsulosin,molecule,normalized,UPDATE,HIGH
cd,cd_010,sb_009_00106,탐스루신,탐스루신,탐스루신,tamsulosin hydrochloride,tamsulosin,molecule,normalized,UPDATE,HIGH
cd,cd_010,sb_009_00107,프로탐스,프로탐스,프로탐스,tamsulosin hydrochloride,tamsulosin,molecule,normalized,UPDATE,HIGH
cd,cd_010,sb_009_00108,탐스로,탐스로,탐스로,tamsulosin hydrochloride,tamsulosin,molecule,normalized,UPDATE,HIGH
cd,cd_010,sb_009_00109,큐미날,큐미날,큐미날,tamsulosin hydrochloride,tamsulosin,molecule,normalized,UPDATE,HIGH
cd,cd_010,sb_009_00110,탐로스,탐로스,탐로스,tamsulosin hydrochloride,tamsulosin,molecule,normalized,UPDATE,HIGH
cd,cd_010,sb_009_00111,테라젠 탐스민,테라젠탐스민,테라젠탐스민,tamsulosin hydrochloride,tamsulosin,molecule,normalized,UPDATE,HIGH
cd,cd_010,sb_009_00112,탐스프로,탐스프로,탐스프로,tamsulosin hydrochloride,tamsulosin,molecule,normalized,UPDATE,HIGH
cd,cd_010,sb_009_00113,탐스타,탐스타,탐스타,tamsulosin hydrochloride,tamsulosin,molecule,normalized,UPDATE,HIGH
cd,cd_010,sb_009_00114,프라탐,프라탐,프라탐,tamsulosin hydrochloride,tamsulosin,molecule,normalized,UPDATE,HIGH
cd,cd_010,sb_009_00115,탐수날,탐수날,탐수날,tamsulosin hydrochloride,tamsulosin,molecule,normalized,UPDATE,HIGH
cd,cd_010,sb_009_00116,하루탐,하루탐,하루탐,tamsulosin hydrochloride,tamsulosin,molecule,normalized,UPDATE,HIGH
cd,cd_010,sb_009_00117,파마 탐스로신,파마탐스로신,파마탐스로신,tamsulosin hydrochloride,tamsulosin,molecule,normalized,UPDATE,HIGH
cd,cd_010,sb_009_00118,타미로신,타미로신,타미로신,tamsulosin hydrochloride,tamsulosin,molecule,normalized,UPDATE,HIGH
cd,cd_010,sb_009_00119,한미 탐스,한미탐스,한미탐스,tamsulosin hydrochloride,tamsulosin,molecule,normalized,UPDATE,HIGH
cd,cd_010,sb_009_00120,한미 탐스 오디,한미탐스오디,한미탐스오디,tamsulosin hydrochloride,tamsulosin,molecule,normalized,UPDATE,HIGH
cd,cd_010,sb_009_00121,한올 탐술로신,한올탐술로신,한올탐술로신,tamsulosin hydrochloride,tamsulosin,molecule,normalized,UPDATE,HIGH
cd,cd_010,sb_009_00122,현대 탐스로신염산염,현대탐스로신염산염,현대탐스로신염산염,tamsulosin hydrochloride,tamsulosin,molecule,normalized,UPDATE,HIGH
cd,cd_010,sb_009_00123,유로신,유로신,유로신,tamsulosin hydrochloride,tamsulosin,molecule,normalized,UPDATE,HIGH
cd,cd_010,sb_009_00124,탐스핀,탐스핀,탐스핀,tamsulosin hydrochloride,tamsulosin,molecule,normalized,UPDATE,HIGH
cd,cd_010,sb_009_00125,탐스폰,탐스폰,탐스폰,tamsulosin hydrochloride,tamsulosin,molecule,normalized,UPDATE,HIGH
cd,cd_010,sb_009_00126,탐루신디,탐루신디,탐루신디,tamsulosin hydrochloride,tamsulosin,molecule,normalized,UPDATE,HIGH
cd,cd_010,sb_009_00127,탐시케어,탐시케어,탐시케어,tamsulosin hydrochloride,tamsulosin,molecule,normalized,UPDATE,HIGH
cd,cd_010,sb_009_00128,탐소신,탐소신,탐소신,tamsulosin hydrochloride,tamsulosin,molecule,normalized,UPDATE,HIGH
cd,cd_010,sb_009_00129,탐스플라,탐스플라,탐스플라,tamsulosin hydrochloride,tamsulosin,molecule,normalized,UPDATE,HIGH
cd,cd_010,sb_009_00130,테라메드,테라메드,테라메드,terazosin HCl,terazosin,molecule,normalized,UPDATE,HIGH
cd,cd_010,sb_009_00131,트라조신,트라조신,트라조신,terazosin HCl,terazosin,molecule,normalized,UPDATE,HIGH
cd,cd_010,sb_009_00132,네오트린,네오트린,네오트린,terazosin HCl,terazosin,molecule,normalized,UPDATE,HIGH
cd,cd_010,sb_009_00133,뉴라조신,뉴라조신,뉴라조신,terazosin HCl,terazosin,molecule,normalized,UPDATE,HIGH
cd,cd_010,sb_009_00134,하이소린,하이소린,하이소린,terazosin HCl,terazosin,molecule,normalized,UPDATE,HIGH
cd,cd_010,sb_009_00135,테라신,테라신,테라신,terazosin HCl,terazosin,molecule,normalized,UPDATE,HIGH
cd,cd_010,sb_009_00136,테트린,테트린,테트린,terazosin HCl,terazosin,molecule,normalized,UPDATE,HIGH
cd,cd_010,sb_009_00137,테로조신,테로조신,테로조신,terazosin HCl,terazosin,molecule,normalized,UPDATE,HIGH
cd,cd_010,sb_009_00138,푸로조신,푸로조신,푸로조신,terazosin HCl,terazosin,molecule,normalized,UPDATE,HIGH
cd,cd_010,sb_009_00139,테라젠,테라젠,테라젠,terazosin HCl,terazosin,molecule,normalized,UPDATE,HIGH
cd,cd_010,sb_009_00140,테라루신,테라루신,테라루신,terazosin HCl,terazosin,molecule,normalized,UPDATE,HIGH
cd,cd_010,sb_009_00141,비판티,비판티,비판티,terazosin HCl,terazosin,molecule,normalized,UPDATE,HIGH
cd,cd_010,sb_009_00142,테로핀,테로핀,테로핀,terazosin HCl,terazosin,molecule,normalized,UPDATE,HIGH
cd,cd_010,sb_009_00143,테라산,테라산,테라산,terazosin HCl,terazosin,molecule,normalized,UPDATE,HIGH
cd,cd_010,sb_009_00144,테라졸,테라졸,테라졸,terazosin HCl,terazosin,molecule,normalized,UPDATE,HIGH
cd,cd_010,sb_009_00145,드림파마 트라신,드림파마트라신,드림파마트라신,terazosin HCl,terazosin,molecule,normalized,UPDATE,HIGH
cd,cd_010,sb_009_00146,테라딘,테라딘,테라딘,terazosin HCl,terazosin,molecule,normalized,UPDATE,HIGH
cd,cd_010,sb_009_00147,테로신,테로신,테로신,terazosin HCl,terazosin,molecule,normalized,UPDATE,HIGH
cd,cd_010,sb_009_00148,하이조신,하이조신,하이조신,terazosin HCl,terazosin,molecule,normalized,UPDATE,HIGH
cd,cd_010,sb_009_00149,테라온,테라온,테라온,terazosin HCl,terazosin,molecule,normalized,UPDATE,HIGH
cd,cd_010,sb_009_00150,유로트린,유로트린,유로트린,terazosin HCl,terazosin,molecule,normalized,UPDATE,HIGH
cd,cd_010,sb_009_00151,히드린,히드린,히드린,terazosin HCl,terazosin,molecule,normalized,UPDATE,HIGH
cd,cd_010,sb_009_00152,유니트린,유니트린,유니트린,terazosin HCl,terazosin,molecule,normalized,UPDATE,HIGH
cd,cd_010,sb_009_00153,테라조,테라조,테라조,terazosin HCl,terazosin,molecule,normalized,UPDATE,HIGH
cd,cd_010,sb_009_00154,테라지트,테라지트,테라지트,terazosin HCl,terazosin,molecule,normalized,UPDATE,HIGH
cd,cd_010,sb_009_00155,테라포스,테라포스,테라포스,terazosin HCl,terazosin,molecule,normalized,UPDATE,HIGH
cd,cd_010,sb_009_00156,테라팜,테라팜,테라팜,terazosin HCl,terazosin,molecule,normalized,UPDATE,HIGH
cd,cd_010,sb_009_00157,일양 하이트린,일양하이트린,일양하이트린,terazosin HCl,terazosin,molecule,normalized,UPDATE,HIGH
cd,cd_010,sb_009_00158,바소조신,바소조신,바소조신,terazosin HCl,terazosin,molecule,normalized,UPDATE,HIGH
cd,cd_010,sb_009_00159,테조신,테조신,테조신,terazosin HCl,terazosin,molecule,normalized,UPDATE,HIGH
cd,cd_010,sb_009_00160,테라엘,테라엘,테라엘,terazosin HCl,terazosin,molecule,normalized,UPDATE,HIGH
cd,cd_010,sb_009_00161,오트린,오트린,오트린,terazosin HCl,terazosin,molecule,normalized,UPDATE,HIGH
cd,cd_010,sb_009_00162,테레신,테레신,테레신,terazosin HCl,terazosin,molecule,normalized,UPDATE,HIGH
cd,cd_010,sb_009_00163,테로스,테로스,테로스,terazosin HCl,terazosin,molecule,normalized,UPDATE,HIGH
cd,cd_010,sb_009_00164,하이테신,하이테신,하이테신,terazosin HCl,terazosin,molecule,normalized,UPDATE,HIGH
cd,cd_010,sb_009_00165,텔라조신,텔라조신,텔라조신,terazosin HCl,terazosin,molecule,normalized,UPDATE,HIGH
cd,cd_011,sb_canonical_014_피나스타,피나스타,피나스타,피나스타,finasteride,finasteride,molecule,normalized,NOOP,HIGH
cd,cd_011,sb_canonical_015_제이다트,제이다트,제이다트,제이다트,dutasteride,dutasteride,molecule,normalized,NOOP,HIGH
cd,cd_011,sb_009_00166,건일바이오팜 두모보,건일바이오팜두모보,건일바이오팜두모보,dutasteride,dutasteride,molecule,normalized,NOOP,HIGH
cd,cd_011,sb_009_00167,두로칸,두로칸,두로칸,dutasteride,dutasteride,molecule,normalized,NOOP,HIGH
cd,cd_011,sb_009_00168,두아보,두아보,두아보,dutasteride,dutasteride,molecule,normalized,NOOP,HIGH
cd,cd_011,sb_009_00169,아보스티드,아보스티드,아보스티드,dutasteride,dutasteride,molecule,normalized,NOOP,HIGH
cd,cd_011,sb_009_00170,아보다트,아보다트,아보다트,dutasteride,dutasteride,molecule,normalized,NOOP,HIGH
cd,cd_011,sb_009_00171,두테스,두테스,두테스,dutasteride,dutasteride,molecule,normalized,NOOP,HIGH
cd,cd_011,sb_009_00172,두타프렌,두타프렌,두타프렌,dutasteride,dutasteride,molecule,normalized,NOOP,HIGH
cd,cd_011,sb_009_00173,대웅바이오 두타스테리드,대웅바이오두타스테리드,대웅바이오두타스테리드,dutasteride,dutasteride,molecule,normalized,NOOP,HIGH
cd,cd_011,sb_009_00174,두타겟,두타겟,두타겟,dutasteride,dutasteride,molecule,normalized,NOOP,HIGH
cd,cd_011,sb_009_00175,두타텍트,두타텍트,두타텍트,dutasteride,dutasteride,molecule,normalized,NOOP,HIGH
cd,cd_011,sb_009_00176,엔피 다트,엔피다트,엔피다트,dutasteride,dutasteride,molecule,normalized,NOOP,HIGH
cd,cd_011,sb_009_00177,두타케어,두타케어,두타케어,dutasteride,dutasteride,molecule,normalized,NOOP,HIGH
cd,cd_011,sb_009_00178,두테론,두테론,두테론,dutasteride,dutasteride,molecule,normalized,NOOP,HIGH
cd,cd_011,sb_009_00179,동구 두타리드,동구두타리드,동구두타리드,dutasteride,dutasteride,molecule,normalized,NOOP,HIGH
cd,cd_011,sb_009_00180,두타리드,두타리드,두타리드,dutasteride,dutasteride,molecule,normalized,NOOP,HIGH
cd,cd_011,sb_009_00181,두타드,두타드,두타드,dutasteride,dutasteride,molecule,normalized,NOOP,HIGH
cd,cd_011,sb_009_00182,두타반,두타반,두타반,dutasteride,dutasteride,molecule,normalized,NOOP,HIGH
cd,cd_011,sb_009_00183,두타반 플러스,두타반플러스,두타반플러스,dutasteride,dutasteride,molecule,normalized,NOOP,HIGH
cd,cd_011,sb_009_00184,머카나,머카나,머카나,dutasteride,dutasteride,molecule,normalized,NOOP,HIGH
cd,cd_011,sb_009_00185,아보엠,아보엠,아보엠,dutasteride,dutasteride,molecule,normalized,NOOP,HIGH
cd,cd_011,sb_009_00186,타테린,타테린,타테린,dutasteride,dutasteride,molecule,normalized,NOOP,HIGH
cd,cd_011,sb_009_00187,삼성 두타스테리드,삼성두타스테리드,삼성두타스테리드,dutasteride,dutasteride,molecule,normalized,NOOP,HIGH
cd,cd_011,sb_009_00188,아두타,아두타,아두타,dutasteride,dutasteride,molecule,normalized,NOOP,HIGH
cd,cd_011,sb_009_00189,삼천당 두타스테리드,삼천당두타스테리드,삼천당두타스테리드,dutasteride,dutasteride,molecule,normalized,NOOP,HIGH
cd,cd_011,sb_009_00190,씨엠두타,씨엠두타,씨엠두타,dutasteride,dutasteride,molecule,normalized,NOOP,HIGH
cd,cd_011,sb_009_00191,유로다트,유로다트,유로다트,dutasteride,dutasteride,molecule,normalized,NOOP,HIGH
cd,cd_011,sb_009_00192,아나딘,아나딘,아나딘,dutasteride,dutasteride,molecule,normalized,NOOP,HIGH
cd,cd_011,sb_009_00193,에이두타,에이두타,에이두타,dutasteride,dutasteride,molecule,normalized,NOOP,HIGH
cd,cd_011,sb_009_00194,두타락,두타락,두타락,dutasteride,dutasteride,molecule,normalized,NOOP,HIGH
cd,cd_011,sb_009_00195,두타론,두타론,두타론,dutasteride,dutasteride,molecule,normalized,NOOP,HIGH
cd,cd_011,sb_009_00196,아보테드,아보테드,아보테드,dutasteride,dutasteride,molecule,normalized,NOOP,HIGH
cd,cd_011,sb_009_00197,두타스테린,두타스테린,두타스테린,dutasteride,dutasteride,molecule,normalized,NOOP,HIGH
cd,cd_011,sb_009_00198,아보탄,아보탄,아보탄,dutasteride,dutasteride,molecule,normalized,NOOP,HIGH
cd,cd_011,sb_009_00199,유힐릭스,유힐릭스,유힐릭스,dutasteride,dutasteride,molecule,normalized,NOOP,HIGH
cd,cd_011,sb_009_00200,아보테리드,아보테리드,아보테리드,dutasteride,dutasteride,molecule,normalized,NOOP,HIGH
cd,cd_011,sb_009_00201,두타스카,두타스카,두타스카,dutasteride,dutasteride,molecule,normalized,NOOP,HIGH
cd,cd_011,sb_009_00202,아보스타,아보스타,아보스타,dutasteride,dutasteride,molecule,normalized,NOOP,HIGH
cd,cd_011,sb_009_00203,프로다트,프로다트,프로다트,dutasteride,dutasteride,molecule,normalized,NOOP,HIGH
cd,cd_011,sb_009_00204,두타젠,두타젠,두타젠,dutasteride,dutasteride,molecule,normalized,NOOP,HIGH
cd,cd_011,sb_009_00205,두테스몰,두테스몰,두테스몰,dutasteride,dutasteride,molecule,normalized,NOOP,HIGH
cd,cd_011,sb_009_00206,아보투윈,아보투윈,아보투윈,dutasteride,dutasteride,molecule,normalized,NOOP,HIGH
cd,cd_011,sb_009_00207,두타엘,두타엘,두타엘,dutasteride,dutasteride,molecule,normalized,NOOP,HIGH
cd,cd_011,sb_009_00208,아보그로,아보그로,아보그로,dutasteride,dutasteride,molecule,normalized,NOOP,HIGH
cd,cd_011,sb_009_00209,아보두타,아보두타,아보두타,dutasteride,dutasteride,molecule,normalized,NOOP,HIGH
cd,cd_011,sb_009_00210,두로케어,두로케어,두로케어,dutasteride,dutasteride,molecule,normalized,NOOP,HIGH
cd,cd_011,sb_009_00211,아보타스,아보타스,아보타스,dutasteride,dutasteride,molecule,normalized,NOOP,HIGH
cd,cd_011,sb_009_00212,프라임 아리드,프라임아리드,프라임아리드,dutasteride,dutasteride,molecule,normalized,NOOP,HIGH
cd,cd_011,sb_009_00213,자이가드,자이가드,자이가드,dutasteride,dutasteride,molecule,normalized,NOOP,HIGH
cd,cd_011,sb_009_00214,두테드,두테드,두테드,dutasteride,dutasteride,molecule,normalized,NOOP,HIGH
cd,cd_011,sb_009_00215,아다모,아다모,아다모,dutasteride,dutasteride,molecule,normalized,NOOP,HIGH
cd,cd_011,sb_009_00216,다모다트,다모다트,다모다트,dutasteride,dutasteride,molecule,normalized,NOOP,HIGH
cd,cd_011,sb_009_00217,두타스타,두타스타,두타스타,dutasteride,dutasteride,molecule,normalized,NOOP,HIGH
cd,cd_011,sb_009_00218,휴다트,휴다트,휴다트,dutasteride,dutasteride,molecule,normalized,NOOP,HIGH
cd,cd_011,sb_009_00219,원투스테리드,원투스테리드,원투스테리드,dutasteride,dutasteride,molecule,normalized,NOOP,HIGH
cd,cd_011,sb_009_00220,네오다트,네오다트,네오다트,dutasteride,dutasteride,molecule,normalized,NOOP,HIGH
cd,cd_011,sb_009_00222,피나프로,피나프로,피나프로,finasteride,finasteride,molecule,normalized,NOOP,HIGH
cd,cd_011,sb_009_00223,유로스칸,유로스칸,유로스칸,finasteride,finasteride,molecule,normalized,NOOP,HIGH
cd,cd_011,sb_009_00224,유로피나,유로피나,유로피나,finasteride,finasteride,molecule,normalized,NOOP,HIGH
cd,cd_011,sb_009_00225,피나그렌,피나그렌,피나그렌,finasteride,finasteride,molecule,normalized,NOOP,HIGH
cd,cd_011,sb_009_00226,피나스티드,피나스티드,피나스티드,finasteride,finasteride,molecule,normalized,NOOP,HIGH
cd,cd_011,sb_009_00227,피나스,피나스,피나스,finasteride,finasteride,molecule,normalized,NOOP,HIGH
cd,cd_011,sb_009_00228,대웅바이오 피나스테리드,대웅바이오피나스테리드,대웅바이오피나스테리드,finasteride,finasteride,molecule,normalized,NOOP,HIGH
cd,cd_011,sb_009_00229,프로핀카,프로핀카,프로핀카,finasteride,finasteride,molecule,normalized,NOOP,HIGH
cd,cd_011,sb_009_00230,피나론,피나론,피나론,finasteride,finasteride,molecule,normalized,NOOP,HIGH
cd,cd_011,sb_009_00231,핀카,핀카,핀카,finasteride,finasteride,molecule,normalized,NOOP,HIGH
cd,cd_011,sb_009_00232,엔피스카,엔피스카,엔피스카,finasteride,finasteride,molecule,normalized,NOOP,HIGH
cd,cd_011,sb_009_00233,프로화,프로화,프로화,finasteride,finasteride,molecule,normalized,NOOP,HIGH
cd,cd_011,sb_009_00234,비피스타,비피스타,비피스타,finasteride,finasteride,molecule,normalized,NOOP,HIGH
cd,cd_011,sb_009_00235,유로리드,유로리드,유로리드,finasteride,finasteride,molecule,normalized,NOOP,HIGH
cd,cd_011,sb_009_00236,피나시딜,피나시딜,피나시딜,finasteride,finasteride,molecule,normalized,NOOP,HIGH
cd,cd_011,sb_009_00237,트로피나,트로피나,트로피나,finasteride,finasteride,molecule,normalized,NOOP,HIGH
cd,cd_011,sb_009_00238,알로피나,알로피나,알로피나,finasteride,finasteride,molecule,normalized,NOOP,HIGH
cd,cd_011,sb_009_00239,스카테론,스카테론,스카테론,finasteride,finasteride,molecule,normalized,NOOP,HIGH
cd,cd_011,sb_009_00240,명문 피나스테리드,명문피나스테리드,명문피나스테리드,finasteride,finasteride,molecule,normalized,NOOP,HIGH
cd,cd_011,sb_009_00241,프로스타트,프로스타트,프로스타트,finasteride,finasteride,molecule,normalized,NOOP,HIGH
cd,cd_011,sb_009_00242,보령 피나스테리드,보령피나스테리드,보령피나스테리드,finasteride,finasteride,molecule,normalized,NOOP,HIGH
cd,cd_011,sb_009_00243,피나스틴,피나스틴,피나스틴,finasteride,finasteride,molecule,normalized,NOOP,HIGH
cd,cd_011,sb_009_00244,비보존 피나스테리드,비보존피나스테리드,비보존피나스테리드,finasteride,finasteride,molecule,normalized,NOOP,HIGH
cd,cd_011,sb_009_00245,삼성 피나스테리드,삼성피나스테리드,삼성피나스테리드,finasteride,finasteride,molecule,normalized,NOOP,HIGH
cd,cd_011,sb_009_00246,파나드,파나드,파나드,finasteride,finasteride,molecule,normalized,NOOP,HIGH
cd,cd_011,sb_009_00247,피나리,피나리,피나리,finasteride,finasteride,molecule,normalized,NOOP,HIGH
cd,cd_011,sb_009_00248,셀비온 엔티 테리드,셀비온엔티테리드,셀비온엔티테리드,finasteride,finasteride,molecule,normalized,NOOP,HIGH
cd,cd_011,sb_009_00249,피나스트리온,피나스트리온,피나스트리온,finasteride,finasteride,molecule,normalized,NOOP,HIGH
cd,cd_011,sb_009_00250,피나테크,피나테크,피나테크,finasteride,finasteride,molecule,normalized,NOOP,HIGH
cd,cd_011,sb_009_00251,프로피나,프로피나,프로피나,finasteride,finasteride,molecule,normalized,NOOP,HIGH
cd,cd_011,sb_009_00252,씨엠피나,씨엠피나,씨엠피나,finasteride,finasteride,molecule,normalized,NOOP,HIGH
cd,cd_011,sb_009_00253,유레이드,유레이드,유레이드,finasteride,finasteride,molecule,normalized,NOOP,HIGH
cd,cd_011,sb_009_00254,프로스틸,프로스틸,프로스틸,finasteride,finasteride,molecule,normalized,NOOP,HIGH
cd,cd_011,sb_009_00255,피테스,피테스,피테스,finasteride,finasteride,molecule,normalized,NOOP,HIGH
cd,cd_011,sb_009_00256,스카렉스,스카렉스,스카렉스,finasteride,finasteride,molecule,normalized,NOOP,HIGH
cd,cd_011,sb_009_00257,피나스로,피나스로,피나스로,finasteride,finasteride,molecule,normalized,NOOP,HIGH
cd,cd_011,sb_009_00258,피나드론,피나드론,피나드론,finasteride,finasteride,molecule,normalized,NOOP,HIGH
cd,cd_011,sb_009_00259,피나스테린,피나스테린,피나스테린,finasteride,finasteride,molecule,normalized,NOOP,HIGH
cd,cd_011,sb_009_00260,피나에이블,피나에이블,피나에이블,finasteride,finasteride,molecule,normalized,NOOP,HIGH
cd,cd_011,sb_009_00261,피나스테아,피나스테아,피나스테아,finasteride,finasteride,molecule,normalized,NOOP,HIGH
cd,cd_011,sb_009_00262,이노엔 피나스테리드,이노엔피나스테리드,이노엔피나스테리드,finasteride,finasteride,molecule,normalized,NOOP,HIGH
cd,cd_011,sb_009_00263,그로모,그로모,그로모,finasteride,finasteride,molecule,normalized,NOOP,HIGH
cd,cd_011,sb_009_00264,메가페시아,메가페시아,메가페시아,finasteride,finasteride,molecule,normalized,NOOP,HIGH
cd,cd_011,sb_009_00265,피나베린,피나베린,피나베린,finasteride,finasteride,molecule,normalized,NOOP,HIGH
cd,cd_011,sb_009_00266,푸로스타,푸로스타,푸로스타,finasteride,finasteride,molecule,normalized,NOOP,HIGH
cd,cd_011,sb_009_00267,오가논 프로스카,오가논프로스카,오가논프로스카,finasteride,finasteride,molecule,normalized,NOOP,HIGH
cd,cd_011,sb_009_00268,핀스타,핀스타,핀스타,finasteride,finasteride,molecule,normalized,NOOP,HIGH
cd,cd_011,sb_009_00269,위피나,위피나,위피나,finasteride,finasteride,molecule,normalized,NOOP,HIGH
cd,cd_011,sb_009_00270,필라스트,필라스트,필라스트,finasteride,finasteride,molecule,normalized,NOOP,HIGH
cd,cd_011,sb_009_00271,제이피나,제이피나,제이피나,finasteride,finasteride,molecule,normalized,NOOP,HIGH
cd,cd_011,sb_009_00272,프로리드,프로리드,프로리드,finasteride,finasteride,molecule,normalized,NOOP,HIGH
cd,cd_011,sb_009_00273,파나스카,파나스카,파나스카,finasteride,finasteride,molecule,normalized,NOOP,HIGH
cd,cd_011,sb_009_00274,피나드,피나드,피나드,finasteride,finasteride,molecule,normalized,NOOP,HIGH
cd,cd_011,sb_009_00275,알파스카,알파스카,알파스카,finasteride,finasteride,molecule,normalized,NOOP,HIGH
cd,cd_011,sb_009_00276,피나세트,피나세트,피나세트,finasteride,finasteride,molecule,normalized,NOOP,HIGH
cd,cd_011,sb_009_00277,일양 피나스테리드,일양피나스테리드,일양피나스테리드,finasteride,finasteride,molecule,normalized,NOOP,HIGH
cd,cd_011,sb_009_00278,마이피나,마이피나,마이피나,finasteride,finasteride,molecule,normalized,NOOP,HIGH
cd,cd_011,sb_009_00279,피나린,피나린,피나린,finasteride,finasteride,molecule,normalized,NOOP,HIGH
cd,cd_011,sb_009_00280,피나젠,피나젠,피나젠,finasteride,finasteride,molecule,normalized,NOOP,HIGH
cd,cd_011,sb_009_00281,프로스몰,프로스몰,프로스몰,finasteride,finasteride,molecule,normalized,NOOP,HIGH
cd,cd_011,sb_009_00282,피나스톤,피나스톤,피나스톤,finasteride,finasteride,molecule,normalized,NOOP,HIGH
cd,cd_011,sb_009_00283,피나시드,피나시드,피나시드,finasteride,finasteride,molecule,normalized,NOOP,HIGH
cd,cd_011,sb_009_00284,큐로이드,큐로이드,큐로이드,finasteride,finasteride,molecule,normalized,NOOP,HIGH
cd,cd_011,sb_009_00285,피나신,피나신,피나신,finasteride,finasteride,molecule,normalized,NOOP,HIGH
cd,cd_011,sb_009_00286,피나스칸,피나스칸,피나스칸,finasteride,finasteride,molecule,normalized,NOOP,HIGH
cd,cd_011,sb_009_00287,피나스카,피나스카,피나스카,finasteride,finasteride,molecule,normalized,NOOP,HIGH
cd,cd_011,sb_009_00288,리모날,리모날,리모날,finasteride,finasteride,molecule,normalized,NOOP,HIGH
cd,cd_011,sb_009_00289,피나프로스,피나프로스,피나프로스,finasteride,finasteride,molecule,normalized,NOOP,HIGH
cd,cd_011,sb_009_00290,파나리드,파나리드,파나리드,finasteride,finasteride,molecule,normalized,NOOP,HIGH
cd,cd_011,sb_009_00291,푸로케어,푸로케어,푸로케어,finasteride,finasteride,molecule,normalized,NOOP,HIGH
cd,cd_011,sb_009_00292,피나시아,피나시아,피나시아,finasteride,finasteride,molecule,normalized,NOOP,HIGH
cd,cd_011,sb_009_00293,한림 피나스테리드,한림피나스테리드,한림피나스테리드,finasteride,finasteride,molecule,normalized,NOOP,HIGH
cd,cd_011,sb_009_00294,피나트라,피나트라,피나트라,finasteride,finasteride,molecule,normalized,NOOP,HIGH
cd,cd_011,sb_009_00295,한올 피나스테리드,한올피나스테리드,한올피나스테리드,finasteride,finasteride,molecule,normalized,NOOP,HIGH
cd,cd_011,sb_009_00296,피나에스,피나에스,피나에스,finasteride,finasteride,molecule,normalized,NOOP,HIGH
cd,cd_011,sb_009_00297,프로나드,프로나드,프로나드,finasteride,finasteride,molecule,normalized,NOOP,HIGH
cd,cd_011,sb_009_00298,피나진,피나진,피나진,finasteride,finasteride,molecule,normalized,NOOP,HIGH
cd,cd_011,sb_009_00299,프리스타,프리스타,프리스타,finasteride,finasteride,molecule,normalized,NOOP,HIGH
cd,cd_011,sb_009_00300,피나텐,피나텐,피나텐,finasteride,finasteride,molecule,normalized,NOOP,HIGH
cd,cd_011,sb_009_00301,휴피나,휴피나,휴피나,finasteride,finasteride,molecule,normalized,NOOP,HIGH
cd,cd_011,sb_009_00302,피나즈,피나즈,피나즈,finasteride,finasteride,molecule,normalized,NOOP,HIGH
cd,cd_011,sb_009_00303,프로스테리드,프로스테리드,프로스테리드,finasteride,finasteride,molecule,normalized,NOOP,HIGH
cd,cd_011,sb_009_00304,피로이드,피로이드,피로이드,finasteride,finasteride,molecule,normalized,NOOP,HIGH
cd,cd_012,sb_canonical_016_뉴트로진,뉴트로진,뉴트로진,뉴트로진,LENOGRASTIM,LENOGRASTIM,molecule_desc,normalized,NOOP,HIGH
cd,cd_012,sb_010_00006,롤론티스,롤론티스,롤론티스,EFLAPEGRASTIM,EFLAPEGRASTIM,molecule_desc,normalized,NOOP,HIGH
cd,cd_012,sb_010_00007,류코스팀,류코스팀,류코스팀,FILGRASTIM,FILGRASTIM,molecule_desc,normalized,NOOP,HIGH
cd,cd_012,sb_010_00008,그라신,그라신,그라신,FILGRASTIM,FILGRASTIM,molecule_desc,normalized,NOOP,HIGH
cd,cd_012,sb_010_00010,롱퀵스,롱퀵스,롱퀵스,LIPEGFILGRASTIM,LIPEGFILGRASTIM,molecule_desc,normalized,NOOP,HIGH
cd,cd_012,sb_010_00011,듀라스틴,듀라스틴,듀라스틴,PEGFILGRASTIM,PEGFILGRASTIM,molecule_desc,normalized,NOOP,HIGH
cd,cd_012,sb_010_00012,뉴라스타,뉴라스타,뉴라스타,PEGFILGRASTIM,PEGFILGRASTIM,molecule_desc,normalized,NOOP,HIGH
cd,cd_012,sb_010_00013,뉴라펙,뉴라펙,뉴라펙,PEGTEOGRASTIM,PEGTEOGRASTIM,molecule_desc,normalized,NOOP,HIGH
cd,cd_013,sb_canonical_017_모빌리아,모빌리아,모빌리아,모빌리아,PLERIXAFOR,PLERIXAFOR,molecule_desc,normalized,NOOP,HIGH
cd,cd_013,sb_010_00014,모조빌,모조빌,모조빌,PLERIXAFOR,PLERIXAFOR,molecule_desc,normalized,NOOP,HIGH
cd,cd_014,sb_canonical_018_악템라,악템라,악템라,악템라,TOCILIZUMAB,TOCILIZUMAB,molecule_desc,normalized,NOOP,HIGH
cd,cd_014,sb_011_00006,휴미라,휴미라,휴미라,ADALIMUMAB,ADALIMUMAB,molecule_desc,normalized,NOOP,HIGH
cd,cd_014,sb_011_00007,아달로체,아달로체,아달로체,ADALIMUMAB,ADALIMUMAB,molecule_desc,normalized,NOOP,HIGH
cd,cd_014,sb_011_00008,유플라이마,유플라이마,유플라이마,ADALIMUMAB,ADALIMUMAB,molecule_desc,normalized,NOOP,HIGH
cd,cd_014,sb_011_00009,젤렌카,젤렌카,젤렌카,ADALIMUMAB,ADALIMUMAB,molecule_desc,normalized,NOOP,HIGH
cd,cd_014,sb_011_00010,엔브렐마이클릭,엔브렐마이클릭,엔브렐마이클릭,ETANERCEPT,ETANERCEPT,molecule_desc,normalized,NOOP,HIGH
cd,cd_014,sb_011_00011,엔브렐,엔브렐,엔브렐,ETANERCEPT,ETANERCEPT,molecule_desc,normalized,NOOP,HIGH
cd,cd_014,sb_011_00012,유셉트,유셉트,유셉트,ETANERCEPT,ETANERCEPT,molecule_desc,normalized,NOOP,HIGH
cd,cd_014,sb_011_00013,에톨로체,에톨로체,에톨로체,ETANERCEPT,ETANERCEPT,molecule_desc,normalized,NOOP,HIGH
cd,cd_014,sb_011_00014,심퍼니,심퍼니,심퍼니,GOLIMUMAB,GOLIMUMAB,molecule_desc,normalized,NOOP,HIGH
cd,cd_014,sb_011_00015,레미케이드,레미케이드,레미케이드,INFLIXIMAB,INFLIXIMAB,molecule_desc,normalized,NOOP,HIGH
cd,cd_014,sb_011_00016,램시마,램시마,램시마,INFLIXIMAB,INFLIXIMAB,molecule_desc,normalized,NOOP,HIGH
cd,cd_014,sb_011_00017,레마로체,레마로체,레마로체,INFLIXIMAB,INFLIXIMAB,molecule_desc,normalized,NOOP,HIGH
cd,cd_014,sb_011_00018,올루미언트,올루미언트,올루미언트,BARICITINIB,BARICITINIB,molecule_desc,normalized,NOOP,HIGH
cd,cd_014,sb_011_00019,지셀레카,지셀레카,지셀레카,FILGOTINIB,FILGOTINIB,molecule_desc,normalized,NOOP,HIGH
cd,cd_014,sb_011_00020,린버크,린버크,린버크,UPADACITINIB,UPADACITINIB,molecule_desc,normalized,NOOP,HIGH
cd,cd_014,sb_011_00021,맙테라,맙테라,맙테라,RITUXIMAB,RITUXIMAB,molecule_desc,normalized,NOOP,HIGH
cd,cd_014,sb_011_00022,트룩시마,트룩시마,트룩시마,RITUXIMAB,RITUXIMAB,molecule_desc,normalized,NOOP,HIGH
cd,cd_014,sb_011_00023,오렌시아,오렌시아,오렌시아,ABATACEPT,ABATACEPT,molecule_desc,normalized,NOOP,HIGH
cd,cd_014,sb_011_00024,오렌시아서브큐,오렌시아서브큐,오렌시아서브큐,ABATACEPT,ABATACEPT,molecule_desc,normalized,NOOP,HIGH
cd,cd_014,sb_011_00026,앱토즈마,앱토즈마,앱토즈마,TOCILIZUMAB,TOCILIZUMAB,molecule_desc,normalized,NOOP,HIGH
cd,cd_014,sb_011_00027,젤잔즈,젤잔즈,젤잔즈,TOFACITINIB,TOFACITINIB,molecule_desc,normalized,NOOP,HIGH
cd,cd_014,sb_011_00028,젤잔즈엑스알,젤잔즈엑스알,젤잔즈엑스알,TOFACITINIB,TOFACITINIB,molecule_desc,normalized,NOOP,HIGH
cd,cd_014,sb_011_00029,토마토,토마토,토마토,TOFACITINIB,TOFACITINIB,molecule_desc,normalized,NOOP,HIGH
cd,cd_014,sb_011_00030,토파시티닙 에이치엘비,토파시티닙에이치엘비,토파시티닙에이치엘비,TOFACITINIB,TOFACITINIB,molecule_desc,normalized,NOOP,HIGH
cd,cd_014,sb_011_00031,자크문,자크문,자크문,TOFACITINIB,TOFACITINIB,molecule_desc,normalized,NOOP,HIGH
cd,cd_015,sb_canonical_019_페린젝트,페린젝트,페린젝트,페린젝트,IRON FERRIC,Ferric carboxymaltose,molecule,normalized,UPDATE,HIGH
cd,cd_015,sb_canonical_020_베노훼럼,베노훼럼,베노훼럼,베노훼럼,IRON FERRIC,Iron scurose,molecule,normalized,UPDATE,HIGH
cd,cd_015,sb_012_00006,베노스틴,베노스틴,베노스틴,IRON FERRIC,Iron scurose,molecule,normalized,UPDATE,HIGH
cd,cd_015,sb_012_00007,훼렉스,훼렉스,훼렉스,IRON FERRIC,Iron scurose,molecule,normalized,UPDATE,HIGH
cd,cd_015,sb_012_00008,훼모럼,훼모럼,훼모럼,IRON FERRIC,Iron scurose,molecule,normalized,UPDATE,HIGH
cd,cd_015,sb_012_00013,아네럼,아네럼,아네럼,IRON FERRIC,Iron scurose,molecule,normalized,UPDATE,HIGH
cd,cd_015,sb_012_00014,페로빈,페로빈,페로빈,IRON FERRIC,Iron scurose,molecule,normalized,UPDATE,HIGH
cd,cd_015,sb_012_00017,트리페릭,트리페릭,트리페릭,IRON FERRIC,Ferric Pyrophosphate,molecule,normalized,UPDATE,HIGH
cd,cd_015,sb_012_00018,모노퍼,모노퍼,모노퍼,IRON FERRIC,Iron isomaltoside,molecule,normalized,UPDATE,HIGH
cd,cd_015,sb_012_00020,훼로웰,훼로웰,훼로웰,IRON FERRIC,Iron scurose,molecule,normalized,UPDATE,HIGH
cd,cd_016,sb_canonical_021_헴리브라,헴리브라,헴리브라,헴리브라,EMICIZUMAB,EMICIZUMAB,molecule_desc,normalized,NOOP,HIGH
cd,cd_016,sb_013_00006,그린진에프,그린진에프,그린진에프,BEROCTOCOG ALFA,BEROCTOCOG ALFA,molecule_desc,normalized,NOOP,HIGH
cd,cd_016,sb_013_00007,지비,지비,지비,DAMOCTOCOG ALFA PEGOL,DAMOCTOCOG ALFA PEGOL,molecule_desc,normalized,NOOP,HIGH
cd,cd_016,sb_013_00008,엘록테이트,엘록테이트,엘록테이트,EFMOROCTOCOG ALFA,EFMOROCTOCOG ALFA,molecule_desc,normalized,NOOP,HIGH
cd,cd_016,sb_013_00010,그린모노,그린모노,그린모노,FACTOR VIII,FACTOR VIII,molecule_desc,normalized,NOOP,HIGH
cd,cd_016,sb_013_00011,이뮤네이트,이뮤네이트,이뮤네이트,FACTOR VIII+FACTOR VON WILLEBRAND,FACTOR VIII+FACTOR VON WILLEBRAND,molecule_desc,normalized,NOOP,HIGH
cd,cd_016,sb_013_00012,앱스틸라,앱스틸라,앱스틸라,LONOCTOCOG ALFA,LONOCTOCOG ALFA,molecule_desc,normalized,NOOP,HIGH
cd,cd_016,sb_013_00013,진타솔로퓨즈,진타솔로퓨즈,진타솔로퓨즈,MOROCTOCOG ALFA,MOROCTOCOG ALFA,molecule_desc,normalized,NOOP,HIGH
cd,cd_016,sb_013_00014,애드베이트,애드베이트,애드베이트,OCTOCOG ALFA,OCTOCOG ALFA,molecule_desc,normalized,NOOP,HIGH
cd,cd_016,sb_013_00015,코지네이트에프에스,코지네이트에프에스,코지네이트에프에스,OCTOCOG ALFA,OCTOCOG ALFA,molecule_desc,normalized,NOOP,HIGH
cd,cd_016,sb_013_00016,애디노베이트,애디노베이트,애디노베이트,RURIOCTOCOG ALFA PEGOL,RURIOCTOCOG ALFA PEGOL,molecule_desc,normalized,NOOP,HIGH
cd,cd_016,sb_013_00017,오비주르,오비주르,오비주르,SUSOCTOCOG ALFA,SUSOCTOCOG ALFA,molecule_desc,normalized,NOOP,HIGH
cd,cd_016,sb_013_00018,노보세븐알티,노보세븐알티,노보세븐알티,EPTACOG ALFA (ACTIVATED),EPTACOG ALFA (ACTIVATED),molecule_desc,normalized,NOOP,HIGH
cd,cd_016,sb_013_00019,훼이바,훼이바,훼이바,FACTOR VIII INHIBITOR BYPASSING FRACTION,FACTOR VIII INHIBITOR BYPASSING FRACTION,molecule_desc,normalized,NOOP,HIGH
cd,cd_017,sb_canonical_024_엔커버,엔커버,엔커버,엔커버,GENERAL NUTRIENTS,GENERAL NUTRIENTS,molecule_desc,normalized,NOOP,HIGH
cd,cd_017,sb_015_00008,하모닐란,하모닐란,하모닐란,GENERAL NUTRIENTS,GENERAL NUTRIENTS,molecule_desc,normalized,NOOP,HIGH
cd,cd_018,sb_canonical_022_위너프,위너프,위너프,위너프,ALANINE+ARGININE+GLUCOSE+GLYCINE+GLYCINE MAX+LEUCINE+LYSINE+OLEA EUROPEA+PROLINE+TRIGLYCERIDES,ALANINE+ARGININE+GLUCOSE+GLYCINE+GLYCINE MAX+LEUCINE+LYSINE+OLEA EUROPEA+PROLINE+TRIGLYCERIDES,molecule_desc,normalized,NOOP,HIGH
cd,cd_018,sb_canonical_023_위너프a,위너프A+,위너프A+,위너프A+,ACETIC ACID+ALANINE+ARGININE+CALCIUM+DOCONEXENT+GLUCOSE+GLYCINE+GLYCINE MAX+HISTIDINE+ICOSAPENT,ACETIC ACID+ALANINE+ARGININE+CALCIUM+DOCONEXENT+GLUCOSE+GLYCINE+GLYCINE MAX+HISTIDINE+ICOSAPENT,molecule_desc,normalized,NOOP,HIGH
cd,cd_018,sb_014_00006,오마프원,오마프원,오마프원,ACETIC ACID+ALANINE+ARGININE+CALCIUM+DOCONEXENT+GLUCOSE+GLYCEROPHOSPHORIC ACID+GLYCINE+GLYCINE MAX+ICOSAPENT,ACETIC ACID+ALANINE+ARGININE+CALCIUM+DOCONEXENT+GLUCOSE+GLYCEROPHOSPHORIC ACID+GLYCINE+GLYCINE MAX+ICOSAPENT,molecule_desc,normalized,NOOP,HIGH
cd,cd_018,sb_014_00009,위너프에이플러스페리,위너프에이플러스페리,위너프에이플러스페리,ACETIC ACID+ALANINE+ARGININE+CALCIUM+DOCONEXENT+GLUCOSE+GLYCINE+GLYCINE MAX+HISTIDINE+ICOSAPENT,ACETIC ACID+ALANINE+ARGININE+CALCIUM+DOCONEXENT+GLUCOSE+GLYCINE+GLYCINE MAX+HISTIDINE+ICOSAPENT,molecule_desc,normalized,NOOP,HIGH
cd,cd_018,sb_014_00014,오마프플러스원페리,오마프플러스원페리,오마프플러스원페리,ACETIC ACID+ALANINE+ARGININE+CALCIUM+DOCONEXENT+GLUCOSE+GLYCINE+GLYCINE MAX+HISTIDINE+ISOLEUCINE,ACETIC ACID+ALANINE+ARGININE+CALCIUM+DOCONEXENT+GLUCOSE+GLYCINE+GLYCINE MAX+HISTIDINE+ISOLEUCINE,molecule_desc,normalized,NOOP,HIGH
cd,cd_018,sb_014_00019,오마프플러스원,오마프플러스원,오마프플러스원,ACETIC ACID+ALANINE+ARGININE+CALCIUM+DOCONEXENT+GLUCOSE+GLYCINE+GLYCINE MAX+HISTIDINE+ISOLEUCINE,ACETIC ACID+ALANINE+ARGININE+CALCIUM+DOCONEXENT+GLUCOSE+GLYCINE+GLYCINE MAX+HISTIDINE+ISOLEUCINE,molecule_desc,normalized,NOOP,HIGH
cd,cd_018,sb_014_00022,로오스모페리,로오스모페리,로오스모페리,ACETIC ACID+ALANINE+ARGININE+CALCIUM+FISH+GLUCOSE+GLYCEROPHOSPHORIC ACID+GLYCINE+GLYCINE MAX+HISTIDINE | ACETIC ACID+ALANINE+ARGININE+CALCIUM+FISH+GLUCOSE+GLYCINE+GLYCINE MAX+HISTIDINE+ISOLEUCINE,ACETIC ACID+ALANINE+ARGININE+CALCIUM+FISH+GLUCOSE+GLYCEROPHOSPHORIC ACID+GLYCINE+GLYCINE MAX+HISTIDINE,molecule_desc,normalized,UPDATE,HIGH
cd,cd_018,sb_014_00024,엔텐스,엔텐스,엔텐스,ACETIC ACID+ALANINE+ARGININE+CALCIUM+GLUCOSE+GLYCINE+HISTIDINE+ISOLEUCINE+METHIONINE+PHENYLALANINE,ACETIC ACID+ALANINE+ARGININE+CALCIUM+GLUCOSE+GLYCINE+HISTIDINE+ISOLEUCINE+METHIONINE+PHENYLALANINE,molecule_desc,normalized,NOOP,HIGH
cd,cd_018,sb_014_00028,콤비플렉스리피드페리,콤비플렉스리피드페리,콤비플렉스리피드페리,ACETIC ACID+ALANINE+ARGININE+GLUCOSE+GLYCINE+GLYCINE MAX+ISOLEUCINE+LEUCINE+LYSINE+PHENYLALANINE,ACETIC ACID+ALANINE+ARGININE+GLUCOSE+GLYCINE+GLYCINE MAX+ISOLEUCINE+LEUCINE+LYSINE+PHENYLALANINE,molecule_desc,normalized,NOOP,HIGH
cd,cd_018,sb_014_00031,카비벤페리페랄,카비벤페리페랄,카비벤페리페랄,ACETIC ACID+ALANINE+ARGININE+GLUCOSE+GLYCINE+GLYCINE MAX+LEUCINE+LYSINE+PHENYLALANINE+SERINE,ACETIC ACID+ALANINE+ARGININE+GLUCOSE+GLYCINE+GLYCINE MAX+LEUCINE+LYSINE+PHENYLALANINE+SERINE,molecule_desc,normalized,NOOP,HIGH
cd,cd_018,sb_014_00032,와이즈티엔에이페리,와이즈티엔에이페리,와이즈티엔에이페리,ACETIC ACID+ALANINE+ARGININE+GLUCOSE+GLYCINE+GLYCINE MAX+LEUCINE+LYSINE+PHENYLALANINE+VALINE,ACETIC ACID+ALANINE+ARGININE+GLUCOSE+GLYCINE+GLYCINE MAX+LEUCINE+LYSINE+PHENYLALANINE+VALINE,molecule_desc,normalized,NOOP,HIGH
cd,cd_018,sb_014_00033,티엔에이,티엔에이,티엔에이,ACETIC ACID+ALANINE+ARGININE+GLUCOSE+GLYCINE+GLYCINE MAX+LEUCINE+LYSINE+PHENYLALANINE+VALINE,ACETIC ACID+ALANINE+ARGININE+GLUCOSE+GLYCINE+GLYCINE MAX+LEUCINE+LYSINE+PHENYLALANINE+VALINE,molecule_desc,normalized,NOOP,HIGH
cd,cd_018,sb_014_00038,올리멜엔12이,올리멜엔12이,올리멜엔12이,ALANINE+ARGININE+ASPARTIC ACID+GLUCOSE+GLYCINE+LEUCINE+LYSINE+OLEA EUROPEA+PHENYLALANINE+VALINE,ALANINE+ARGININE+ASPARTIC ACID+GLUCOSE+GLYCINE+LEUCINE+LYSINE+OLEA EUROPEA+PHENYLALANINE+VALINE,molecule_desc,normalized,NOOP,HIGH
cd,cd_018,sb_014_00043,엔텐스이에프,엔텐스이에프,엔텐스이에프,ALANINE+ARGININE+FISH+GLUCOSE+GLYCINE+GLYCINE MAX+HISTIDINE+ISOLEUCINE+LEUCINE+LYSINE,ALANINE+ARGININE+FISH+GLUCOSE+GLYCINE+GLYCINE MAX+HISTIDINE+ISOLEUCINE+LEUCINE+LYSINE,molecule_desc,normalized,NOOP,HIGH
cd,cd_018,sb_014_00047,콤비플렉스엠시티페리,콤비플렉스엠시티페리,콤비플렉스엠시티페리,ALANINE+ARGININE+GLUCOSE+GLUTAMIC ACID+GLYCINE MAX+LEUCINE+PHENYLALANINE+PROLINE+SERINE+TRIGLYCERIDES,ALANINE+ARGININE+GLUCOSE+GLUTAMIC ACID+GLYCINE MAX+LEUCINE+PHENYLALANINE+PROLINE+SERINE+TRIGLYCERIDES,molecule_desc,normalized,NOOP,HIGH
cd,cd_018,sb_014_00049,페리올리멜엔4이,페리올리멜엔4이,페리올리멜엔4이,ALANINE+ARGININE+GLUCOSE+GLYCEROPHOSPHORIC ACID+GLYCINE+GLYCINE MAX+LEUCINE+LYSINE+OLEA EUROPEA+PHENYLALANINE,ALANINE+ARGININE+GLUCOSE+GLYCEROPHOSPHORIC ACID+GLYCINE+GLYCINE MAX+LEUCINE+LYSINE+OLEA EUROPEA+PHENYLALANINE,molecule_desc,normalized,NOOP,HIGH
cd,cd_018,sb_014_00052,올리멜엔9이,올리멜엔9이,올리멜엔9이,ALANINE+ARGININE+GLUCOSE+GLYCEROPHOSPHORIC ACID+GLYCINE+GLYCINE MAX+LEUCINE+LYSINE+PHENYLALANINE+VALINE,ALANINE+ARGININE+GLUCOSE+GLYCEROPHOSPHORIC ACID+GLYCINE+GLYCINE MAX+LEUCINE+LYSINE+PHENYLALANINE+VALINE,molecule_desc,normalized,NOOP,HIGH
cd,cd_018,sb_014_00055,위너프페리,위너프페리,위너프페리,ALANINE+ARGININE+GLUCOSE+GLYCINE+GLYCINE MAX+LEUCINE+LYSINE+MEDIUM CHAIN TRIGLYCERIDES (UNSPECIFIED)+OLEA EUROPEA+PROLINE,ALANINE+ARGININE+GLUCOSE+GLYCINE+GLYCINE MAX+LEUCINE+LYSINE+MEDIUM CHAIN TRIGLYCERIDES (UNSPECIFIED)+OLEA EUROPEA+PROLINE,molecule_desc,normalized,NOOP,HIGH
cd,cd_018,sb_014_00063,오마프원페리,오마프원페리,오마프원페리,ALANINE+ARGININE+GLUCOSE+GLYCINE+GLYCINE MAX+LEUCINE+LYSINE+OLEA EUROPEA+PROLINE+TRIGLYCERIDES,ALANINE+ARGININE+GLUCOSE+GLYCINE+GLYCINE MAX+LEUCINE+LYSINE+OLEA EUROPEA+PROLINE+TRIGLYCERIDES,molecule_desc,normalized,NOOP,HIGH
cd,cd_018,sb_014_00068,쓰리챔버폼스페리 유한,쓰리챔버폼스페리유한,쓰리챔버폼스페리유한,ALANINE+ARGININE+GLUCOSE+GLYCINE+GLYCINE MAX+LEUCINE+LYSINE+OLEA EUROPEA+PROLINE+TRIGLYCERIDES,ALANINE+ARGININE+GLUCOSE+GLYCINE+GLYCINE MAX+LEUCINE+LYSINE+OLEA EUROPEA+PROLINE+TRIGLYCERIDES,molecule_desc,normalized,NOOP,HIGH
cd,cd_018,sb_014_00071,폼스티엔에이,폼스티엔에이,폼스티엔에이,ALANINE+ARGININE+GLUCOSE+GLYCINE+GLYCINE MAX+LEUCINE+LYSINE+OLEA EUROPEA+PROLINE+TRIGLYCERIDES,ALANINE+ARGININE+GLUCOSE+GLYCINE+GLYCINE MAX+LEUCINE+LYSINE+OLEA EUROPEA+PROLINE+TRIGLYCERIDES,molecule_desc,normalized,NOOP,HIGH
cd,cd_018,sb_014_00077,스모프카비벤페리페랄,스모프카비벤페리페랄,스모프카비벤페리페랄,ALANINE+ARGININE+GLUCOSE+GLYCINE+GLYCINE MAX+LEUCINE+LYSINE+OLEA EUROPEA+PROLINE+TRIGLYCERIDES,ALANINE+ARGININE+GLUCOSE+GLYCINE+GLYCINE MAX+LEUCINE+LYSINE+OLEA EUROPEA+PROLINE+TRIGLYCERIDES,molecule_desc,normalized,NOOP,HIGH
cd,cd_018,sb_014_00080,스모프카비벤,스모프카비벤,스모프카비벤,ALANINE+ARGININE+GLUCOSE+GLYCINE+GLYCINE MAX+LEUCINE+LYSINE+OLEA EUROPEA+PROLINE+TRIGLYCERIDES,ALANINE+ARGININE+GLUCOSE+GLYCINE+GLYCINE MAX+LEUCINE+LYSINE+OLEA EUROPEA+PROLINE+TRIGLYCERIDES,molecule_desc,normalized,NOOP,HIGH
cd,cd_018,sb_014_00087,뉴트리플렉스리피드스페셜,뉴트리플렉스리피드스페셜,뉴트리플렉스리피드스페셜,ALANINE+GLUCOSE+GLUTAMIC ACID+GLYCINE MAX+LEUCINE+PHENYLALANINE+PROLINE+SERINE+TRIGLYCERIDES+ZINC,ALANINE+GLUCOSE+GLUTAMIC ACID+GLYCINE MAX+LEUCINE+PHENYLALANINE+PROLINE+SERINE+TRIGLYCERIDES+ZINC,molecule_desc,normalized,NOOP,HIGH
cd,cd_018,sb_014_00088,뉴트리플렉스리피드페리,뉴트리플렉스리피드페리,뉴트리플렉스리피드페리,ALANINE+GLUCOSE+GLUTAMIC ACID+GLYCINE MAX+LEUCINE+PHENYLALANINE+PROLINE+SERINE+TRIGLYCERIDES+ZINC,ALANINE+GLUCOSE+GLUTAMIC ACID+GLYCINE MAX+LEUCINE+PHENYLALANINE+PROLINE+SERINE+TRIGLYCERIDES+ZINC,molecule_desc,normalized,NOOP,HIGH
cd,cd_018,sb_014_00090,뉴트리플렉스리피드플러스,뉴트리플렉스리피드플러스,뉴트리플렉스리피드플러스,ALANINE+GLUCOSE+GLUTAMIC ACID+GLYCINE MAX+LEUCINE+PHENYLALANINE+PROLINE+SERINE+TRIGLYCERIDES+ZINC,ALANINE+GLUCOSE+GLUTAMIC ACID+GLYCINE MAX+LEUCINE+PHENYLALANINE+PROLINE+SERINE+TRIGLYCERIDES+ZINC,molecule_desc,normalized,NOOP,HIGH
cd,cd_019,sb_canonical_025_플라주오피,플라주오피,플라주오피,플라주오피,ACETIC ACID+CALCIUM+GLUCOSE+MAGNESIUM+SODIUM,ACETIC ACID+CALCIUM+GLUCOSE+MAGNESIUM+SODIUM,molecule_desc,normalized,NOOP,HIGH
cd,cd_019,sb_016_00008,플라스마솔루션에이,플라스마솔루션에이,플라스마솔루션에이,ACETIC ACID+MAGNESIUM+POTASSIUM+SODIUM,ACETIC ACID+MAGNESIUM+POTASSIUM+SODIUM,molecule_desc,normalized,NOOP,HIGH
cd,cd_019,sb_016_00042,플라스콘,플라스콘,플라스콘,ACETIC ACID+CALCIUM+GLUCOSE+MAGNESIUM+SODIUM,ACETIC ACID+CALCIUM+GLUCOSE+MAGNESIUM+SODIUM,molecule_desc,normalized,NOOP,HIGH
cd,cd_019,sb_016_00044,플라스마라이트148,플라스마라이트148,플라스마라이트148,ACETIC ACID+GLUCONIC ACID+MAGNESIUM+POTASSIUM+SODIUM,ACETIC ACID+GLUCONIC ACID+MAGNESIUM+POTASSIUM+SODIUM,molecule_desc,normalized,NOOP,HIGH
